,Player,Club,League,Age,Height_all,National,Positions,Main_position,Foot,Apps,Mins,Goals,Assists,Yel,Red,PS%,AerialsWon,MotM,Rating,Contract,Market_Value,SpG,TotGs,OOGBs,SYBGs,PAGs,TotSh,OOBSh,SYBSh,PASh,TotDrib,UnDrib,SucDrib,UnTch,Dispo,TotAD,WonAD,LostAD,TotTkl,DribPast,AttTkl,Intercpt,Fouled,Fouls,COF,Clr,BlkSh,BlkCr,BlkPs,TotSav,OOBSav,SYBSav,PASav,TotPs,AccLB,InAccLB,AccSP,InAccSP,TotKPs,LKPs,SKPs,TotAss,CrAss,CorAss,ThrbAss,FreAss,ThrInAss,OthAss
0,Mohamed Salah,Liverpool FC,EPL,32 years old (15-06-1992),"1,75m",Egypt,"Attacking Midfielder (Centre, Left, Right), Forward",Right Winger,left,32,2840.0,27,18,1,-,74.3,0.3,10,7.75,"Jun 30, 2027",€55.00m,3.4,0.8,-,0.2,0.7,3.4,0.3,0.4,2.7,3.7,2,1.6,3.1,1.8,0.7,0.3,0.4,0.6,0.2,0.8,0.2,1,0.7,0.5,0.2,-,-,0.3,-,-,-,-,31,0.7,0.7,22.3,7.3,2.3,0.2,2.2,0.6,0.1,-,-,-,-,0.5
1,Bukayo Saka,Arsenal FC,EPL,23 years old (05-09-2001),"1,78m",England,"Defender (Left), Midfielder (Centre, Left, Right)",Right Winger,left,16(3),1372.0,6,10,3,-,84.3,0.4,6,7.59,"Jun 30, 2027",€150.00m,2.7,0.3,-,0.1,0.3,2.7,0.6,0.2,1.9,4.3,2.4,1.9,1.4,1.9,1.4,0.4,0.9,1.2,0.5,1.7,0.1,1.8,0.7,0.2,0.3,-,0.1,0.9,-,-,-,-,24.1,0.3,0.5,20.1,3.3,2.3,0.6,1.7,0.5,0.3,0.2,0.1,-,-,0.2
2,Alexander Isak,Newcastle United,EPL,25 years old (21-09-1999),"1,92m",Sweden,"Attacking Midfielder (Left), Forward",Centre-Forward,right,29,2351.0,21,6,1,-,75.2,0.9,5,7.44,"Jun 30, 2028",€100.00m,2.9,0.7,0.1,0.3,0.3,2.9,0.5,0.3,2,2.9,1.4,1.4,2,1.7,2.5,0.9,1.6,0.4,0.2,0.7,0.1,0.4,0.8,0.7,0.5,0.1,-,0.5,-,-,-,-,19.2,0.4,0.4,14,4.4,1.3,0.1,1.2,0.2,-,-,-,-,-,0.2
3,Matheus Cunha,Wolverhampton Wanderers,EPL,25 years old (27-05-1999),"1,83m",Brazil,"Attacking Midfielder (Centre, Left), Forward",Centre-Forward,right,24(3),2168.0,14,4,3,-,77.9,0.4,8,7.37,"Jun 30, 2029",€55.00m,3.3,0.5,0.2,-,0.3,3.3,1.6,0.1,1.6,4.4,2.5,1.9,2.5,1.6,1.2,0.4,0.9,1.2,0.9,2.1,0.6,2.2,1.4,0.3,0.7,-,0.1,0.6,-,-,-,-,28.8,1.4,1.2,21,5.1,1.7,0.2,1.5,0.1,-,-,-,-,-,0.1
4,Erling Haaland,Manchester City,EPL,24 years old (21-07-2000),"1,95m",Norway,Forward,Centre-Forward,left,28,2484.0,21,3,2,-,66.4,1.8,6,7.37,"Jun 30, 2034",€200.00m,3.6,0.8,0.1,0.1,0.5,3.6,0.3,0.7,2.6,1.1,0.8,0.4,1.4,0.9,3.4,1.8,1.6,0.3,0.1,0.5,0.2,0.4,0.8,0.1,0.8,-,-,0.4,-,-,-,-,12,0.1,-,7.9,4,0.9,-,0.9,0.1,-,-,-,-,-,0.1
5,Cole Palmer,Chelsea FC,EPL,22 years old (06-05-2002),"1,85m",England,"Attacking Midfielder (Centre, Right), Forward",Attacking Midfield,left,30(1),2659.0,14,8,6,-,82.9,-,5,7.37,"Jun 30, 2033",€130.00m,3.6,0.5,0.1,-,0.3,3.6,1.8,0.1,1.8,3.2,1.8,1.4,1.8,1,0.3,-,0.2,0.8,0.4,1.2,0.2,1.7,0.4,0.2,0.5,-,-,0.4,-,-,-,-,35.4,2.5,1.1,26.9,4.9,2.5,0.6,1.8,0.3,-,-,-,-,-,0.2
6,Bryan Mbeumo,Brentford FC,EPL,25 years old (07-08-1999),"1,71m",Cameroon,"Attacking Midfielder (Left, Right), Forward",Right Winger,left,32,2877.0,16,5,2,-,74.7,1,4,7.27,"Jun 30, 2026",€50.00m,2.1,0.5,0.1,-,0.4,2.1,0.6,0.1,1.4,2.8,1.6,1.2,2.7,1.2,3.1,1,2.1,1.2,0.3,1.5,0.4,1.1,0.7,0.3,1.2,0.1,0.1,0.6,-,-,-,-,28.3,0.7,0.7,20.4,6.5,1.8,0.3,1.4,0.2,0.1,-,-,-,-,0.1
7,Luis Díaz,Liverpool FC,EPL,28 years old (13-01-1997),"1,80m",Colombia,"Attacking Midfielder (Left, Right), Forward",Left Winger,right,24(7),2072.0,11,5,2,-,86.1,0.4,5,7.24,"Jun 30, 2027",€85.00m,2,0.4,-,-,0.3,2,0.4,0.3,1.4,3.4,1.9,1.5,1.6,1.4,1.3,0.4,0.9,1,0.7,1.7,0.2,0.9,1.5,0.3,0.2,-,-,0.5,-,-,-,-,23.9,1,0.2,19.6,3.1,1.6,-,1.5,0.2,-,-,-,-,-,0.2
8,Omar Marmoush,Manchester City,EPL,26 years old (07-02-1999),"1,83m",Egypt,"Attacking Midfielder (Centre, Left), Forward",Centre-Forward,right,9(1),742.0,6,-,-,-,83.9,0.3,1,7.24,"Jun 30, 2029",€75.00m,3,0.6,0.2,-,0.4,3,1.6,-,1.4,2.2,1.6,0.6,2.8,0.9,0.8,0.3,0.5,1.1,0.6,1.7,0.5,1.7,0.8,0.8,0.3,0.1,-,0.8,-,-,-,-,18.6,0.1,-,15.5,3,1,0.1,0.9,-,-,-,-,-,-,-
9,Bruno Fernandes,Manchester United,EPL,30 years old (08-09-1994),"1,79m",Portugal,"Midfielder (Centre, Left, Right), Forward",Attacking Midfield,right,31,2642.0,8,9,2,2,80.5,0.6,4,7.23,"Jun 30, 2027",€55.00m,2.5,0.3,0.2,-,0.1,2.5,1.5,-,1,2,1.2,0.8,1.1,1.2,1.5,0.6,0.9,2.4,1.5,3.8,0.8,1.2,0.8,0.1,0.9,0.1,0.2,0.8,-,-,-,-,55,4.1,2.9,40.2,7.8,2.5,0.4,2.1,0.3,0.1,0.1,0.1,-,-,0.1
10,Antoine Semenyo,AFC Bournemouth,EPL,25 years old (07-01-2000),"1,85m",Ghana,"Attacking Midfielder (Left, Right), Forward",Left Midfield,right,31,2740.0,8,4,9,-,77.3,1.9,3,7.22,"Jun 30, 2029",€35.00m,3.6,0.3,-,0.1,0.2,3.6,1.2,0.2,2.3,3.8,1.8,2,2.4,2.1,4.2,1.9,2.3,1.6,0.8,2.5,0.2,1.1,2,0.5,0.7,0.2,0.2,1.5,-,-,-,-,26.9,0.5,1,20.3,5.1,1.3,0.1,1.3,0.1,-,-,-,-,-,0.1
11,Mark Travers,Middlesbrough,EPL,25 years old (18-05-1999),191cm,Ireland,Goalkeeper,,,5,450.0,-,-,-,-,62.8,0.2,1,7.2,,,-,-,-,-,-,-,-,-,-,-,-,-,-,-,0.2,0.2,-,-,-,-,-,0.2,-,-,1.8,-,-,-,4,0.6,1.8,1.6,22.6,6.8,8.2,7.4,0.2,-,-,-,-,-,-,-,-,-,-
12,Jérémy Doku,Manchester City,EPL,22 years old (27-05-2002),"1,73m",Belgium,"Midfielder (Left, Right)",Left Winger,right,14(9),1277.0,3,4,1,-,84.8,-,3,7.18,"Jun 30, 2028",€55.00m,1,0.1,-,-,0.1,1,0.3,-,0.7,7.3,3.3,4,2.1,2.2,0.4,-,0.4,1.2,0.3,1.5,0.2,1.2,0.3,0.2,0.1,-,-,0.4,-,-,-,-,25.2,0.2,-,21.2,3.8,1,-,1,0.2,-,-,-,-,-,0.2
13,Amad Diallo,Manchester United,EPL,22 years old (11-07-2002),"1,73m",Ivory Coast,"Midfielder (Centre, Right)",Right Winger,left,17(5),1595.0,6,6,3,-,85.2,0.4,3,7.16,"Jun 30, 2030",€40.00m,1.8,0.3,-,-,0.3,1.8,0.6,-,1.2,3.3,1.6,1.6,1.6,1.5,1.1,0.4,0.7,1.5,0.5,2,0.5,1,0.9,0.4,0.6,-,0.1,0.5,-,-,-,-,32.5,0.5,0.6,27.3,4.2,1.8,0.3,1.5,0.3,-,-,-,-,-,0.2
14,Trent Alexander-Arnold,Liverpool FC,EPL,26 years old (07-10-1998),"1,75m",England,"Defender (Right), Defensive Midfielder (C), Midfielder (Right)",Right-Back,right,26(2),2158.0,2,6,4,-,78.2,0.1,1,7.15,"Jun 30, 2025",€75.00m,1.4,0.1,-,-,-,1.4,1,-,0.3,1,0.6,0.5,0.7,0.5,0.5,0.1,0.4,2.4,1.9,4.3,1.1,0.3,0.3,-,1.6,0.3,0.3,0.6,-,-,-,-,52.4,4.2,5.3,36.7,6.1,1.8,0.4,1.5,0.2,0.1,-,-,-,-,0.1
15,Brandon Austin,Tottenham Hotspur,EPL,26 years old (08-01-1999),"1,88m",England,Goalkeeper,Goalkeeper,right,1,90.0,-,-,-,-,66.7,4,-,7.11,"Jun 30, 2029",€600k,-,-,-,-,-,-,-,-,-,-,-,-,-,-,4,4,-,-,-,-,-,2,-,-,1,-,-,-,2,-,2,-,27,4,9,14,-,-,-,-,-,-,-,-,-,-,-
16,Son Heung-Min,Tottenham Hotspur,EPL,32 years old (08-07-1992),"1,84m",South Korea,"Midfielder (Centre, Left, Right), Forward",Left Winger,both,23(5),2012.0,7,9,1,-,84,0.2,3,7.09,"Jun 30, 2026",€30.00m,2,0.3,-,-,0.3,2,0.6,-,1.3,2.9,1.9,1,0.9,1,0.6,0.2,0.4,0.6,0.6,1.3,0.2,1,0.2,0.4,0.5,-,-,0.4,-,-,-,-,28.6,0.5,0.2,23.5,4.4,1.8,0.1,1.7,0.3,-,-,0.1,-,-,0.2
17,Antonee Robinson,Fulham FC,EPL,27 years old (08-08-1997),"1,83m",USA,"Defender (Left), Midfielder (Left)",Left-Back,left,31(1),2808.0,-,10,8,-,80.5,1.4,4,7.09,"Jun 30, 2028",€35.00m,0.5,-,-,-,-,0.5,0.4,-,0.1,2.3,1.3,1,1.3,0.5,2.2,1.4,0.8,2.6,1.3,3.9,1.7,0.5,0.9,0.2,3.3,0.2,0.3,0.9,-,-,-,-,45.8,1.9,2.2,35,6.8,1.3,0.2,1.1,0.3,0.1,-,-,-,-,0.2
18,Kai Havertz,Arsenal FC,EPL,25 years old (11-06-1999),"1,93m",Germany,"Midfielder (Centre, Right), Forward",Centre-Forward,left,21,1842.0,9,3,4,-,79.9,3,1,7.09,"Jun 30, 2028",€70.00m,2.5,0.4,-,0.1,0.2,2.5,0.3,0.6,1.6,1.8,1.4,0.4,2,1,6.6,3,3.5,0.8,0.5,1.3,0.3,1,1.7,0.7,1.4,0.2,-,0.9,-,-,-,-,23.5,-,0.2,18.7,4.5,0.8,-,0.8,0.1,-,-,-,-,-,0.1
19,Youri Tielemans,Aston Villa,EPL,27 years old (07-05-1997),"1,77m",Belgium,Midfielder (Centre),Central Midfield,right,32,2742.0,2,6,4,-,86.3,0.7,4,7.09,"Jun 30, 2027",€35.00m,1.1,0.1,-,-,0.1,1.1,0.6,0.1,0.5,1.7,0.8,0.9,0.9,0.8,1.2,0.7,0.5,2.4,1,3.3,0.7,1.5,1.3,-,1.3,0.5,-,0.6,-,-,-,-,54.8,2.3,1.4,45,6.1,1.8,0.4,1.3,0.2,0.1,0.1,0.1,-,-,-
20,Virgil van Dijk,Liverpool FC,EPL,33 years old (08-07-1991),"1,95m",Netherlands,Defender (Centre),Centre-Back,right,32,2880.0,2,1,3,-,91.7,3.2,2,7.08,"Jun 30, 2027",€28.00m,0.7,0.1,-,-,-,0.7,0.1,0.2,0.4,0.2,0.1,0.1,0.2,0.2,4.5,3.2,1.3,1.1,0.3,1.3,1.6,0.4,0.5,-,5.2,0.4,-,0.3,-,-,-,-,77.9,4,3.2,67.4,3.2,0.3,-,0.3,-,-,-,-,-,-,-
21,Daniel Muñoz,Crystal Palace,EPL,28 years old (26-05-1996),"1,81m",Colombia,"Defender (Centre, Right), Defensive Midfielder (C), Midfielder (Right)",Right-Back,right,31,2693.0,4,4,8,-,74.7,1.6,1,7.08,"Jun 30, 2028",€25.00m,1,0.1,-,-,0.1,1,0.1,0.2,0.7,1.5,1,0.6,1.5,0.6,3.8,1.6,2.2,3.4,1.2,4.6,1.2,0.6,1.5,0.4,2.4,0.1,0.4,1,-,-,-,-,30.9,0.8,1.3,22.3,6.5,1.2,-,1.1,0.1,-,-,-,-,-,0.1
22,James Tarkowski,Everton FC,EPL,32 years old (19-11-1992),"1,85m",England,Defender (Centre),Centre-Back,right,32,2872.0,1,1,6,-,81.5,3.2,2,7.08,"Jun 30, 2026",€10.00m,0.4,-,-,-,-,0.4,-,0.1,0.3,0.2,0.1,0.2,0.4,0.2,4.3,3.2,1.1,1.9,0.5,2.4,1.3,0.8,1.1,0.1,6.4,1.3,0.1,0.5,-,-,-,-,39,3.9,3.3,27.8,4,0.5,0.1,0.3,-,-,-,-,-,-,-
23,Jarrod Bowen,West Ham United,EPL,28 years old (20-12-1996),"1,76m",England,"Attacking Midfielder (Centre, Left, Right), Forward",Right Winger,left,28,2461.0,8,5,1,-,79.4,0.3,4,7.06,"Jun 30, 2030",€45.00m,2.6,0.3,-,0.1,0.2,2.6,0.8,0.3,1.5,3.9,2.4,1.4,2.3,2.3,1.7,0.3,1.4,1.3,0.7,2,0.6,1.5,0.6,0.3,0.6,0.1,0.1,0.6,-,-,-,-,20,0.6,0.2,15.3,3.9,1.6,0.3,1.3,0.2,-,-,-,-,-,0.1
24,Mikkel Damsgaard,Brentford FC,EPL,24 years old (03-07-2000),"1,80m",Denmark,"Attacking Midfielder (Centre, Left)",Attacking Midfield,right,28(4),2423.0,2,10,2,-,77.7,0.4,2,7.06,"Jun 30, 2030",€25.00m,1,0.1,-,-,0.1,1,0.3,-,0.7,2.7,1.3,1.4,1.7,1.3,1.1,0.4,0.8,2.3,1.3,3.6,0.8,0.7,0.4,0.2,0.9,0.1,0.1,1,-,-,-,-,35.2,1.6,1.5,25.8,6.3,1.7,0.4,1.3,0.3,0.1,0.1,0.1,-,-,0.1
25,Alexis Mac Allister,Liverpool FC,EPL,26 years old (24-12-1998),"1,76m",Argentina,"Midfielder (Centre, Left), Forward",Central Midfield,right,28(3),2390.0,4,4,6,-,87,0.6,-,7.06,"Jun 30, 2028",€90.00m,1.1,0.1,-,-,0.1,1.1,0.5,-,0.6,1.3,0.8,0.5,0.8,0.6,1.6,0.6,1,2.7,1.4,4.1,0.6,1.2,1.9,0.1,0.8,0.2,-,1.7,-,-,-,-,42.3,1.5,1.1,35.3,4.4,1.2,0.3,0.9,0.1,-,-,-,-,-,0.1
26,Jacob Murphy,Newcastle United,EPL,30 years old (24-02-1995),"1,79m",England,"Defender (Right), Midfielder (Left, Right)",Right Winger,right,25(4),1969.0,8,11,3,-,75.7,0.1,2,7.06,"Jun 30, 2027",€16.00m,1.3,0.3,-,0.1,0.2,1.3,0.6,0.2,0.6,1.9,0.9,1,0.9,1.1,0.6,0.1,0.5,0.7,0.4,1.2,0.4,0.3,0.4,0.1,0.6,-,0.1,1,-,-,-,-,23.5,0.7,0.8,17.1,4.9,1.2,0.1,1.1,0.4,0.1,-,0.1,-,-,0.2
27,Mark Flekken,Brentford FC,EPL,31 years old (13-06-1993),"1,95m",Netherlands,Goalkeeper,Goalkeeper,both,31,2736.0,-,1,1,-,72.5,0.1,2,7.05,"Jun 30, 2027",€10.00m,-,-,-,-,-,-,-,-,-,-,-,-,0.1,-,0.1,0.1,-,0.1,0.2,0.3,-,0.1,-,-,1.4,-,-,0.1,4.2,0.2,2.7,1.3,43.8,9.5,11.7,22.2,0.4,0.1,0.1,-,-,-,-,-,-,-,-
28,Ryan Gravenberch,Liverpool FC,EPL,22 years old (16-05-2002),"1,90m",Netherlands,Defensive Midfielder (C),Defensive Midfield,right,32,2748.0,-,3,5,-,89.2,0.7,1,7.04,"Jun 30, 2028",€70.00m,0.5,-,-,-,-,0.5,0.4,-,0.1,2.2,1.2,1,1.4,0.6,1,0.7,0.3,1.8,0.6,2.5,1.7,1.4,1.2,-,1.6,0.3,0.1,0.7,-,-,-,-,52.6,1.1,1.2,45.8,4.4,0.8,0.1,0.7,0.1,-,-,-,-,-,0.1
29,Declan Rice,Arsenal FC,EPL,26 years old (14-01-1999),"1,88m",England,"Defender (Centre), Defensive Midfielder (C)",Central Midfield,right,28(2),2416.0,2,6,4,1,89.9,1,2,7.04,"Jun 30, 2028",€110.00m,1.3,0.1,-,-,0.1,1.3,0.6,-,0.7,0.8,0.5,0.4,1.2,0.8,1.7,1,0.7,1.5,0.7,2.2,0.8,0.5,0.6,-,1.4,0.3,-,0.4,-,-,-,-,42.2,1.8,1.1,36.1,3.1,1.7,0.7,1,0.2,0.1,-,-,-,-,0.1
30,Eberechi Eze,Crystal Palace,EPL,26 years old (29-06-1998),"1,78m",England,"Attacking Midfielder (Centre, Left, Right)",Attacking Midfield,right,26(2),2244.0,3,8,1,-,82.2,0.2,2,7.03,"Jun 30, 2027",€55.00m,3.2,0.1,0.1,-,-,3.2,1.9,-,1.3,4.3,2.3,2.1,1.8,1.6,1.5,0.2,1.3,1.3,0.6,2,0.4,1.6,0.3,0.3,0.3,-,0.1,0.9,-,-,-,-,28.5,1,1,22.5,4.1,1.8,0.3,1.5,0.3,-,-,-,-,-,0.2
31,Neto,Arsenal FC,EPL,35 years old (19-07-1989),"1,90m",Brazil,Goalkeeper,Goalkeeper,right,2,180.0,-,-,-,-,61.1,-,-,7.03,"Jun 30, 2025",€2.00m,-,-,-,-,-,-,-,-,-,-,-,-,-,-,-,-,-,-,-,-,-,1,-,-,1.5,-,-,-,5.5,0.5,3.5,1.5,27,5.5,10.5,11,-,-,-,-,-,-,-,-,-,-,-
32,Aaron Wan-Bissaka,West Ham United,EPL,27 years old (26-11-1997),"1,83m",England,"Defender (Left, Right), Midfielder (Right)",Right-Back,right,30(1),2705.0,2,2,1,-,82.3,0.7,3,7.02,"Jun 30, 2031",€22.00m,0.4,0.1,-,-,0.1,0.4,0.1,-,0.3,3.1,1.4,1.6,0.9,0.6,1.6,0.7,0.9,2,0.2,2.2,1.8,0.7,0.7,0.1,3.3,0.3,0.4,0.7,-,-,-,-,40.8,0.9,1.5,32.6,5.7,0.9,0.1,0.7,0.1,-,-,-,-,-,-
33,Chris Wood,Nottingham Forest,EPL,33 years old (07-12-1991),"1,91m",New Zealand,Forward,Centre-Forward,right,29(1),2452.0,18,3,1,-,67.2,2.6,2,7.02,"Jun 30, 2027",€10.00m,1.8,0.6,-,0.1,0.4,1.8,0.4,0.3,1.1,0.3,0.2,0.1,2.1,0.7,6.6,2.6,4,0.1,0.2,0.4,0.1,0.7,0.7,0.7,0.6,0.2,-,0.1,-,-,-,-,13.1,0.3,0.2,8.5,4.1,0.5,0.1,0.5,0.1,-,-,-,-,-,0.1
34,Morgan Gibbs-White,Nottingham Forest,EPL,25 years old (27-01-2000),"1,71m",England,"Attacking Midfielder (Centre, Left, Right), Forward",Attacking Midfield,right,28,2306.0,5,7,6,1,80.8,1.3,3,7.01,"Jun 30, 2027",€50.00m,1.8,0.2,-,0.1,0.1,1.8,0.7,0.4,0.7,2.5,1.5,1,2.2,1.3,2.8,1.3,1.5,1.3,0.5,1.8,0.6,1.2,1.1,0.3,0.8,0.1,-,0.4,-,-,-,-,35.8,1.6,0.8,27.4,6,1.6,0.2,1.4,0.3,0.1,-,-,-,-,0.1
35,Bruno Guimarães,Newcastle United,EPL,27 years old (16-11-1997),"1,82m",Brazil,Defensive Midfielder (C),Defensive Midfield,right,32,2746.0,4,6,5,-,83.1,0.5,-,7.0,"Jun 30, 2028",€80.00m,1.1,0.1,-,0.1,0.1,1.1,0.4,0.2,0.4,2,1.1,0.9,1.5,2.3,1,0.5,0.4,2.1,1,3.1,0.8,3,1.5,0.1,1,0.3,0.1,0.7,-,-,-,-,45.4,2.2,2.1,35.5,5.6,1.3,0.1,1.2,0.2,-,-,-,-,-,0.1
36,Murillo,Nottingham Forest,EPL,22 years old (04-07-2002),"1,80m",Brazil,Defender (Centre),Centre-Back,left,31,2750.0,1,-,5,-,78.9,1.1,3,6.99,"Jun 30, 2029",€55.00m,0.6,-,-,-,-,0.6,0.4,0.1,0.2,1,0.2,0.8,0.6,0.3,1.7,1.1,0.6,1.4,0.6,2,0.9,0.1,0.7,-,6.5,1.4,0.2,0.7,-,-,-,-,38.7,3.3,4.6,27.3,3.5,0.4,0.1,0.3,-,-,-,-,-,-,-
37,Dwight McNeil,Everton FC,EPL,25 years old (22-11-1999),"1,83m",England,"Midfielder (Centre, Left, Right)",Attacking Midfield,left,13(2),1147.0,3,4,1,-,81.5,0.2,-,6.99,"Jun 30, 2027",€25.00m,1.5,0.2,0.1,0.1,-,1.5,0.9,0.1,0.6,2.5,1.1,1.3,1.5,1.6,1.1,0.2,0.9,0.7,0.6,1.3,0.3,0.9,0.4,0.1,0.1,-,-,0.5,-,-,-,-,27.7,1,1.3,21.6,3.9,2.2,0.9,1.3,0.3,0.1,-,0.1,0.1,-,0.1
38,Iliman Ndiaye,Everton FC,EPL,25 years old (06-03-2000),"1,80m",Senegal,"Attacking Midfielder (Centre, Left, Right), Forward",Left Winger,right,24(3),2046.0,7,-,3,-,83.5,0.2,1,6.99,"Jun 30, 2029",€22.00m,1.1,0.3,-,-,0.3,1.1,0.3,-,0.9,4.8,2.6,2.2,1.7,1.4,0.9,0.2,0.6,1.7,0.9,2.6,0.6,1.6,0.8,0.2,0.5,0.1,0.3,0.7,-,-,-,-,21,0.5,0.2,17,3.3,0.6,-,0.6,-,-,-,-,-,-,-
39,Moisés Caicedo,Chelsea FC,EPL,23 years old (02-11-2001),"1,78m",Ecuador,"Defender (Right), Defensive Midfielder (C)",Defensive Midfield,right,32,2816.0,1,2,9,-,90.4,0.9,-,6.99,"Jun 30, 2031",€80.00m,0.5,-,-,-,-,0.5,0.4,-,0.1,1.5,0.9,0.6,1,0.7,1.5,0.9,0.6,2.9,0.9,3.8,1.3,1.6,1.8,-,1.2,0.3,0.2,1,-,-,-,-,57.8,2.6,1.5,49.6,4.1,0.8,0.2,0.7,0.1,-,-,0.1,-,-,-
40,Josko Gvardiol,Manchester City,EPL,23 years old (23-01-2002),"1,85m",Croatia,"Defender (Centre, Left)",Left-Back,left,30(1),2740.0,5,-,1,-,91.7,1.5,2,6.99,"Jun 30, 2028",€75.00m,1.1,0.2,-,-,0.1,1.1,0.2,0.2,0.7,1.3,0.5,0.7,0.8,0.5,2.4,1.5,0.9,1.6,0.5,2.1,1.1,0.6,0.4,0.1,3,0.5,0.4,0.6,-,-,-,-,68.9,1.6,1.4,61.6,4.4,0.8,-,0.8,-,-,-,-,-,-,-
41,Anthony Gordon,Newcastle United,EPL,24 years old (24-02-2001),"1,83m",England,"Attacking Midfielder (Centre, Left, Right), Forward",Left Winger,right,25(3),2164.0,6,5,2,-,79.9,0.2,1,6.99,-,€65.00m,2,0.2,-,-,0.2,2,0.6,0.2,1.2,3.4,2.1,1.3,1,1.3,0.4,0.2,0.3,1.1,0.8,1.9,0.2,2.2,0.7,0.3,0.2,0.1,0.1,0.8,-,-,-,-,25.5,0.6,0.6,19.7,4.5,1.8,0.4,1.4,0.2,0.1,-,-,-,-,0.1
42,Justin Kluivert,AFC Bournemouth,EPL,25 years old (05-05-1999),"1,72m",Netherlands,"Attacking Midfielder (Centre, Left, Right), Forward",Attacking Midfield,both,24(4),1952.0,12,6,6,-,79.3,0.3,2,6.99,"Jun 30, 2028",€35.00m,2,0.4,0.1,-,0.3,2,0.6,0.1,1.3,2.7,1.6,1.1,1.6,0.9,1,0.3,0.8,0.7,0.5,1.3,0.5,0.9,1.4,0.2,0.8,-,-,0.7,-,-,-,-,19.2,0.7,0.5,14.5,3.4,1.5,0.2,1.4,0.2,0.1,-,-,-,-,0.1
43,Elliot Anderson,Nottingham Forest,EPL,22 years old (06-11-2002),"1,79m",Scotland,"Midfielder (Centre, Left)",Central Midfield,right,27(4),2240.0,1,6,6,-,81.9,1.2,2,6.99,"Jun 30, 2029",€30.00m,1.1,-,-,-,-,1.1,0.6,-,0.5,2.2,1.1,1.1,1.6,1.1,1.9,1.2,0.6,2.5,1.6,4,0.8,1.6,1.2,0.1,1.5,0.3,0.2,1.1,-,-,-,-,32.4,0.9,1.5,25.6,4.4,1.1,0.3,0.8,0.2,0.1,0.1,-,-,-,0.1
44,Alex Iwobi,Fulham FC,EPL,28 years old (03-05-1996),"1,83m",Nigeria,"Defender (Right), Midfielder (Centre, Left, Right)",Left Winger,right,30(2),2568.0,8,5,1,-,79.5,0.2,6,6.98,"Jun 30, 2028",€25.00m,1.8,0.3,0.1,-,0.2,1.8,0.7,0.1,1.1,2.6,1.3,1.3,1.6,1.2,1,0.2,0.9,1.2,0.3,1.5,0.3,0.5,0.5,0.1,0.8,-,-,0.7,-,-,-,-,36.5,1.6,1.3,27.4,6.2,1.6,0.2,1.4,0.2,-,-,-,-,-,0.1
45,Ayden Heaven,Manchester United,EPL,18 years old (22-09-2006),"1,89m",,Defender,Centre-Back,left,1(1),96.0,-,-,-,-,81.6,0.5,-,6.98,"Jun 30, 2029",€1.50m,-,-,-,-,-,-,-,-,-,1,-,1,1,0.5,1.5,0.5,1,1.5,-,1.5,0.5,1.5,1,-,2.5,1,0.5,-,-,-,-,-,24.5,1,1,19,3.5,-,-,-,-,-,-,-,-,-,-
46,Mateo Kovacic,Manchester City,EPL,30 years old (06-05-1994),"1,77m",Croatia,"Midfielder (Centre, Left)",Central Midfield,right,21(5),1862.0,5,1,5,-,92.9,0.3,2,6.98,"Jun 30, 2027",€25.00m,1.3,0.2,0.2,-,-,1.3,1,-,0.3,1.5,0.7,0.8,0.6,1.1,0.6,0.3,0.3,2.2,1.2,3.4,0.7,0.8,0.8,-,0.8,-,-,0.7,-,-,-,-,60,1.2,1.1,54.5,3.1,1.1,-,1.1,-,-,-,-,-,-,-
47,James Maddison,Tottenham Hotspur,EPL,28 years old (23-11-1996),"1,75m",England,"Attacking Midfielder (Centre, Left, Right)",Attacking Midfield,right,20(10),1772.0,9,6,6,-,86.7,0.2,2,6.98,"Jun 30, 2028",€50.00m,1.3,0.3,0.1,0.1,0.1,1.3,0.5,0.2,0.6,2.5,1.4,1,0.8,0.8,0.4,0.2,0.3,1,0.6,1.6,0.4,2.1,1,0.1,0.6,0.1,0.1,0.4,-,-,-,-,37.6,1.3,1.2,31.2,3.8,1.3,0.2,1.1,0.2,0.1,-,-,-,-,0.1
48,Nicolas Jackson,Chelsea FC,EPL,23 years old (20-06-2001),"1,87m",Senegal,Forward,Centre-Forward,right,24(2),1965.0,9,5,7,-,75.4,0.7,2,6.97,"Jun 30, 2033",€55.00m,2.8,0.3,-,0.1,0.3,2.8,0.3,0.5,2,2.1,1.5,0.7,2.2,1.3,2,0.7,1.3,0.7,0.2,0.9,0.1,1,1,0.7,0.6,0.1,-,0.4,-,-,-,-,12.8,0.2,0.1,9.4,3.1,1,0.1,0.9,0.2,-,-,-,-,-,0.2
49,Pedro Porro,Tottenham Hotspur,EPL,25 years old (13-09-1999),"1,73m",Spain,"Defender (Right), Midfielder (Right)",Right-Back,right,25(5),2371.0,2,5,4,-,76.1,0.4,2,6.97,"Jun 30, 2028",€45.00m,1.2,0.1,-,-,0.1,1.2,0.9,-,0.3,1.1,0.7,0.4,0.8,0.5,1.1,0.4,0.7,2,1,3,1.1,0.9,0.8,-,2.3,0.6,0.3,0.8,-,-,-,-,43.7,2.5,3.4,30.8,7,1.6,0.6,1,0.2,0.1,0.1,-,-,-,-
50,Savinho,Manchester City,EPL,21 years old (10-04-2004),"1,76m",Brazil,"Attacking Midfielder (Centre, Left, Right)",Right Winger,left,20(6),1665.0,1,8,3,-,87.2,-,3,6.97,"Jun 30, 2029",€55.00m,2,-,-,-,-,2,0.8,-,1.2,4.2,2.3,1.9,1.6,1.4,0.1,-,0.1,0.8,0.3,1.2,0.2,1,0.7,0.1,0.3,0.1,-,0.4,-,-,-,-,27.6,0.8,0.3,23.3,3.2,1.7,0.1,1.6,0.3,-,-,0.1,-,-,0.2
51,Dean Huijsen,AFC Bournemouth,EPL,20 years old (14-04-2005),"1,97m",Spain,Defender (Centre),Centre-Back,both,21(5),1960.0,2,1,7,-,84.4,2.3,2,6.96,"Jun 30, 2030",€42.00m,0.6,0.1,-,-,-,0.6,0.1,0.3,0.1,0.2,0.1,0.1,0.6,-,3.8,2.3,1.5,1.2,0.4,1.6,1.8,0.3,1,0.1,5.8,0.9,0.2,0.3,-,-,-,-,46.7,4.1,3.6,35.3,3.7,0.5,-,0.5,-,-,-,-,-,-,-
52,Kevin De Bruyne,Manchester City,EPL,33 years old (28-06-1991),"1,81m",Belgium,"Midfielder (Centre, Left, Right), Forward",Attacking Midfield,right,14(8),1281.0,3,7,2,-,82.7,0.2,1,6.96,"Jun 30, 2025",€27.00m,2,0.1,0.1,-,-,2,1.2,-,0.8,1.4,0.8,0.5,1,1,0.7,0.2,0.5,0.6,0.7,1.3,0.3,0.6,0.6,0.2,0.4,-,0.1,0.3,-,-,-,-,35.5,1.2,0.5,28.1,5.6,2,0.5,1.5,0.3,-,-,-,-,-,0.2
53,Julio Enciso,Ipswich Town,EPL,21 years old (23-01-2004),"1,73m",Paraguay,"Attacking Midfielder (Centre, Left)",Attacking Midfield,right,7(1),510.0,1,3,3,-,72.9,0.6,-,6.96,"Jun 30, 2025",€22.00m,2.3,0.1,-,-,0.1,2.3,1.5,-,0.8,3.9,1.6,2.3,1.5,2.6,2.4,0.6,1.8,0.9,0.1,1,0.1,1.3,0.6,-,0.3,-,-,0.3,-,-,-,-,19.4,0.5,0.3,13.6,5,1.1,0.3,0.9,0.4,0.1,0.1,-,-,-,0.3
54,Abdul Fatawu,Leicester City,EPL,21 years old (08-03-2004),177cm,Ghana,"Attacking Midfielder (Left, Right)",,,6(5),577.0,-,2,-,-,68.4,1.3,1,6.96,,,1.2,-,-,-,-,1.2,0.8,0.1,0.3,6.3,3.6,2.6,1.6,1.1,2.5,1.3,1.2,1.9,0.7,2.6,0.4,1.8,1,0.2,1.1,-,-,0.6,-,-,-,-,14.4,1,0.8,8.8,3.7,0.5,-,0.5,0.2,0.1,-,-,-,-,0.1
55,Thomas Partey,Arsenal FC,EPL,31 years old (13-06-1993),"1,85m",Ghana,"Defender (Right), Midfielder (Centre, Right)",Defensive Midfield,right,26(4),2349.0,4,2,4,-,88.9,0.9,1,6.96,"Jun 30, 2025",€15.00m,0.8,0.1,0.1,-,-,0.8,0.5,0.1,0.1,0.9,0.3,0.6,0.6,0.4,1.6,0.9,0.7,2.6,0.8,3.4,1,0.9,1.2,-,1.3,0.2,0.2,0.5,-,-,-,-,50.9,1.7,1.1,43.6,4.5,0.6,-,0.6,0.1,-,-,-,-,-,0.1
56,Guglielmo Vicario,Tottenham Hotspur,EPL,28 years old (07-10-1996),"1,94m",Italy,Goalkeeper,Goalkeeper,right,20,1800.0,-,-,1,-,88.7,0.5,1,6.95,"Jun 30, 2028",€35.00m,-,-,-,-,-,-,-,-,-,0.1,-,0.1,-,-,0.5,0.5,-,-,-,-,0.1,0.1,-,-,1.6,-,-,-,2.9,0.1,2.3,0.7,31.3,2,2.8,25.8,0.8,-,-,-,-,-,-,-,-,-,-
57,Nathan Collins,Brentford FC,EPL,23 years old (30-04-2001),"1,93m",Ireland,"Defender (Centre, Right)",Centre-Back,right,32,2880.0,2,2,4,-,86.3,3.2,-,6.95,"Jun 30, 2029",€28.00m,0.5,0.1,-,-,-,0.5,0.1,0.1,0.3,0.4,0.2,0.2,0.5,0.3,4.9,3.2,1.7,1.1,0.3,1.4,1,0.8,0.8,0.2,5.8,1.5,0.1,0.6,-,-,-,-,52.3,1.9,2.7,43.3,4.4,0.3,-,0.2,0.1,-,-,-,-,-,-
58,Callum Hudson-Odoi,Nottingham Forest,EPL,24 years old (07-11-2000),"1,78m",England,"Midfielder (Centre, Left, Right)",Left Winger,right,24(3),2087.0,5,2,2,-,89,0.1,1,6.95,"Jun 30, 2026",€24.00m,1.4,0.2,0.1,-,-,1.4,0.4,-,0.9,2.2,1,1.2,1.6,0.9,0.5,0.1,0.4,0.7,0.2,0.9,0.5,0.7,0.4,0.3,0.4,-,-,0.4,-,-,-,-,26.5,0.9,0.7,22.7,2.3,1.6,0.1,1.6,0.1,-,-,-,-,-,0.1
59,João Pedro,Brighton & Hove Albion,EPL,23 years old (26-09-2001),"1,82m",Brazil,"Attacking Midfielder (Centre, Left), Forward",Centre-Forward,right,22(4),1894.0,10,6,4,-,74.6,1.6,4,6.95,"Jun 30, 2028",€50.00m,1.8,0.4,-,0.1,0.3,1.8,0.3,0.1,1.3,3,2,1,2.7,1.4,3.3,1.6,1.8,0.6,0.3,0.8,0.3,1.7,0.9,0.1,0.4,-,-,0.5,-,-,-,-,23.3,0.5,0.3,16.8,5.6,1.1,0.1,1,0.2,-,-,0.1,-,-,0.2
60,Enzo Fernández,Chelsea FC,EPL,24 years old (17-01-2001),"1,78m",Argentina,Midfielder (Centre),Central Midfield,right,26(4),2410.0,5,5,7,-,84.1,0.5,1,6.94,"Jun 30, 2032",€75.00m,1.6,0.2,-,0.1,0.1,1.6,0.7,0.1,0.8,1.4,0.7,0.7,0.9,0.9,1.5,0.5,1,1.9,1.5,3.4,0.4,1.4,1.5,-,0.6,0.2,0.1,0.9,-,-,-,-,51.3,2.9,1.9,40.2,6.2,2.3,0.5,1.8,0.2,-,-,-,-,-,0.1
61,Yoane Wissa,Brentford FC,EPL,28 years old (03-09-1996),"1,76m",DR Congo,"Attacking Midfielder (Left), Forward",Centre-Forward,right,28(1),2390.0,15,2,2,-,80.9,1,1,6.94,"Jun 30, 2026",€30.00m,2.4,0.5,-,0.2,0.3,2.4,0.4,0.4,1.6,1.4,1,0.4,2,0.9,2,1,1,0.6,0.4,1,0.3,1.5,0.9,0.4,0.7,0.2,-,0.7,-,-,-,-,16.4,0.5,0.4,12.8,2.7,0.8,-,0.8,0.1,-,-,-,-,-,0.1
62,Joelinton,Newcastle United,EPL,28 years old (14-08-1996),"1,86m",Brazil,"Attacking Midfielder (Centre, Left, Right), Forward",Central Midfield,right,28,2315.0,4,3,9,-,84.2,2,3,6.94,"Jun 30, 2028",€40.00m,1.6,0.1,-,-,0.1,1.6,0.4,0.3,1,1.6,1.1,0.5,1.4,1.8,3.6,2,1.7,2,0.7,2.6,0.8,1.2,2,0.3,1.6,0.2,-,1.1,-,-,-,-,34.5,0.5,0.5,28.5,4.9,0.8,-,0.8,0.1,-,-,-,-,-,0.1
63,Rayan Aït-Nouri,Wolverhampton Wanderers,EPL,23 years old (06-06-2001),"1,80m",Algeria,"Defender (Left), Midfielder (Left)",Left-Back,left,31,2635.0,4,6,4,1,86.6,0.6,2,6.94,"Jun 30, 2026",€35.00m,0.9,0.1,-,-,0.1,0.9,0.2,0.1,0.7,3.2,1.6,1.6,1.2,1.2,1.4,0.6,0.8,2.5,0.8,3.3,0.7,1.1,0.8,0.1,1.8,0.2,0.3,1.1,-,-,-,-,36.9,0.6,1.3,31.3,3.7,1.1,0.2,1,0.2,0.1,-,-,-,-,0.1
64,Nikola Milenkovic,Nottingham Forest,EPL,27 years old (12-10-1997),"1,95m",Serbia,"Defender (Centre, Right)",Centre-Back,right,31,2790.0,4,2,4,-,81.5,2.9,1,6.94,"Jun 30, 2029",€28.00m,0.8,0.1,-,0.1,0.1,0.8,0.1,0.2,0.5,-,-,-,-,0.1,4.1,2.9,1.2,1.4,0.2,1.5,0.7,0.1,0.5,-,5.1,0.7,-,0.5,-,-,-,-,27.1,2.4,2.4,19.6,2.6,0.2,0.1,0.2,0.1,-,-,-,-,-,0.1
65,Lewis Hall,Newcastle United,EPL,20 years old (08-09-2004),"1,79m",England,"Defender (Left), Midfielder (Left)",Left-Back,left,24(3),2193.0,-,4,3,-,85.4,1.1,2,6.93,-,€30.00m,0.4,-,-,-,-,0.4,0.1,-,0.3,0.8,0.4,0.4,1.2,0.7,2.3,1.1,1.1,2.1,1.3,3.4,0.7,0.8,0.3,-,1.9,0.7,0.9,0.6,-,-,-,-,48.6,2.1,2.1,39.4,5,1.3,0.4,0.9,0.1,0.1,-,-,-,-,-
66,Dango Ouattara,AFC Bournemouth,EPL,23 years old (11-02-2002),"1,77m",Burkina Faso,"Defender (Left), Midfielder (Left, Right), Forward",Left Winger,left,18(11),1776.0,7,4,1,-,66.1,1.3,1,6.93,"Jun 30, 2028",€25.00m,1.9,0.2,-,0.1,0.2,1.9,0.4,0.4,1.1,2.5,1.3,1.2,1.8,1,3.2,1.3,1.9,1.1,0.8,1.8,0.3,0.6,0.5,0.4,1.5,0.3,0.1,0.8,-,-,-,-,14.9,0.3,0.9,9.6,4.2,1.1,0.1,0.9,0.1,-,-,-,-,-,0.1
67,Ryan Christie,AFC Bournemouth,EPL,30 years old (22-02-1995),"1,78m",Scotland,"Midfielder (Centre, Left, Right), Forward",Defensive Midfield,left,27(2),2131.0,2,3,9,-,82.1,0.8,3,6.92,"Jun 30, 2027",€12.00m,1.1,0.1,-,-,-,1.1,0.6,0.1,0.4,1.7,0.9,0.8,1.5,0.9,1.8,0.8,1,1.9,1.3,3.1,1,1.1,1.5,-,1.7,0.4,0.1,1.1,-,-,-,-,34.4,1.9,2.3,26.4,3.9,1.4,0.2,1.2,0.1,0.1,-,-,-,-,-
68,Trevoh Chalobah,Chelsea FC,EPL,25 years old (05-07-1999),"1,92m",England,"Defender (Centre, Right), Defensive Midfielder (C)",Centre-Back,right,12,1063.0,3,-,1,-,79.8,1.8,-,6.92,"Jun 30, 2028",€17.00m,0.9,0.3,-,0.2,0.1,0.9,0.3,0.3,0.4,0.8,0.3,0.5,0.3,0.6,3.4,1.8,1.6,1.7,0.9,2.6,1.6,1.3,0.8,0.1,4.8,0.8,-,0.8,-,-,-,-,35.8,2.7,3.5,25.9,3.8,0.3,0.1,0.3,-,-,-,-,-,-,-
69,Jason Steele,Brighton & Hove Albion,EPL,34 years old (18-08-1990),"1,88m",England,Goalkeeper,Goalkeeper,right,2,180.0,-,-,-,-,89.5,0.5,-,6.92,"Jun 30, 2026",€2.00m,-,-,-,-,-,-,-,-,-,-,-,-,-,-,1,0.5,0.5,-,-,-,-,0.5,-,-,1.5,-,-,-,1.5,-,1,0.5,52.5,7,4.5,40,1,-,-,-,-,-,-,-,-,-,-
70,Sven Botman,Newcastle United,EPL,25 years old (12-01-2000),"1,93m",Netherlands,Defender (Centre),Centre-Back,left,3,226.0,-,-,1,-,88.3,3,-,6.91,"Jun 30, 2027",€45.00m,0.3,-,-,-,-,0.3,-,-,0.3,1,0.7,0.3,0.3,-,5.3,3,2.3,1.7,0.3,2,1.3,0.7,1.3,-,4,0.3,-,0.3,-,-,-,-,42.7,2,1,35.7,4,-,-,-,-,-,-,-,-,-,-
71,Emmanuel Agbadou,Wolverhampton Wanderers,EPL,27 years old (17-06-1997),"1,92m",Ivory Coast,"Defender (Centre, Right), Defensive Midfielder (C)",Centre-Back,right,10,871.0,-,-,2,-,83.6,1.8,1,6.91,"Jun 30, 2029",€17.00m,0.5,-,-,-,-,0.5,0.3,-,0.2,1,0.3,0.7,0.2,0.3,3.1,1.8,1.3,2.1,0.5,2.6,0.9,0.4,0.3,0.1,6.2,0.9,-,0.4,-,-,-,-,55.6,4.9,4.2,41.6,4.9,0.2,0.1,0.1,-,-,-,-,-,-,-
72,Dejan Kulusevski,Tottenham Hotspur,EPL,24 years old (25-04-2000),"1,86m",Sweden,"Attacking Midfielder (Centre, Right), Forward",Attacking Midfield,left,24(4),2171.0,7,4,3,-,81.1,0.3,1,6.91,"Jun 30, 2028",€60.00m,1.5,0.3,-,0.1,0.2,1.5,0.3,0.1,1.1,3.8,2.6,1.3,2.6,2.5,0.8,0.3,0.4,1.4,1.1,2.5,0.4,1.2,1.4,0.2,0.3,0.1,-,0.8,-,-,-,-,26.3,0.5,0.4,20.9,4.6,2.3,0.2,2.1,0.1,-,-,-,-,-,0.1
73,Dominic Solanke,Tottenham Hotspur,EPL,27 years old (14-09-1997),"1,86m",England,Forward,Centre-Forward,right,23,2033.0,7,3,-,-,72.7,1.8,1,6.91,"Jun 30, 2030",€45.00m,2.4,0.3,-,0.1,0.2,2.4,0.2,0.2,2,2.1,1.4,0.7,2.8,2,4.2,1.8,2.4,0.8,0.3,1.1,-,1.5,1.6,0.2,1,0.3,-,0.4,-,-,-,-,14.5,0.5,0.2,10,3.8,0.6,-,0.6,0.1,-,-,0.1,-,-,-
74,Christian Nørgaard,Brentford FC,EPL,31 years old (10-03-1994),"1,87m",Denmark,"Defender (Centre), Defensive Midfielder (C)",Defensive Midfield,right,28,2291.0,4,2,5,1,83,1.4,1,6.91,"Jun 30, 2027",€12.00m,1.1,0.1,-,-,0.1,1.1,0.4,0.1,0.6,0.4,0.2,0.2,1,0.6,2.5,1.4,1.1,2.6,0.9,3.5,1.4,0.9,1.3,-,2,0.6,-,1,-,-,-,-,40.2,1.8,1.6,31.6,5.2,0.5,0.1,0.4,0.1,-,-,-,-,-,0.1
75,Gabriel Magalhães,Arsenal FC,EPL,27 years old (19-12-1997),"1,90m",Brazil,Defender (Centre),Centre-Back,left,28,2366.0,3,1,4,-,90.7,2,-,6.91,"Jun 30, 2027",€75.00m,0.8,0.1,-,0.1,-,0.8,0.1,0.5,0.3,0.2,-,0.1,0.3,0.1,3.3,2,1.4,0.9,0.1,1,0.6,0.7,0.7,-,3.2,1,0.1,0.5,-,-,-,-,58.1,2,2.8,50.7,2.6,0.5,0.1,0.4,-,-,-,-,-,-,-
76,Kaoru Mitoma,Brighton & Hove Albion,EPL,27 years old (20-05-1997),"1,78m",Japan,Midfielder (Left),Left Winger,right,28(3),2479.0,7,3,1,-,80.3,0.8,1,6.91,"Jun 30, 2027",€45.00m,1.6,0.2,-,0.1,0.1,1.6,0.2,0.2,1.2,4.1,2.5,1.5,1.5,0.7,1.6,0.8,0.8,1.3,0.9,2.2,0.4,0.7,1.2,0.2,0.2,0.1,0.1,1.4,-,-,-,-,26.5,0.5,0.5,20.8,4.7,1.1,-,1.1,0.1,-,-,-,-,-,0.1
77,Morgan Rogers,Aston Villa,EPL,22 years old (26-07-2002),"1,87m",England,"Attacking Midfielder (Centre, Left, Right), Forward",Attacking Midfield,right,31,2610.0,8,7,8,-,75,0.3,2,6.9,"Jun 30, 2030",€50.00m,1.5,0.3,0.1,-,0.2,1.5,0.5,0.2,0.9,4.6,2.7,1.8,2.9,2.1,1.7,0.3,1.4,1.1,0.6,1.7,0.2,1.5,1.4,0.1,0.5,0.2,0.1,0.5,-,-,-,-,24.3,0.8,0.1,17.4,5.9,1.4,0.1,1.3,0.2,-,-,-,-,-,0.2
78,Djed Spence,Tottenham Hotspur,EPL,24 years old (09-08-2000),"1,84m",England,"Defender (Left, Right), Midfielder (Right)",Right-Back,right,14(5),1334.0,1,2,2,1,88.4,0.8,1,6.9,"Jun 30, 2028",€15.00m,0.4,0.1,-,-,0.1,0.4,0.3,-,0.2,3.3,1.6,1.7,1.2,1.2,1.4,0.8,0.6,2,0.3,2.3,0.9,1.2,0.9,0.1,2.1,0.5,0.5,0.7,-,-,-,-,41.8,0.4,0.6,36.6,4.3,0.5,0.1,0.5,0.1,-,-,0.1,-,-,0.1
79,Carlos Baleba,Brighton & Hove Albion,EPL,21 years old (03-01-2004),"1,79m",Cameroon,Defensive Midfielder (C),Defensive Midfield,left,25(3),2158.0,2,1,6,1,87.7,1.3,1,6.89,"Jun 30, 2028",€35.00m,1.4,0.1,-,-,-,1.4,1.2,-,0.2,1.8,0.7,1.1,1.2,1.1,2.1,1.3,0.8,2.3,0.9,3.2,1.4,1.5,1.3,-,1,0.3,-,1.1,-,-,-,-,37.4,2,1.4,30.8,3.2,0.7,0.3,0.5,-,-,-,-,-,-,-
80,Lewis Cook,AFC Bournemouth,EPL,28 years old (03-02-1997),"1,75m",England,"Defender (Right), Midfielder (Centre, Left)",Central Midfield,right,29(2),2662.0,1,3,8,-,81.2,1.3,-,6.89,"Jun 30, 2028",€15.00m,0.5,-,-,-,-,0.5,0.4,-,0.1,0.5,0.2,0.3,0.9,0.5,2.4,1.3,1.1,2.4,0.9,3.3,1.3,0.3,1.5,0.1,1.8,0.3,0.1,0.6,-,-,-,-,40.3,2,2.2,30.7,5.4,1.5,0.3,1.2,0.1,-,-,-,-,-,0.1
81,Brennan Johnson,Tottenham Hotspur,EPL,23 years old (23-05-2001),"1,86m",Wales,"Attacking Midfielder (Centre, Left, Right), Forward",Right Winger,right,22(7),1975.0,11,3,5,-,77.4,0.2,2,6.89,"Jun 30, 2028",€50.00m,1.8,0.4,-,0.2,0.2,1.8,-,0.4,1.4,1.4,0.8,0.7,0.8,0.6,0.9,0.2,0.7,1.3,0.5,1.9,0.1,0.8,0.9,0.3,0.3,0.1,0.1,0.7,-,-,-,-,18.4,0.1,0.3,14.1,3.9,0.7,-,0.7,0.1,0.1,-,-,-,-,-
82,Neco Williams,Nottingham Forest,EPL,24 years old (13-04-2001),"1,83m",Wales,"Defender (Left, Right), Midfielder (Left, Right)",Right-Back,right,22(7),2052.0,1,2,5,-,80.8,1.1,1,6.89,"Jun 30, 2026",€20.00m,1.1,-,-,-,-,1.1,0.6,-,0.6,1.3,0.8,0.5,0.7,0.5,1.9,1.1,0.8,2.3,0.8,3.1,0.8,1.2,0.7,-,3.1,0.2,0.5,1,-,-,-,-,22.3,0.7,1.6,17.3,2.7,0.5,0.1,0.4,0.1,-,-,-,-,-,-
83,Maxence Lacroix,Crystal Palace,EPL,25 years old (06-04-2000),"1,90m",France,Defender (Centre),Centre-Back,right,29,2579.0,1,1,5,-,82.4,1.9,2,6.89,"Jun 30, 2029",€22.00m,0.9,-,-,-,-,0.9,0.1,0.2,0.5,0.4,0.2,0.3,0.7,0.1,3.4,1.9,1.5,2.2,0.5,2.7,1.7,0.6,1.1,-,5.7,0.4,0.1,0.9,-,-,-,-,43.9,3.2,3.6,33,4.1,0.2,-,0.2,-,-,-,-,-,-,-
84,Alex Palmer,Ipswich Town,EPL,28 years old (10-08-1996),"1,91m",England,Goalkeeper,Goalkeeper,right,8,720.0,-,-,2,-,64.3,0.4,-,6.89,"Jun 30, 2028",€1.20m,-,-,-,-,-,-,-,-,-,-,-,-,0.1,-,0.4,0.4,-,-,-,-,-,0.1,0.1,-,1.5,-,-,-,4.1,0.5,2.4,1.3,26.3,6.3,9.3,10.6,0.1,0.1,0.1,-,-,-,-,-,-,-,-
85,Ibrahima Konaté,Liverpool FC,EPL,25 years old (25-05-1999),"1,94m",France,Defender (Centre),Centre-Back,right,25(1),2145.0,1,2,5,-,90.4,2.6,-,6.89,"Jun 30, 2026",€60.00m,0.5,-,-,-,-,0.5,-,0.1,0.4,0.2,0.1,0.1,0.3,0.1,3.7,2.6,1.1,1.3,0.4,1.7,0.4,0.7,0.9,-,3.9,0.6,0.3,0.5,-,-,-,-,61.2,1.6,2.5,53.8,3.3,0.4,0.2,0.2,0.1,-,-,-,-,-,0.1
86,Marcus Tavernier,AFC Bournemouth,EPL,26 years old (22-03-1999),"1,78m",England,"Midfielder (Centre, Left, Right)",Left Midfield,left,16(7),1533.0,3,5,5,-,79.7,0.9,-,6.88,"Jun 30, 2028",€20.00m,2,0.1,-,-,0.1,2,1.1,0.2,0.7,2,1.2,0.9,1.6,1.8,2.2,0.9,1.3,1.7,0.7,2.3,0.2,0.9,1,0.2,0.4,0.1,0.1,0.5,-,-,-,-,25.2,1,0.7,19.1,4.5,1.6,0.4,1.2,0.2,0.1,-,-,0.1,-,0.1
87,William Saliba,Arsenal FC,EPL,24 years old (24-03-2001),"1,92m",France,Defender (Centre),Centre-Back,right,30,2636.0,2,-,2,1,94,1.9,2,6.87,"Jun 30, 2027",€80.00m,0.2,0.1,-,0.1,-,0.2,-,0.1,-,0.6,0.2,0.4,0.6,0.2,3,1.9,1.1,1.8,0.2,2,0.6,0.5,0.9,-,3.4,0.4,-,0.3,-,-,-,-,71.1,2.1,1.2,64.8,3,0.2,-,0.2,-,-,-,-,-,-,-
88,Dominik Szoboszlai,Liverpool FC,EPL,24 years old (25-10-2000),"1,87m",Hungary,"Attacking Midfielder (Centre, Left, Right), Forward",Central Midfield,right,24(6),2122.0,5,3,6,-,85.5,0.6,2,6.86,"Jun 30, 2028",€80.00m,1.9,0.2,-,-,0.1,1.9,0.8,0.1,1,1.2,0.5,0.6,1.1,0.7,1.2,0.6,0.7,1,0.7,1.7,0.3,0.7,1.2,0.1,0.3,0.1,0.2,1,-,-,-,-,35.8,1.4,0.8,29.2,4.4,1.4,0.1,1.2,0.1,-,-,-,-,-,0.1
89,Lisandro Martínez,Manchester United,EPL,27 years old (18-01-1998),"1,75m",Argentina,"Defender (Centre, Left), Defensive Midfielder (C)",Centre-Back,left,20,1754.0,2,1,7,-,90,0.8,1,6.86,"Jun 30, 2027",€45.00m,0.9,0.1,0.1,-,0.1,0.9,0.2,0.1,0.6,0.4,0.1,0.3,0.1,0.2,1.5,0.8,0.7,2,0.8,2.8,1.6,0.4,1.1,-,2.7,0.4,0.2,0.7,-,-,-,-,65.7,2.2,2.9,57,3.7,0.5,0.2,0.3,0.1,-,-,0.1,-,-,-
90,Diogo Dalot,Manchester United,EPL,26 years old (18-03-1999),"1,83m",Portugal,"Defender (Left, Right), Midfielder (Left, Right)",Right-Back,right,31,2757.0,-,3,5,-,83.8,1.2,-,6.86,"Jun 30, 2028",€35.00m,0.7,-,-,-,-,0.7,0.2,0.2,0.4,1.6,0.8,0.8,1.2,0.6,1.9,1.2,0.7,2.1,0.6,2.7,1.2,0.3,1.3,0.1,2.1,0.3,0.3,0.4,-,-,-,-,43.4,1.8,1.9,34.6,5.2,0.8,0.1,0.7,0.1,-,-,-,-,-,0.1
91,Mohammed Kudus,West Ham United,EPL,24 years old (02-08-2000),"1,77m",Ghana,"Midfielder (Centre, Left, Right), Forward",Right Winger,left,26,2180.0,3,2,1,1,89.8,0.4,-,6.85,"Jun 30, 2028",€50.00m,2.4,0.1,-,-,0.1,2.4,0.6,0.2,1.6,6.7,3.8,2.9,2.3,3.2,1.7,0.4,1.3,1.3,0.6,1.9,0.2,2.1,1.3,0.7,0.3,-,-,0.8,-,-,-,-,24.5,1.2,0.4,20.8,2.1,1,0.1,0.9,0.1,-,-,-,-,-,-
92,Yankuba Minteh,Brighton & Hove Albion,EPL,20 years old (22-07-2004),"1,80m",Gambia,Attacking Midfielder (Right),Right Winger,left,15(11),1409.0,5,4,6,-,67,0.6,2,6.85,"Jun 30, 2029",€30.00m,1,0.2,-,-,0.2,1,0.1,-,0.9,3,1.6,1.4,1.6,0.7,1.5,0.6,1,1.5,1.1,2.6,0.4,0.3,0.6,0.2,0.9,-,0.1,0.6,-,-,-,-,12.9,0.5,0.3,8.2,4,1,0.1,0.8,0.2,-,-,-,-,-,0.1
93,Evanilson,AFC Bournemouth,EPL,25 years old (06-10-1999),"1,83m",Brazil,Forward,Centre-Forward,both,22(3),1827.0,9,-,-,-,68.9,1.5,2,6.85,-,€35.00m,2.4,0.4,-,0.2,0.2,2.4,0.3,0.4,1.7,0.8,0.5,0.2,1.2,0.8,3.7,1.5,2.2,0.5,0.2,0.7,-,1.6,1.1,0.6,0.7,-,-,0.3,-,-,-,-,10.6,0.3,0.2,7,3.1,0.8,-,0.8,-,-,-,-,-,-,-
94,Marcus Rashford,Aston Villa,EPL,27 years old (31-10-1997),"1,85m",England,"Attacking Midfielder (Centre, Left, Right), Forward",Left Winger,right,3(5),360.0,1,2,-,-,82.8,0.1,1,6.85,"Jun 30, 2025",€50.00m,1.9,0.1,0.1,-,-,1.9,0.8,-,1.1,2.4,1.3,1.1,0.8,0.1,1,0.1,0.9,0.9,0.1,1,0.1,0.4,0.1,0.1,0.3,-,0.1,0.3,-,-,-,-,15.3,0.5,-,12.1,2.6,1.4,0.1,1.3,0.3,0.1,-,-,-,-,0.1
95,Cristian Romero,Tottenham Hotspur,EPL,26 years old (27-04-1998),"1,85m",Argentina,Defender (Centre),Centre-Back,right,17,1375.0,1,-,2,-,89.4,2.4,-,6.85,"Jun 30, 2027",€55.00m,0.9,0.1,-,0.1,-,0.9,-,0.2,0.7,0.2,0.2,0.1,0.5,0.3,3.9,2.4,1.5,1.9,0.5,2.5,1.2,0.7,0.7,0.1,2.9,0.2,0.3,0.9,-,-,-,-,69.2,2.8,2.9,59.1,4.5,0.4,0.1,0.3,-,-,-,-,-,-,-
96,Jean-Philippe Mateta,Crystal Palace,EPL,27 years old (28-06-1997),"1,92m",France,Forward,Centre-Forward,right,29(2),2367.0,13,2,2,-,68.2,1.8,3,6.85,"Jun 30, 2026",€30.00m,1.9,0.4,-,0.1,0.3,1.9,0.4,0.2,1.3,1.3,0.7,0.5,2.1,1.2,4.9,1.8,3,0.5,0.4,1,0.1,0.8,0.9,0.5,0.7,0.1,-,0.4,-,-,-,-,12.3,0.2,0.2,8.2,3.7,0.8,0.1,0.8,0.1,-,-,-,-,-,-
97,Martin Dúbravka,Newcastle United,EPL,36 years old (15-01-1989),"1,91m",Slovakia,Goalkeeper,Goalkeeper,right,10,900.0,-,-,-,-,75.9,0.4,-,6.85,"Jun 30, 2026",€1.00m,-,-,-,-,-,-,-,-,-,-,-,-,-,-,0.4,0.4,-,-,-,-,-,0.1,-,-,0.5,-,-,-,2.9,0.2,1.6,1.1,27.8,2.9,6.7,18.2,-,-,-,-,-,-,-,-,-,-,-
98,Matz Sels,Nottingham Forest,EPL,33 years old (26-02-1992),"1,88m",Belgium,Goalkeeper,Goalkeeper,right,32,2880.0,-,-,2,-,47,0.5,1,6.84,"Jun 30, 2027",€7.00m,-,-,-,-,-,-,-,-,-,-,-,-,-,-,0.6,0.5,0.1,-,-,-,-,0.3,-,-,1.4,-,-,-,3.2,0.3,2.2,0.8,23.9,7.2,12.6,4.1,0.1,-,-,-,-,-,-,-,-,-,-
99,Marco Asensio,Aston Villa,EPL,29 years old (21-01-1996),"1,82m",Spain,"Attacking Midfielder (Centre, Left, Right), Forward",Right Winger,left,4(3),394.0,3,1,1,-,86.4,-,1,6.84,"Jun 30, 2025",€20.00m,2.4,0.4,-,0.1,0.3,2.4,0.7,0.1,1.6,1.4,0.7,0.7,0.6,0.9,-,-,-,0.9,0.6,1.4,0.1,0.4,0.9,0.3,0.3,-,-,0.3,-,-,-,-,23.1,0.3,0.3,19.7,2.9,1,0.1,0.9,0.1,-,-,-,-,-,0.1
100,Noni Madueke,Chelsea FC,EPL,23 years old (10-03-2002),"1,82m",England,"Attacking Midfielder (Right), Forward",Right Winger,left,21(5),1613.0,7,3,3,-,84.5,0.3,2,6.84,"Jun 30, 2030",€40.00m,2.7,0.3,-,-,0.2,2.7,0.5,0.2,2,2.8,1.7,1.2,1.5,0.9,0.9,0.3,0.5,0.7,0.8,1.5,0.3,0.8,0.8,0.2,0.3,-,-,0.5,-,-,-,-,17.9,0.4,0.2,14.8,2.6,1.1,0.1,1,0.1,-,-,-,-,-,0.1
101,Dan Burn,Newcastle United,EPL,32 years old (09-05-1992),"2,01m",England,"Defender (Centre, Left), Midfielder (Left)",Centre-Back,left,31,2790.0,-,-,9,-,89.1,4,-,6.83,"Jun 30, 2026",€7.00m,0.5,-,-,-,-,0.5,-,0.1,0.5,0.1,-,0.1,0.6,0.1,5.9,4,1.9,1,0.5,1.5,0.8,0.4,0.8,0.1,5.2,0.7,0.1,0.3,-,-,-,-,53.1,1.5,1.9,45.8,3.9,0.2,0.1,0.2,-,-,-,-,-,-,-
102,Martin Ødegaard,Arsenal FC,EPL,26 years old (17-12-1998),"1,78m",Norway,"Attacking Midfielder (Centre, Right)",Attacking Midfield,left,21(3),1870.0,2,4,4,-,87.4,0.3,1,6.83,"Jun 30, 2028",€100.00m,1.5,0.1,-,-,0.1,1.5,0.7,-,0.9,2,1.2,0.8,1.1,1.5,0.6,0.3,0.3,0.8,0.8,1.5,0.1,0.8,0.4,-,0.1,-,-,0.2,-,-,-,-,44.7,1.1,0.6,38,5,2,0.2,1.8,0.2,-,-,-,-,-,0.1
103,Idrissa Gueye,Everton FC,EPL,35 years old (26-09-1989),"1,74m",Senegal,Midfielder (Centre),Defensive Midfield,right,29(2),2541.0,-,3,7,-,87,0.7,1,6.83,"Jun 30, 2025",€2.00m,0.8,-,-,-,-,0.8,0.7,-,0.1,1.1,0.6,0.5,0.9,1.1,1.2,0.7,0.5,3.7,1,4.7,1.2,1.2,1.5,-,0.9,0.3,-,1.1,-,-,-,-,36.9,2.1,1.1,30.1,3.7,0.6,-,0.6,0.1,-,-,-,-,-,0.1
104,Ola Aina,Nottingham Forest,EPL,28 years old (08-10-1996),"1,84m",Nigeria,"Defender (Centre, Left, Right), Midfielder (Left, Right)",Right-Back,right,30,2575.0,2,1,2,-,79.7,0.4,3,6.83,"Jun 30, 2025",€20.00m,0.3,0.1,-,-,-,0.3,0.2,-,0.1,2.1,1.2,1,1.3,0.7,1,0.4,0.6,1.8,0.8,2.6,1,1.1,0.7,0.1,2.9,0.4,0.3,0.7,-,-,-,-,29.4,0.8,1.8,22.6,4.1,0.4,0.1,0.3,-,-,-,-,-,-,-
105,Casemiro,Manchester United,EPL,33 years old (23-02-1992),"1,85m",Brazil,"Defender (Centre), Defensive Midfielder (C)",Defensive Midfield,right,15(6),1274.0,1,-,3,-,80.3,1.5,2,6.83,"Jun 30, 2026",€12.00m,1.3,-,-,-,-,1.3,0.6,0.1,0.6,0.3,0.1,0.1,0.5,0.5,2.3,1.5,0.8,3.5,1.2,4.7,0.6,0.9,0.7,0.1,2,0.5,0.1,1.1,-,-,-,-,37.2,1.8,1.5,28,5.8,0.9,0.2,0.7,-,-,-,-,-,-,-
106,Jordan Pickford,Everton FC,EPL,31 years old (07-03-1994),"1,85m",England,Goalkeeper,Goalkeeper,left,32,2880.0,-,1,6,-,61.9,0.2,3,6.82,"Jun 30, 2027",€20.00m,-,-,-,-,-,-,-,-,-,-,-,-,0.1,-,0.2,0.2,-,-,-,0.1,-,0.2,-,-,1.4,-,-,-,2.9,0.3,1.7,0.9,36.8,9.5,13.9,13.2,0.1,0.1,0.1,-,-,-,-,-,-,-,-
107,Kenny Tete,Fulham FC,EPL,29 years old (09-10-1995),"1,80m",Netherlands,"Defender (Centre, Right), Midfielder (Right)",Right-Back,right,15(1),1274.0,-,2,3,-,83,0.9,1,6.82,"Jun 30, 2025",€15.00m,1.1,-,-,-,-,1.1,0.3,0.3,0.6,1.1,0.6,0.5,1,0.6,1.6,0.9,0.7,2.6,0.7,3.3,1.8,0.8,1.4,-,2.1,0.4,0.2,0.8,-,-,-,-,35.6,1.4,1.3,28.1,4.8,0.3,0.3,0.1,0.1,-,-,0.1,-,-,0.1
108,Cody Gakpo,Liverpool FC,EPL,25 years old (07-05-1999),"1,93m",Netherlands,"Attacking Midfielder (Centre, Left, Right), Forward",Left Winger,right,17(12),1502.0,8,3,4,-,84.3,0.4,2,6.82,"Jun 30, 2028",€70.00m,1.5,0.3,0.1,0.1,0.1,1.5,0.4,0.2,0.9,1.6,0.7,0.9,1.2,0.6,1.1,0.4,0.7,0.8,0.4,1.2,0.3,0.7,0.6,0.2,0.4,0.1,0.1,0.6,-,-,-,-,14.9,0.3,0.1,12.2,2.2,1,0.2,0.9,0.1,-,-,-,-,-,0.1
109,Mario Lemina,Galatasaray,EPL,31 years old (01-09-1993),184cm,Gabon,"Defender (Centre), Midfielder (Centre)",,,15(2),1365.0,1,3,4,-,81.3,1.5,2,6.82,,,1.1,0.1,-,-,0.1,1.1,0.6,-,0.5,0.9,0.4,0.6,1.2,0.6,2.4,1.5,0.9,3,0.5,3.5,1.6,0.5,1,0.2,2.9,0.4,0.1,0.3,-,-,-,-,34.6,2.2,2,25.9,4.5,0.6,0.1,0.5,0.2,-,-,0.1,-,-,0.1
110,Pervis Estupiñán,Brighton & Hove Albion,EPL,27 years old (21-01-1998),"1,75m",Ecuador,"Defender (Left), Midfielder (Left)",Left-Back,left,21(4),1953.0,1,1,4,-,88.3,1.4,1,6.82,"Jun 30, 2027",€30.00m,0.7,-,-,-,-,0.7,0.5,-,0.2,1.1,0.6,0.6,1,0.9,2.4,1.4,1,1.9,0.5,2.4,1.1,0.6,1.2,0.1,1.7,0.1,0.3,0.4,-,-,-,-,42.7,0.8,1,37,4,0.9,0.2,0.7,-,-,-,-,-,-,-
111,Tomás Soucek,West Ham United,EPL,30 years old (27-02-1995),"1,92m",Czech Republic,Midfielder (Centre),Defensive Midfield,right,25(4),2155.0,7,1,8,-,74.3,3,2,6.82,"Jun 30, 2027",€22.00m,1.6,0.2,-,-,0.2,1.6,-,0.2,1.4,0.4,0.2,0.2,0.6,0.3,5.3,3,2.3,1.2,0.6,1.8,0.5,0.8,1.3,0.1,2.4,0.6,-,0.6,-,-,-,-,27.6,1.5,1,19,6.1,0.5,-,0.4,-,-,-,-,-,-,-
112,Mikel Merino,Arsenal FC,EPL,28 years old (22-06-1996),"1,89m",Spain,"Midfielder (Centre), Forward",Central Midfield,left,14(10),1340.0,6,1,2,-,80,2.3,3,6.81,"Jun 30, 2028",€35.00m,1.3,0.3,-,0.1,0.2,1.3,0.1,0.3,0.8,0.7,0.4,0.3,0.9,0.8,4.4,2.3,2.1,1.3,0.6,1.9,0.5,0.8,1.4,0.3,0.9,0.2,0.1,0.5,-,-,-,-,20.6,0.4,0.3,16.1,3.8,0.6,-,0.6,-,-,-,-,-,-,-
113,Joachim Andersen,Fulham FC,EPL,28 years old (31-05-1996),"1,92m",Denmark,Defender (Centre),Centre-Back,right,23,2033.0,-,-,5,1,83.2,2.4,1,6.81,"Jun 30, 2029",€32.00m,0.6,-,-,-,-,0.6,0.2,-,0.3,0.3,0.1,0.2,0.2,0.1,3.9,2.4,1.5,1,0.3,1.3,1.3,0.6,0.7,-,5.9,0.9,0.1,0.3,-,-,-,-,69.4,7.4,7.8,50.3,3.9,0.1,0.1,-,-,-,-,-,-,-,-
114,Phil Foden,Manchester City,EPL,24 years old (28-05-2000),"1,71m",England,"Attacking Midfielder (Centre, Left, Right), Forward",Right Winger,left,19(6),1689.0,7,2,2,-,88.4,0.1,1,6.81,"Jun 30, 2027",€130.00m,2.1,0.3,-,-,0.2,2.1,1.1,0.1,0.9,1.6,1,0.5,1.4,1.2,0.4,0.1,0.3,0.5,0.4,0.9,0.4,1.2,0.2,0.1,0.3,-,-,0.4,-,-,-,-,32.1,1.3,0.4,27.1,3.3,1.7,0.4,1.3,0.1,-,-,-,-,-,-
115,Milos Kerkez,AFC Bournemouth,EPL,21 years old (07-11-2003),"1,80m",Hungary,"Defender (Left), Midfielder (Left)",Left-Back,left,32,2810.0,2,5,4,-,80.1,0.7,1,6.81,"Jun 30, 2028",€35.00m,0.5,0.1,-,-,0.1,0.5,0.2,-,0.3,1.3,0.8,0.6,1.3,0.6,2.1,0.7,1.4,1.5,0.4,1.9,1.2,1.4,0.8,-,2.8,0.3,0.2,0.7,-,-,-,-,34.2,1.3,2.9,26.1,3.9,0.8,0.2,0.6,0.2,0.1,-,-,-,-,0.1
116,Jarrad Branthwaite,Everton FC,EPL,22 years old (27-06-2002),"1,95m",England,Defender (Centre),Centre-Back,left,23(2),2076.0,-,1,4,-,81.6,1.8,-,6.81,"Jun 30, 2027",€50.00m,0.3,-,-,-,-,0.3,-,0.1,0.2,0.2,0.1,0.1,0.3,0.1,3.2,1.8,1.4,1.3,0.3,1.6,0.9,0.5,0.3,-,6.6,0.8,0.1,0.3,-,-,-,-,37.3,2.5,3.5,28,3.4,0.1,0.1,-,-,-,-,-,-,-,-
117,Nico O'Reilly,Manchester City,EPL,20 years old (21-03-2005),"1,93m",England,Defender (Left),Attacking Midfield,left,3(2),275.0,1,-,-,-,87.8,0.4,-,6.8,"Jun 30, 2028",€7.00m,0.8,0.2,-,-,0.2,0.8,0.2,-,0.6,1.8,0.6,1.2,1.4,0.6,1.4,0.4,1,1.2,0.4,1.6,0.4,0.4,0.8,0.2,1,-,-,0.2,-,-,-,-,39.4,0.4,0.2,34.2,4.6,0.4,0.2,0.2,-,-,-,-,-,-,-
118,Tyrone Mings,Aston Villa,EPL,32 years old (13-03-1993),"1,96m",England,"Defender (Centre, Left)",Centre-Back,left,10(2),961.0,-,-,1,-,89.1,2,-,6.8,"Jun 30, 2026",€6.00m,0.7,-,-,-,-,0.7,0.1,0.2,0.4,0.2,-,0.2,0.3,0.1,3.6,2,1.6,0.5,-,0.5,0.5,0.8,0.3,-,4.1,0.9,0.2,0.2,-,-,-,-,51.8,2.1,2.4,44.1,3.3,0.3,0.1,0.2,-,-,-,-,-,-,-
119,Marshall Munetsi,Wolverhampton Wanderers,EPL,28 years old (22-06-1996),"1,88m",Zimbabwe,"Defender (Centre), Midfielder (Centre)",Central Midfield,right,7(1),610.0,1,1,-,-,74.8,2,-,6.8,"Jun 30, 2028",€15.00m,1.9,0.1,-,-,0.1,1.9,0.4,0.1,1.4,0.3,0.3,-,2.9,0.6,3.8,2,1.8,2.1,0.5,2.6,0.5,1,1.1,0.4,1.5,0.1,0.1,0.8,-,-,-,-,14.4,-,0.1,10.8,3.5,0.5,-,0.5,0.1,-,-,-,-,-,0.1
120,Kevin Schade,Brentford FC,EPL,23 years old (27-11-2001),"1,85m",Germany,"Attacking Midfielder (Left, Right), Forward",Left Winger,right,20(12),1847.0,7,2,3,-,63.4,2.3,3,6.8,"Jun 30, 2028",€27.00m,1.3,0.2,-,0.1,0.2,1.3,0.1,0.3,0.9,2.3,1.5,0.8,1.4,1,4.1,2.3,1.9,1,0.3,1.3,0.2,1,0.6,0.4,0.8,0.1,0.1,0.4,-,-,-,-,11.7,0.2,0.1,7.2,4.2,0.6,0.1,0.5,0.1,-,-,-,-,-,-
121,Bernardo Silva,Manchester City,EPL,30 years old (10-08-1994),"1,73m",Portugal,"Midfielder (Centre, Left, Right), Forward",Attacking Midfield,left,23(4),2128.0,2,4,6,-,88.9,0.1,-,6.79,"Jun 30, 2026",€45.00m,1,0.1,-,-,-,1,0.1,0.1,0.9,2,1,0.9,0.7,1.1,0.5,0.1,0.4,1.7,0.9,2.6,0.7,0.9,0.8,0.1,0.8,0.2,-,0.7,-,-,-,-,46.7,1.1,0.8,40.4,4.4,1.6,-,1.5,0.1,-,-,-,-,-,0.1
122,Gabriel Martinelli,Arsenal FC,EPL,23 years old (18-06-2001),"1,78m",Brazil,"Attacking Midfielder (Left, Right), Forward",Left Winger,right,19(8),1802.0,6,4,1,-,77.8,0.5,1,6.79,"Jun 30, 2027",€55.00m,1.4,0.2,-,0.1,0.1,1.4,0.1,0.3,1,3.7,2.6,1.1,1.6,1.2,1.5,0.5,1,0.7,0.5,1.2,0.1,0.6,0.5,0.3,0.4,-,0.1,0.4,-,-,-,-,17.1,0.3,0.1,13,3.7,1.2,0.1,1.1,0.1,-,-,-,-,-,0.1
123,Nick Pope,Newcastle United,EPL,32 years old (19-04-1992),"1,98m",England,Goalkeeper,Goalkeeper,right,22,1980.0,-,-,2,-,63,0.5,1,6.79,"Jun 30, 2026",€10.00m,-,-,-,-,-,-,-,-,-,-,-,-,-,-,0.6,0.5,0.1,-,-,-,-,0.2,0.1,-,2.1,-,-,-,3.1,0.1,1.9,1.1,21.9,2.9,7.9,10.9,0.2,-,-,-,-,-,-,-,-,-,-
124,Raúl Jiménez,Fulham FC,EPL,33 years old (05-05-1991),"1,87m",Mexico,Forward,Centre-Forward,right,24(8),1972.0,10,3,3,-,72.6,2,2,6.79,"Jun 30, 2025",€5.00m,2.5,0.3,-,0.1,0.3,2.5,0.4,0.3,1.8,1.4,0.8,0.6,1.7,1.3,4.6,2,2.6,0.9,0.3,1.2,0.3,1,1,0.4,0.5,0.2,-,0.4,-,-,-,-,15.6,0.5,0.4,10.8,3.9,0.5,0.1,0.5,0.1,-,-,-,-,-,0.1
125,David Raya,Arsenal FC,EPL,29 years old (15-09-1995),"1,83m",Spain,Goalkeeper,Goalkeeper,right,32,2880.0,-,-,2,-,70.6,0.3,2,6.79,"Jun 30, 2028",€40.00m,-,-,-,-,-,-,-,-,-,-,-,-,-,-,0.3,0.3,-,-,0.1,0.1,0.1,0.2,-,-,0.7,-,-,-,2.3,0.2,1.6,0.6,32.5,4.6,9.3,18.3,0.3,-,-,-,-,-,-,-,-,-,-
126,Ben Davies,Tottenham Hotspur,EPL,31 years old (24-04-1993),"1,81m",Wales,"Defender (Centre, Left), Midfielder (Left)",Centre-Back,left,10(1),901.0,-,-,3,-,90.6,3.6,-,6.78,"Jun 30, 2025",€8.00m,0.4,-,-,-,-,0.4,-,-,0.4,0.1,-,0.1,0.4,-,6.7,3.6,3.1,0.9,0.6,1.5,0.9,0.3,1,-,4.7,1,0.2,0.6,-,-,-,-,65.9,2.5,1.9,57.2,4.3,0.2,-,0.2,-,-,-,-,-,-,-
127,Leandro Trossard,Arsenal FC,EPL,30 years old (04-12-1994),"1,72m",Belgium,"Midfielder (Centre, Left, Right), Forward",Left Winger,right,23(9),2103.0,5,5,2,1,80.4,0.2,1,6.78,"Jun 30, 2026",€30.00m,1.8,0.2,-,-,0.1,1.8,0.6,0.1,1.1,2.2,1.3,0.9,1.5,1.2,0.8,0.2,0.6,0.8,0.6,1.4,0.3,1.2,0.7,0.2,0.4,-,0.1,0.8,-,-,-,-,21.1,0.8,0.7,16.1,3.5,1.1,0.1,1,0.2,0.1,-,-,-,-,-
128,Jurriën Timber,Arsenal FC,EPL,23 years old (17-06-2001),"1,79m",Netherlands,"Defender (Centre, Left, Right)",Right-Back,right,26(3),2333.0,1,2,7,-,87.5,0.8,1,6.78,"Jun 30, 2028",€50.00m,0.5,-,-,-,-,0.5,0.1,0.1,0.2,1.8,1,0.8,1.1,0.8,1.4,0.8,0.7,2,0.3,2.3,0.7,1,1.1,0.2,1.4,0.1,0.1,0.5,-,-,-,-,38.1,0.4,0.9,32.9,3.9,0.6,-,0.6,0.1,-,-,-,-,-,-
129,Anthony Elanga,Nottingham Forest,EPL,22 years old (27-04-2002),"1,78m",Sweden,"Attacking Midfielder (Left, Right), Forward",Right Winger,right,25(7),2016.0,6,8,1,-,78,0.7,1,6.78,"Jun 30, 2028",€35.00m,1.1,0.2,-,-,0.2,1.1,0.3,-,0.8,2.2,1.5,0.7,2,1.1,1.7,0.7,1,0.5,0.4,0.9,0.2,1,0.2,0.4,0.6,-,0.2,0.3,-,-,-,-,15.5,0.3,0.3,11.8,3.1,1.2,0.3,1,0.3,0.1,-,-,-,-,0.1
130,Alisson Becker,Liverpool FC,EPL,32 years old (02-10-1992),"1,93m",Brazil,Goalkeeper,Goalkeeper,right,22,1969.0,-,-,-,-,80.5,0.3,-,6.78,"Jun 30, 2027",€25.00m,-,-,-,-,-,-,-,-,-,-,-,-,-,-,0.3,0.3,-,-,-,0.1,-,-,-,-,1.4,-,-,-,2.3,0.2,1.3,0.8,27,3,5.1,18.8,0.1,-,-,-,-,-,-,-,-,-,-
131,Tyler Adams,AFC Bournemouth,EPL,26 years old (14-02-1999),"1,75m",USA,"Defender (Right), Midfielder (Centre, Right)",Defensive Midfield,right,15(7),1469.0,-,3,5,-,83.5,1.3,-,6.78,"Jun 30, 2028",€18.00m,0.4,-,-,-,-,0.4,0.1,-,0.2,0.7,0.5,0.1,1,0.4,2,1.3,0.7,3.3,1.3,4.6,1.3,0.8,1.7,-,1.3,0.3,0.2,0.9,-,-,-,-,34.7,0.4,1.6,28.6,4.1,0.6,-,0.6,0.1,-,-,-,-,-,0.1
132,Sandro Tonali,Newcastle United,EPL,24 years old (08-05-2000),"1,81m",Italy,Defensive Midfielder (C),Central Midfield,right,22(8),2092.0,3,2,5,-,85,0.3,2,6.78,"Jun 30, 2028",€45.00m,0.9,0.1,-,-,0.1,0.9,0.5,0.1,0.4,1,0.4,0.6,0.7,0.8,0.7,0.3,0.3,1.4,0.7,2.1,1,1.3,1.1,0.1,0.9,0.3,0.1,0.6,-,-,-,-,37.8,1.1,1.1,31,4.5,0.4,-,0.4,0.1,-,-,-,-,-,0.1
133,Vitalii Mykolenko,Everton FC,EPL,25 years old (29-05-1999),"1,80m",Ukraine,"Defender (Centre, Left), Midfielder (Left)",Left-Back,left,29,2544.0,-,1,2,-,77.7,1.5,1,6.78,"Jun 30, 2026",€28.00m,0.4,-,-,-,-,0.4,0.2,-,0.2,0.6,0.4,0.2,0.7,0.3,2.7,1.5,1.2,1.8,0.7,2.6,1.1,0.9,0.6,0.1,4,0.3,0.3,0.4,-,-,-,-,27.4,1.3,2.1,19.9,4,0.6,0.1,0.5,-,-,-,-,-,-,-
134,Marc Guéhi,Crystal Palace,EPL,24 years old (13-07-2000),"1,82m",England,Defender (Centre),Centre-Back,right,30,2700.0,3,2,7,1,84.2,2.2,2,6.78,"Jun 30, 2026",€45.00m,0.4,0.1,-,0.1,-,0.4,-,0.1,0.3,0.5,0.1,0.4,0.5,0.5,3.7,2.2,1.6,1.8,0.4,2.2,0.8,0.8,0.7,-,4.6,0.7,0.1,1,-,-,-,-,52.1,3.4,4,40.4,4.2,0.4,0.2,0.2,0.1,-,-,-,-,-,-
135,Wilfred Ndidi,Leicester City,EPL,28 years old (16-12-1996),"1,83m",Nigeria,"Defender (Centre), Midfielder (Centre)",Defensive Midfield,right,23,1896.0,-,4,6,-,81.8,2.1,1,6.78,"Jun 30, 2027",€18.00m,0.8,-,-,-,-,0.8,0.1,-,0.7,1.2,0.7,0.5,1.4,1.2,3.9,2.1,1.8,3,1,4,1,0.7,1.5,0.1,2.7,0.7,0.2,1.1,-,-,-,-,34.6,0.7,1.3,27.5,5,0.6,0.1,0.5,0.2,-,-,-,-,-,0.1
136,Ethan Pinnock,Brentford FC,EPL,31 years old (29-05-1993),"1,94m",Jamaica,Defender (Centre),Centre-Back,left,21(1),1914.0,2,-,2,-,87.6,2.9,-,6.78,"Jun 30, 2027",€8.00m,0.5,0.1,-,-,-,0.5,-,0.1,0.3,0.4,0.3,0.1,0.1,0.2,4.9,2.9,2,1.6,0.5,2.1,1,0.2,0.4,-,6.3,0.8,0.1,0.5,-,-,-,-,46.9,2.1,2.5,39,3.3,0.4,0.1,0.3,-,-,-,-,-,-,-
137,Ollie Watkins,Aston Villa,EPL,29 years old (30-12-1995),"1,80m",England,"Attacking Midfielder (Left, Right), Forward",Centre-Forward,right,26(6),2178.0,14,6,1,-,75.4,1.3,2,6.77,"Jun 30, 2028",€50.00m,2.3,0.4,-,0.1,0.3,2.3,0.1,0.4,1.8,1.2,0.9,0.3,1.4,1.3,3.3,1.3,1.9,0.3,0.2,0.5,0.2,0.9,0.8,0.3,0.4,0.1,-,0.3,-,-,-,-,10.8,0.1,-,8,2.6,0.7,-,0.7,0.2,-,-,-,-,-,0.2
138,Lucas Digne,Aston Villa,EPL,31 years old (20-07-1993),"1,78m",France,"Defender (Centre, Left), Midfielder (Left)",Left-Back,left,26(3),2163.0,-,4,3,-,83.2,1.2,1,6.77,"Jun 30, 2026",€12.00m,0.4,-,-,-,-,0.4,0.3,-,0.1,0.6,0.3,0.3,0.6,0.5,2.1,1.2,0.9,2.1,0.6,2.7,0.9,0.4,0.6,0.2,2.5,0.1,0.2,0.7,-,-,-,-,31.6,0.8,1.2,25.4,4.1,1.2,0.3,0.9,0.1,0.1,-,-,-,-,-
139,Noussair Mazraoui,Manchester United,EPL,27 years old (14-11-1997),"1,83m",Morocco,"Defender (Centre, Left, Right), Midfielder (Right)",Right-Back,right,29(3),2485.0,-,1,2,-,85.6,1.3,1,6.77,"Jun 30, 2028",€32.00m,0.4,-,-,-,-,0.4,0.2,-,0.2,1.3,0.6,0.8,0.7,0.5,2.2,1.3,0.8,3,1.1,4,1,0.6,1.1,0.1,2.2,0.3,0.3,0.7,-,-,-,-,43,1.2,1.8,35.6,4.3,0.5,0.1,0.4,-,-,-,-,-,-,-
140,Harvey Barnes,Newcastle United,EPL,27 years old (09-12-1997),"1,82m",England,"Attacking Midfielder (Centre, Left)",Left Winger,right,11(16),1259.0,9,3,-,-,81.8,0.2,1,6.77,"Jun 30, 2028",€30.00m,1.7,0.3,-,0.1,0.2,1.7,0.2,0.2,1.3,1.9,1.1,0.7,0.8,0.5,0.7,0.2,0.5,0.6,0.1,0.7,0.2,0.6,0.3,0.1,0.3,-,0.1,0.2,-,-,-,-,14.8,0.2,0.1,11.9,2.6,0.7,-,0.7,0.1,0.1,-,-,-,-,-
141,Nico González,Manchester City,EPL,23 years old (03-01-2002),"1,88m",Spain,Midfielder (Centre),Central Midfield,right,7,573.0,-,-,3,-,93.5,1.9,-,6.77,"Jun 30, 2029",€40.00m,0.9,-,-,-,-,0.9,0.6,0.1,0.1,0.6,0.4,0.1,0.9,1,3,1.9,1.1,1.9,0.6,2.4,0.6,0.4,1.4,-,2.1,-,-,1.3,-,-,-,-,70.4,0.4,0.7,65.4,3.9,0.1,-,0.1,-,-,-,-,-,-,-
142,Danny Welbeck,Brighton & Hove Albion,EPL,34 years old (26-11-1990),"1,85m",England,"Attacking Midfielder (Centre, Left, Right), Forward",Centre-Forward,right,19(6),1692.0,8,4,3,-,83.8,0.6,3,6.76,"Jun 30, 2026",€5.00m,2,0.3,-,0.1,0.2,2,0.6,0.2,1.2,1.2,0.8,0.4,1.7,0.9,1.4,0.6,0.8,0.8,0.4,1.2,0.2,0.8,0.4,0.1,0.4,-,-,0.6,-,-,-,-,14.8,0.1,-,12.4,2.4,0.6,-,0.6,0.2,-,-,-,-,-,0.2
143,Fabian Schär,Newcastle United,EPL,33 years old (20-12-1991),"1,86m",Switzerland,Defender (Centre),Centre-Back,right,27(1),2413.0,3,-,6,1,84.1,1.3,-,6.76,"Jun 30, 2026",€9.00m,1,0.1,-,-,-,1,0.5,-,0.4,0.4,0.1,0.3,0.4,0.2,3.4,1.3,2.1,1.1,0.6,1.7,1.4,0.4,1.1,0.1,3.7,0.8,0.1,0.4,-,-,-,-,57.6,4,5.3,44.4,3.9,0.2,0.1,0.1,-,-,-,-,-,-,-
144,Ismaïla Sarr,Crystal Palace,EPL,27 years old (25-02-1998),"1,85m",Senegal,"Attacking Midfielder (Centre, Left, Right), Forward",Right Winger,right,25(7),2283.0,7,4,3,-,70.4,0.9,3,6.75,"Jun 30, 2029",€22.00m,1.4,0.2,-,0.1,0.2,1.4,0.2,0.3,1,1.6,1.1,0.4,1.8,1.2,2.3,0.9,1.4,0.7,0.5,1.2,0.2,1.4,0.4,0.3,1,0.2,0.1,0.5,-,-,-,-,18.2,0.3,0.5,12.5,4.9,1.1,-,1.1,0.1,-,-,-,-,-,0.1
145,Jørgen Strand Larsen,Wolverhampton Wanderers,EPL,25 years old (06-02-2000),"1,93m",Norway,Forward,Centre-Forward,right,27(3),2329.0,12,2,4,-,64.6,2,2,6.75,"Jun 30, 2025",€27.00m,1.6,0.4,0.1,0.1,0.3,1.6,0.1,0.1,1.4,0.5,0.3,0.2,2.8,1,5,2,3,0.3,0.6,0.9,0.1,0.6,1.4,0.5,0.8,0.1,-,0.4,-,-,-,-,13.2,0.3,0.2,8.2,4.5,0.6,-,0.6,0.1,-,-,-,-,-,-
146,Jake O'Brien,Everton FC,EPL,23 years old (15-05-2001),"1,97m",Ireland,"Defender (Centre, Right)",Right-Back,right,12(3),1119.0,2,-,4,-,77.1,2,1,6.74,"Jun 30, 2028",€15.00m,0.3,0.1,-,0.1,0.1,0.3,0.1,0.1,0.2,0.6,0.4,0.2,0.3,0.3,3.5,2,1.5,1.3,0.3,1.5,0.2,0.2,0.7,0.2,4.5,0.2,0.3,0.7,-,-,-,-,26.5,1.7,2,18.7,4.1,0.4,0.1,0.3,-,-,-,-,-,-,-
147,Maximilian Kilman,West Ham United,EPL,27 years old (23-05-1997),"1,94m",England,Defender (Centre),Centre-Back,left,32,2809.0,-,1,3,-,86.8,2.9,1,6.74,"Jun 30, 2031",€30.00m,0.3,-,-,-,-,0.3,-,0.2,0.2,0.6,0.2,0.4,0.4,0.1,4.4,2.9,1.5,0.9,0.1,1,1.1,0.4,0.4,-,5.3,1.1,-,0.5,-,-,-,-,50,2.8,3.4,40.6,3.2,0.5,0.1,0.4,-,-,-,-,-,-,-
148,Dara O'Shea,Ipswich Town,EPL,26 years old (04-03-1999),"1,89m",Ireland,"Defender (Centre, Right)",Centre-Back,right,29,2583.0,-,2,6,-,78.5,3.4,-,6.74,"Jun 30, 2029",€14.00m,0.7,-,-,-,-,0.7,0.1,0.1,0.4,0.1,-,-,0.4,0.1,5.9,3.4,2.5,1.4,0.4,1.8,1.1,0.7,0.5,0.1,6.1,1.6,0.2,0.4,-,-,-,-,44.5,3.1,4.2,31.9,5.3,0.1,0.1,-,0.1,-,-,-,-,-,-
149,Carlos Alcaraz,Everton FC,EPL,22 years old (30-11-2002),"1,76m",,"Midfielder (Centre, Left), Forward",Central Midfield,right,4(5),432.0,1,1,3,-,79.2,1,-,6.74,"Jun 30, 2025",€14.00m,2,0.1,-,-,0.1,2,1.2,0.1,0.7,1.2,0.4,0.8,1,0.9,1.7,1,0.7,1.2,0.6,1.8,0.3,0.7,1,0.1,0.7,0.1,-,0.3,-,-,-,-,17.7,0.7,0.7,13.3,3,1,-,1,0.1,-,-,-,-,-,0.1
150,Rodrigo Bentancur,Tottenham Hotspur,EPL,27 years old (25-06-1997),"1,87m",Uruguay,Midfielder (Centre),Defensive Midfield,right,18(4),1436.0,2,-,7,-,88.7,1.5,-,6.74,"Jun 30, 2026",€30.00m,1,0.1,-,-,0.1,1,0.4,-,0.5,0.8,0.4,0.4,0.7,0.8,2.6,1.5,1.1,1.6,0.8,2.4,1.5,0.5,1.2,-,1.4,0.4,-,0.7,-,-,-,-,43.8,0.9,0.7,38,4.3,0.4,0.1,0.3,-,-,-,-,-,-,-
151,Liam Delap,Ipswich Town,EPL,22 years old (08-02-2003),"1,86m",England,"Attacking Midfielder (Right), Forward",Centre-Forward,right,29(2),2366.0,12,2,9,-,61.9,1.7,3,6.73,"Jun 30, 2029",€35.00m,2,0.4,-,0.1,0.3,2,0.6,0.2,1.2,2.5,1.3,1.2,3,1.8,3.7,1.7,2,0.3,0.4,0.7,0.1,1.5,2,0.4,0.8,-,-,0.3,-,-,-,-,10.3,0.2,0.4,6.2,3.5,0.6,0.1,0.5,0.1,-,-,-,-,-,0.1
152,Kepa,AFC Bournemouth,EPL,30 years old (03-10-1994),"1,88m",Spain,Goalkeeper,Goalkeeper,right,25,2250.0,-,-,3,-,68.2,0.2,1,6.73,"May 31, 2025",€11.00m,-,-,-,-,-,-,-,-,-,-,-,-,-,-,0.3,0.2,-,-,-,0.1,-,0.2,0.1,-,1.2,-,-,-,3.3,0.1,2,1.2,29.5,6,9.2,14.2,0.2,-,-,-,-,-,-,-,-,-,-
153,Ferdi Kadioglu,Brighton & Hove Albion,EPL,25 years old (07-10-1999),"1,74m",Turkey,"Defender (Left, Right), Midfielder (Centre, Left, Right)",Left-Back,right,5(1),389.0,1,-,1,-,85.3,0.5,-,6.73,"Jun 30, 2028",€30.00m,0.7,0.2,-,-,0.2,0.7,0.2,-,0.5,1.2,0.7,0.5,1,0.3,0.7,0.5,0.2,1.7,1.5,3.2,1.3,0.5,0.8,0.2,2.8,0.3,-,-,-,-,-,-,25,0.7,0.8,20.7,2.8,0.8,0.3,0.5,-,-,-,-,-,-,-
154,Wesley Fofana,Chelsea FC,EPL,24 years old (17-12-2000),"1,85m",France,Defender (Centre),Centre-Back,right,14,1176.0,-,-,7,-,90.8,1.9,-,6.73,"Jun 30, 2029",€27.00m,0.2,-,-,-,-,0.2,-,0.1,0.1,1.1,0.5,0.6,1.1,0.4,2.9,1.9,0.9,0.9,0.6,1.5,1,1.1,1.7,-,3.7,0.6,0.2,0.4,-,-,-,-,55.8,1,1.4,49.6,3.8,0.4,0.1,0.4,-,-,-,-,-,-,-
155,Destiny Udogie,Tottenham Hotspur,EPL,22 years old (28-11-2002),"1,88m",Italy,"Defender (Left), Midfielder (Left)",Left-Back,left,22(1),1753.0,-,1,2,-,88.7,0.6,-,6.72,"Jun 30, 2030",€45.00m,0.2,-,-,-,-,0.2,-,-,0.2,1.3,0.8,0.5,1.3,0.8,1.1,0.6,0.6,3.1,0.6,3.7,0.8,1.6,1.3,0.1,1.1,0.2,0.3,1.4,-,-,-,-,39.1,0.5,0.2,34.2,4.2,0.7,0.1,0.6,-,-,-,-,-,-,-
156,Keane Lewis-Potter,Brentford FC,EPL,24 years old (22-02-2001),"1,70m",England,"Defender (Left), Midfielder (Centre, Left, Right), Forward",Left Winger,right,30(2),2644.0,1,2,5,-,80.1,0.8,1,6.72,"Jun 30, 2031",€23.00m,0.8,-,-,-,-,0.8,0.4,0.1,0.3,2.8,1.7,1.1,1.3,0.6,1.8,0.8,1,1.3,0.5,1.8,0.5,0.8,0.4,0.1,1.9,0.3,0.3,0.5,-,-,-,-,27.9,1.7,1.9,20.7,3.6,0.7,0.1,0.6,0.1,0.1,-,-,-,-,-
157,Illia Zabarnyi,AFC Bournemouth,EPL,22 years old (01-09-2002),"1,89m",Ukraine,Defender (Centre),Centre-Back,right,29(1),2575.0,-,-,3,1,81.1,2.1,1,6.72,"Jun 30, 2029",€40.00m,0.3,-,-,-,-,0.3,-,0.1,0.1,0.3,0.1,0.2,0.5,0.1,3.3,2.1,1.2,1.5,0.4,1.9,1.1,0.2,0.6,-,4.8,0.6,0.1,0.4,-,-,-,-,45.6,3.4,5.6,33.6,3,0.3,0.2,0.2,-,-,-,-,-,-,-
158,Matthijs de Ligt,Manchester United,EPL,25 years old (12-08-1999),"1,89m",Netherlands,Defender (Centre),Centre-Back,right,24(4),2093.0,2,-,3,-,90.5,2,1,6.72,"Jun 30, 2029",€40.00m,0.6,0.1,-,-,-,0.6,-,0.3,0.4,0.1,0.1,0.1,0.2,0.1,3.1,2,1.1,1.1,0.3,1.4,1.2,0.4,0.6,0.1,3.1,0.8,0.2,0.3,-,-,-,-,48.2,1.2,2.2,42.5,2.4,0.2,0.1,0.1,-,-,-,-,-,-,-
159,Marcus Rashford,Aston Villa,EPL,27 years old (31-10-1997),"1,85m",England,"Attacking Midfielder (Centre, Left, Right), Forward",Left Winger,right,12(3),983.0,4,1,2,-,76.9,0.3,-,6.72,"Jun 30, 2025",€50.00m,1.1,0.3,0.1,-,0.2,1.1,0.4,-,0.7,2.6,2,0.6,0.9,0.4,0.8,0.3,0.5,0.5,0.4,0.9,0.3,0.5,0.5,0.5,0.5,-,-,0.5,-,-,-,-,20.8,0.5,0.8,15.5,4,1,0.3,0.7,0.1,0.1,-,-,-,-,-
160,Riccardo Calafiori,Arsenal FC,EPL,22 years old (19-05-2002),"1,88m",Italy,"Defender (Centre, Left)",Left-Back,left,11(6),929.0,2,1,4,-,87.7,1.3,-,6.71,"Jun 30, 2029",€40.00m,0.6,0.1,0.1,-,0.1,0.6,0.2,0.2,0.2,0.8,0.2,0.5,0.6,0.3,2.1,1.3,0.8,1.5,0.6,2.2,0.5,0.4,0.9,0.2,1.4,0.4,0.1,0.4,-,-,-,-,26.8,0.9,0.4,22.6,2.9,0.4,-,0.4,0.1,-,-,-,-,-,0.1
161,Toti Gomes,Wolverhampton Wanderers,EPL,26 years old (16-01-1999),"1,87m",Portugal,"Defender (Centre, Left)",Centre-Back,left,24(1),2076.0,-,1,5,-,85.3,1.6,-,6.71,"Jun 30, 2029",€25.00m,0.3,-,-,-,-,0.3,-,0.1,0.1,0.9,0.3,0.6,0.6,0.5,2.4,1.6,0.8,1.9,0.3,2.2,0.8,0.4,0.8,0.2,4.8,0.6,0.1,0.4,-,-,-,-,50.9,1.6,3.1,41.8,4.4,0.3,-,0.2,-,-,-,-,-,-,-
162,Diogo Jota,Liverpool FC,EPL,28 years old (04-12-1996),"1,78m",Portugal,"Attacking Midfielder (Centre, Left, Right), Forward",Centre-Forward,right,13(8),1045.0,6,3,2,-,70.3,1,1,6.71,"Jun 30, 2027",€45.00m,2,0.3,-,-,0.2,2,0.1,0.1,1.7,1.4,0.9,0.5,1.7,1,2.2,1,1.3,0.5,0.6,1.1,0.3,0.5,0.8,-,0.3,-,-,0.4,-,-,-,-,12.5,0.4,0.3,8.4,3.4,0.5,-,0.5,0.1,-,-,-,-,-,0.1
163,Jan Paul van Hecke,Brighton & Hove Albion,EPL,24 years old (08-06-2000),"1,89m",Netherlands,Defender (Centre),Centre-Back,right,28(1),2511.0,1,-,5,1,88.8,2.4,1,6.71,"Jun 30, 2027",€32.00m,0.6,-,-,-,-,0.6,0.1,0.1,0.3,0.3,0.2,0.1,0.3,0.2,4,2.4,1.6,1.3,0.6,1.9,0.8,0.7,0.8,-,4.1,0.7,0.1,0.4,-,-,-,-,67.2,4.1,3.4,55.6,4.1,0.4,0.1,0.3,-,-,-,-,-,-,-
164,Harry Maguire,Manchester United,EPL,32 years old (05-03-1993),"1,94m",England,Defender (Centre),Centre-Back,right,16(6),1419.0,1,-,7,-,86.9,2.3,-,6.71,"Jun 30, 2026",€15.00m,0.5,-,-,-,-,0.5,-,0.2,0.3,0.2,0.1,0.1,0.3,0.1,3.3,2.3,1,1.2,0.2,1.4,1.6,0.3,0.7,-,3.1,0.5,-,0.1,-,-,-,-,41.2,2.2,2.1,33.5,3.3,0.3,0.1,0.2,-,-,-,-,-,-,-
165,Pedro Neto,Chelsea FC,EPL,25 years old (09-03-2000),"1,74m",Portugal,"Attacking Midfielder (Centre, Left, Right), Forward",Right Winger,left,18(11),1742.0,3,4,8,-,88.2,0.3,2,6.71,"Jun 30, 2031",€50.00m,1.7,0.1,-,-,0.1,1.7,0.7,-,1,2.9,2.1,0.9,1.2,0.8,1.1,0.3,0.8,0.6,0.3,1,0.3,0.9,0.6,0.1,-,-,0.1,0.3,-,-,-,-,20.1,0.7,0.4,17,2,1.4,0.3,1.1,0.1,-,-,-,-,-,0.1
166,Jan Bednarek,Southampton FC,EPL,29 years old (12-04-1996),"1,89m",Poland,Defender (Centre),Centre-Back,right,26,2175.0,2,-,7,-,92.6,2.6,1,6.71,"Jun 30, 2027",€11.00m,0.2,0.1,-,-,0.1,0.2,-,-,0.1,0.1,-,0.1,0.3,0.1,3.8,2.6,1.3,1.3,0.6,1.9,2,0.4,1.2,-,6.1,1.2,-,0.4,-,-,-,-,58.9,2.2,1.5,52.4,2.8,0.2,-,0.2,-,-,-,-,-,-,-
167,Joël Veltman,Brighton & Hove Albion,EPL,33 years old (15-01-1992),"1,84m",Netherlands,"Defender (Centre, Right), Midfielder (Right)",Right-Back,right,19,1647.0,-,-,4,-,82.2,1.2,-,6.71,"Jun 30, 2025",€7.00m,0.3,-,-,-,-,0.3,0.2,0.1,0.1,0.8,0.6,0.2,1,0.4,2.2,1.2,1,2.2,1.1,3.3,0.9,2.2,1.4,-,3.3,0.4,0.2,0.8,-,-,-,-,39.1,1.7,1.8,30.5,5.2,0.3,0.1,0.2,-,-,-,-,-,-,-
168,Antonín Kinsky,Tottenham Hotspur,EPL,22 years old (13-03-2003),"1,90m",Czech Republic,Goalkeeper,Goalkeeper,right,4,360.0,-,-,-,-,77.5,0.5,-,6.71,"Jun 30, 2031",€15.00m,-,-,-,-,-,-,-,-,-,-,-,-,-,-,0.5,0.5,-,0.8,-,0.8,-,-,-,-,2.8,-,-,-,2.8,-,2,0.8,32.3,4.3,6.3,20.8,1,0.3,0.3,-,-,-,-,-,-,-,-
169,Chris Richards,Crystal Palace,EPL,25 years old (28-03-2000),"1,88m",USA,"Defender (Centre), Defensive Midfielder (C)",Centre-Back,right,17(2),1519.0,1,-,2,-,81.9,1.8,-,6.7,"Jun 30, 2027",€12.00m,0.5,0.1,-,0.1,-,0.5,0.1,0.1,0.4,0.3,0.2,0.1,0.3,0.3,3.6,1.8,1.8,2.2,0.8,3,0.5,0.2,0.5,0.1,4.6,0.7,0.4,0.9,-,-,-,-,36.4,1.3,3.2,28.6,3.4,0.1,-,0.1,-,-,-,-,-,-,-
170,Nélson Semedo,Wolverhampton Wanderers,EPL,31 years old (16-11-1993),"1,77m",Portugal,"Defender (Centre, Left, Right), Midfielder (Right)",Right-Back,right,27(1),2422.0,-,4,7,-,81.7,1,-,6.7,"Jun 30, 2025",€10.00m,0.5,-,-,-,-,0.5,0.3,-,0.2,2.1,1.1,0.9,1.2,0.6,2.4,1,1.4,1.9,0.8,2.7,0.8,0.9,1.5,0.1,2.8,0.4,0.6,0.6,-,-,-,-,31.9,1.1,2.2,25,3.6,0.7,0.1,0.5,0.1,-,-,-,-,-,0.1
171,Jadon Sancho,Chelsea FC,EPL,25 years old (25-03-2000),"1,80m",England,"Attacking Midfielder (Centre, Left, Right)",Left Winger,right,18(8),1614.0,3,4,1,-,85.5,0.2,-,6.7,"Jun 30, 2025",€30.00m,0.8,0.1,-,-,0.1,0.8,0.2,-,0.7,3.5,1.9,1.7,1,0.7,0.6,0.2,0.4,0.4,0.3,0.7,0.1,0.4,0.2,0.2,0.2,-,-,0.3,-,-,-,-,26.7,0.2,0.2,22.6,3.7,1.3,-,1.3,0.2,-,-,-,-,-,0.1
172,Timothy Castagne,Fulham FC,EPL,29 years old (05-12-1995),"1,85m",Belgium,"Defender (Centre, Left, Right), Midfielder (Left, Right)",Right-Back,right,17(5),1608.0,-,1,1,-,83,1.6,-,6.7,"Jun 30, 2027",€15.00m,0.4,-,-,-,-,0.4,-,-,0.3,0.5,0.3,0.2,0.7,0.2,3.2,1.6,1.6,2.1,0.9,3,1,0.3,0.7,-,3.4,0.3,0.4,0.4,-,-,-,-,35,1.1,1.6,27.9,4.3,0.4,0.1,0.3,-,-,-,-,-,-,-
173,Tyrick Mitchell,Crystal Palace,EPL,25 years old (01-09-1999),"1,81m",England,"Defender (Left), Midfielder (Left)",Left-Back,left,32,2681.0,-,4,2,-,73.6,0.5,-,6.69,"Jun 30, 2025",€25.00m,0.3,-,-,-,-,0.3,-,-,0.3,0.9,0.5,0.4,1.1,0.8,1.2,0.5,0.7,2.4,0.6,3,0.4,0.7,0.6,0.1,2.3,0.3,0.4,1.5,-,-,-,-,28.1,1.3,2.5,19.4,4.9,1.1,0.1,1.1,0.1,0.1,-,-,-,-,0.1
174,Levi Colwill,Chelsea FC,EPL,22 years old (26-02-2003),"1,87m",England,"Defender (Centre, Left)",Centre-Back,left,29,2610.0,1,1,7,-,90.1,2.6,-,6.69,"Jun 30, 2029",€55.00m,0.5,-,-,-,-,0.5,-,0.1,0.4,0.3,0.1,0.2,0.4,0.2,4.2,2.6,1.7,1.2,0.3,1.6,1,0.6,1.3,0.1,3.2,0.8,0.1,0.3,-,-,-,-,77.6,2.6,3.2,67.3,4.5,0.5,-,0.5,-,-,-,-,-,-,-
175,Tosin Adarabioyo,Chelsea FC,EPL,27 years old (24-09-1997),"1,97m",England,"Defender (Centre, Right)",Centre-Back,right,13(6),1224.0,1,1,3,-,91.5,1.9,-,6.69,"Jun 30, 2028",€20.00m,0.6,0.1,-,-,0.1,0.6,0.1,0.2,0.4,0.2,0.1,0.2,0.2,-,3.3,1.9,1.4,0.7,0.2,0.9,0.5,0.3,0.4,0.1,3.2,0.4,0.1,0.1,-,-,-,-,56.4,1.9,2.2,49.7,2.6,0.1,-,0.1,0.1,-,-,-,-,-,0.1
176,Mateus Fernandes,Southampton FC,EPL,20 years old (10-07-2004),"1,78m",Portugal,"Attacking Midfielder (Centre, Left)",Central Midfield,right,28(2),2420.0,2,3,8,-,84,0.4,1,6.69,"Jun 30, 2029",€15.00m,1.2,0.1,-,-,0.1,1.2,0.5,0.1,0.6,3,1.6,1.4,1.5,1,0.7,0.4,0.3,2.5,1,3.6,0.6,1.5,1.3,0.1,0.8,0.1,0.1,1,-,-,-,-,34.7,1.7,1,27.4,4.6,0.9,0.3,0.6,0.1,0.1,-,-,-,-,-
177,Axel Disasi,Aston Villa,EPL,27 years old (11-03-1998),"1,91m",France,"Defender (Centre, Right)",Centre-Back,right,5(1),459.0,-,-,2,-,89.3,1.3,-,6.69,"Jun 30, 2025",€25.00m,0.3,-,-,-,-,0.3,0.2,-,0.2,2.5,1,1.5,0.5,0.3,2.3,1.3,1,1,0.3,1.3,0.8,0.3,0.3,0.3,3,0.2,-,0.5,-,-,-,-,43.5,0.8,1,38,3.7,0.5,0.2,0.3,-,-,-,-,-,-,-
178,Yerson Mosquera,Wolverhampton Wanderers,EPL,23 years old (02-05-2001),"1,88m",Colombia,Defender (Centre),Centre-Back,right,5,442.0,-,-,2,-,86.1,2.2,-,6.69,"Jun 30, 2030",€8.00m,0.4,-,-,-,-,0.4,-,-,0.4,-,-,-,0.8,0.2,3.4,2.2,1.2,2.2,1,3.2,2,1.4,1.2,0.2,2.8,2,-,0.6,-,-,-,-,47.4,2.4,3.4,38.4,3.2,0.4,0.4,-,-,-,-,-,-,-,-
179,Sepp van den Berg,Brentford FC,EPL,23 years old (20-12-2001),"1,92m",Netherlands,"Defender (Centre, Right), Midfielder (Right)",Centre-Back,right,23(2),2049.0,-,-,2,-,84,3,-,6.69,"Jun 30, 2029",€20.00m,0.5,-,-,-,-,0.5,-,-,0.5,0.3,0.1,0.2,0.5,0.2,5.6,3,2.5,1.4,0.4,1.7,0.7,0.2,0.7,-,4.2,1.2,0.1,0.6,-,-,-,-,36.8,1,1.2,29.9,4.7,0.2,-,0.2,-,-,-,-,-,-,-
180,Matty Cash,Aston Villa,EPL,27 years old (07-08-1997),"1,85m",Poland,"Defender (Right), Midfielder (Centre, Left, Right)",Right-Back,right,18(3),1566.0,1,1,6,-,85.4,0.8,-,6.68,"Jun 30, 2027",€28.00m,0.5,-,-,-,-,0.5,0.2,-,0.2,1.5,0.8,0.7,0.7,0.3,1.6,0.8,0.8,2.1,0.5,2.6,1,0.6,1,-,2,0.3,0.3,0.5,-,-,-,-,28.1,0.9,1,23.1,3,0.5,-,0.4,-,-,-,-,-,-,-
181,Matt Doherty,Wolverhampton Wanderers,EPL,33 years old (16-01-1992),"1,85m",Ireland,"Defender (Centre, Left, Right), Midfielder (Left, Right)",Right-Back,right,21(4),1812.0,2,1,6,-,84.3,1.8,-,6.67,"Jun 30, 2026",€2.50m,0.4,0.1,-,-,-,0.4,-,-,0.4,0.8,0.4,0.4,0.4,0.2,2.6,1.8,0.8,1.4,0.3,1.7,0.8,0.4,0.7,0.1,3.2,0.6,0.2,0.4,-,-,-,-,40.6,2.4,2.5,31.8,3.9,0.4,0.2,0.3,-,-,-,-,-,-,-
182,Harry Wilson,Fulham FC,EPL,28 years old (22-03-1997),"1,73m",Wales,"Attacking Midfielder (Centre, Left, Right)",Right Winger,left,8(11),836.0,5,1,2,-,78.7,0.2,2,6.67,"Jun 30, 2026",€17.00m,1.5,0.3,-,0.1,0.2,1.5,0.6,0.1,0.8,1.2,0.7,0.5,0.7,0.2,1.1,0.2,0.8,0.5,0.3,0.8,0.3,0.8,0.5,-,0.3,0.1,-,0.6,-,-,-,-,15.8,0.6,0.7,11.8,2.6,0.9,0.1,0.8,0.1,0.1,-,-,-,-,-
183,Lukasz Fabianski,West Ham United,EPL,40 years old (18-04-1985),"1,90m",Poland,Goalkeeper,Goalkeeper,right,12(1),1071.0,-,-,2,-,63.3,0.2,-,6.67,"Jun 30, 2025",€700k,-,-,-,-,-,-,-,-,-,0.2,-,0.2,-,-,0.4,0.2,0.2,-,0.1,0.1,-,0.1,0.2,-,1,-,-,-,3.6,0.5,2.2,0.9,30.8,6.5,11.2,13,0.1,-,-,-,-,-,-,-,-,-,-
184,Tino Livramento,Newcastle United,EPL,22 years old (12-11-2002),"1,82m",England,"Defender (Left, Right)",Right-Back,right,26(5),2302.0,-,1,1,-,86.2,0.6,-,6.66,"Jun 30, 2028",€35.00m,0.1,-,-,-,-,0.1,0.1,-,-,1.4,0.8,0.6,0.7,1,1.6,0.6,1,1.6,0.7,2.3,0.6,1,0.2,0.1,2.6,0.3,0.4,0.7,-,-,-,-,35.5,0.6,1.1,29.9,3.8,0.6,0.1,0.5,-,-,-,-,-,-,-
185,James Milner,Brighton & Hove Albion,EPL,39 years old (04-01-1986),"1,75m",England,"Defender (Left, Right), Midfielder (Centre, Left, Right)",Central Midfield,right,3,172.0,-,-,1,-,80,-,-,6.66,"Jun 30, 2025",€1.00m,0.7,-,-,-,-,0.7,0.3,-,0.3,0.3,-,0.3,-,-,0.3,-,0.3,1.7,-,1.7,0.7,0.3,1,-,0.7,0.7,-,0.7,-,-,-,-,21.7,0.3,0.7,17,3.7,1.3,0.3,1,-,-,-,-,-,-,-
186,James Ward-Prowse,West Ham United,EPL,30 years old (01-11-1994),"1,77m",England,"Midfielder (Centre, Right)",Central Midfield,right,7(2),672.0,-,1,2,-,91.6,0.6,-,6.66,"Jun 30, 2027",€10.00m,0.4,-,-,-,-,0.4,0.2,0.1,0.1,0.4,0.2,0.2,0.2,0.3,0.8,0.6,0.2,1.2,0.9,2.1,0.6,0.2,0.9,-,1,0.3,0.3,0.3,-,-,-,-,50.2,2,1.1,44,3.1,1.2,0.6,0.7,0.1,0.1,0.1,-,-,-,-
187,Aaron Ramsdale,Southampton FC,EPL,26 years old (14-05-1998),"1,90m",England,Goalkeeper,Goalkeeper,right,24,2160.0,-,-,2,-,62,0.2,3,6.66,"Jun 30, 2028",€16.00m,-,-,-,-,-,-,-,-,-,-,-,-,0.1,-,0.2,0.2,-,-,0.1,0.1,0.1,0.1,-,-,0.8,-,-,-,4.3,0.5,2.2,1.6,36.9,7.7,13.6,15.2,0.4,-,-,-,-,-,-,-,-,-,-
188,Conor Townsend,Ipswich Town,EPL,32 years old (04-03-1993),"1,83m",England,"Defender (Centre, Left), Midfielder (Left)",Left-Back,left,3(3),335.0,-,1,1,-,68.1,1,-,6.66,"Jun 30, 2026",€1.20m,0.2,-,-,-,-,0.2,-,-,0.2,-,-,-,0.3,0.3,1.7,1,0.7,1.8,0.5,2.3,0.7,0.7,0.3,-,2.3,1,0.3,0.3,-,-,-,-,15.7,0.8,2.2,9.8,2.8,0.7,-,0.7,0.2,-,-,-,-,-,0.2
189,Cameron Burgess,Ipswich Town,EPL,29 years old (21-10-1995),"1,94m",Australia,"Defender (Centre, Left)",Centre-Back,left,13(1),1215.0,-,1,-,-,81.1,2.7,-,6.65,"Jun 30, 2025",€2.50m,0.6,-,-,-,-,0.6,-,0.1,0.5,-,-,-,0.1,-,4.1,2.7,1.4,0.7,0.1,0.9,0.8,0.3,0.2,0.1,6.7,0.9,0.1,0.3,-,-,-,-,44.3,3,4.1,32.9,4.2,0.4,-,0.4,0.1,-,-,-,-,-,0.1
190,Sasa Lukic,Fulham FC,EPL,28 years old (13-08-1996),183cm,Serbia,Midfielder (Centre),,,24(1),1976.0,-,2,12,-,90.5,0.7,1,6.65,,,0.6,-,-,-,-,0.6,0.4,0.1,0.1,0.7,0.4,0.3,0.8,0.3,1.6,0.7,0.8,2.4,1.2,3.6,0.9,1,2.2,-,1.1,0.2,0.1,0.4,-,-,-,-,40.7,1.4,0.5,35.5,3.4,0.8,0.2,0.7,0.1,-,-,-,-,-,0.1
191,Kieran Trippier,Newcastle United,EPL,34 years old (19-09-1990),"1,73m",England,"Defender (Left, Right), Midfielder (Right)",Right-Back,right,11(10),1027.0,-,1,1,-,84.4,0.8,-,6.65,"Jun 30, 2026",€5.00m,0.1,-,-,-,-,0.1,0.1,-,-,0.3,0.1,0.2,0.4,0.2,1.3,0.8,0.5,1.5,0.6,2,0.5,0.4,0.6,0.1,1.5,-,0.3,0.2,-,-,-,-,36.9,1.3,1.8,29.8,4,0.7,0.4,0.3,-,-,-,-,-,-,-
192,James Garner,Everton FC,EPL,24 years old (13-03-2001),"1,82m",England,"Midfielder (Centre, Right)",Defensive Midfield,right,11(4),1055.0,-,1,3,-,77.4,0.7,-,6.65,"Jun 30, 2026",€20.00m,0.5,-,-,-,-,0.5,0.3,-,0.1,0.9,0.5,0.3,0.6,0.5,1.2,0.7,0.5,1.9,1,2.9,0.9,0.8,1,-,1.9,0.2,0.2,0.7,-,-,-,-,28.1,0.9,1.5,20.9,4.8,0.7,0.3,0.4,0.1,-,-,0.1,-,-,-
193,Ryan Yates,Nottingham Forest,EPL,27 years old (21-11-1997),"1,90m",England,Midfielder (Centre),Central Midfield,right,17(12),1739.0,2,1,8,-,82.8,1.6,-,6.65,"Jun 30, 2028",€13.00m,1.1,0.1,-,-,-,1.1,0.5,0.1,0.5,0.6,0.3,0.3,0.8,0.6,2.6,1.6,1,1.3,0.7,2,0.8,1.6,1.7,0.2,2,0.3,-,0.9,-,-,-,-,23.1,0.2,0.9,18.9,3,0.6,-,0.6,-,-,-,-,-,-,-
194,Kevin Danso,Tottenham Hotspur,EPL,26 years old (19-09-1998),"1,90m",Austria,Defender (Centre),Centre-Back,right,4,348.0,-,-,-,-,90.9,1.8,-,6.65,"Jun 30, 2025",€25.00m,1,-,-,-,-,1,-,0.3,0.8,0.5,0.3,0.3,1.5,-,3.3,1.8,1.5,1.3,0.5,1.8,0.5,1,1,-,5.3,1,0.3,-,-,-,-,-,71.5,1,2.8,64,3.8,0.3,-,0.3,-,-,-,-,-,-,-
195,Amadou Onana,Aston Villa,EPL,23 years old (16-08-2001),"1,95m",Belgium,Defensive Midfielder (C),Defensive Midfield,right,16(4),1262.0,2,-,4,-,88.7,1.2,1,6.64,"Jun 30, 2029",€55.00m,0.8,0.1,-,0.1,-,0.8,0.3,0.3,0.2,0.8,0.3,0.5,0.5,0.4,2,1.2,0.9,2.3,0.5,2.8,1.2,1.2,1.4,-,1.5,0.3,0.1,0.4,-,-,-,-,31.5,0.8,0.5,27.2,3.1,0.4,0.1,0.3,-,-,-,-,-,-,-
196,Adama Traoré,Fulham FC,EPL,29 years old (25-01-1996),"1,78m",Spain,"Midfielder (Centre, Left, Right), Forward",Right Winger,right,16(14),1515.0,2,5,2,-,81.1,0.8,1,6.64,"Jun 30, 2025",€10.00m,1.2,0.1,-,-,0.1,1.2,0.2,-,1,2.8,1.4,1.4,1,0.6,1.7,0.8,0.9,0.6,0.3,0.8,-,1,0.7,-,0.1,-,0.1,0.2,-,-,-,-,14.1,0.3,0.2,11.1,2.4,1.1,-,1.1,0.2,0.1,-,-,-,-,-
197,Bernd Leno,Fulham FC,EPL,33 years old (04-03-1992),"1,90m",Germany,Goalkeeper,Goalkeeper,right,32,2880.0,-,1,4,-,78.8,0.3,3,6.64,"Jun 30, 2027",€11.00m,-,-,-,-,-,-,-,-,-,-,-,-,-,-,0.3,0.3,-,0.1,-,0.1,-,0.1,-,-,0.8,-,-,-,2.8,0.1,2.1,0.6,33.6,4.4,6.9,22.1,0.3,0.1,0.1,-,-,-,-,-,-,-,-
198,Adam Wharton,Crystal Palace,EPL,21 years old (06-02-2004),"1,82m",England,Defensive Midfielder (C),Defensive Midfield,left,13(4),1128.0,-,1,2,-,79.5,0.4,-,6.63,"Jun 30, 2029",€35.00m,0.6,-,-,-,-,0.6,0.6,-,-,0.5,0.4,0.1,0.8,0.7,1.3,0.4,0.9,1.9,1.4,3.3,0.9,1.2,0.6,-,1.3,0.1,-,0.5,-,-,-,-,35.4,2.1,1.5,26.1,5.7,1.4,0.5,0.9,0.1,0.1,0.1,-,-,-,-
199,Reece James,Chelsea FC,EPL,25 years old (08-12-1999),"1,80m",England,"Defender (Centre, Right), Defensive Midfielder (C), Midfielder (Right)",Right-Back,right,9(4),768.0,1,-,1,-,89.3,1.5,-,6.63,"Jun 30, 2028",€30.00m,0.5,0.1,0.1,-,-,0.5,0.4,-,0.2,1.2,0.7,0.5,0.5,0.3,2,1.5,0.5,0.6,0.5,1.1,0.8,0.7,0.5,-,1.2,0.3,0.1,0.5,-,-,-,-,41.8,2.2,1.7,35.1,2.8,0.7,0.3,0.4,-,-,-,-,-,-,-
200,Michael Keane,Everton FC,EPL,32 years old (11-01-1993),"1,88m",England,"Defender (Centre, Right)",Centre-Back,right,9(1),812.0,2,-,4,-,83.2,1.9,1,6.63,"Jun 30, 2025",€6.00m,0.8,0.2,-,-,0.2,0.8,0.1,-,0.7,0.1,0.1,-,-,0.2,3.3,1.9,1.4,1,0.3,1.3,1,-,0.9,-,5,0.6,-,0.3,-,-,-,-,30.4,3.8,2.5,21.5,2.6,0.2,-,0.2,-,-,-,-,-,-,-
201,Ederson,Manchester City,EPL,31 years old (17-08-1993),"1,88m",Brazil,Goalkeeper,Goalkeeper,left,22,1961.0,-,4,3,-,86.6,0.2,1,6.63,"Jun 30, 2026",€25.00m,-,-,-,-,-,-,-,-,-,-,-,-,-,-,0.2,0.2,-,-,0.1,0.1,-,-,-,-,0.6,-,-,-,2.2,-,1.7,0.5,31.8,5.4,3.9,22.1,0.4,0.2,0.2,-,0.2,-,-,-,-,-,0.1
202,Emiliano Martínez,Aston Villa,EPL,32 years old (02-09-1992),"1,95m",Argentina,Goalkeeper,Goalkeeper,right,31,2702.0,-,-,4,-,78.7,0.3,1,6.63,"Jun 30, 2029",€25.00m,-,-,-,-,-,-,-,-,-,-,-,-,-,-,0.3,0.3,-,0.1,-,0.1,-,0.2,-,-,0.6,-,-,-,2.5,0.1,1.6,0.8,33.7,5.2,6.8,21.4,0.4,-,-,-,-,-,-,-,-,-,-
203,Matheus França,Crystal Palace,EPL,21 years old (01-04-2004),"1,84m",Brazil,Forward,Attacking Midfield,right,0(2),24.0,1,-,-,-,66.7,-,-,6.63,"Jun 30, 2028",€10.00m,1.5,0.5,-,-,0.5,1.5,-,-,1.5,-,-,-,0.5,-,-,-,-,0.5,-,0.5,-,-,-,-,-,-,-,-,-,-,-,-,3,-,-,2,1,-,-,-,-,-,-,-,-,-,-
204,Kostas Tsimikas,Liverpool FC,EPL,28 years old (12-05-1996),179cm,Greece,Defender (Left),,,6(9),573.0,-,1,2,-,91.5,0.3,1,6.62,,,0.2,-,-,-,-,0.2,0.1,-,0.1,0.4,0.2,0.2,0.3,0.1,0.7,0.3,0.3,1.6,0.3,1.9,0.5,0.3,0.6,0.1,0.9,0.1,0.2,0.2,-,-,-,-,25.9,1.3,0.5,22.3,1.7,0.5,0.2,0.3,0.1,0.1,0.1,-,-,-,-
205,Ilkay Gündogan,Manchester City,EPL,34 years old (24-10-1990),"1,80m",Germany,Midfielder (Centre),Central Midfield,right,20(8),1790.0,-,4,1,-,92.6,0.4,-,6.62,"Jun 30, 2026",€7.00m,0.8,-,-,-,-,0.8,0.4,-,0.4,1.1,0.6,0.5,0.8,0.7,0.7,0.4,0.3,0.8,0.5,1.3,0.4,0.7,0.5,-,0.6,-,-,0.4,-,-,-,-,49,1.3,0.7,44.1,2.9,1.2,0.1,1.1,0.1,-,-,-,-,-,0.1
206,Matheus Nunes,Manchester City,EPL,26 years old (27-08-1998),"1,83m",Portugal,"Defender (Right), Midfielder (Centre, Left, Right)",Central Midfield,right,14(7),1223.0,-,4,3,-,88.2,0.6,1,6.62,"Jun 30, 2028",€35.00m,0.2,-,-,-,-,0.2,-,-,0.2,1.4,0.8,0.6,1.1,0.5,1.1,0.6,0.6,1.2,0.7,1.9,0.6,0.6,1.3,0.2,0.9,0.1,0.3,0.4,-,-,-,-,37.1,0.9,0.7,31.9,3.7,1,0.2,0.7,0.2,0.1,-,-,-,-,-
207,Ethan Nwaneri,Arsenal FC,EPL,18 years old (21-03-2007),"1,76m",England,Attacking Midfielder (Right),Right Winger,left,10(12),776.0,3,2,1,-,88.7,0.1,1,6.62,"Jun 30, 2030",€55.00m,0.9,0.1,-,-,0.1,0.9,0.4,-,0.5,2.5,1,1.4,0.9,0.8,0.5,0.1,0.3,0.5,0.5,1,-,0.2,0.3,0.3,0.2,0.1,-,0.3,-,-,-,-,13.2,0.3,0.1,11.4,1.4,0.5,0.1,0.4,0.1,-,-,-,-,-,-
208,Sander Berge,Fulham FC,EPL,27 years old (14-02-1998),"1,95m",Norway,Midfielder (Centre),Defensive Midfield,right,21(4),1886.0,-,-,4,-,91.1,1,-,6.62,"Jun 30, 2029",€25.00m,0.1,-,-,-,-,0.1,-,-,-,0.8,0.4,0.4,0.4,0.6,1.7,1,0.7,1.9,0.4,2.4,0.8,0.3,1,-,1.2,0.3,-,0.7,-,-,-,-,40.6,2.1,1,34.9,2.6,0.7,0.1,0.6,-,-,-,-,-,-,-
209,Marcos Senesi,AFC Bournemouth,EPL,27 years old (10-05-1997),"1,85m",Argentina,Defender (Centre),Centre-Back,left,12(2),1012.0,-,-,5,-,77.8,1.7,1,6.61,"Jun 30, 2026",€24.00m,0.1,-,-,-,-,0.1,-,0.1,0.1,0.6,0.3,0.4,0.4,0.4,3.6,1.7,1.9,2.5,1.1,3.6,0.8,0.5,1.4,-,3.8,0.4,-,0.6,-,-,-,-,44.5,4.8,5.6,29.9,4.2,0.2,-,0.2,-,-,-,-,-,-,-
210,Adam Webster,Brighton & Hove Albion,EPL,30 years old (04-01-1995),"1,90m",England,Defender (Centre),Centre-Back,right,8(3),618.0,-,-,-,-,86,1.5,-,6.61,"Jun 30, 2026",€12.00m,0.1,-,-,-,-,0.1,-,-,0.1,0.3,0.2,0.1,0.3,0.1,2,1.5,0.5,0.7,0.5,1.3,1.3,0.2,0.5,0.1,2.5,0.8,-,0.3,-,-,-,-,45.4,2.5,3.7,36.5,2.6,0.3,0.1,0.2,-,-,-,-,-,-,-
211,Orel Mangala,Everton FC,EPL,27 years old (18-03-1998),"1,78m",Belgium,Midfielder (Centre),Defensive Midfield,right,14(5),1256.0,1,-,2,-,90.3,0.3,-,6.61,"Jun 30, 2025",€20.00m,0.8,0.1,-,-,0.1,0.8,0.6,-,0.3,1.3,0.5,0.7,0.6,0.6,0.7,0.3,0.4,0.8,0.2,1,1.1,0.9,1.3,0.1,1.1,0.2,0.2,0.3,-,-,-,-,25.4,0.8,0.4,22.2,2.1,0.4,-,0.4,-,-,-,-,-,-,-
212,Facundo Buonanotte,Leicester City,EPL,20 years old (23-12-2004),"1,74m",Argentina,"Attacking Midfielder (Centre, Right)",Attacking Midfield,left,13(14),1394.0,4,2,7,-,79.9,0.5,2,6.61,"Jun 30, 2025",€22.00m,1.1,0.1,-,-,0.1,1.1,0.4,0.1,0.7,2.7,1.8,0.9,1.9,1.4,1.7,0.5,1.2,1.8,1.6,3.4,0.4,1.2,1.2,0.1,0.4,0.2,0.1,1,-,-,-,-,17.9,0.6,0.6,13.7,3,0.9,0.2,0.7,0.1,0.1,-,-,-,-,-
213,João Gomes,Wolverhampton Wanderers,EPL,24 years old (12-02-2001),"1,76m",Brazil,Midfielder (Centre),Central Midfield,right,30,2525.0,3,1,8,1,86.5,0.3,1,6.6,"Jun 30, 2030",€40.00m,1.1,0.1,-,-,0.1,1.1,0.5,-,0.6,1.7,0.9,0.7,1.1,1.5,1,0.3,0.7,3,1.8,4.8,0.8,1.2,2.1,-,1,0.1,-,1.1,-,-,-,-,43.3,1.4,1.2,36.1,4.7,0.7,-,0.6,-,-,-,-,-,-,-
214,Georginio Rutter,Brighton & Hove Albion,EPL,22 years old (20-04-2002),"1,82m",France,"Attacking Midfielder (Centre, Right), Forward",Centre-Forward,left,19(9),1667.0,5,3,2,-,68.6,0.9,-,6.6,"Jun 30, 2028",€32.00m,1.8,0.2,-,-,0.2,1.8,0.5,-,1.3,2.5,1.6,1,1.6,1.3,2.6,0.9,1.7,1.4,0.8,2.2,0.4,1.6,1.2,0.3,0.4,0.1,-,0.6,-,-,-,-,12.3,0.3,0.2,8.2,3.6,0.7,-,0.6,0.1,-,-,0.1,-,-,-
215,Ezri Konsa,Aston Villa,EPL,27 years old (23-10-1997),"1,83m",England,"Defender (Centre, Right)",Centre-Back,right,27(1),2397.0,1,-,-,-,93,0.9,-,6.6,"Jun 30, 2028",€35.00m,0.3,-,-,-,-,0.3,-,0.1,0.1,0.6,0.4,0.3,0.5,0.3,1.7,0.9,0.8,1.1,0.1,1.3,0.8,1.5,0.2,-,2.9,0.3,0.3,0.3,-,-,-,-,49,1,1.1,44.6,2.3,0.2,-,0.1,-,-,-,-,-,-,-
216,Beto,Everton FC,EPL,27 years old (31-01-1998),"1,94m",Portugal,Forward,Centre-Forward,right,10(14),1095.0,6,-,2,-,57.8,2.9,1,6.6,"Jun 30, 2027",€20.00m,1.4,0.2,-,-,0.2,1.4,0.1,0.2,1.1,1.3,0.6,0.7,2,1.2,6.3,2.9,3.5,0.5,0.1,0.6,0.1,0.7,1.2,0.5,0.7,-,-,0.2,-,-,-,-,8,0.1,0.1,4.5,3.3,0.3,-,0.3,-,-,-,-,-,-,-
217,Reiss Nelson,Fulham FC,EPL,25 years old (10-12-1999),"1,75m",England,"Midfielder (Left, Right)",Right Winger,right,5(6),486.0,1,1,1,-,91.4,-,-,6.6,"Jun 30, 2025",€18.00m,1.1,0.1,-,-,0.1,1.1,-,0.1,1,3.2,2,1.2,1.3,0.7,0.4,-,0.4,0.7,0.7,1.5,0.5,0.8,0.5,0.1,0.1,-,0.1,1,-,-,-,-,22.1,0.2,0.4,20,1.5,1.2,0.1,1.1,0.1,-,-,-,-,-,0.1
218,Micky van de Ven,Tottenham Hotspur,EPL,23 years old (19-04-2001),"1,93m",Netherlands,"Defender (Centre, Left)",Centre-Back,left,10(1),907.0,-,2,4,-,91,1.6,-,6.6,"Jun 30, 2029",€55.00m,0.5,-,-,-,-,0.5,-,-,0.5,0.7,0.4,0.4,0.5,0.4,3.1,1.6,1.5,0.9,0.5,1.5,0.8,0.6,0.9,-,3,0.5,0.1,0.3,-,-,-,-,65.5,1.5,2.2,58,3.7,0.2,-,0.2,0.2,-,-,-,-,-,0.2
219,Manuel Ugarte,Manchester United,EPL,24 years old (11-04-2001),"1,82m",Uruguay,Defensive Midfielder (C),Defensive Midfield,right,19(5),1537.0,1,-,9,-,87.9,0.7,-,6.59,"Jun 30, 2029",€50.00m,0.7,-,-,-,-,0.7,0.5,-,0.2,1.2,0.6,0.6,1.1,0.8,1.4,0.7,0.7,2.8,1.4,4.2,1,1.2,1.5,-,0.6,0.1,0.1,1,-,-,-,-,30.6,1.4,0.8,25.5,3,0.3,0.1,0.2,-,-,-,-,-,-,-
220,Ryan Manning,Southampton FC,EPL,28 years old (14-06-1996),"1,73m",Ireland,"Defender (Centre, Left), Midfielder (Centre, Left, Right)",Left-Back,left,15(5),1203.0,-,-,2,-,86.1,0.6,-,6.59,"Jun 30, 2027",€3.50m,0.3,-,-,-,-,0.3,0.1,-,0.2,1.6,1,0.6,0.8,0.3,0.9,0.6,0.3,1.4,0.6,1.9,0.8,1.3,0.9,-,1.6,0.6,0.2,0.4,-,-,-,-,25.5,1,0.9,21.1,2.7,1.3,0.6,0.7,-,-,-,-,-,-,-
221,Andreas Pereira,Fulham FC,EPL,29 years old (01-01-1996),"1,78m",Brazil,"Midfielder (Centre, Left, Right)",Attacking Midfield,right,21(8),1754.0,2,4,8,-,77.7,0.4,-,6.59,"Jun 30, 2026",€20.00m,1.1,0.1,-,0.1,-,1.1,0.7,0.1,0.4,1,0.6,0.4,0.7,0.7,1.1,0.4,0.7,0.8,1,1.7,0.3,0.8,0.8,-,0.4,0.1,-,0.4,-,-,-,-,24.9,1.1,1.4,18.2,4.1,1.8,0.7,1.2,0.1,0.1,-,-,-,-,0.1
222,Dominic Calvert-Lewin,Everton FC,EPL,28 years old (16-03-1997),"1,89m",England,"Attacking Midfielder (Left), Forward",Centre-Forward,right,19(3),1582.0,3,1,2,-,63.5,3.8,1,6.59,"Jun 30, 2025",€20.00m,2.1,0.1,-,-,0.1,2.1,0.1,0.3,1.7,1.1,0.7,0.5,3.2,1.5,7.5,3.8,3.7,0.4,0.2,0.6,0.3,1,1.2,1.2,0.8,0.1,-,0.2,-,-,-,-,12.3,0.1,0.2,7.7,4.3,0.3,-,0.3,-,-,-,-,-,-,-
223,Nicolás Domínguez,Nottingham Forest,EPL,26 years old (28-06-1998),"1,79m",Argentina,"Midfielder (Centre, Left, Right)",Central Midfield,right,18(10),1571.0,-,-,8,-,87.8,0.6,-,6.59,"Jun 30, 2028",€17.00m,0.6,-,-,-,-,0.6,0.4,0.1,0.2,0.3,0.2,0.1,0.6,0.3,1.3,0.6,0.7,2.5,1.1,3.7,0.9,0.5,1,-,1.4,0.4,-,0.8,-,-,-,-,26.9,0.7,0.6,23,2.7,0.4,0.1,0.4,-,-,-,-,-,-,-
224,Caoimhín Kelleher,Liverpool FC,EPL,26 years old (23-11-1998),"1,88m",Ireland,Goalkeeper,Goalkeeper,right,10,900.0,-,-,-,-,72.1,0.2,-,6.59,"Jun 30, 2026",€22.00m,-,-,-,-,-,-,-,-,-,0.1,-,0.1,0.1,-,0.2,0.2,-,-,-,-,-,0.3,-,-,0.3,-,-,-,2.5,0.3,1.3,0.9,33.3,3.3,9.2,20.7,0.1,-,-,-,-,-,-,-,-,-,-
225,Dean Henderson,Crystal Palace,EPL,28 years old (12-03-1997),"1,88m",England,Goalkeeper,Goalkeeper,right,32,2880.0,-,-,3,-,58.2,0.3,1,6.59,"Jun 30, 2028",€15.00m,-,-,-,-,-,-,-,-,-,-,-,-,0.1,-,0.4,0.3,-,0.1,0.1,0.2,-,-,-,-,1.2,-,-,-,2.8,0.5,1.6,0.8,29.1,4.3,12,12.7,0.2,0.1,0.1,-,-,-,-,-,-,-,-
226,Boubacar Kamara,Aston Villa,EPL,25 years old (23-11-1999),"1,84m",France,"Defender (Centre, Left), Defensive Midfielder (C)",Defensive Midfield,right,14(6),1201.0,-,-,2,-,89.2,0.7,2,6.59,"Jun 30, 2027",€38.00m,0.3,-,-,-,-,0.3,0.2,-,0.2,1.1,0.7,0.4,0.4,0.5,1.5,0.7,0.8,2.2,1.1,3.3,0.7,1.2,1,-,2,0.3,0.1,0.5,-,-,-,-,34.4,0.9,0.9,29.8,2.9,0.4,0.1,0.4,-,-,-,-,-,-,-
227,Rúben Dias,Manchester City,EPL,27 years old (14-05-1997),"1,87m",Portugal,Defender (Centre),Centre-Back,right,19(2),1729.0,-,-,4,-,93.6,1.3,-,6.59,"Jun 30, 2027",€70.00m,0.7,-,-,-,-,0.7,0.4,0.1,0.2,0.1,-,0.1,0.2,-,2.3,1.3,1,0.6,0.1,0.8,0.9,0.3,0.5,-,2.3,0.6,-,0.1,-,-,-,-,85.7,2.5,2.4,77.7,3.1,0.2,-,0.2,-,-,-,-,-,-,-
228,Arijanet Muric,Ipswich Town,EPL,26 years old (07-11-1998),"1,98m",Kosovo,Goalkeeper,Goalkeeper,right,18,1620.0,-,-,1,-,68.2,0.6,2,6.59,"Jun 30, 2028",€6.00m,-,-,-,-,-,-,-,-,-,-,-,-,0.2,0.1,0.7,0.6,0.1,-,0.1,0.1,-,0.2,-,-,1.1,-,-,-,3.7,0.2,2.4,1.1,29.7,5.2,8.9,15.1,0.5,-,-,-,-,-,-,-,-,-,-
229,Marc Cucurella,Chelsea FC,EPL,26 years old (22-07-1998),"1,73m",Spain,"Defender (Centre, Left), Midfielder (Left)",Left-Back,left,27(3),2451.0,4,1,7,1,88.9,0.8,2,6.59,"Jun 30, 2028",€30.00m,0.6,0.1,-,-,0.1,0.6,0.2,-,0.4,0.4,0.3,0.1,0.8,0.2,2.4,0.8,1.6,1.8,0.8,2.6,0.7,1,1,0.1,1.8,0.4,0.4,0.9,-,-,-,-,45.4,1.2,1.8,39.2,3.2,0.6,-,0.6,-,-,-,-,-,-,-
230,Jefferson Lerma,Crystal Palace,EPL,30 years old (25-10-1994),"1,79m",Colombia,"Defender (Centre, Right), Defensive Midfielder (C)",Defensive Midfield,right,22(5),1899.0,-,1,7,-,78,1.6,-,6.59,"Jun 30, 2026",€12.00m,0.9,-,-,-,-,0.9,0.4,-,0.5,0.4,0.2,0.2,0.4,0.6,3,1.6,1.4,1,0.6,1.6,1.3,1.3,1.1,-,2,0.6,0.1,0.6,-,-,-,-,34.1,1.8,2.7,24.8,4.8,0.3,-,0.3,-,-,-,-,-,-,-
231,Andy Robertson,Liverpool FC,EPL,31 years old (11-03-1994),"1,78m",Scotland,"Defender (Left), Midfielder (Left)",Left-Back,left,26(4),2228.0,-,-,3,1,88.5,0.2,-,6.58,"Jun 30, 2026",€20.00m,0.4,-,-,-,-,0.4,0.1,-,0.3,0.6,0.4,0.2,0.8,0.3,0.6,0.2,0.4,1.3,0.6,1.8,0.7,0.2,0.3,0.1,1.3,0.1,0.4,0.2,-,-,-,-,46.1,1.8,2.3,39,3,1.3,0.3,1,-,-,-,-,-,-,-
232,Robin Olsen,Aston Villa,EPL,35 years old (08-01-1990),"1,96m",Sweden,Goalkeeper,Goalkeeper,right,1(2),180.0,-,-,-,-,70.7,-,-,6.58,"Jun 30, 2025",€1.50m,-,-,-,-,-,-,-,-,-,-,-,-,-,-,-,-,-,0.3,-,0.3,-,-,-,-,1,-,-,-,1.7,-,0.7,1,25,4,7.3,13.7,-,-,-,-,-,-,-,-,-,-,-
233,Yasin Ayari,Brighton & Hove Albion,EPL,21 years old (06-10-2003),"1,72m",Sweden,Midfielder (Centre),Central Midfield,right,18(10),1637.0,-,1,3,-,85.2,0.5,-,6.58,"Jun 30, 2027",€17.00m,0.9,-,-,-,-,0.9,0.3,-,0.6,1.4,0.8,0.6,1.1,0.8,1.1,0.5,0.6,1.8,0.9,2.8,0.6,0.8,1.1,0.1,0.7,0.2,-,0.5,-,-,-,-,26.3,0.3,0.8,22.1,3.1,0.9,0.3,0.6,-,-,-,-,-,-,-
234,Jonny Evans,Manchester United,EPL,37 years old (03-01-1988),"1,88m",N. Ireland,"Defender (Centre, Left)",Centre-Back,both,3(3),290.0,-,-,1,-,89.1,1.5,-,6.57,"Jun 30, 2025",€1.50m,0.2,-,-,-,-,0.2,-,-,0.2,0.2,-,0.2,0.2,-,2,1.5,0.5,1.2,0.3,1.5,0.7,1,0.8,-,2.2,0.2,-,0.2,-,-,-,-,32.2,0.7,0.8,28,2.7,-,-,-,-,-,-,-,-,-,-
235,Konstantinos Mavropanos,West Ham United,EPL,27 years old (11-12-1997),"1,94m",Greece,"Defender (Centre, Right)",Centre-Back,right,19(9),1846.0,-,-,3,1,86.4,2,-,6.57,"Jun 30, 2028",€17.00m,0.6,-,-,-,-,0.6,0.1,0.1,0.4,0.6,0.3,0.3,0.4,-,2.9,2,0.9,1.1,0.4,1.5,1.4,0.5,0.6,0.1,3.7,0.5,0.1,0.2,-,-,-,-,39.3,2.1,2.5,31.8,2.8,0.1,0.1,0.1,-,-,-,-,-,-,-
236,Emerson,West Ham United,EPL,30 years old (03-08-1994),"1,76m",Italy,"Defender (Left), Midfielder (Left)",Left-Back,left,23(4),1865.0,2,1,5,-,81.6,0.6,-,6.57,"Jun 30, 2026",€12.00m,0.5,0.1,-,-,-,0.5,0.3,0.1,0.2,1.1,0.7,0.4,0.8,0.3,1.2,0.6,0.7,2,0.7,2.6,0.7,0.5,0.8,-,1.8,0.3,0.1,0.9,-,-,-,-,27.9,1,1.7,21.8,3.4,0.6,0.3,0.3,-,-,-,-,-,-,-
237,André Onana,Manchester United,EPL,29 years old (02-04-1996),"1,90m",Cameroon,Goalkeeper,Goalkeeper,right,31,2790.0,-,-,-,-,70,0.2,-,6.57,"Jun 30, 2028",€32.00m,-,-,-,-,-,-,-,-,-,-,-,-,-,-,0.2,0.2,-,-,0.1,0.1,-,0.1,-,-,0.7,-,-,-,2.8,0.2,1.6,1,34.3,4.3,10.1,19.7,0.2,-,-,-,-,-,-,-,-,-,-
238,Gabriel Jesus,Arsenal FC,EPL,28 years old (03-04-1997),"1,75m",Brazil,"Attacking Midfielder (Left, Right), Forward",Centre-Forward,right,6(11),604.0,3,-,4,-,80,0.5,1,6.57,"Jun 30, 2027",€40.00m,1.2,0.2,-,0.1,0.1,1.2,0.1,0.2,0.9,1.3,0.8,0.5,0.8,0.8,1.6,0.5,1.1,0.6,0.3,0.9,0.2,0.6,0.8,0.5,0.4,0.1,0.1,0.5,-,-,-,-,11.2,0.1,0.1,8.8,2.1,0.5,0.1,0.4,-,-,-,-,-,-,-
239,Lucas Paquetá,West Ham United,EPL,27 years old (27-08-1997),"1,80m",Brazil,"Midfielder (Centre, Left, Right), Forward",Attacking Midfield,left,24(4),2083.0,4,-,8,-,78,1.5,-,6.57,"Jun 30, 2027",€35.00m,1.4,0.1,-,-,0.1,1.4,0.6,-,0.8,1.3,0.8,0.5,1.8,1.7,3.6,1.5,2,2.1,0.8,2.9,0.6,1.8,1.6,0.2,1,0.1,0.1,0.8,-,-,-,-,42,2.3,1.5,30.5,7.7,1.1,0.1,1,-,-,-,-,-,-,-
240,Curtis Jones,Liverpool FC,EPL,24 years old (30-01-2001),"1,85m",England,"Midfielder (Centre, Left)",Central Midfield,right,16(11),1418.0,3,3,1,1,94.1,0.5,1,6.56,"Jun 30, 2027",€50.00m,1.1,0.1,-,0.1,-,1.1,0.3,0.1,0.6,0.6,0.2,0.4,0.8,1.1,0.9,0.5,0.4,1.2,0.3,1.5,0.2,0.8,0.6,-,0.2,0.3,0.1,0.3,-,-,-,-,30.5,0.6,0.4,28.1,1.4,0.7,-,0.7,0.1,-,-,-,-,-,0.1
241,Joe Gomez,Liverpool FC,EPL,27 years old (23-05-1997),"1,88m",England,"Defender (Centre, Left, Right)",Centre-Back,right,6(3),519.0,-,-,1,-,89.4,1,-,6.56,"Jun 30, 2027",€25.00m,0.3,-,-,-,-,0.3,-,0.1,0.2,-,-,-,0.1,0.2,1.4,1,0.4,1.4,0.6,2,0.8,0.3,0.2,-,2.1,0.7,0.1,0.3,-,-,-,-,46.2,1.4,1.7,39.9,3.2,0.2,-,0.2,-,-,-,-,-,-,-
242,Rodrigo Muniz,Fulham FC,EPL,23 years old (04-05-2001),"1,86m",Brazil,Forward,Centre-Forward,right,8(23),952.0,8,1,1,-,65.7,2.2,1,6.56,"Jun 30, 2026",€20.00m,1.3,0.3,-,0.1,0.2,1.3,0.1,0.2,1,0.6,0.4,0.2,1.5,0.8,4.2,2.2,2,0.3,-,0.3,0.2,1,0.4,0.1,0.5,0.1,-,0.2,-,-,-,-,4.5,0.3,0.1,2.7,1.5,0.2,-,0.2,-,-,-,-,-,-,-
243,Ben White,Arsenal FC,EPL,27 years old (08-10-1997),"1,86m",England,"Defender (Centre, Right), Defensive Midfielder (C)",Right-Back,right,8(4),764.0,-,1,2,-,85.1,0.9,-,6.56,"Jun 30, 2028",€50.00m,0.5,-,-,-,-,0.5,0.3,0.1,0.2,0.2,0.2,-,0.6,0.3,1.2,0.9,0.3,0.9,1.1,2,1,0.3,0.7,0.1,2.1,0.5,0.3,0.1,-,-,-,-,28.6,1.1,1.2,23.3,3.1,0.3,0.1,0.3,0.1,-,-,-,-,-,0.1
244,Robert Sánchez,Chelsea FC,EPL,27 years old (18-11-1997),"1,97m",Spain,Goalkeeper,Goalkeeper,right,26,2340.0,-,-,5,-,67.9,0.2,2,6.56,"Jun 30, 2030",€20.00m,-,-,-,-,-,-,-,-,-,-,-,-,-,-,0.2,0.2,-,-,-,-,0.1,0.1,0.1,-,1.2,-,-,-,3.2,0.2,2,1,33.4,4.2,10.2,18.4,0.5,-,-,-,-,-,-,-,-,-,-
245,Emile Smith Rowe,Fulham FC,EPL,24 years old (28-07-2000),"1,82m",England,"Attacking Midfielder (Centre, Left)",Attacking Midfield,right,23(6),1846.0,5,2,2,-,91.2,0.2,-,6.55,"Jun 30, 2029",€32.00m,1.1,0.2,-,0.1,0.1,1.1,0.2,0.1,0.8,1.1,0.6,0.6,1.1,0.4,0.8,0.2,0.6,1,0.6,1.6,0.3,0.4,0.6,0.1,0.5,0.1,-,0.6,-,-,-,-,30.8,0.5,0.2,27.6,2.5,0.6,-,0.6,0.1,-,-,-,-,-,0.1
246,Ashley Young,Everton FC,EPL,39 years old (09-07-1985),"1,75m",England,"Defender (Left, Right), Midfielder (Left, Right)",Right-Back,both,17(10),1586.0,1,3,6,1,72.7,0.4,1,6.55,"Jun 30, 2025",€500k,0.2,-,-,-,-,0.2,0.2,-,-,0.5,0.3,0.2,0.3,-,0.8,0.4,0.4,1.9,0.7,2.5,0.8,0.6,0.9,-,1.9,0.1,0.3,0.3,-,-,-,-,23,2,2.9,14.7,3.3,0.7,0.1,0.6,0.1,-,-,-,-,-,0.1
247,Pape Sarr,Tottenham Hotspur,EPL,22 years old (14-09-2002),"1,84m",Senegal,Midfielder (Centre),Central Midfield,right,17(13),1512.0,3,2,6,-,88.1,0.8,1,6.55,"Jun 30, 2030",€40.00m,0.9,0.1,-,-,0.1,0.9,0.6,0.1,0.3,0.8,0.5,0.4,0.8,0.6,1.8,0.8,1.1,1.4,0.4,1.8,0.7,0.9,0.9,0.1,0.5,0.2,-,0.5,-,-,-,-,28.7,0.4,0.4,24.8,3,0.5,0.1,0.4,0.1,-,-,-,-,-,0.1
248,Toby Collyer,Manchester United,EPL,21 years old (03-01-2004),"1,80m",England,Midfielder,Defensive Midfield,right,0(6),175.0,-,-,-,-,82.2,0.5,-,6.55,"Jun 30, 2027",€5.00m,0.2,-,-,-,-,0.2,-,0.2,-,0.3,0.2,0.2,1.8,0.2,0.7,0.5,0.2,2,0.2,2.2,0.3,0.7,0.3,-,0.5,0.2,-,0.2,-,-,-,-,15,0.3,0.2,12,2.5,0.3,-,0.3,-,-,-,-,-,-,-
249,Jacob Greaves,Ipswich Town,EPL,24 years old (12-09-2000),"1,93m",England,"Defender (Centre, Left)",Centre-Back,left,19,1666.0,1,-,4,-,87.6,2.9,-,6.55,"Jun 30, 2029",€20.00m,0.4,0.1,-,0.1,-,0.4,-,0.2,0.3,0.1,0.1,0.1,0.4,0.1,4.8,2.9,1.9,1.4,0.4,1.8,0.9,0.8,0.5,0.1,5.5,1,-,0.4,-,-,-,-,45.4,0.9,2.4,38.8,3.3,0.1,-,0.1,-,-,-,-,-,-,-
250,Jamie Vardy,Leicester City,EPL,38 years old (11-01-1987),"1,79m",England,"Attacking Midfielder (Left), Forward",Centre-Forward,right,30,2433.0,7,3,5,-,70.4,1.6,1,6.55,"Jun 30, 2025",€1.00m,1.7,0.2,-,0.1,0.1,1.7,0.1,0.3,1.3,0.7,0.4,0.3,1,0.4,3.1,1.6,1.6,0.6,0.2,0.8,0.1,0.6,0.6,0.8,0.7,0.1,-,0.1,-,-,-,-,10.6,0.1,0.1,7.3,3,0.6,-,0.6,0.1,-,-,-,-,-,0.1
251,Rodri,Manchester City,EPL,28 years old (22-06-1996),"1,91m",Spain,"Defender (Centre), Defensive Midfielder (C)",Defensive Midfield,right,1(1),66.0,-,-,-,-,93.4,0.5,-,6.55,"Jun 30, 2027",€130.00m,-,-,-,-,-,-,-,-,-,0.5,0.5,-,-,-,0.5,0.5,-,1,-,1,0.5,1,0.5,-,-,-,-,0.5,-,-,-,-,30.5,2.5,-,26,2,0.5,-,0.5,-,-,-,-,-,-,-
252,André,Wolverhampton Wanderers,EPL,23 years old (16-07-2001),"1,76m",Brazil,Defensive Midfielder (C),Defensive Midfield,right,25(2),2009.0,-,-,6,-,92.8,0.1,-,6.54,"Jun 30, 2029",€25.00m,0.3,-,-,-,-,0.3,0.2,-,-,0.9,0.4,0.4,0.9,0.5,0.3,0.1,0.2,2.4,0.9,3.2,1,1.1,1.2,-,0.9,0.3,-,1.2,-,-,-,-,38.6,1.5,0.6,34.3,2.1,0.4,-,0.4,-,-,-,-,-,-,-
253,Ross Barkley,Aston Villa,EPL,31 years old (05-12-1993),"1,89m",England,"Midfielder (Centre, Left, Right)",Central Midfield,right,3(13),546.0,3,1,3,-,86.8,0.4,1,6.54,"Jun 30, 2026",€8.00m,0.9,0.2,0.1,0.1,0.1,0.9,0.3,0.3,0.3,0.6,0.1,0.5,0.3,0.5,0.6,0.4,0.3,0.8,0.3,1.1,0.6,0.2,0.5,-,0.3,0.2,-,0.4,-,-,-,-,22.8,0.6,0.3,19.2,2.7,0.5,-,0.5,0.1,-,-,-,-,-,0.1
254,Trevoh Chalobah,Chelsea FC,EPL,25 years old (05-07-1999),"1,92m",England,"Defender (Centre, Right), Defensive Midfielder (C)",Centre-Back,right,7(2),566.0,-,1,1,-,90.2,2,1,6.53,"Jun 30, 2028",€17.00m,0.7,-,-,-,-,0.7,0.1,0.1,0.4,0.3,0.2,0.1,0.3,0.2,3,2,1,0.6,0.1,0.7,0.8,0.6,0.7,-,2.6,0.1,-,0.2,-,-,-,-,48.9,1.3,1.7,42.8,3.1,0.4,0.1,0.3,0.1,-,-,-,-,-,0.1
255,James Justin,Leicester City,EPL,27 years old (23-02-1998),"1,83m",England,"Defender (Centre, Left, Right), Midfielder (Left, Right)",Right-Back,both,30,2535.0,2,1,5,-,77.1,1.9,-,6.53,"Jun 30, 2026",€15.00m,0.8,0.1,-,-,0.1,0.8,0.2,0.1,0.5,0.9,0.6,0.3,1,0.4,3.5,1.9,1.6,1.6,0.7,2.3,1.4,1.1,0.6,0.1,3.3,0.4,0.8,0.9,-,-,-,-,34.6,1,2.3,25.7,5.6,0.4,-,0.4,-,-,-,-,-,-,-
256,Leif Davis,Ipswich Town,EPL,25 years old (31-12-1999),"1,82m",England,"Defender (Left), Midfielder (Left)",Left-Back,left,29(1),2535.0,1,2,5,-,80.6,1.1,1,6.53,"Jun 30, 2028",€25.00m,0.5,-,-,-,-,0.5,0.3,-,0.2,1.2,0.8,0.4,1.2,0.5,1.9,1.1,0.8,1.5,0.6,2.1,0.8,1,0.8,0.1,2.2,0.3,0.2,0.5,-,-,-,-,29.4,1.1,1.3,22.6,4.4,1.8,0.5,1.3,0.1,-,-,-,-,-,-
257,Richarlison,Tottenham Hotspur,EPL,27 years old (10-05-1997),"1,84m",Brazil,"Attacking Midfielder (Centre, Left, Right), Forward",Centre-Forward,right,2(8),294.0,3,1,1,-,69,0.8,-,6.53,"Jun 30, 2027",€25.00m,0.8,0.3,-,0.3,-,0.8,-,0.4,0.4,0.9,0.8,0.1,0.5,0.6,2.2,0.8,1.4,0.4,0.1,0.5,-,0.7,0.4,0.1,0.8,0.1,-,-,-,-,-,-,7.1,0.1,-,4.8,2.2,0.4,-,0.4,0.1,-,-,-,-,-,0.1
258,Victor Kristiansen,Leicester City,EPL,22 years old (16-12-2002),"1,81m",Denmark,"Defender (Left), Midfielder (Left)",Left-Back,left,28,2388.0,-,1,1,-,82.1,0.7,-,6.53,"Jun 30, 2028",€16.00m,0.1,-,-,-,-,0.1,-,-,0.1,0.6,0.3,0.3,0.5,0.4,2.2,0.7,1.5,3,1.4,4.5,1.4,0.6,0.6,0.1,2.3,0.5,0.3,0.8,-,-,-,-,35.9,1.5,2.3,27.9,4.1,0.6,0.2,0.5,-,-,-,-,-,-,-
259,Ryan Sessegnon,Fulham FC,EPL,24 years old (18-05-2000),"1,78m",England,"Defender (Left), Midfielder (Left, Right)",Left-Back,left,3(7),245.0,3,1,-,-,76.2,0.4,-,6.53,"Jun 30, 2026",€9.00m,1,0.3,-,-,0.3,1,-,-,1,0.9,0.6,0.3,1.1,0.6,0.8,0.4,0.4,0.7,0.5,1.2,0.2,0.1,1,-,0.3,-,0.2,0.5,-,-,-,-,6.3,0.2,-,4.6,1.5,0.4,-,0.4,0.1,-,-,-,-,-,0.1
260,Álex Moreno,Nottingham Forest,EPL,31 years old (08-06-1993),"1,79m",Spain,"Defender (Left), Midfielder (Left)",Left-Back,left,11(4),960.0,-,1,2,-,77.8,0.2,-,6.53,"May 31, 2025",€11.00m,0.4,-,-,-,-,0.4,0.3,-,0.1,1.4,0.9,0.5,0.9,0.4,0.9,0.2,0.7,1.7,1.6,3.3,1,0.4,0.8,-,2.5,0.3,0.3,0.4,-,-,-,-,21.3,0.4,1.1,16.2,3.7,0.5,-,0.5,0.1,-,-,-,-,-,0.1
261,Mads Hermansen,Leicester City,EPL,24 years old (11-07-2000),"1,87m",Denmark,Goalkeeper,Goalkeeper,right,25,2206.0,-,-,1,-,56.8,0.2,-,6.52,"Jun 30, 2028",€15.00m,-,-,-,-,-,-,-,-,-,-,-,-,-,-,0.2,0.2,-,-,-,-,-,0.1,-,-,1.2,-,-,-,3.6,0.6,2.2,0.9,34.5,5.5,14.2,14.1,0.7,-,-,-,-,-,-,-,-,-,-
262,Carlos Alcaraz,Everton FC,EPL,22 years old (30-11-2002),"1,76m",,"Midfielder (Centre, Left), Forward",Central Midfield,right,0(1),9.0,-,-,-,-,100,1,-,6.52,"Jun 30, 2025",€14.00m,1,-,-,-,-,1,-,-,1,2,2,-,-,-,1,1,-,-,-,-,1,-,1,-,-,-,-,-,-,-,-,-,11,1,-,10,-,1,-,1,-,-,-,-,-,-,-
263,Fraser Forster,Tottenham Hotspur,EPL,37 years old (17-03-1988),"2,01m",England,Goalkeeper,Goalkeeper,right,7,630.0,-,-,-,-,82.6,0.1,-,6.52,"Jun 30, 2025",€1.20m,-,-,-,-,-,-,-,-,-,0.1,-,0.1,0.1,-,0.1,0.1,-,-,0.1,0.1,-,-,-,-,1,-,-,-,3.9,0.4,2.4,1,23.9,2.1,3.3,17.6,0.9,-,-,-,-,-,-,-,-,-,-
264,Darwin Núñez,Liverpool FC,EPL,25 years old (24-06-1999),"1,87m",Uruguay,"Attacking Midfielder (Centre, Left), Forward",Centre-Forward,right,8(17),1005.0,5,2,8,-,71,0.6,-,6.52,"Jun 30, 2028",€50.00m,1.2,0.2,-,-,0.2,1.2,0.2,0.1,0.9,0.8,0.5,0.3,0.8,0.7,1.8,0.6,1.2,0.7,0.4,1.1,0.1,0.6,1,0.4,0.4,-,-,0.2,-,-,-,-,8,0.4,0.2,5.3,2.2,0.4,-,0.4,0.1,-,-,-,-,-,0.1
265,João Félix,AC Milan,EPL,25 years old (10-11-1999),181cm,Portugal,"Attacking Midfielder (Centre, Left), Forward",,,3(9),364.0,1,1,2,-,86.2,0.3,-,6.52,,,1.7,0.1,-,-,0.1,1.7,0.6,0.2,0.9,2.6,1.8,0.8,0.5,0.3,0.8,0.3,0.4,0.7,0.3,1,0.3,1.4,0.5,0.1,0.2,-,-,0.2,-,-,-,-,16.3,0.4,0.3,13.6,1.9,0.5,0.1,0.4,0.1,-,-,-,-,-,0.1
266,Vitaly Janelt,Brentford FC,EPL,26 years old (10-05-1998),"1,84m",Germany,"Defender (Left), Defensive Midfielder (C)",Defensive Midfield,left,27(4),2264.0,1,3,3,-,84.5,0.6,-,6.52,"Jun 30, 2026",€22.00m,0.5,-,-,-,-,0.5,0.2,-,0.3,0.4,0.3,0.1,0.5,0.3,1,0.6,0.4,1.2,0.5,1.7,0.9,0.5,0.8,-,1.5,0.3,0.2,0.8,-,-,-,-,32.6,1.5,1.9,26,3.1,0.5,0.1,0.4,0.1,-,-,-,-,-,0.1
267,Alphonse Areola,West Ham United,EPL,32 years old (27-02-1993),"1,95m",France,Goalkeeper,Goalkeeper,right,20(1),1810.0,-,-,-,-,66.1,0.1,-,6.51,"Jun 30, 2027",€10.00m,-,-,-,-,-,-,-,-,-,-,-,-,-,-,0.1,0.1,-,0.1,-,0.1,-,-,-,-,1,-,-,-,2.8,0.2,1.7,1,33.3,6.5,10.5,15.5,0.8,-,-,-,-,-,-,-,-,-,-
268,Abdoulaye Doucouré,Everton FC,EPL,32 years old (01-01-1993),"1,83m",Mali,Midfielder (Centre),Central Midfield,right,27(1),2257.0,3,1,3,1,82.4,1,-,6.51,"Jun 30, 2025",€8.00m,0.9,0.1,-,-,0.1,0.9,0.1,-,0.8,1.3,0.6,0.6,1.1,1.1,2.4,1,1.4,1.5,0.8,2.3,0.3,0.2,1.6,0.3,0.6,0.2,-,0.8,-,-,-,-,27.6,0.7,0.5,22,4.4,0.9,-,0.9,-,-,-,-,-,-,-
269,Jack Hinshelwood,Brighton & Hove Albion,EPL,20 years old (11-04-2005),"1,82m",England,"Defender (Left, Right), Defensive Midfielder (C)",Central Midfield,right,18(2),1511.0,2,-,4,-,85.3,0.9,1,6.51,"Jun 30, 2028",€24.00m,0.6,0.1,-,-,0.1,0.6,0.1,-,0.6,0.5,0.4,0.1,0.8,0.1,1.5,0.9,0.6,1.2,0.7,1.8,0.7,0.3,0.7,-,1.7,0.2,-,0.2,-,-,-,-,37.4,1.6,1.6,30.4,3.9,0.6,0.2,0.4,-,-,-,-,-,-,-
270,Calvin Bassey,Fulham FC,EPL,25 years old (31-12-1999),"1,85m",Nigeria,"Defender (Centre, Left)",Centre-Back,left,29(1),2624.0,1,-,5,-,89.8,1.3,-,6.51,"Jun 30, 2027",€25.00m,0.4,-,-,-,-,0.4,0.1,0.1,0.2,0.9,0.5,0.4,0.9,0.2,2.3,1.3,1,1.6,0.2,1.8,0.5,1,0.7,0.1,3,0.6,0.1,0.7,-,-,-,-,60.6,2.4,2.8,52,3.4,0.1,-,0.1,-,-,-,-,-,-,-
271,Kobbie Mainoo,Manchester United,EPL,19 years old (19-04-2005),"1,80m",England,Midfielder (Centre),Central Midfield,right,15(4),1299.0,-,-,5,-,87.1,0.8,1,6.51,"Jun 30, 2027",€55.00m,0.5,-,-,-,-,0.5,0.3,-,0.3,2.2,1.1,1.1,1.3,1.6,2.2,0.8,1.3,1.9,0.7,2.6,0.9,1,1.3,0.1,0.2,0.1,0.1,0.7,-,-,-,-,35.2,1,0.5,29.7,4.1,0.7,-,0.7,-,-,-,-,-,-,-
272,Alejandro Garnacho,Manchester United,EPL,20 years old (01-07-2004),"1,80m",Argentina,"Attacking Midfielder (Centre, Left, Right)",Attacking Midfield,right,20(11),1875.0,5,1,2,-,83.6,0.1,1,6.5,"Jun 30, 2028",€45.00m,2.3,0.2,-,-,0.1,2.3,0.6,0.1,1.6,2.5,1.7,0.7,1.6,1.3,0.8,0.1,0.7,0.9,0.6,1.5,0.3,1.2,0.3,0.3,0.3,-,-,0.5,-,-,-,-,20.1,0.5,0.3,16.3,3,0.8,-,0.8,-,-,-,-,-,-,-
273,Jean-Ricner Bellegarde,Wolverhampton Wanderers,EPL,26 years old (27-06-1998),"1,72m",France,"Midfielder (Centre, Left, Right)",Central Midfield,right,18(12),1489.0,2,6,3,-,83.7,0.3,1,6.5,"Jun 30, 2028",€18.00m,0.7,0.1,-,-,-,0.7,0.4,-,0.3,1.9,1.5,0.4,1.2,0.8,0.9,0.3,0.6,1.1,0.2,1.3,0.3,1.3,1,-,0.5,0.1,-,0.5,-,-,-,-,15.5,0.5,0.4,12.5,2.1,0.9,-,0.8,0.2,0.1,-,-,-,-,0.1
274,Paul Onuachu,Southampton FC,EPL,30 years old (28-05-1994),"2,01m",Nigeria,Forward,Centre-Forward,right,10(12),911.0,4,1,3,-,61.8,3.8,1,6.5,"Jun 30, 2026",€8.00m,1.4,0.2,-,0.1,-,1.4,-,0.4,1,1.1,0.8,0.3,2,1.5,6.2,3.8,2.4,0.3,0.2,0.5,-,0.6,1.2,0.4,0.7,-,-,0.2,-,-,-,-,10.6,0.3,0.3,6.3,3.8,0.4,-,0.4,-,-,-,-,-,-,-
275,Lucas Bergvall,Tottenham Hotspur,EPL,19 years old (02-02-2006),"1,87m",Sweden,Defensive Midfielder (C),Central Midfield,right,10(15),1107.0,-,1,3,-,89.4,0.3,-,6.5,"Jun 30, 2031",€25.00m,0.5,-,-,-,-,0.5,0.2,-,0.3,1.8,0.9,0.8,0.8,0.7,0.6,0.3,0.3,1.4,0.5,2,0.9,0.5,0.8,-,0.8,0.3,-,0.4,-,-,-,-,26,1.1,0.5,22.2,2.2,0.4,0.1,0.3,-,-,-,-,-,-,-
276,Nathan Aké,Manchester City,EPL,30 years old (18-02-1995),"1,80m",Netherlands,"Defender (Centre, Left), Defensive Midfielder (C)",Centre-Back,left,8(2),683.0,-,-,-,-,94.4,1.3,-,6.5,"Jun 30, 2027",€32.00m,0.3,-,-,-,-,0.3,-,0.1,0.2,0.1,-,0.1,0.4,0.3,2.3,1.3,1,0.9,0.2,1.1,0.3,-,0.2,-,2.2,0.2,-,0.5,-,-,-,-,53.2,1.2,1.4,49,1.6,0.1,-,0.1,-,-,-,-,-,-,-
277,John McGinn,Aston Villa,EPL,30 years old (18-10-1994),"1,78m",Scotland,"Midfielder (Centre, Left, Right)",Central Midfield,left,23(5),1898.0,1,3,7,-,87.6,0.5,-,6.49,"Jun 30, 2027",€18.00m,0.9,-,-,-,-,0.9,0.3,0.1,0.5,1.5,0.9,0.6,1.1,0.9,0.8,0.5,0.3,1,0.4,1.4,0.4,2.1,1.5,0.1,0.4,-,-,0.5,-,-,-,-,24.5,1,0.6,20.5,2.5,0.9,0.3,0.7,0.1,-,-,-,-,-,0.1
278,Omari Hutchinson,Ipswich Town,EPL,21 years old (30-10-2003),"1,74m",England,"Attacking Midfielder (Centre, Left, Right)",Attacking Midfield,left,26(1),2234.0,3,2,5,-,83.8,0.3,1,6.49,"Jun 30, 2029",€22.00m,1.3,0.1,-,-,0.1,1.3,0.7,-,0.6,4.2,2.6,1.7,2.5,2,1.1,0.3,0.8,1.1,1.2,2.3,0.4,1.3,1,0.1,0.2,-,0.3,0.9,-,-,-,-,25,0.5,0.6,20.4,3.4,0.9,0.1,0.8,0.1,-,-,-,-,-,-
279,Mathys Tel,Tottenham Hotspur,EPL,19 years old (27-04-2005),"1,83m",France,"Attacking Midfielder (Left), Forward",Centre-Forward,right,5(2),402.0,2,-,-,-,81.4,0.1,-,6.49,"Jun 30, 2025",€40.00m,1.9,0.3,-,-,0.3,1.9,0.4,-,1.4,2.7,2.1,0.6,1.4,1,0.4,0.1,0.3,0.4,0.7,1.1,-,0.6,0.7,-,0.1,-,-,0.4,-,-,-,-,14.6,0.6,0.1,11.3,2.6,0.6,-,0.6,-,-,-,-,-,-,-
280,Niclas Füllkrug,West Ham United,EPL,32 years old (09-02-1993),"1,89m",Germany,Forward,Centre-Forward,right,3(9),461.0,3,1,2,-,65.1,2.1,-,6.49,"Jun 30, 2028",€12.00m,1,0.3,-,0.1,0.2,1,-,0.1,0.9,0.3,0.3,0.1,0.9,0.3,4.9,2.1,2.8,0.2,0.1,0.3,-,0.3,1,0.4,0.7,-,-,0.1,-,-,-,-,8.8,-,0.3,5.8,2.8,0.8,-,0.8,0.1,-,-,-,-,-,0.1
281,Kristoffer Ajer,Brentford FC,EPL,27 years old (17-04-1998),"1,98m",Norway,"Defender (Centre, Left, Right), Defensive Midfielder (C)",Centre-Back,right,17(2),1373.0,-,-,4,-,77.5,1.5,-,6.48,"Jun 30, 2028",€18.00m,0.4,-,-,-,-,0.4,-,0.1,0.4,0.7,0.4,0.4,0.8,0.6,2.6,1.5,1.1,1.2,0.6,1.8,0.6,0.3,0.6,0.1,2.3,0.2,0.1,0.7,-,-,-,-,27.4,1,1.3,20.3,4.8,0.4,0.1,0.3,-,-,-,-,-,-,-
282,Donyell Malen,Aston Villa,EPL,26 years old (19-01-1999),"1,76m",Netherlands,"Attacking Midfielder (Centre, Left, Right), Forward",Right Winger,right,2(7),257.0,3,-,-,-,79.2,0.1,-,6.48,-,€25.00m,1.1,0.3,-,0.1,0.2,1.1,0.3,0.1,0.7,1.1,0.8,0.3,0.7,0.7,0.6,0.1,0.4,0.7,0.3,1,-,0.4,0.1,0.2,0.1,-,-,-,-,-,-,-,5.9,0.1,-,4.6,1.2,0.2,-,0.2,-,-,-,-,-,-,-
283,Tyler Dibling,Southampton FC,EPL,19 years old (17-02-2006),"1,78m",England,"Attacking Midfielder (Right), Forward",Right Winger,left,18(10),1669.0,2,-,6,-,83.9,0.3,1,6.48,"Jun 30, 2027",€25.00m,1,0.1,-,-,-,1,0.4,-,0.5,3.6,2,1.5,1.4,1.9,1,0.3,0.7,1.2,0.4,1.6,0.3,1.6,1,-,0.5,0.2,-,0.5,-,-,-,-,18.4,0.4,0.4,15,2.6,0.7,-,0.6,-,-,-,-,-,-,-
284,Benoît Badiashile,Chelsea FC,EPL,24 years old (26-03-2001),"1,94m",France,Defender (Centre),Centre-Back,left,3(2),334.0,-,-,-,-,90.1,1.6,-,6.48,"Jun 30, 2030",€25.00m,-,-,-,-,-,-,-,-,-,0.2,0.2,-,0.2,-,2,1.6,0.4,1.8,0.2,2,1.2,0.4,1.2,-,2.4,0.4,-,-,-,-,-,-,60.6,2.6,1.8,52,4.2,-,-,-,-,-,-,-,-,-,-
285,Will Hughes,Crystal Palace,EPL,30 years old (17-04-1995),"1,85m",England,"Midfielder (Centre, Left, Right)",Central Midfield,left,20(7),1764.0,-,3,11,-,81.7,0.6,-,6.48,"Jun 30, 2027",€9.00m,0.7,-,-,-,-,0.7,0.5,-,0.2,0.4,0.3,0.1,0.7,0.9,1.1,0.6,0.6,2.3,1.2,3.4,0.6,1,2.1,-,0.7,0.5,0.1,0.6,-,-,-,-,28.3,0.8,1.2,22.3,4,1.1,0.2,0.9,0.1,0.1,0.1,-,-,-,-
286,Alex Scott,AFC Bournemouth,EPL,21 years old (21-08-2003),"1,78m",England,"Midfielder (Centre, Right)",Central Midfield,right,5(10),563.0,-,-,1,-,86.2,0.3,-,6.48,"Jun 30, 2028",€20.00m,0.8,-,-,-,-,0.8,0.3,-,0.5,1.5,1.2,0.3,1.3,0.5,0.7,0.3,0.4,1.6,1,2.6,0.6,1.5,0.5,-,0.4,0.1,0.3,0.7,-,-,-,-,16.9,0.7,0.3,13.8,2,0.6,0.1,0.5,-,-,-,-,-,-,-
287,Bilal El Khannouss,Leicester City,EPL,20 years old (10-05-2004),"1,80m",Morocco,Attacking Midfielder (Centre),Attacking Midfield,right,22(5),1758.0,2,2,4,-,80.1,0.7,1,6.48,"Jun 30, 2028",€30.00m,0.8,0.1,-,-,-,0.8,0.5,-,0.3,1.6,0.6,1,1.2,1.1,1.3,0.7,0.6,1.6,0.3,1.9,0.2,0.3,0.9,-,0.2,0.1,-,0.5,-,-,-,-,29.3,1.5,0.9,22,5,1.1,0.3,0.8,0.1,-,-,-,-,-,-
288,Stephy Mavididi,Leicester City,EPL,26 years old (31-05-1998),"1,82m",England,"Attacking Midfielder (Left, Right), Forward",Left Winger,right,15(14),1533.0,4,1,2,-,82.6,0.3,1,6.48,"Jun 30, 2028",€11.00m,0.9,0.1,-,0.1,0.1,0.9,0.3,0.1,0.5,3.1,2,1.2,1.3,1.2,0.8,0.3,0.5,1,0.9,2,0.4,0.6,0.6,0.1,0.4,0.1,0.1,0.8,-,-,-,-,17.2,0.2,0.3,14,2.7,0.7,0.1,0.7,-,-,-,-,-,-,-
289,Tariq Lamptey,Brighton & Hove Albion,EPL,24 years old (30-09-2000),"1,63m",Ghana,"Defender (Left, Right), Midfielder (Right)",Right-Back,right,9(4),766.0,2,2,-,-,88.6,0.1,-,6.47,"Jun 30, 2025",€12.00m,0.5,0.2,0.1,-,0.1,0.5,0.2,-,0.2,2.1,1.4,0.7,0.7,0.3,1.1,0.1,1,1.1,1.2,2.2,0.5,0.8,0.9,-,1.5,0.4,0.2,0.5,-,-,-,-,22.9,0.5,1.2,19.8,1.5,0.4,0.2,0.2,0.2,0.1,-,-,-,-,0.1
290,Rico Lewis,Manchester City,EPL,20 years old (21-11-2004),"1,70m",England,"Defender (Left, Right), Midfielder (Centre)",Right-Back,right,20(6),1810.0,1,2,3,1,91.8,0.2,-,6.47,"Jun 30, 2028",€40.00m,0.4,-,-,-,-,0.4,0.1,-,0.2,0.8,0.5,0.3,0.7,0.7,0.7,0.2,0.5,1.1,0.3,1.4,0.5,1.3,0.4,-,1.5,0.3,0.2,0.8,-,-,-,-,43.8,0.8,0.8,39.4,2.8,0.3,-,0.3,0.1,-,-,-,-,-,0.1
291,Matt O'Riley,Brighton & Hove Albion,EPL,24 years old (21-11-2000),"1,89m",Denmark,"Midfielder (Centre, Right)",Central Midfield,left,7(8),612.0,1,1,1,-,85.8,0.3,-,6.47,"Jun 30, 2029",€22.00m,1.1,0.1,-,-,0.1,1.1,0.3,-,0.8,0.7,0.3,0.4,0.7,0.2,0.7,0.3,0.4,1,0.5,1.5,0.8,0.6,0.7,0.1,0.3,0.2,-,0.2,-,-,-,-,16.5,0.6,0.5,13.5,1.8,0.8,0.1,0.7,0.1,-,-,-,-,-,0.1
292,Jakub Stolarczyk,Leicester City,EPL,24 years old (19-12-2000),"1,94m",Poland,Goalkeeper,Goalkeeper,right,6,540.0,-,-,1,-,64.7,0.5,-,6.47,"Jun 30, 2026",€400k,-,-,-,-,-,-,-,-,-,-,-,-,0.2,-,0.5,0.5,-,0.3,0.2,0.5,-,-,-,-,2,-,-,-,2.8,0.2,1.5,1.2,33.5,8.7,11.8,13,-,-,-,-,-,-,-,-,-,-,-
293,Jaden Philogene,Ipswich Town,EPL,23 years old (08-02-2002),"1,81m",England,"Midfielder (Left, Right)",Left Winger,right,5(5),475.0,2,-,1,-,78.4,0.5,1,6.47,"Jun 30, 2029",€18.00m,1.2,0.2,0.1,0.1,-,1.2,0.5,0.3,0.4,1.8,1.3,0.5,1.1,1,0.8,0.5,0.3,1.4,0.7,2.1,1,1,0.8,0.1,0.7,0.1,0.2,1,-,-,-,-,11.6,0.2,0.4,8.9,2.1,0.5,-,0.5,-,-,-,-,-,-,-
294,Jesper Lindstrøm,Everton FC,EPL,25 years old (29-02-2000),"1,82m",Denmark,"Attacking Midfielder (Centre, Left, Right), Forward",Right Winger,right,15(10),1242.0,-,1,2,-,78.7,0.2,1,6.47,"Jun 30, 2025",€20.00m,1.1,-,-,-,-,1.1,0.6,-,0.5,1.7,1.4,0.3,1.2,1,0.7,0.2,0.5,1.8,1.4,3.2,0.5,0.4,0.6,-,0.6,0.1,0.1,0.5,-,-,-,-,13.9,0.4,0.5,10.6,2.5,0.8,0.1,0.6,-,-,-,-,-,-,-
295,James Hill,AFC Bournemouth,EPL,23 years old (10-01-2002),"1,84m",England,"Defender (Centre, Right)",Centre-Back,right,6(4),448.0,-,1,1,-,71.7,1.5,-,6.47,"Jun 30, 2026",€2.00m,0.6,-,-,-,-,0.6,0.1,-,0.5,0.2,0.1,0.1,0.2,-,2.7,1.5,1.2,1.5,0.8,2.3,0.9,0.5,0.7,-,3.1,-,-,0.5,-,-,-,-,20.5,0.7,2.9,14,2.9,0.3,-,0.3,0.1,-,-,-,-,-,0.1
296,Luis Sinisterra,AFC Bournemouth,EPL,25 years old (17-06-1999),"1,72m",Colombia,"Attacking Midfielder (Left, Right), Forward",Left Winger,right,1(11),230.0,1,1,-,-,83.5,0.3,-,6.47,-,€17.00m,1.1,0.1,-,0.1,-,1.1,0.3,0.3,0.5,1.7,1,0.7,0.5,0.3,0.8,0.3,0.6,0.6,0.3,0.9,0.1,0.2,0.3,0.1,0.6,-,0.1,0.3,-,-,-,-,7.1,0.3,-,5.7,1.2,0.8,-,0.8,0.1,0.1,-,-,-,-,-
297,Jack Grealish,Manchester City,EPL,29 years old (10-09-1995),"1,80m",England,"Midfielder (Centre, Left), Forward",Left Winger,right,7(12),715.0,1,1,3,-,91,0.1,-,6.46,"Jun 30, 2027",€35.00m,0.8,0.1,-,-,0.1,0.8,0.2,-,0.6,1.5,0.8,0.7,0.5,0.8,0.4,0.1,0.4,0.5,0.2,0.6,0.1,1.3,0.3,-,0.2,0.1,0.1,0.5,-,-,-,-,21.6,0.5,0.1,19.2,1.8,1.3,0.1,1.2,0.1,-,-,-,-,-,0.1
298,Kyle Walker-Peters,Southampton FC,EPL,28 years old (13-04-1997),"1,73m",England,"Defender (Centre, Left, Right), Midfielder (Left, Right)",Right-Back,right,30,2652.0,-,2,5,-,90.8,0.3,-,6.46,"Jun 30, 2025",€18.00m,0.6,-,-,-,-,0.6,0.2,-,0.3,2.7,1.6,1,1,1.2,1,0.3,0.7,1.4,0.6,2,0.6,1.6,0.9,0.1,2.3,0.5,0.3,0.4,-,-,-,-,45.6,0.7,0.8,40.6,3.4,0.8,0.1,0.6,0.1,-,-,-,-,-,0.1
299,Jacob Ramsey,Aston Villa,EPL,23 years old (28-05-2001),"1,80m",England,"Attacking Midfielder (Centre, Left, Right)",Left Midfield,right,17(7),1417.0,1,3,1,-,87.1,0.3,-,6.46,"Jun 30, 2027",€32.00m,0.7,-,-,-,-,0.7,0.3,-,0.4,1.5,0.7,0.9,1.6,0.8,0.7,0.3,0.4,1.2,0.3,1.5,0.3,0.9,0.5,0.2,0.3,0.1,-,0.7,-,-,-,-,21.3,0.2,0.2,18.3,2.5,0.8,-,0.8,0.1,-,-,-,-,-,0.1
300,Takehiro Tomiyasu,Arsenal FC,EPL,26 years old (05-11-1998),"1,88m",Japan,"Defender (Centre, Left, Right)",Right-Back,right,0(1),6.0,-,-,-,-,75,-,-,6.46,"Jun 30, 2026",€25.00m,1,-,-,-,-,1,-,1,-,-,-,-,-,-,-,-,-,-,-,-,-,-,-,-,1,-,-,-,-,-,-,-,4,-,1,3,-,-,-,-,-,-,-,-,-,-,-
301,Malo Gusto,Chelsea FC,EPL,21 years old (19-05-2003),"1,78m",France,"Defender (Right), Midfielder (Right)",Right-Back,right,19(8),1775.0,-,1,4,-,88.9,0.3,-,6.46,"Jun 30, 2030",€35.00m,0.8,-,-,-,-,0.8,0.5,-,0.2,0.6,0.4,0.1,0.6,0.6,0.9,0.3,0.6,1.6,0.8,2.4,0.8,0.6,0.7,0.1,1.3,0.3,0.3,0.7,-,-,-,-,42.6,1.4,1.1,36.4,3.6,0.7,-,0.7,-,-,-,-,-,-,-
302,Myles Lewis-Skelly,Arsenal FC,EPL,18 years old (26-09-2006),"1,78m",England,Defender (Left),Left-Back,left,11(6),963.0,1,-,2,2,93.7,0.4,-,6.46,-,€28.00m,0.1,0.1,-,-,0.1,0.1,-,-,0.1,1.4,0.7,0.7,0.5,0.5,0.7,0.4,0.4,1.2,-,1.2,0.4,1.9,0.5,-,0.8,-,0.1,0.1,-,-,-,-,25.9,0.3,0.3,24,1.4,0.3,-,0.3,-,-,-,-,-,-,-
303,Jota Silva,Nottingham Forest,EPL,25 years old (01-08-1999),"1,79m",Portugal,"Attacking Midfielder (Centre, Left, Right), Forward",Right Winger,right,5(22),817.0,3,1,5,-,66.5,0.8,-,6.45,"Jun 30, 2028",€14.00m,0.8,0.1,-,-,0.1,0.8,0.2,0.1,0.5,1.2,0.8,0.4,0.9,0.4,1.8,0.8,1,0.9,0.7,1.6,0.4,0.8,0.9,0.3,0.6,-,-,0.3,-,-,-,-,6.1,0.2,0.3,3.8,1.8,0.5,-,0.5,-,-,-,-,-,-,-
304,Bart Verbruggen,Brighton & Hove Albion,EPL,22 years old (18-08-2002),"1,94m",Netherlands,Goalkeeper,Goalkeeper,right,30,2700.0,-,1,6,-,76.5,0.3,1,6.45,"Jun 30, 2028",€25.00m,-,-,-,-,-,-,-,-,-,0.1,-,0.1,0.1,-,0.4,0.3,-,-,0.1,0.1,-,0.1,-,-,1.3,-,-,-,2.3,0.2,1.8,0.3,33.5,5.3,7.5,20.4,0.4,-,-,-,-,-,-,-,-,-,-
305,Vítezslav Jaros,Liverpool FC,EPL,23 years old (23-07-2001),"1,90m",Czech Republic,Goalkeeper,Goalkeeper,right,0(1),11.0,-,-,-,-,66.7,-,-,6.45,"Jun 30, 2026",€5.00m,-,-,-,-,-,-,-,-,-,-,-,-,-,-,-,-,-,-,-,-,-,-,-,-,1,-,-,-,1,-,1,-,6,4,2,-,-,-,-,-,-,-,-,-,-,-,-
306,Stefan Ortega,Manchester City,EPL,32 years old (06-11-1992),"1,85m",Germany,Goalkeeper,Goalkeeper,right,10(1),919.0,-,-,1,-,81.3,0.1,-,6.45,"Jun 30, 2026",€9.00m,-,-,-,-,-,-,-,-,-,-,-,-,-,-,0.1,0.1,-,-,0.1,0.1,-,0.2,0.1,-,1.2,-,-,-,2.6,0.2,1.8,0.6,31.6,5.1,5.2,20.6,0.7,-,-,-,-,-,-,-,-,-,-
307,Ibrahim Sangaré,Nottingham Forest,EPL,27 years old (02-12-1997),"1,91m",Ivory Coast,Defensive Midfielder (C),Defensive Midfield,right,3(5),276.0,-,1,2,-,78.5,0.6,-,6.45,"Jun 30, 2028",€28.00m,0.1,-,-,-,-,0.1,0.1,-,-,0.1,0.1,-,0.5,0.1,1.5,0.6,0.9,2.3,0.8,3,0.3,0.6,1,-,0.5,-,-,0.6,-,-,-,-,18.6,0.5,0.6,14.1,3.4,0.4,0.1,0.3,0.1,-,-,-,-,-,0.1
308,Jordan Ayew,Leicester City,EPL,33 years old (11-09-1991),"1,82m",Ghana,"Attacking Midfielder (Centre, Left, Right), Forward",Right Winger,right,15(10),1314.0,4,-,5,-,77.9,1.4,-,6.44,"Jun 30, 2026",€3.50m,1,0.2,-,-,0.1,1,0.3,0.1,0.7,2.1,1.3,0.8,2,1.2,3.6,1.4,2.2,1,0.5,1.5,0.5,1.7,1.1,0.2,0.6,-,-,0.6,-,-,-,-,15.4,0.2,0.7,11.8,2.7,0.5,-,0.4,-,-,-,-,-,-,-
309,Romain Esse,Crystal Palace,EPL,19 years old (13-05-2005),"1,78m",,Attacking Midfielder (Right),Right Winger,left,0(3),22.0,1,-,-,-,84.6,0.3,-,6.44,"Jun 30, 2030",€12.00m,0.3,0.3,-,0.3,-,0.3,-,0.3,-,0.3,0.3,-,0.3,-,0.3,0.3,-,0.7,-,0.7,-,-,-,-,-,-,-,0.3,-,-,-,-,4.3,0.3,0.3,3.3,0.3,0.3,-,0.3,-,-,-,-,-,-,-
310,Abdukodir Khusanov,Manchester City,EPL,21 years old (29-02-2004),"1,86m",Uzbekistan,Defender (Centre),Centre-Back,right,6,504.0,-,-,1,-,91.3,1.2,-,6.44,"Jun 30, 2029",€35.00m,0.2,-,-,-,-,0.2,0.2,-,-,0.3,0.3,-,0.3,0.2,1.8,1.2,0.7,0.8,0.2,1,0.5,0.5,0.5,-,4.7,0.7,0.2,0.2,-,-,-,-,65.2,0.8,2.8,58.7,2.8,0.3,0.2,0.2,-,-,-,-,-,-,-
311,Axel Disasi,Aston Villa,EPL,27 years old (11-03-1998),"1,91m",France,"Defender (Centre, Right)",Centre-Back,right,4(2),365.0,1,-,1,-,91.7,0.8,-,6.44,"Jun 30, 2025",€25.00m,0.3,0.2,-,0.2,-,0.3,0.2,0.2,-,0.2,-,0.2,0.2,0.5,1.2,0.8,0.3,1.2,0.8,2,0.3,-,0.3,-,1.7,0.2,0.2,0.5,-,-,-,-,46,1,0.5,41.2,3.3,0.3,-,0.3,-,-,-,-,-,-,-
312,Jhon Durán,Al Nassr FC,EPL,21 years old (13-12-2003),185cm,Colombia,Forward,,,4(16),627.0,7,-,3,1,72.3,1,-,6.43,,,1.6,0.4,0.1,-,0.3,1.6,0.3,0.1,1.2,0.7,0.6,0.2,0.8,0.8,2,1,1.1,0.4,0.2,0.5,-,0.8,0.7,0.3,0.6,-,0.1,0.3,-,-,-,-,8,0.2,0.3,5.6,2,0.2,0.1,0.2,-,-,-,-,-,-,-
313,Sergio Reguilón,Tottenham Hotspur,EPL,28 years old (16-12-1996),"1,78m",Spain,"Defender (Left), Midfielder (Left)",Left-Back,left,0(3),121.0,-,-,2,-,72.8,1.7,-,6.43,"Jun 30, 2025",€8.00m,0.3,-,-,-,-,0.3,-,0.3,-,1.3,0.7,0.7,0.3,0.3,2.3,1.7,0.7,1.3,0.3,1.7,0.7,1.7,0.7,-,0.7,-,0.3,1.3,-,-,-,-,27,0.3,1,19.3,6.3,0.3,-,0.3,-,-,-,-,-,-,-
314,Sam Johnstone,Wolverhampton Wanderers,EPL,32 years old (25-03-1993),"1,93m",England,Goalkeeper,Goalkeeper,right,7,630.0,-,-,-,-,62.7,0.6,-,6.43,"Jun 30, 2028",€8.00m,-,-,-,-,-,-,-,-,-,-,-,-,-,-,0.6,0.6,-,-,0.1,0.1,-,-,-,-,1.3,-,-,-,3.3,0.9,1.4,1,35.6,8.9,12.4,13.4,0.9,0.1,0.1,-,-,-,-,-,-,-,-
315,Pau Torres,Aston Villa,EPL,28 years old (16-01-1997),"1,92m",Spain,Defender (Centre),Centre-Back,left,19,1640.0,-,-,1,-,88.5,0.8,-,6.43,"Jun 30, 2028",€40.00m,0.4,-,-,-,-,0.4,0.1,0.3,-,0.8,0.1,0.7,0.2,0.2,1.9,0.8,1.1,1.1,0.3,1.4,0.5,0.4,0.3,-,3,0.5,0.1,0.2,-,-,-,-,58.7,1.9,3.5,50,3.3,0.1,-,0.1,-,-,-,-,-,-,-
316,Christian Eriksen,Manchester United,EPL,33 years old (14-02-1992),"1,82m",Denmark,"Midfielder (Centre, Left, Right), Forward",Central Midfield,right,10(8),904.0,-,1,3,-,86.4,0.1,-,6.43,"Jun 30, 2025",€6.00m,0.3,-,-,-,-,0.3,0.3,-,0.1,0.2,0.2,-,0.4,0.2,0.4,0.1,0.3,0.8,0.6,1.4,0.4,0.1,0.4,-,0.3,0.2,-,0.3,-,-,-,-,29.4,1.4,1,24,3,1.2,0.3,0.8,0.1,-,-,0.1,-,-,-
317,Ben Johnson,Ipswich Town,EPL,25 years old (24-01-2000),"1,84m",England,"Defender (Centre, Left, Right), Midfielder (Left, Right)",Right-Back,right,12(8),1217.0,1,2,3,-,76.9,1,1,6.43,"Jun 30, 2028",€9.00m,0.4,0.1,-,0.1,-,0.4,0.1,0.2,0.1,1,0.7,0.4,1.1,0.8,1.8,1,0.9,1.7,1.1,2.8,0.6,0.3,1.2,0.1,2.5,0.3,0.1,0.8,-,-,-,-,15,0.6,0.8,10.9,2.7,0.6,0.2,0.4,0.1,-,-,0.1,-,-,0.1
318,Manuel Akanji,Manchester City,EPL,29 years old (19-07-1995),"1,88m",Switzerland,"Defender (Centre, Left, Right), Defensive Midfielder (C)",Centre-Back,right,20,1710.0,-,-,3,-,94.5,1.2,-,6.43,"Jun 30, 2027",€32.00m,0.5,-,-,-,-,0.5,0.3,0.2,0.1,0.1,-,0.1,0.2,0.3,2.8,1.2,1.6,0.8,0.3,1,0.4,0.5,0.8,-,2.7,0.4,0.1,0.2,-,-,-,-,72.9,2.3,1.2,66.6,2.9,0.5,-,0.5,-,-,-,-,-,-,-
319,Jean-Clair Todibo,West Ham United,EPL,25 years old (30-12-1999),"1,90m",France,Defender (Centre),Centre-Back,right,14(7),1310.0,-,-,2,-,87.5,1,-,6.42,"Jun 30, 2025",€28.00m,0.2,-,-,-,-,0.2,-,-,0.1,0.6,0.3,0.3,0.3,0.3,2,1,1,1.6,0.2,1.8,0.9,0.2,0.5,-,3,0.5,-,0.4,-,-,-,-,35.5,1,2.1,30,2.3,0.1,0.1,-,-,-,-,-,-,-,-
320,Roméo Lavia,Chelsea FC,EPL,21 years old (06-01-2004),"1,81m",Belgium,Defensive Midfielder (C),Defensive Midfield,right,8(3),546.0,-,1,4,-,92.1,0.6,-,6.42,"Jun 30, 2030",€40.00m,0.1,-,-,-,-,0.1,-,-,0.1,1.1,0.5,0.6,0.1,0.5,0.8,0.6,0.2,1.5,0.6,2.2,1,0.3,0.9,-,0.5,-,-,0.5,-,-,-,-,26.5,0.6,0.3,23.8,1.8,0.5,-,0.5,0.1,-,-,-,-,-,0.1
321,Yves Bissouma,Tottenham Hotspur,EPL,28 years old (30-08-1996),"1,82m",Mali,Midfielder (Centre),Defensive Midfield,right,15(9),1212.0,2,-,7,-,89.7,0.2,-,6.42,"Jun 30, 2026",€28.00m,0.4,0.1,-,-,-,0.4,0.3,-,0.1,0.9,0.6,0.3,0.9,0.5,0.5,0.2,0.3,1.8,0.6,2.5,0.6,0.8,0.9,-,1.2,0.2,0.1,0.1,-,-,-,-,32.1,0.8,0.8,28,2.5,0.3,-,0.3,-,-,-,-,-,-,-
322,José Sá,Wolverhampton Wanderers,EPL,32 years old (17-01-1993),"1,92m",Portugal,Goalkeeper,Goalkeeper,right,25,2250.0,-,-,2,-,57.6,0.4,-,6.42,"Jun 30, 2027",€8.00m,-,-,-,-,-,-,-,-,-,0.2,-,0.2,-,-,0.4,0.4,-,0.1,-,0.1,-,0.3,0.1,-,1,-,-,-,2.5,0.2,1.4,0.8,27,3.9,11.3,11.7,0.2,0.1,0.1,-,-,-,-,-,-,-,-
323,Chadi Riad,Crystal Palace,EPL,21 years old (17-06-2003),"1,87m",Spain,Defender (Centre),Centre-Back,left,1,90.0,-,-,-,-,85.4,2,-,6.42,"Jun 30, 2029",€15.00m,-,-,-,-,-,-,-,-,-,-,-,-,1,-,6,2,4,5,1,6,2,-,1,-,-,-,-,-,-,-,-,-,82,5,5,65,7,-,-,-,-,-,-,-,-,-,-
324,Leon Bailey,Aston Villa,EPL,27 years old (09-08-1997),"1,78m",Jamaica,"Midfielder (Centre, Left, Right), Forward",Right Winger,left,14(9),1143.0,1,2,3,-,77.3,0.3,1,6.42,"Jun 30, 2027",€32.00m,1.2,-,-,-,-,1.2,0.4,0.1,0.7,2.5,1.5,1,1.5,1.1,0.7,0.3,0.4,0.3,0.3,0.6,0.1,0.8,0.5,0.1,0.3,-,0.2,0.3,-,-,-,-,15.1,0.6,0.3,11.1,3.1,0.7,0.1,0.6,0.1,-,-,-,-,-,-
325,John Stones,Manchester City,EPL,30 years old (28-05-1994),"1,88m",England,"Defender (Centre, Right), Defensive Midfielder (C)",Centre-Back,right,6(5),547.0,2,-,1,-,91.3,0.7,-,6.42,"Jun 30, 2026",€30.00m,0.2,0.2,-,0.2,-,0.2,-,0.2,-,0.2,-,0.2,0.2,-,1.3,0.7,0.5,0.5,-,0.5,0.4,0.2,0.2,-,1.6,0.3,0.1,0.2,-,-,-,-,36.5,1.6,0.6,31.7,2.5,0.2,0.2,-,-,-,-,-,-,-,-
326,Jens Cajuste,Ipswich Town,EPL,25 years old (10-08-1999),"1,88m",,Defensive Midfielder (C),Defensive Midfield,right,22(3),1710.0,1,-,2,-,86.4,0.5,-,6.42,"Jun 30, 2025",€12.00m,0.4,-,-,-,-,0.4,0.3,-,0.1,1.7,0.8,1,0.8,0.5,1.3,0.5,0.8,1.6,1.1,2.6,1,0.8,0.8,-,1.2,0.3,-,0.6,-,-,-,-,25,0.9,0.8,20.7,2.6,0.4,-,0.4,-,-,-,-,-,-,-
327,Billy Gilmour,SSC Napoli,EPL,23 years old (11-06-2001),170cm,Scotland,Defensive Midfielder (C),,,1(1),98.0,-,-,-,-,87.9,-,-,6.42,,,0.5,-,-,-,-,0.5,0.5,-,-,1,0.5,0.5,-,-,-,-,-,1.5,0.5,2,-,1.5,1,-,0.5,-,-,0.5,-,-,-,-,33,2,1.5,27,2.5,-,-,-,-,-,-,-,-,-,-
328,Jack Harrison,Everton FC,EPL,28 years old (20-11-1996),"1,75m",England,"Attacking Midfielder (Centre, Left, Right), Forward",Right Winger,left,20(8),1755.0,1,-,-,-,73.5,0.1,1,6.41,"May 31, 2025",€16.00m,1,-,-,-,-,1,0.2,-,0.7,2.4,1.7,0.8,1.6,1.3,1,0.1,0.9,1,0.8,1.8,0.3,0.9,0.4,0.1,1,0.1,0.1,0.5,-,-,-,-,15.1,0.5,0.8,10.6,3.3,1.1,0.3,0.8,-,-,-,-,-,-,-
329,Ian Maatsen,Aston Villa,EPL,23 years old (10-03-2002),"1,78m",Netherlands,"Defender (Left), Midfielder (Centre, Left, Right)",Left-Back,left,6(18),787.0,-,2,2,-,88.3,0.3,1,6.41,"Jun 30, 2030",€28.00m,0.5,-,-,-,-,0.5,0.3,-,0.3,0.7,0.3,0.4,0.8,0.8,0.5,0.3,0.2,0.8,0.3,1,0.6,0.3,0.3,0.1,0.8,-,0.3,0.3,-,-,-,-,18.6,0.3,0.4,16.1,1.8,0.7,-,0.7,0.1,-,-,-,-,-,-
330,Christopher Nkunku,Chelsea FC,EPL,27 years old (14-11-1997),"1,77m",France,"Midfielder (Centre, Left, Right), Forward",Centre-Forward,right,9(18),912.0,3,2,2,-,90.6,0.6,1,6.41,"Jun 30, 2029",€45.00m,0.9,0.1,-,-,-,0.9,0.2,0.2,0.6,1,0.6,0.4,0.7,0.6,1.4,0.6,0.8,0.4,0.1,0.5,0.3,0.4,0.6,0.1,0.3,0.1,-,0.3,-,-,-,-,12.2,0.1,-,10.9,1.1,0.5,-,0.5,0.1,-,-,-,-,-,0.1
331,Luke Woolfenden,Ipswich Town,EPL,26 years old (21-10-1998),"1,93m",,Defender (Centre),Centre-Back,right,10(3),1007.0,-,-,2,-,88.3,1.2,-,6.4,"Jun 30, 2027",€2.00m,0.1,-,-,-,-,0.1,-,-,0.1,-,-,-,0.3,-,2,1.2,0.8,0.7,0.2,0.9,1.4,0.2,0.4,0.1,4.6,0.8,-,0.5,-,-,-,-,38,2.2,2.8,31.3,1.6,-,-,-,-,-,-,-,-,-,-
332,Mathias Jensen,Brentford FC,EPL,29 years old (01-01-1996),"1,80m",Denmark,Midfielder (Centre),Central Midfield,right,8(10),754.0,-,1,1,-,82.3,0.4,-,6.4,"Jun 30, 2026",€16.00m,0.3,-,-,-,-,0.3,0.3,-,0.1,0.8,0.3,0.4,0.4,0.3,0.7,0.4,0.3,0.6,0.4,1.1,0.3,0.6,0.4,-,0.6,0.2,-,0.5,-,-,-,-,19.7,1.6,0.7,14.6,2.8,0.8,0.2,0.6,0.1,-,-,-,-,-,0.1
333,Kamaldeen Sulemana,Southampton FC,EPL,23 years old (15-02-2002),"1,75m",Ghana,"Attacking Midfielder (Left), Forward",Left Winger,right,11(9),970.0,1,1,-,-,83.3,0.3,-,6.4,"Jun 30, 2027",€13.00m,1,0.1,-,-,0.1,1,0.3,0.1,0.7,4,2.5,1.5,1.7,1,1.3,0.3,1,0.7,0.3,1,0.3,0.5,0.6,0.1,0.3,-,0.1,0.5,-,-,-,-,12,0.2,0.3,9.8,1.8,0.5,0.1,0.4,0.1,0.1,-,-,-,-,-
334,Edson Álvarez,West Ham United,EPL,27 years old (24-10-1997),"1,90m",Mexico,"Defender (Centre), Defensive Midfielder (C)",Defensive Midfield,right,19(6),1647.0,-,1,6,1,86.5,1.1,-,6.4,"Jun 30, 2028",€30.00m,0.4,-,-,-,-,0.4,0.4,-,-,1.2,0.7,0.6,1,0.5,2,1.1,0.8,1.8,0.7,2.5,0.6,0.7,1.5,0.2,1.4,0.3,0.2,0.5,-,-,-,-,35,1.4,1.1,28.9,3.6,0.4,0.2,0.3,-,-,-,-,-,-,-
335,Joe Aribo,Southampton FC,EPL,28 years old (21-07-1996),"1,83m",Nigeria,"Midfielder (Centre, Left, Right), Forward",Central Midfield,left,20(10),1915.0,3,-,1,-,89.2,0.9,-,6.4,"Jun 30, 2026",€6.00m,0.6,0.1,-,-,0.1,0.6,0.1,0.1,0.4,1.5,0.9,0.6,0.8,0.5,1.6,0.9,0.7,1.5,0.6,2,0.7,0.9,0.7,-,0.8,0.3,0.1,0.5,-,-,-,-,32.5,0.5,0.5,28.5,3,0.5,-,0.5,-,-,-,-,-,-,-
336,Jarell Quansah,Liverpool FC,EPL,22 years old (29-01-2003),"1,90m",England,Defender (Centre),Centre-Back,right,2(9),309.0,-,-,1,-,91.6,0.5,-,6.4,"Jun 30, 2029",€22.00m,0.1,-,-,-,-,0.1,-,-,0.1,0.2,0.1,0.1,0.4,0.2,1.2,0.5,0.7,0.9,0.2,1.1,0.5,0.1,0.6,-,1.3,0.5,0.1,-,-,-,-,-,19.5,0.7,0.5,17.2,1.1,0.1,-,0.1,-,-,-,-,-,-,-
337,Philip Billing,SSC Napoli,EPL,28 years old (11-06-1996),193cm,Denmark,"Midfielder (Centre), Forward",,,1(9),178.0,-,-,1,-,74.4,0.6,-,6.4,,,0.5,-,-,-,-,0.5,0.1,-,0.4,0.3,0.2,0.1,0.7,0.4,1,0.6,0.4,1.4,0.1,1.5,0.5,0.2,0.3,-,0.2,-,-,0.3,-,-,-,-,9,0.2,0.4,6.5,1.9,0.9,-,0.9,-,-,-,-,-,-,-
338,Wout Faes,Leicester City,EPL,27 years old (03-04-1998),"1,87m",Belgium,"Defender (Centre, Left)",Centre-Back,right,24(4),2273.0,1,-,3,-,87.3,1.5,-,6.4,"Jun 30, 2027",€20.00m,0.4,-,-,-,-,0.4,-,0.1,0.2,0.2,-,0.1,0.5,0.2,2.6,1.5,1.1,1.4,0.7,2,0.9,0.3,0.7,-,5.2,1.1,-,0.4,-,-,-,-,44.1,2.3,3,36.2,2.6,0.1,0.1,0.1,-,-,-,-,-,-,-
339,Diego Gómez,Brighton & Hove Albion,EPL,22 years old (27-03-2003),"1,85m",Paraguay,"Midfielder (Centre, Left)",Central Midfield,right,4(6),417.0,-,-,-,-,81.7,0.7,-,6.39,-,€13.00m,0.3,-,-,-,-,0.3,0.2,-,0.1,1.2,0.6,0.6,0.6,0.9,1,0.7,0.3,1.6,0.9,2.5,0.7,0.2,0.7,0.1,0.9,-,-,1,-,-,-,-,22.9,0.4,0.8,18.3,3.4,0.6,0.1,0.5,-,-,-,-,-,-,-
340,Sam Morsy,Ipswich Town,EPL,33 years old (10-09-1991),"1,75m",Egypt,Midfielder (Centre),Central Midfield,right,25(2),2241.0,1,1,9,-,87.5,0.5,-,6.39,"Jun 30, 2026",€900k,0.3,-,-,-,-,0.3,0.3,-,-,0.7,0.3,0.4,0.5,0.3,1.3,0.5,0.8,2.1,1.1,3.2,1,0.7,1.6,-,1.4,0.4,0.1,0.6,-,-,-,-,43.9,1.7,1.8,36.7,3.7,0.6,-,0.6,-,-,-,-,-,-,-
341,Lewis Dunk,Brighton & Hove Albion,EPL,33 years old (21-11-1991),"1,92m",England,Defender (Centre),Centre-Back,right,20(2),1813.0,-,-,5,-,91.1,2,-,6.39,"Jun 30, 2026",€8.00m,0.5,-,-,-,-,0.5,0.1,-,0.3,-,-,-,0.3,0.1,3.3,2,1.3,0.7,0.3,1,0.5,0.4,0.3,0.1,2.8,0.7,-,0.3,-,-,-,-,79.6,4,4,68.5,3,0.3,-,0.2,-,-,-,-,-,-,-
342,Crysencio Summerville,West Ham United,EPL,23 years old (30-10-2001),"1,74m",Netherlands,"Attacking Midfielder (Left, Right)",Left Winger,right,7(12),784.0,1,1,2,-,79.2,0.2,-,6.38,"Jun 30, 2029",€22.00m,0.7,0.1,-,0.1,-,0.7,0.1,0.1,0.6,2.1,1.4,0.7,1.1,0.8,0.7,0.2,0.5,0.7,0.3,1,-,1.2,0.5,0.2,0.3,0.2,0.1,0.5,-,-,-,-,12.2,0.2,0.4,9.5,2.2,0.9,0.2,0.7,0.1,-,-,-,-,-,0.1
343,Aaron Cresswell,West Ham United,EPL,35 years old (15-12-1989),"1,70m",England,"Defender (Centre, Left), Midfielder (Left)",Left-Back,left,7(7),587.0,-,-,2,-,85.1,0.5,1,6.38,"Jun 30, 2025",€700k,0.2,-,-,-,-,0.2,0.2,-,-,0.1,-,0.1,0.2,-,0.9,0.5,0.4,0.6,0.1,0.7,0.4,0.1,0.2,-,2.1,0.3,0.1,0.2,-,-,-,-,26.9,2.5,1.9,20.4,2.1,0.5,0.3,0.2,-,-,-,-,-,-,-
344,Jannik Vestergaard,Leicester City,EPL,32 years old (03-08-1992),"1,99m",Denmark,Defender (Centre),Centre-Back,both,16(2),1396.0,-,-,5,-,90.8,1.5,-,6.38,"Jun 30, 2027",€3.00m,0.2,-,-,-,-,0.2,-,-,0.2,0.2,-,0.2,0.1,-,2.6,1.5,1.1,1.2,0.3,1.6,0.9,0.2,0.7,-,4.1,0.8,-,0.4,-,-,-,-,53.2,1.7,2.2,46.6,2.7,0.2,-,0.2,-,-,-,-,-,-,-
345,Ollie Scarles,West Ham United,EPL,19 years old (12-12-2005),"1,80m",England,Defender,Left-Back,left,6(7),583.0,-,-,1,-,81,0.4,-,6.38,"Jun 30, 2028",€4.00m,0.2,-,-,-,-,0.2,0.2,-,0.1,0.5,0.4,0.1,0.8,0.2,0.8,0.4,0.4,1.3,0.5,1.8,0.8,0.2,0.3,0.1,1.4,0.2,0.4,0.9,-,-,-,-,22.3,0.5,2.1,17.5,2.2,0.1,-,0.1,-,-,-,-,-,-,-
346,Taylor Harwood-Bellis,Southampton FC,EPL,23 years old (30-01-2002),"1,88m",England,"Defender (Centre, Right)",Centre-Back,right,27(2),2392.0,1,-,8,-,88.7,1.7,-,6.38,"Jun 30, 2028",€25.00m,0.7,-,-,-,-,0.7,0.1,0.1,0.4,0.1,-,0.1,0.4,0.2,2.8,1.7,1.2,0.9,0.4,1.3,1,0.4,1,-,4,1.2,-,0.7,-,-,-,-,64.2,3,2.9,54,4.3,0.4,-,0.4,-,-,-,-,-,-,-
347,Pablo Sarabia,Wolverhampton Wanderers,EPL,32 years old (11-05-1992),"1,74m",Spain,"Defender (Left), Midfielder (Centre, Left, Right), Forward",Right Winger,left,7(12),657.0,2,2,2,-,77.2,0.3,1,6.38,"Jun 30, 2025",€7.00m,0.8,0.1,-,-,0.1,0.8,0.3,-,0.5,0.6,0.3,0.3,0.8,0.6,0.6,0.3,0.4,0.7,0.2,0.9,0.2,0.7,0.7,0.3,0.3,-,-,0.4,-,-,-,-,15.2,0.8,0.5,10.9,2.9,0.7,0.3,0.4,0.1,-,-,0.1,-,-,0.1
348,Mads Roerslev,VfL Wolfsburg,EPL,25 years old (24-06-1999),184cm,Denmark,"Defender (Right), Midfielder (Right)",,,11(8),1097.0,-,2,2,-,82.1,0.5,-,6.38,,,0.3,-,-,-,-,0.3,0.1,-,0.2,1,0.6,0.4,0.5,0.3,1.3,0.5,0.7,0.9,0.9,1.8,0.2,0.5,0.3,-,1.6,0.3,0.2,0.4,-,-,-,-,23.3,0.8,1.2,18.3,3,0.7,0.1,0.7,0.1,-,-,-,-,-,0.1
349,Santiago Bueno,Wolverhampton Wanderers,EPL,26 years old (09-11-1998),"1,90m",Uruguay,Defender (Centre),Centre-Back,right,17(8),1579.0,-,-,2,-,88,1.4,-,6.37,"Jun 30, 2028",€8.00m,0.2,-,-,-,-,0.2,-,-,0.2,0.1,0.1,-,0.1,0.1,2.6,1.4,1.3,1.3,0.2,1.5,0.6,0.2,1,-,2.4,0.7,-,0.6,-,-,-,-,31.8,1.1,1.7,26.8,2.1,-,-,-,-,-,-,-,-,-,-
350,Séamus Coleman,Everton FC,EPL,36 years old (11-10-1988),"1,77m",Ireland,"Defender (Centre, Right), Midfielder (Right)",Right-Back,right,2(1),197.0,-,-,1,-,71.9,0.3,-,6.37,"Jun 30, 2025",€500k,0.3,-,-,-,-,0.3,-,-,0.3,1.7,0.3,1.3,0.3,0.3,0.7,0.3,0.3,0.7,0.3,1,0.3,0.3,-,-,2,1,0.3,0.7,-,-,-,-,19,2,2.3,11.7,3,-,-,-,-,-,-,-,-,-,-
351,David Brooks,AFC Bournemouth,EPL,27 years old (08-07-1997),"1,73m",Wales,"Attacking Midfielder (Centre, Right)",Right Winger,left,8(16),787.0,2,-,3,-,79.9,0.3,-,6.37,"Jun 30, 2026",€12.00m,0.9,0.1,-,-,0.1,0.9,0.3,-,0.5,1.3,0.9,0.3,1.1,0.4,0.6,0.3,0.4,0.5,0.5,1,0.2,0.6,0.3,-,0.3,0.1,-,0.6,-,-,-,-,10.8,0.3,0.1,8.3,2.1,0.6,0.2,0.5,-,-,-,-,-,-,-
352,Jack Clarke,Ipswich Town,EPL,24 years old (23-11-2000),"1,81m",England,"Midfielder (Left, Right)",Left Winger,right,9(17),952.0,-,4,2,-,79.1,0.2,-,6.37,"Jun 30, 2029",€15.00m,0.5,-,-,-,-,0.5,0.2,-,0.3,1.4,0.6,0.8,0.7,0.6,0.8,0.2,0.5,1,0.6,1.6,0.2,0.7,0.5,0.1,0.7,-,0.2,0.2,-,-,-,-,11.6,0.3,0.4,8.8,2,0.8,-,0.8,0.2,-,-,-,-,-,0.1
353,Julio Enciso,Ipswich Town,EPL,21 years old (23-01-2004),"1,73m",Paraguay,"Attacking Midfielder (Centre, Left)",Attacking Midfield,right,2(10),288.0,-,-,-,-,73.8,0.5,-,6.37,"Jun 30, 2025",€22.00m,1.7,-,-,-,-,1.7,1.1,-,0.6,1.8,0.9,0.8,0.6,0.8,0.9,0.5,0.4,-,0.2,0.2,-,0.6,0.3,-,0.1,-,-,0.2,-,-,-,-,10.8,0.1,0.3,7.9,2.6,0.4,-,0.4,-,-,-,-,-,-,-
354,Caleb Okoli,Leicester City,EPL,23 years old (13-07-2001),"1,91m",Nigeria,Defender (Centre),Centre-Back,right,12(6),1125.0,1,-,4,-,86.6,1.3,-,6.36,"Jun 30, 2029",€12.00m,0.2,0.1,-,0.1,-,0.2,0.1,0.1,0.1,-,-,-,0.6,0.1,2.5,1.3,1.2,1.4,0.4,1.8,0.8,0.5,0.9,-,4.2,0.8,0.2,0.6,-,-,-,-,35.6,1.1,1.8,29.7,3,-,-,-,-,-,-,-,-,-,-
355,Nathan Broadhead,Ipswich Town,EPL,27 years old (05-04-1998),"1,78m",Wales,"Attacking Midfielder (Centre, Left, Right), Forward",Left Winger,right,6(10),600.0,1,-,1,-,80,0.1,-,6.36,"Jun 30, 2026",€5.00m,0.6,0.1,-,-,0.1,0.6,0.2,-,0.4,2,1,1,1.1,0.7,0.6,0.1,0.6,0.4,0.4,0.8,0.3,0.8,0.3,0.1,0.3,0.1,-,0.3,-,-,-,-,11.6,0.2,0.3,9.1,2.1,0.4,0.1,0.3,-,-,-,-,-,-,-
356,Carlos Vinícius,Fulham FC,EPL,30 years old (25-03-1995),"1,90m",Brazil,Forward,Centre-Forward,left,0(1),3.0,-,-,-,-,-,-,-,6.36,"Jun 30, 2025",€4.00m,1,-,-,-,-,1,-,-,1,1,-,1,-,-,-,-,-,-,-,-,-,-,-,-,-,-,-,-,-,-,-,-,1,-,-,-,1,-,-,-,-,-,-,-,-,-,-
357,Michail Antonio,West Ham United,EPL,35 years old (28-03-1990),"1,80m",Jamaica,"Defender (Right), Midfielder (Centre, Left, Right), Forward",Centre-Forward,right,11(3),845.0,1,1,1,-,70.8,1.2,-,6.36,"Jun 30, 2025",€1.00m,1.4,0.1,-,-,0.1,1.4,0.3,0.4,0.6,1.9,1.3,0.6,2.5,1.4,2.8,1.2,1.6,0.1,0.1,0.2,-,0.5,0.9,0.3,0.1,-,-,0.4,-,-,-,-,11,1.2,0.4,6.6,2.9,0.6,0.1,0.5,0.1,-,-,-,-,-,0.1
358,Christian Walton,Ipswich Town,EPL,29 years old (09-11-1995),"1,95m",England,Goalkeeper,Goalkeeper,left,6,540.0,-,-,-,-,62.8,0.3,-,6.36,"Jun 30, 2026",€1.50m,-,-,-,-,-,-,-,-,-,-,-,-,-,-,0.3,0.3,-,-,0.2,0.2,-,0.2,-,-,0.5,-,-,-,2.8,0.2,2,0.7,33.2,6.8,12,14,0.3,0.2,0.2,-,-,-,-,-,-,-,-
359,Igor Thiago,Brentford FC,EPL,23 years old (26-06-2001),"1,91m",,Forward,Centre-Forward,right,1(3),130.0,-,-,-,-,73.7,1,-,6.36,"Jun 30, 2029",€22.00m,0.3,-,-,-,-,0.3,-,-,0.3,0.8,0.3,0.5,1.3,0.3,2,1,1,0.5,0.3,0.8,0.5,0.8,0.8,0.3,0.5,-,-,-,-,-,-,-,9.5,0.5,-,6.5,2.5,0.5,-,0.5,-,-,-,-,-,-,-
360,Josh King,Fulham FC,EPL,18 years old (03-01-2007),"1,73m",England,Midfielder,Central Midfield,right,1(4),79.0,-,-,-,-,88.9,-,-,6.36,-,€1.00m,0.2,-,-,-,-,0.2,-,0.2,-,1.4,0.6,0.8,0.2,0.6,-,-,-,1,0.4,1.4,0.2,0.4,0.4,-,0.2,-,-,0.4,-,-,-,-,7.2,-,-,6.4,0.8,0.6,-,0.6,-,-,-,-,-,-,-
361,Adam Smith,AFC Bournemouth,EPL,33 years old (29-04-1991),"1,74m",England,"Defender (Left, Right), Midfielder (Left, Right)",Right-Back,right,15(5),1244.0,-,-,5,-,77.5,0.6,-,6.35,"Jun 30, 2026",€1.00m,0.1,-,-,-,-,0.1,-,-,0.1,0.7,0.4,0.3,0.5,0.3,1.2,0.6,0.6,1,0.6,1.6,0.7,0.5,0.7,-,1.7,0.2,0.6,0.4,-,-,-,-,18.8,0.8,2.1,13.9,2.2,0.3,-,0.3,-,-,-,-,-,-,-
362,Conor Bradley,Liverpool FC,EPL,21 years old (09-07-2003),"1,81m",N. Ireland,"Defender (Right), Midfielder (Right)",Right-Back,right,3(11),456.0,-,1,2,-,85,0.5,-,6.35,"Jun 30, 2027",€25.00m,0.6,-,-,-,-,0.6,0.1,0.1,0.4,0.6,0.4,0.2,0.6,0.1,0.9,0.5,0.4,0.8,0.6,1.4,0.2,0.5,0.5,-,1.1,-,0.3,0.2,-,-,-,-,22.9,0.2,1.2,19.3,2.2,0.2,-,0.2,0.1,-,-,-,-,-,0.1
363,Harry Amass,Manchester United,EPL,18 years old (16-03-2007),181cm,England,Defender,,,1(1),76.0,-,-,-,-,87.5,1,-,6.35,,,0.5,-,-,-,-,0.5,0.5,-,-,1,0.5,0.5,1.5,2,1,1,-,1,0.5,1.5,0.5,-,-,-,2,-,0.5,1,-,-,-,-,12,-,-,10.5,1.5,-,-,-,-,-,-,-,-,-,-
364,Patrick Dorgu,Manchester United,EPL,20 years old (26-10-2004),"1,85m",Denmark,"Defender (Left), Midfielder (Left, Right)",Left-Back,left,5(1),438.0,-,-,1,1,85.2,1.5,-,6.34,"Jun 30, 2030",€25.00m,1.3,-,-,-,-,1.3,0.2,-,1.2,0.8,0.5,0.3,1.3,1.2,2.2,1.5,0.7,2.3,0.5,2.8,0.2,2,1.3,0.5,1.8,-,0.3,1.3,-,-,-,-,35,0.5,0.2,29.3,5,1,-,1,-,-,-,-,-,-,-
365,Guido Rodríguez,West Ham United,EPL,31 years old (12-04-1994),"1,85m",Argentina,Defensive Midfielder (C),Defensive Midfield,right,14(6),1026.0,-,-,5,-,84.6,0.4,-,6.34,"Jun 30, 2027",€12.00m,0.4,-,-,-,-,0.4,0.4,-,0.1,0.2,0.1,0.1,0.1,0.3,0.8,0.4,0.4,1.5,0.8,2.3,0.6,0.6,0.8,0.1,1.2,0.5,0.2,0.6,-,-,-,-,24.7,1.1,1.1,19.8,2.8,0.2,0.1,0.1,-,-,-,-,-,-,-
366,Yehor Yarmoliuk,Brentford FC,EPL,21 years old (01-03-2004),"1,80m",,Defensive Midfielder (C),Attacking Midfield,right,9(16),957.0,-,-,4,-,87,0.3,-,6.34,"Jun 30, 2028",€12.00m,0.4,-,-,-,-,0.4,0.2,-,0.2,0.8,0.4,0.4,0.8,0.6,0.4,0.3,0.2,1.2,0.8,2.1,0.4,0.3,0.4,0.1,1,0.2,0.1,0.7,-,-,-,-,19.6,1.4,0.3,15.7,2.2,0.2,-,0.2,-,-,-,-,-,-,-
367,Harry Winks,Leicester City,EPL,29 years old (02-02-1996),"1,78m",England,Defensive Midfielder (C),Defensive Midfield,right,17(5),1541.0,-,2,4,-,88.9,0.4,-,6.33,"Jun 30, 2026",€10.00m,0.5,-,-,-,-,0.5,0.5,-,-,0.5,0.4,0.1,0.6,0.4,0.6,0.4,0.3,1.1,0.8,1.9,0.4,0.6,0.4,-,0.8,0.3,0.1,0.5,-,-,-,-,45.6,0.9,0.8,39.6,4.3,0.8,0.3,0.5,0.1,-,-,-,-,-,-
368,Simon Adingra,Brighton & Hove Albion,EPL,23 years old (01-01-2002),"1,75m",Ivory Coast,"Midfielder (Left, Right), Forward",Left Winger,right,8(15),817.0,2,1,-,-,81.1,0.2,-,6.33,"Jun 30, 2026",€30.00m,1,0.1,-,-,0.1,1,0.3,0.1,0.7,1.8,1.1,0.7,1.3,0.4,0.3,0.2,0.1,0.7,0.5,1.2,0.3,0.1,0.4,0.1,0.2,-,-,0.4,-,-,-,-,10.8,0.2,0.3,8.6,1.7,0.5,-,0.5,-,-,-,-,-,-,-
369,Radu Dragusin,Tottenham Hotspur,EPL,23 years old (03-02-2002),191cm,Romania,Defender (Centre),,,14(2),1254.0,-,-,1,-,85.2,2.1,-,6.33,,,0.3,-,-,-,-,0.3,-,-,0.3,0.1,0.1,-,0.5,0.1,3.6,2.1,1.4,0.6,0.4,1,0.9,0.6,0.4,-,2.9,1,0.2,0.4,-,-,-,-,52.3,1.6,3.9,42.9,3.9,0.3,0.1,0.1,-,-,-,-,-,-,-
370,Morato,Nottingham Forest,EPL,23 years old (30-06-2001),"1,92m",,"Defender (Centre, Left)",Centre-Back,left,5(17),744.0,-,-,2,-,74.8,0.2,-,6.33,"Jun 30, 2029",€15.00m,0.1,-,-,-,-,0.1,-,-,0.1,-,-,-,0.3,0.1,0.8,0.2,0.6,1,0.3,1.3,0.4,0.1,0.4,-,2.9,0.2,0.1,0.3,-,-,-,-,10.6,0.5,1.1,7.5,1.5,-,-,-,-,-,-,-,-,-,-
371,Willy-Arnaud Boly,Nottingham Forest,EPL,34 years old (03-02-1991),"1,95m",Ivory Coast,Defender (Centre),Centre-Back,right,1(5),147.0,-,-,1,-,78.6,1,-,6.33,"Jun 30, 2025",€2.00m,0.2,-,-,-,-,0.2,-,-,0.2,-,-,-,0.2,-,1.3,1,0.3,1,-,1,0.5,-,0.2,-,2,0.3,-,0.3,-,-,-,-,11.7,0.8,1.5,8.3,1,-,-,-,-,-,-,-,-,-,-
372,Luke Thomas,Leicester City,EPL,23 years old (10-06-2001),"1,81m",England,"Defender (Left), Midfielder (Left)",Left-Back,left,7(1),604.0,-,-,1,-,84.2,0.9,-,6.33,"Jun 30, 2026",€6.00m,0.4,-,-,-,-,0.4,0.3,0.1,-,0.6,0.4,0.3,0.9,0.1,2.3,0.9,1.4,2.4,0.9,3.3,1,0.5,0.4,-,2.9,0.5,0.3,0.6,-,-,-,-,38.8,0.8,1.6,31.9,4.5,0.5,0.1,0.4,-,-,-,-,-,-,-
373,Igor Julio,Brighton & Hove Albion,EPL,27 years old (07-02-1998),185cm,,"Defender (Centre, Left), Midfielder (Left)",,,9(3),901.0,-,-,4,-,92.7,0.7,-,6.33,,,0.1,-,-,-,-,0.1,-,-,0.1,0.3,0.1,0.3,0.1,-,1.2,0.7,0.5,0.3,0.5,0.8,0.3,0.5,0.8,-,3.2,1.2,0.1,0.8,-,-,-,-,55.8,2.2,1.5,49.5,2.6,0.1,-,0.1,-,-,-,-,-,-,-
374,Filip Jørgensen,Chelsea FC,EPL,23 years old (16-04-2002),"1,92m",Denmark,Goalkeeper,Goalkeeper,right,6,540.0,-,-,-,-,82.4,0.2,-,6.33,"Jun 30, 2031",€20.00m,-,-,-,-,-,-,-,-,-,-,-,-,-,-,0.2,0.2,-,-,-,-,-,0.2,0.2,-,-,-,-,-,3.2,0.7,2.3,0.2,28.3,1.7,5,21.7,-,-,-,-,-,-,-,-,-,-,-
375,Welington,Southampton FC,EPL,24 years old (19-02-2001),"1,70m",Brazil,"Defender (Left), Midfielder (Left)",Left-Back,left,3(3),209.0,-,-,1,-,79.3,-,-,6.33,-,€3.50m,0.2,-,-,-,-,0.2,0.2,-,-,0.7,0.2,0.5,1,-,0.3,-,0.3,2,0.7,2.7,0.5,0.8,0.5,-,2,0.2,-,0.3,-,-,-,-,9.7,0.2,0.3,7.5,1.7,0.3,-,0.3,-,-,-,-,-,-,-
376,Lesley Ugochukwu,Southampton FC,EPL,21 years old (26-03-2004),"1,90m",France,Defensive Midfielder (C),Defensive Midfield,right,13(8),1276.0,-,1,5,-,85.5,0.7,-,6.33,"May 31, 2025",€20.00m,0.4,-,-,-,-,0.4,0.2,-,0.2,1.1,0.3,0.8,0.4,0.4,1.3,0.7,0.6,2,0.7,2.8,0.5,0.6,1.2,-,0.7,0.3,-,0.8,-,-,-,-,26.3,0.4,0.6,22.1,3.2,0.6,-,0.6,-,-,-,-,-,-,-
377,Tyrique George,Chelsea FC,EPL,19 years old (04-02-2006),"1,81m",England,Forward,Left Winger,right,0(5),84.0,-,1,1,-,87.2,-,-,6.32,"Jun 30, 2027",€3.50m,0.4,-,-,-,-,0.4,-,-,0.4,0.8,0.2,0.6,0.2,-,0.6,-,0.6,0.4,0.2,0.6,0.2,-,0.4,0.2,-,-,-,-,-,-,-,-,7.8,-,0.4,6.8,0.6,1,-,1,0.2,-,-,-,-,-,0.2
378,Antony,Real Betis Balompié,EPL,25 years old (24-02-2000),174cm,Brazil,Attacking Midfielder (Right),,,0(8),135.0,-,-,-,-,81.4,-,-,6.32,,,0.8,-,-,-,-,0.8,0.4,0.1,0.3,1.4,0.9,0.5,0.6,0.1,0.1,-,0.1,0.8,0.4,1.1,0.3,0.6,0.3,-,-,-,-,0.3,-,-,-,-,7.4,-,-,6,1.4,0.4,-,0.4,-,-,-,-,-,-,-
379,Ben Chilwell,Crystal Palace,EPL,28 years old (21-12-1996),"1,80m",England,"Defender (Left), Midfielder (Left)",Left-Back,left,0(6),136.0,-,-,1,-,64.9,0.5,-,6.32,"May 31, 2025",€18.00m,0.3,-,-,-,-,0.3,0.3,-,-,0.8,0.5,0.3,0.3,0.3,1,0.5,0.5,0.7,0.5,1.2,0.7,0.3,0.3,0.3,1.3,0.2,0.5,0.3,-,-,-,-,9.5,0.2,1.5,6,1.8,0.3,0.2,0.2,-,-,-,-,-,-,-
380,Leny Yoro,Manchester United,EPL,19 years old (13-11-2005),"1,90m",France,Defender (Centre),Centre-Back,right,10(7),966.0,-,-,5,-,92.6,0.6,-,6.32,"Jun 30, 2029",€55.00m,0.3,-,-,-,-,0.3,-,0.1,0.2,0.2,0.1,0.1,0.1,0.1,1.4,0.6,0.8,1.4,0.4,1.7,1,0.1,0.5,0.1,2.1,0.2,-,0.1,-,-,-,-,37.4,1.1,0.9,33.5,1.8,-,-,-,-,-,-,-,-,-,-
381,James McAtee,Manchester City,EPL,22 years old (18-10-2002),"1,80m",England,"Attacking Midfielder (Centre, Right)",Attacking Midfield,left,1(11),217.0,3,-,1,-,83.1,0.1,-,6.32,"Jun 30, 2026",€18.00m,0.9,0.3,-,0.1,0.2,0.9,0.2,0.2,0.6,0.5,0.3,0.2,0.3,0.1,0.3,0.1,0.3,0.3,0.3,0.7,0.1,0.1,0.4,-,0.1,-,-,0.3,-,-,-,-,6.9,-,-,5.8,1.2,0.2,-,0.2,-,-,-,-,-,-,-
382,Tim Iroegbunam,Everton FC,EPL,21 years old (30-06-2003),"1,83m",England,Midfielder (Centre),Central Midfield,right,5(10),547.0,-,1,3,-,73.9,0.5,-,6.32,"Jun 30, 2027",€10.00m,0.3,-,-,-,-,0.3,0.3,-,0.1,1.3,0.7,0.5,0.7,1.2,0.7,0.5,0.2,1.7,0.5,2.2,0.9,0.7,0.9,-,0.7,0.3,0.1,0.8,-,-,-,-,9.5,0.5,0.3,6.5,2.2,0.2,-,0.2,0.1,-,-,-,-,-,0.1
383,Luke Shaw,Manchester United,EPL,29 years old (12-07-1995),"1,78m",England,"Defender (Centre, Left), Midfielder (Left)",Left-Back,left,0(3),80.0,-,-,-,-,87.8,-,-,6.32,"Jun 30, 2027",€16.00m,-,-,-,-,-,-,-,-,-,-,-,-,0.3,-,-,-,-,0.7,-,0.7,0.3,-,0.3,-,0.3,-,-,0.3,-,-,-,-,38.3,1.3,1,32.3,3.7,0.7,-,0.7,-,-,-,-,-,-,-
384,Pedro Lima,Wolverhampton Wanderers,EPL,18 years old (01-07-2006),"1,74m",,Defender,Right-Back,right,1(2),70.0,-,-,-,-,76.9,-,-,6.32,"Jun 30, 2029",€5.00m,0.3,-,-,-,-,0.3,0.3,-,-,1,0.7,0.3,0.3,-,1,-,1,0.3,0.7,1,0.7,0.3,0.3,0.3,1.3,-,0.3,-,-,-,-,-,8.7,-,-,6.7,2,0.7,-,0.7,-,-,-,-,-,-,-
385,Joshua Zirkzee,Manchester United,EPL,23 years old (22-05-2001),"1,93m",Netherlands,"Attacking Midfielder (Centre), Forward",Centre-Forward,right,14(18),1395.0,3,1,2,-,72.1,0.7,-,6.32,"Jun 30, 2029",€35.00m,0.9,0.1,-,-,0.1,0.9,0.1,0.1,0.6,1.1,0.8,0.3,1.3,0.9,2.4,0.7,1.7,0.4,0.2,0.6,0.2,0.4,0.3,0.1,0.3,0.1,-,0.3,-,-,-,-,12.7,0.2,0.2,8.9,3.4,0.4,-,0.4,-,-,-,-,-,-,-
386,Max Aarons,Valencia CF,EPL,25 years old (04-01-2000),178cm,England,Defender (Right),,,1(2),86.0,-,-,-,-,80.4,-,-,6.32,,,-,-,-,-,-,-,-,-,-,0.7,0.7,-,0.3,-,-,-,-,0.7,-,0.7,0.3,0.7,-,-,-,0.3,-,0.7,-,-,-,-,17,1,0.7,12.7,2.7,-,-,-,-,-,-,-,-,-,-
387,Mats Wieffer,Brighton & Hove Albion,EPL,25 years old (16-11-1999),"1,88m",Netherlands,Defensive Midfielder (C),Defensive Midfield,right,4(15),505.0,1,2,4,-,86.9,1.1,1,6.32,"Jun 30, 2029",€27.00m,0.3,0.1,-,-,0.1,0.3,0.1,0.1,0.2,0.5,0.3,0.2,0.5,0.4,1.8,1.1,0.7,1.3,0.4,1.7,0.4,0.3,0.8,-,0.7,0.1,-,0.5,-,-,-,-,20.5,0.7,0.3,17.1,2.4,0.5,0.1,0.4,0.1,-,-,-,-,-,0.1
388,Sam Szmodics,Ipswich Town,EPL,29 years old (24-09-1995),"1,68m",England,"Attacking Midfielder (Centre, Left), Forward",Attacking Midfield,right,13(6),988.0,4,-,2,-,76.8,0.3,-,6.32,"Jun 30, 2028",€12.00m,1.1,0.2,0.1,-,0.2,1.1,0.2,0.2,0.8,0.6,0.4,0.2,1.3,0.9,0.9,0.3,0.6,0.8,0.9,1.7,0.3,0.4,0.5,0.4,0.6,0.1,0.1,0.4,-,-,-,-,9.5,0.6,0.5,6.7,1.7,0.2,0.1,0.2,-,-,-,-,-,-,-
389,Issa Diop,Fulham FC,EPL,28 years old (09-01-1997),"1,94m",France,Defender (Centre),Centre-Back,right,15(6),1336.0,-,-,2,-,87.5,1,-,6.32,"Jun 30, 2027",€16.00m,0.2,-,-,-,-,0.2,-,0.1,0.1,0.1,-,-,0.4,0.1,1.6,1,0.6,1.2,0.2,1.5,0.4,0.2,0.5,-,3.3,0.3,0.1,0.1,-,-,-,-,36,1.9,2.2,29.6,2.3,0.1,-,0.1,-,-,-,-,-,-,-
390,Jakub Kiwior,Arsenal FC,EPL,25 years old (15-02-2000),"1,89m",Poland,"Defender (Centre, Left), Defensive Midfielder (C)",Centre-Back,left,4(7),577.0,-,-,-,-,89.2,0.6,-,6.31,"Jun 30, 2028",€22.00m,0.2,-,-,-,-,0.2,0.1,-,0.1,0.3,0.1,0.2,0.1,0.1,1.2,0.6,0.5,0.9,0.3,1.2,0.2,0.1,0.5,-,2.3,0.3,-,0.3,-,-,-,-,31.3,1.3,1.1,26.6,2.3,0.3,0.2,0.1,-,-,-,-,-,-,-
391,Boubakary Soumaré,Leicester City,EPL,26 years old (27-02-1999),"1,88m",France,Defensive Midfielder (C),Defensive Midfield,right,21(4),1819.0,-,-,8,-,87.5,0.7,-,6.31,"Jun 30, 2026",€14.00m,0.3,-,-,-,-,0.3,0.2,-,-,1.7,0.6,1,0.8,0.8,1,0.7,0.3,1.3,0.5,1.8,1,0.7,0.8,-,0.9,0.2,-,0.4,-,-,-,-,42.2,1,0.8,36,4.5,0.4,-,0.4,-,-,-,-,-,-,-
392,Lamare Bogarde,Aston Villa,EPL,21 years old (05-01-2004),"1,85m",Netherlands,Defensive Midfielder (C),Defensive Midfield,right,5(3),476.0,-,-,2,-,88.1,0.8,-,6.31,-,€5.00m,0.1,-,-,-,-,0.1,0.1,-,-,0.5,0.3,0.3,0.8,1,1.5,0.8,0.8,1.8,0.8,2.5,0.1,1.4,1,-,1.5,0.4,0.1,0.3,-,-,-,-,31.6,0.4,0.8,27.5,3,0.3,-,0.3,-,-,-,-,-,-,-
393,Kieran Tierney,Arsenal FC,EPL,27 years old (05-06-1997),"1,80m",Scotland,"Defender (Centre, Left), Midfielder (Left)",Left-Back,left,1(7),155.0,-,-,-,-,89.4,0.5,-,6.3,"Jun 30, 2025",€10.00m,0.1,-,-,-,-,0.1,-,0.1,-,0.4,0.3,0.1,0.1,-,1,0.5,0.5,0.5,0.3,0.8,0.3,0.3,-,0.3,0.5,-,-,-,-,-,-,-,8.3,0.1,0.1,7.3,0.8,0.8,0.1,0.6,-,-,-,-,-,-,-
394,Chiedozie Ogbene,Ipswich Town,EPL,27 years old (01-05-1997),"1,81m",Ireland,"Midfielder (Centre, Left, Right), Forward",Right Winger,right,3(2),240.0,-,-,-,-,79.5,0.2,-,6.3,"Jun 30, 2028",€8.00m,-,-,-,-,-,-,-,-,-,1.4,1.2,0.2,0.8,0.4,1.4,0.2,1.2,1.4,0.4,1.8,0.2,1.4,0.4,0.2,0.6,-,-,0.2,-,-,-,-,7.8,-,0.2,6.2,1.4,0.4,-,0.4,-,-,-,-,-,-,-
395,Danny Ings,West Ham United,EPL,32 years old (23-07-1992),"1,77m",England,"Attacking Midfielder (Centre), Forward",Centre-Forward,right,1(14),274.0,1,2,-,-,71.6,0.5,-,6.29,"Jun 30, 2025",€7.00m,0.9,0.1,-,-,0.1,0.9,0.1,0.1,0.7,0.5,0.2,0.3,0.4,0.4,1.2,0.5,0.7,0.3,0.1,0.4,0.1,0.1,-,-,0.3,-,-,0.3,-,-,-,-,5.9,0.1,0.1,4.1,1.5,0.4,-,0.4,0.1,-,-,-,-,-,0.1
396,Timo Werner,Tottenham Hotspur,EPL,29 years old (06-03-1996),"1,80m",Germany,"Attacking Midfielder (Centre, Left, Right), Forward",Left Winger,right,4(14),508.0,-,3,-,-,74.2,-,-,6.29,"Jun 30, 2025",€10.00m,0.4,-,-,-,-,0.4,0.2,-,0.3,1.1,0.5,0.6,0.8,0.3,0.1,-,0.1,0.3,0.6,0.9,0.1,0.3,0.2,0.3,0.3,0.1,0.1,0.5,-,-,-,-,11,0.1,0.3,8.1,2.5,0.6,-,0.6,0.2,-,-,-,-,-,0.2
397,Axel Tuanzebe,Ipswich Town,EPL,27 years old (14-11-1997),"1,85m",England,"Defender (Centre, Right)",Right-Back,right,16(1),1361.0,-,1,3,1,85.8,0.8,-,6.29,"Jun 30, 2025",€5.00m,0.2,-,-,-,-,0.2,0.1,-,0.2,0.6,0.4,0.2,0.6,0.1,1.7,0.8,0.9,1.6,0.5,2.1,1.2,0.6,0.7,-,2.7,0.4,0.1,0.4,-,-,-,-,29.9,0.6,0.9,25,3.3,0.2,-,0.2,0.1,-,-,-,-,-,0.1
398,Daichi Kamada,Crystal Palace,EPL,28 years old (05-08-1996),"1,80m",Japan,"Attacking Midfielder (Centre, Left, Right), Forward",Attacking Midfield,right,12(16),1225.0,-,-,3,1,81.7,0.1,-,6.29,"Jun 30, 2026",€15.00m,0.6,-,-,-,-,0.6,0.3,-,0.3,0.5,0.3,0.1,0.5,0.6,0.5,0.1,0.4,1.4,0.9,2.3,0.5,0.6,0.9,0.1,0.4,0.1,-,0.5,-,-,-,-,20.5,0.6,0.5,16.1,3.2,0.6,0.1,0.5,-,-,-,-,-,-,-
399,Raheem Sterling,Arsenal FC,EPL,30 years old (08-12-1994),"1,70m",England,"Midfielder (Centre, Left, Right), Forward",Right Winger,right,5(8),353.0,-,2,1,-,81.4,0.1,-,6.29,"May 31, 2025",€15.00m,0.8,-,-,-,-,0.8,0.2,-,0.5,1.7,1,0.7,0.8,1,0.3,0.1,0.2,0.5,0.2,0.7,0.1,0.2,0.8,0.2,0.2,-,-,0.2,-,-,-,-,10.8,0.1,0.1,8.7,1.9,0.5,-,0.5,0.2,-,-,-,-,-,0.2
400,Ramón Sosa,Nottingham Forest,EPL,25 years old (31-08-1999),"1,79m",Paraguay,"Attacking Midfielder (Left, Right)",Left Winger,right,1(15),253.0,1,-,1,-,72.4,0.3,-,6.29,"Jun 30, 2029",€13.00m,0.6,0.1,-,-,0.1,0.6,0.3,-,0.4,0.7,0.2,0.5,0.3,0.3,0.8,0.3,0.5,0.3,0.2,0.5,0.2,0.4,0.4,0.2,0.2,-,0.1,0.4,-,-,-,-,4.8,0.2,0.1,3.3,1.2,0.5,0.1,0.4,-,-,-,-,-,-,-
401,Dane Scarlett,Tottenham Hotspur,EPL,21 years old (24-03-2004),"1,80m",England,Forward,Centre-Forward,right,0(3),31.0,-,1,-,-,60,0.3,-,6.29,"Jun 30, 2027",€1.80m,0.3,-,-,-,-,0.3,-,-,0.3,-,-,-,-,0.3,0.3,0.3,-,0.3,-,0.3,-,0.3,-,0.3,0.3,-,-,-,-,-,-,-,1.7,-,0.3,1,0.3,0.3,-,0.3,0.3,-,-,-,-,-,0.3
402,Carlos Soler,West Ham United,EPL,28 years old (02-01-1997),"1,80m",Spain,"Midfielder (Centre, Left, Right)",Central Midfield,right,13(14),1259.0,1,1,5,-,88,0.4,-,6.29,"Jun 30, 2025",€20.00m,0.9,-,-,-,-,0.9,0.4,-,0.4,0.7,0.4,0.3,0.4,0.5,0.8,0.4,0.4,0.4,0.6,1,0.3,0.6,0.9,-,0.6,0.1,0.1,0.5,-,-,-,-,19.8,0.6,0.7,16.9,1.7,0.5,-,0.5,-,-,-,-,-,-,-
403,Charlie Taylor,Southampton FC,EPL,31 years old (18-09-1993),"1,83m",England,"Defender (Centre, Left), Midfielder (Left)",Left-Back,left,2(5),263.0,-,-,1,-,92.5,0.6,-,6.29,"Jun 30, 2026",€2.80m,-,-,-,-,-,-,-,-,-,0.3,-,0.3,0.1,0.1,0.9,0.6,0.3,1,0.1,1.1,0.4,0.3,0.3,-,3,0.4,0.1,0.3,-,-,-,-,20.9,0.7,0.3,18.6,1.3,0.1,-,0.1,-,-,-,-,-,-,-
404,Youssef Chermiti,Everton FC,EPL,20 years old (24-05-2004),"1,92m",Portugal,Forward,Centre-Forward,right,0(2),15.0,-,-,1,-,40,0.5,-,6.29,"Jun 30, 2027",€9.00m,1,-,-,-,-,1,-,-,1,0.5,-,0.5,-,-,1,0.5,0.5,-,-,-,-,-,0.5,-,-,-,-,-,-,-,-,-,2.5,0.5,-,0.5,1.5,-,-,-,-,-,-,-,-,-,-
405,Flynn Downes,Southampton FC,EPL,26 years old (20-01-1999),"1,78m",England,"Defender (Centre), Midfielder (Centre)",Defensive Midfield,right,19(2),1616.0,1,-,10,-,90.2,0.5,-,6.28,"Jun 30, 2028",€15.00m,0.4,-,-,-,-,0.4,0.2,-,0.2,0.6,0.4,0.2,0.6,0.8,1,0.5,0.5,1.9,0.9,2.8,1.3,1.4,2,-,1.6,0.2,-,0.8,-,-,-,-,41.1,0.8,1,36.3,3.1,0.6,-,0.6,-,-,-,-,-,-,-
406,Rodrigo Gomes,Wolverhampton Wanderers,EPL,21 years old (07-07-2003),"1,75m",Portugal,"Midfielder (Left, Right)",Right Midfield,right,6(13),609.0,1,-,-,-,68.9,0.3,-,6.28,"Jun 30, 2029",€15.00m,0.2,0.1,-,-,0.1,0.2,0.1,-,0.2,0.6,0.4,0.2,0.8,0.4,1.1,0.3,0.8,1,0.4,1.4,0.3,0.2,0.1,-,0.8,0.1,0.2,0.4,-,-,-,-,10.3,0.2,0.7,6.9,2.5,0.6,-,0.6,-,-,-,-,-,-,-
407,Michael Kayode,Brentford FC,EPL,20 years old (10-07-2004),"1,79m",,Defender (Right),Right-Back,right,0(6),58.0,-,-,-,-,79.2,0.2,-,6.28,"Jun 30, 2025",€18.00m,-,-,-,-,-,-,-,-,-,0.2,-,0.2,0.2,-,0.2,0.2,-,0.8,-,0.8,0.2,0.2,0.3,-,0.2,-,-,-,-,-,-,-,4,0.3,-,2.8,0.8,0.3,0.2,0.2,-,-,-,-,-,-,-
408,Eddie Nketiah,Crystal Palace,EPL,25 years old (30-05-1999),"1,75m",England,"Attacking Midfielder (Centre), Forward",Centre-Forward,right,7(16),779.0,1,1,3,1,75.4,0.7,-,6.28,"Jun 30, 2029",€22.00m,1.4,-,-,-,-,1.4,0.3,0.1,1,0.8,0.4,0.4,1.2,0.6,1.9,0.7,1.2,0.5,0.3,0.8,0.1,1,1,0.1,0.3,-,0.1,0.4,-,-,-,-,8.7,0.2,0.2,6.3,1.9,0.5,-,0.5,-,-,-,-,-,-,-
409,Vladimír Coufal,West Ham United,EPL,32 years old (22-08-1992),"1,74m",Czech Republic,"Defender (Centre, Right), Midfielder (Right)",Right-Back,right,8(8),768.0,-,-,3,-,80.9,1.1,-,6.27,"Jun 30, 2025",€7.00m,0.3,-,-,-,-,0.3,0.1,-,0.2,0.4,0.3,0.1,0.5,0.3,1.8,1.1,0.8,0.9,0.6,1.6,0.4,0.7,1.1,-,1.8,0.6,0.1,0.1,-,-,-,-,20,0.6,1.5,15.6,2.3,0.4,0.1,0.3,-,-,-,-,-,-,-
410,Jorge Cuenca,Fulham FC,EPL,25 years old (17-11-1999),"1,90m",Spain,"Defender (Centre, Left)",Centre-Back,left,3(3),259.0,-,-,-,-,84,1,-,6.27,"Jun 30, 2028",€6.00m,0.2,-,-,-,-,0.2,-,-,0.2,0.3,-,0.3,0.2,-,1.5,1,0.5,0.3,0.5,0.8,0.3,0.3,0.3,-,3.5,0.5,-,-,-,-,-,-,19.8,0.7,1.3,16,1.8,-,-,-,-,-,-,-,-,-,-
411,Matt Targett,Newcastle United,EPL,29 years old (18-09-1995),"1,83m",England,"Defender (Left), Midfielder (Left)",Left-Back,left,0(1),12.0,-,-,-,-,100,-,-,6.27,"Jun 30, 2026",€8.00m,-,-,-,-,-,-,-,-,-,-,-,-,-,-,-,-,-,-,1,1,1,-,-,-,-,-,1,-,-,-,-,-,7,-,-,7,-,-,-,-,-,-,-,-,-,-,-
412,Nathan Wood,Southampton FC,EPL,22 years old (31-05-2002),"1,88m",England,Defender (Centre),Centre-Back,right,7(2),625.0,-,-,2,-,93.8,1.2,-,6.27,"Jun 30, 2028",€3.80m,0.2,-,-,-,-,0.2,-,0.2,-,0.6,0.2,0.3,0.4,0.1,2.1,1.2,0.9,1.1,0.3,1.4,0.4,0.4,0.9,-,2.8,0.6,0.1,0.3,-,-,-,-,42.9,0.9,0.7,39.3,2,0.1,-,0.1,-,-,-,-,-,-,-
413,Alex McCarthy,Southampton FC,EPL,35 years old (03-12-1989),"1,93m",England,Goalkeeper,Goalkeeper,right,5,450.0,-,-,-,-,69.8,0.4,-,6.27,"Jun 30, 2026",€500k,-,-,-,-,-,-,-,-,-,-,-,-,-,-,0.4,0.4,-,-,-,-,-,0.2,-,-,0.6,-,-,-,4.8,-,3.4,1.4,25.2,5.2,6.4,12.4,1.2,-,-,-,-,-,-,-,-,-,-
414,Renato Veiga,Juventus FC,EPL,21 years old (29-07-2003),190cm,Portugal,"Defender (Centre, Left)",,,1(6),177.0,-,-,2,-,84.1,0.4,-,6.27,,,0.4,-,-,-,-,0.4,0.1,-,0.3,0.7,0.3,0.4,0.1,-,0.9,0.4,0.4,1.3,1.1,2.4,0.1,0.1,0.9,0.1,0.3,0.1,-,0.3,-,-,-,-,18.9,0.7,1.3,15.1,1.7,-,-,-,-,-,-,-,-,-,-
415,Kyle Walker,AC Milan,EPL,34 years old (28-05-1990),183cm,England,"Defender (Centre, Right), Midfielder (Right)",,,9(6),967.0,-,-,3,-,88.6,0.6,-,6.27,,,0.3,-,-,-,-,0.3,0.3,-,-,0.4,0.2,0.2,0.6,0.1,1.1,0.6,0.5,1.1,0.8,1.9,0.2,0.3,0.4,0.1,0.7,0.3,0.1,0.6,-,-,-,-,48.7,1.5,2.2,41.7,3.3,0.5,-,0.5,-,-,-,-,-,-,-
416,Cheick Doucouré,Crystal Palace,EPL,25 years old (08-01-2000),"1,80m",Mali,Defensive Midfielder (C),Defensive Midfield,right,4(9),447.0,-,-,1,-,85.7,0.4,-,6.27,"Jun 30, 2029",€30.00m,0.5,-,-,-,-,0.5,0.3,-,0.2,0.4,0.2,0.2,0.3,0.5,0.8,0.4,0.4,1.2,0.5,1.7,0.8,0.5,0.5,-,0.8,-,-,0.3,-,-,-,-,15.6,0.6,0.4,12.8,1.8,0.1,-,0.1,-,-,-,-,-,-,-
417,Harvey Elliott,Liverpool FC,EPL,22 years old (04-04-2003),"1,70m",England,"Attacking Midfielder (Centre, Right)",Central Midfield,left,0(12),156.0,-,1,-,-,84.6,0.1,-,6.27,"Jun 30, 2027",€35.00m,0.8,-,-,-,-,0.8,0.1,-,0.7,0.4,0.3,0.2,0.2,0.2,0.2,0.1,0.1,0.3,0.3,0.5,-,-,-,0.1,0.2,0.1,-,0.2,-,-,-,-,12.4,1.1,0.3,9.4,1.7,0.3,0.2,0.2,0.1,-,-,-,-,-,0.1
418,Samuel Edozie,Anderlecht,EPL,22 years old (28-01-2003),181cm,England,"Attacking Midfielder (Centre, Left, Right)",,,0(2),64.0,-,-,1,-,82.8,-,-,6.27,,,-,-,-,-,-,-,-,-,-,2,1,1,2,-,-,-,-,1.5,-,1.5,-,0.5,1,-,-,-,-,-,-,-,-,-,14.5,-,-,12,2.5,0.5,-,0.5,-,-,-,-,-,-,-
419,Hákon Valdimarsson,Brentford FC,EPL,23 years old (13-10-2001),"1,95m",Iceland,Goalkeeper,Goalkeeper,right,1(1),144.0,-,-,-,-,61.9,0.5,-,6.27,"Jun 30, 2028",€2.50m,-,-,-,-,-,-,-,-,-,-,-,-,-,-,0.5,0.5,-,-,-,-,-,-,-,-,1.5,-,-,-,1.5,-,-,1.5,31.5,9,12,10.5,-,-,-,-,-,-,-,-,-,-,-
420,Fábio Carvalho,Brentford FC,EPL,22 years old (30-08-2002),"1,70m",Portugal,"Attacking Midfielder (Centre, Left), Forward",Attacking Midfield,right,3(16),447.0,2,1,1,-,74.7,0.1,-,6.26,"Jun 30, 2029",€15.00m,0.6,0.1,-,0.1,0.1,0.6,0.2,0.2,0.3,0.7,0.6,0.1,0.7,0.4,0.4,0.1,0.3,0.7,0.4,1.1,0.2,0.5,0.3,0.1,0.1,0.1,-,0.3,-,-,-,-,8.7,0.3,0.3,6.3,1.9,0.2,-,0.2,0.1,-,-,-,-,-,0.1
421,Armel Bella-Kotchap,Southampton FC,EPL,23 years old (11-12-2001),"1,90m",Germany,Defender (Centre),Centre-Back,right,2(2),329.0,-,-,-,-,90.6,1.5,-,6.26,"Jun 30, 2026",€12.00m,0.3,-,-,-,-,0.3,-,-,0.3,0.3,0.3,-,0.3,-,2.8,1.5,1.3,1.8,0.8,2.5,1.3,0.5,0.8,-,5.3,0.5,-,-,-,-,-,-,55.8,1.8,2.8,48.8,2.5,-,-,-,-,-,-,-,-,-,-
422,Hamza Choudhury,Sheffield United,EPL,27 years old (01-10-1997),178cm,England,"Defender (Right), Defensive Midfielder (C)",,,1(3),130.0,-,-,-,-,89.5,-,-,6.26,,,-,-,-,-,-,-,-,-,-,1,0.3,0.8,0.3,-,-,-,-,0.3,0.5,0.8,1.3,-,0.3,-,0.5,0.5,-,0.5,-,-,-,-,19,0.3,0.5,16.8,1.5,0.5,-,0.5,-,-,-,-,-,-,-
423,Tom Cairney,Fulham FC,EPL,34 years old (20-01-1991),"1,85m",Scotland,"Midfielder (Centre, Right)",Central Midfield,left,2(18),458.0,1,-,3,1,92.8,0.2,-,6.26,"Jun 30, 2025",€2.00m,0.3,0.1,-,-,0.1,0.3,0.2,-,0.1,0.6,0.4,0.2,0.2,0.2,0.6,0.2,0.4,0.5,0.2,0.7,0.2,0.9,0.4,-,0.1,0.1,-,0.2,-,-,-,-,24.9,0.5,0.2,22.7,1.7,0.5,0.1,0.4,-,-,-,-,-,-,-
424,James Bree,Southampton FC,EPL,27 years old (11-12-1997),"1,78m",England,"Defender (Centre, Left, Right), Midfielder (Right)",Right-Back,right,11(3),892.0,-,1,-,-,87,0.9,-,6.26,"Jun 30, 2026",€2.50m,0.3,-,-,-,-,0.3,0.2,-,0.1,0.6,0.3,0.3,0.4,0.3,1.1,0.9,0.3,1.1,0.7,1.8,0.6,0.3,0.1,-,1.6,0.2,0.1,0.4,-,-,-,-,33.6,0.7,1.1,28.6,3.2,0.7,0.2,0.5,0.1,0.1,-,-,-,-,-
425,Sean Longstaff,Newcastle United,EPL,27 years old (30-10-1997),"1,87m",England,Defensive Midfielder (C),Central Midfield,right,8(16),787.0,-,-,2,-,86,0.4,-,6.26,"Jun 30, 2026",€22.00m,0.3,-,-,-,-,0.3,-,-,0.2,0.3,0.2,0.1,0.4,0.3,0.7,0.4,0.3,1.1,0.4,1.5,0.3,0.3,0.4,-,0.3,0.2,-,0.5,-,-,-,-,14.3,0.5,0.2,11.8,1.8,0.2,-,0.2,-,-,-,-,-,-,-
426,Craig Dawson,Wolverhampton Wanderers,EPL,34 years old (06-05-1990),"1,88m",England,"Defender (Centre, Right)",Centre-Back,right,10(5),969.0,-,-,2,-,86.7,1.4,-,6.26,"Jun 30, 2025",€2.00m,0.3,-,-,-,-,0.3,-,0.1,0.3,0.3,0.3,0.1,0.1,-,2.1,1.4,0.7,1,0.2,1.2,0.6,0.3,0.4,0.1,3.4,0.7,0.1,0.3,-,-,-,-,37.2,2.9,2.7,29.3,2.2,0.1,0.1,0.1,-,-,-,-,-,-,-
427,Lloyd Kelly,Juventus FC,EPL,26 years old (06-10-1998),178cm,England,"Defender (Centre, Left)",,,4(6),302.0,-,1,2,-,81.2,0.7,-,6.26,,,0.3,-,-,-,-,0.3,-,0.2,0.1,0.3,0.1,0.2,0.3,0.2,0.9,0.7,0.2,0.5,-,0.5,0.1,0.5,0.5,0.1,1.5,0.4,0.2,0.2,-,-,-,-,16.5,0.4,1.6,13,1.5,0.2,-,0.2,0.1,0.1,-,-,-,-,-
428,Victor Lindelöf,Manchester United,EPL,30 years old (17-07-1994),"1,87m",Sweden,"Defender (Centre, Left, Right)",Centre-Back,right,3(7),362.0,-,-,1,-,92.2,1,-,6.26,"Jun 30, 2025",€10.00m,-,-,-,-,-,-,-,-,-,-,-,-,0.1,-,2.1,1,1.1,0.5,0.1,0.6,0.5,-,0.7,-,2.8,0.1,-,0.2,-,-,-,-,14.1,0.1,0.2,12.9,0.9,0.3,-,0.3,-,-,-,-,-,-,-
429,Enes Ünal,AFC Bournemouth,EPL,27 years old (10-05-1997),"1,87m",Turkey,Forward,Centre-Forward,right,2(15),332.0,2,1,2,-,67,1.4,-,6.25,"Jun 30, 2028",€13.00m,1.2,0.1,0.1,0.1,-,1.2,0.3,0.2,0.7,0.7,0.6,0.1,1,0.8,2.8,1.4,1.4,0.1,0.2,0.2,-,0.5,0.4,0.1,0.4,-,-,0.1,-,-,-,-,5.5,-,0.1,3.7,1.8,0.2,-,0.2,0.1,-,-,-,-,-,0.1
430,Kiernan Dewsbury-Hall,Chelsea FC,EPL,26 years old (06-09-1998),"1,76m",England,Midfielder (Centre),Central Midfield,left,2(9),254.0,-,1,-,-,85.8,-,-,6.25,"Jun 30, 2029",€22.00m,0.1,-,-,-,-,0.1,-,-,0.1,0.4,0.2,0.2,0.1,0.3,0.1,-,0.1,0.7,0.2,0.9,0.1,0.5,0.4,-,0.5,-,0.2,0.2,-,-,-,-,13.5,0.4,0.3,11.2,1.6,0.3,-,0.3,0.1,-,-,-,-,-,0.1
431,Ricardo Pereira,Leicester City,EPL,31 years old (06-10-1993),"1,75m",Portugal,"Defender (Left, Right), Midfielder (Right)",Right-Back,right,2(4),213.0,-,-,1,-,83.3,0.2,-,6.25,"Jun 30, 2026",€5.00m,0.3,-,-,-,-,0.3,0.2,-,0.2,1.2,0.3,0.8,0.2,-,0.3,0.2,0.2,1,1,2,0.2,1,0.5,-,0.7,0.2,-,0.5,-,-,-,-,20,1.3,0.5,15.3,2.8,-,-,-,-,-,-,-,-,-,-
432,Joe Willock,Newcastle United,EPL,25 years old (20-08-1999),"1,86m",England,Midfielder (Centre),Central Midfield,right,9(18),863.0,-,2,2,-,85.8,0.1,-,6.25,"Jun 30, 2027",€28.00m,0.5,-,-,-,-,0.5,0.1,-,0.4,1.1,0.7,0.4,1.1,0.8,0.5,0.1,0.4,0.9,0.3,1.2,0.2,0.4,0.7,0.1,0.2,0.1,0.1,0.6,-,-,-,-,9.9,0.2,0.2,8.3,1.2,0.7,-,0.7,0.1,-,-,-,-,-,0.1
433,Conor Chaplin,Ipswich Town,EPL,28 years old (16-02-1997),"1,68m",England,"Attacking Midfielder (Centre, Left, Right), Forward",Second Striker,left,7(9),620.0,1,1,1,-,75.3,0.1,-,6.25,"Jun 30, 2026",€8.00m,0.8,0.1,-,-,0.1,0.8,0.3,-,0.4,0.4,0.2,0.2,0.6,0.2,0.7,0.1,0.6,0.8,0.4,1.2,0.2,0.3,0.6,-,0.1,0.1,-,0.4,-,-,-,-,13.9,0.3,0.4,10.2,3,0.4,-,0.4,0.1,-,-,0.1,-,-,-
434,Danilo,Nottingham Forest,EPL,23 years old (29-04-2001),"1,77m",,Midfielder (Centre),Defensive Midfield,left,4(2),211.0,-,-,-,-,83.1,0.2,-,6.25,"Jun 30, 2029",€28.00m,-,-,-,-,-,-,-,-,-,0.8,0.5,0.3,1,-,0.3,0.2,0.2,0.3,0.3,0.7,0.2,-,0.2,-,0.3,0.2,-,-,-,-,-,-,14.8,0.8,-,11.5,2.5,-,-,-,-,-,-,-,-,-,-
435,Oleksandr Zinchenko,Arsenal FC,EPL,28 years old (15-12-1996),"1,75m",Ukraine,"Defender (Left), Midfielder (Centre, Left, Right)",Left-Back,left,3(8),356.0,-,-,1,-,82.9,0.9,-,6.25,"Jun 30, 2026",€22.00m,0.4,-,-,-,-,0.4,-,-,0.4,0.3,0.1,0.2,0.2,0.2,1.7,0.9,0.8,0.2,0.3,0.5,0.3,0.2,0.7,0.1,0.5,-,-,0.5,-,-,-,-,21.8,0.6,0.7,17.5,3,0.1,-,0.1,-,-,-,-,-,-,-
436,Joachim Andersen,Fulham FC,EPL,28 years old (31-05-1996),"1,92m",Denmark,Defender (Centre),Centre-Back,right,1,90.0,-,-,1,-,74.4,2,-,6.25,"Jun 30, 2029",€32.00m,1,-,-,-,-,1,1,-,-,-,-,-,-,1,2,2,-,1,1,2,-,-,2,-,7,-,-,-,-,-,-,-,82,5,15,56,6,-,-,-,-,-,-,-,-,-,-
437,Oscar Bobb,Manchester City,EPL,21 years old (12-07-2003),"1,75m",Norway,Attacking Midfielder (Right),Right Winger,left,0(2),13.0,-,-,-,-,81.8,-,-,6.25,"Jun 30, 2029",€25.00m,-,-,-,-,-,-,-,-,-,1,-,1,-,-,-,-,-,-,-,-,-,0.5,-,-,-,-,-,-,-,-,-,-,5.5,-,-,4.5,1,0.5,-,0.5,-,-,-,-,-,-,-
438,Kasey McAteer,Leicester City,EPL,23 years old (22-11-2001),"1,77m",England,"Attacking Midfielder (Centre, Left, Right)",Right Winger,right,5(8),481.0,-,1,1,-,74.1,0.7,-,6.25,"Jun 30, 2028",€900k,0.6,-,-,-,-,0.6,0.1,-,0.5,1,0.9,0.1,0.7,0.5,1.8,0.7,1.1,0.8,0.9,1.8,0.2,1,1,0.2,0.8,0.1,0.1,0.7,-,-,-,-,11,0.2,0.2,8,2.6,0.5,0.1,0.4,0.1,-,-,-,-,-,0.1
439,George Hirst,Ipswich Town,EPL,26 years old (15-02-1999),"1,91m",England,Forward,Centre-Forward,right,2(18),358.0,2,1,1,-,56.1,1.3,-,6.25,"Jun 30, 2027",€5.00m,0.4,0.1,-,-,0.1,0.4,0.1,0.1,0.3,0.2,0.1,0.1,0.8,0.4,2,1.3,0.7,0.1,0.1,0.2,0.1,0.3,0.4,0.1,0.4,-,-,-,-,-,-,-,4.1,-,0.1,2.3,1.8,0.2,-,0.2,0.1,-,-,-,-,-,0.1
440,Solly March,Brighton & Hove Albion,EPL,30 years old (20-07-1994),"1,80m",England,"Midfielder (Centre, Left, Right)",Right Winger,left,0(6),75.0,-,-,2,-,64.5,0.2,-,6.24,"Jun 30, 2026",€8.00m,0.2,-,-,-,-,0.2,-,-,0.2,0.3,0.2,0.2,0.2,0.2,0.3,0.2,0.2,1,0.2,1.2,0.2,0.2,0.3,0.2,-,-,-,0.5,-,-,-,-,5.2,0.2,0.5,3.2,1.3,0.5,0.2,0.3,-,-,-,-,-,-,-
441,Jay Robinson,Southampton FC,EPL,18 years old (15-03-2007),176cm,England,Forward,,,0(1),1.0,-,-,-,-,100,-,-,6.24,,,-,-,-,-,-,-,-,-,-,2,1,1,-,-,-,-,-,1,-,1,-,-,-,-,-,-,-,-,-,-,-,-,4,-,-,4,-,1,-,1,-,-,-,-,-,-,-
442,Rico Henry,Brentford FC,EPL,27 years old (08-07-1997),"1,70m",England,"Defender (Left), Midfielder (Left)",Left-Back,left,0(1),3.0,-,-,-,-,33.3,1,-,6.24,"Jun 30, 2026",€17.00m,-,-,-,-,-,-,-,-,-,-,-,-,-,-,1,1,-,-,1,1,1,-,-,-,-,-,-,-,-,-,-,-,3,-,1,1,1,-,-,-,-,-,-,-,-,-,-
443,Rasmus Højlund,Manchester United,EPL,22 years old (04-02-2003),"1,91m",Denmark,Forward,Centre-Forward,left,18(9),1592.0,3,-,2,-,79.2,0.7,-,6.24,"Jun 30, 2028",€45.00m,0.9,0.1,-,-,0.1,0.9,0.1,0.1,0.7,1,0.7,0.3,2.1,1,3.5,0.7,2.8,0.1,0.1,0.3,-,0.9,0.5,0.3,0.2,-,-,0.1,-,-,-,-,9.4,-,-,7.5,2,0.5,-,0.4,-,-,-,-,-,-,-
444,Kalvin Phillips,Ipswich Town,EPL,29 years old (02-12-1995),"1,79m",England,"Defender (Centre), Defensive Midfielder (C)",Defensive Midfield,right,14(4),1218.0,-,-,4,1,81,0.4,-,6.23,"Jun 30, 2025",€15.00m,0.6,-,-,-,-,0.6,0.4,-,0.1,0.7,0.4,0.3,1.3,0.6,1.6,0.4,1.2,1.9,1.3,3.2,1.1,1.1,1.6,-,1.9,0.3,0.1,1.6,-,-,-,-,28.7,2.3,1.8,20.9,3.7,0.3,0.1,0.2,-,-,-,-,-,-,-
445,Armando Broja,Everton FC,EPL,23 years old (10-09-2001),"1,91m",Albania,Forward,Centre-Forward,right,3(6),268.0,-,-,1,-,80.3,1.4,-,6.23,"May 31, 2025",€13.00m,0.4,-,-,-,-,0.4,0.1,-,0.3,1.8,0.9,0.9,1.2,1.3,3.2,1.4,1.8,0.2,-,0.2,-,0.4,0.6,0.3,0.4,-,-,0.3,-,-,-,-,6.8,-,-,5.4,1.3,0.4,-,0.4,-,-,-,-,-,-,-
446,Gonçalo Guedes,Wolverhampton Wanderers,EPL,28 years old (29-11-1996),"1,79m",Portugal,"Attacking Midfielder (Centre, Left, Right), Forward",Left Winger,right,7(17),764.0,2,4,1,-,75.7,0.2,-,6.23,"Jun 30, 2027",€13.00m,0.8,0.1,-,-,0.1,0.8,0.4,-,0.3,0.8,0.6,0.2,1.4,0.6,0.6,0.2,0.4,0.6,0.5,1.1,0.2,0.6,0.6,0.1,0.1,-,-,0.4,-,-,-,-,9.6,0.3,0.5,7,1.8,0.5,-,0.4,0.2,-,-,-,-,-,0.2
447,Lewis Miley,Newcastle United,EPL,18 years old (01-05-2006),"1,89m",England,Midfielder (Centre),Central Midfield,right,1(10),219.0,1,-,-,-,87.1,0.5,-,6.23,"Jun 30, 2029",€22.00m,0.3,0.1,-,-,0.1,0.3,-,-,0.3,0.2,0.2,-,0.5,0.1,0.9,0.5,0.5,1,0.5,1.5,0.2,0.1,0.3,-,0.5,0.1,-,0.4,-,-,-,-,12.6,0.3,0.2,10.7,1.5,0.1,-,0.1,-,-,-,-,-,-,-
448,Diego Carlos,Fenerbahce,EPL,32 years old (15-03-1993),186cm,Brazil,Defender (Centre),,,8(2),829.0,-,-,1,-,89,1.1,-,6.23,,,0.4,-,-,-,-,0.4,-,0.2,0.2,0.2,-,0.2,0.1,0.2,2.2,1.1,1.1,0.8,0.2,1,0.5,0.1,1.1,0.1,3.5,0.7,0.1,0.6,-,-,-,-,60,3.5,3.6,49.9,3,-,-,-,-,-,-,-,-,-,-
449,Wes Burns,Ipswich Town,EPL,30 years old (23-11-1994),"1,73m",Wales,"Defender (Right), Midfielder (Left, Right)",Right Winger,right,12(6),933.0,-,1,1,-,69.8,0.4,-,6.22,"Jun 30, 2026",€2.50m,0.4,-,-,-,-,0.4,0.1,-,0.3,1.3,0.8,0.5,0.9,0.7,1.6,0.4,1.2,0.7,0.3,1.1,0.6,0.6,0.2,-,0.7,0.1,0.1,0.3,-,-,-,-,11.1,0.4,0.9,7.3,2.4,0.6,0.1,0.5,0.1,-,-,-,-,-,0.1
450,Nathan Patterson,Everton FC,EPL,23 years old (16-10-2001),"1,89m",Scotland,"Defender (Right), Midfielder (Right)",Right-Back,right,1(7),199.0,-,-,-,-,78.3,0.1,-,6.22,"Jun 30, 2027",€15.00m,0.1,-,-,-,-,0.1,-,-,0.1,1,0.1,0.9,0.4,0.1,0.6,0.1,0.5,0.5,0.5,1,-,0.1,0.3,-,0.4,-,0.1,0.3,-,-,-,-,8.6,0.6,1.3,6.1,0.6,0.3,-,0.3,-,-,-,-,-,-,-
451,Brajan Gruda,Brighton & Hove Albion,EPL,20 years old (31-05-2004),"1,78m",Germany,"Attacking Midfielder (Centre, Right)",Right Winger,left,6(10),494.0,-,1,-,-,77.2,0.2,-,6.22,"Jun 30, 2028",€25.00m,0.3,-,-,-,-,0.3,0.1,0.1,0.1,1.3,0.8,0.5,0.5,1.3,0.4,0.2,0.3,0.8,0.4,1.3,0.1,0.6,0.4,0.1,0.3,-,-,0.5,-,-,-,-,9.9,0.2,0.4,7.4,1.9,0.8,0.2,0.6,0.1,0.1,0.1,-,-,-,-
452,Adam Lallana,Southampton FC,EPL,36 years old (10-05-1988),"1,72m",England,"Midfielder (Centre, Left, Right)",Attacking Midfield,both,5(9),357.0,-,2,4,-,85.5,0.1,-,6.22,"Jun 30, 2025",€900k,0.2,-,-,-,-,0.2,0.1,-,0.1,0.9,0.5,0.4,0.7,0.4,0.3,0.1,0.1,0.6,0.7,1.3,0.4,0.6,0.6,-,0.4,0.1,-,0.2,-,-,-,-,18.2,0.2,0.4,15.4,2.3,0.3,-,0.3,0.1,-,-,-,-,-,0.1
453,Wilson Odobert,Tottenham Hotspur,EPL,20 years old (28-11-2004),"1,82m",France,"Attacking Midfielder (Centre, Left, Right), Forward",Left Winger,right,5(5),448.0,-,-,-,-,85.4,0.3,-,6.21,"Jun 30, 2029",€18.00m,0.9,-,-,-,-,0.9,0.3,0.2,0.4,2.4,1.5,0.9,1.3,1.2,0.6,0.3,0.3,0.6,0.5,1.1,0.2,0.3,-,-,0.2,-,-,0.4,-,-,-,-,15.8,0.1,0.2,13.4,2.1,0.4,-,0.4,-,-,-,-,-,-,-
454,Yukinari Sugawara,Southampton FC,EPL,24 years old (28-06-2000),"1,79m",Japan,"Defender (Right), Midfielder (Right)",Right-Back,right,15(14),1470.0,1,1,4,-,84.5,0.2,-,6.2,"Jun 30, 2028",€12.00m,0.4,-,-,-,-,0.4,0.2,-,0.3,0.7,0.4,0.3,0.6,0.1,0.5,0.2,0.3,1,0.4,1.4,0.3,0.3,0.5,0.1,1.4,0.2,0.1,0.3,-,-,-,-,24.1,0.6,0.8,19.8,3,0.6,0.2,0.4,-,-,-,-,-,-,-
455,Emil Krafth,Newcastle United,EPL,30 years old (02-08-1994),"1,84m",Sweden,"Defender (Centre, Right), Midfielder (Right)",Right-Back,right,2(6),269.0,-,-,-,-,80.9,0.6,-,6.2,"Jun 30, 2026",€2.50m,0.1,-,-,-,-,0.1,-,-,0.1,0.1,0.1,-,0.3,0.3,1.1,0.6,0.5,0.3,0.1,0.4,0.3,0.1,0.4,-,1.4,0.5,-,0.1,-,-,-,-,13.8,0.3,0.8,10.9,1.9,0.1,0.1,-,-,-,-,-,-,-,-
456,Evan Ferguson,West Ham United,EPL,20 years old (19-10-2004),"1,88m",Ireland,Forward,Centre-Forward,right,1(5),138.0,-,-,-,-,78.1,0.8,-,6.2,"Jun 30, 2025",€32.00m,0.8,-,-,-,-,0.8,0.3,-,0.5,0.8,0.3,0.5,1.3,0.8,2,0.8,1.2,0.3,-,0.3,0.2,0.3,0.2,-,0.2,0.2,-,0.2,-,-,-,-,5.3,-,0.2,4.2,1,0.3,-,0.3,-,-,-,-,-,-,-
457,Jorginho,Arsenal FC,EPL,33 years old (20-12-1991),"1,78m",Italy,Defensive Midfielder (C),Defensive Midfield,right,9(5),703.0,-,-,5,-,86.9,0.1,-,6.2,"Jun 30, 2025",€8.00m,0.1,-,-,-,-,0.1,0.1,-,-,0.3,0.2,0.1,0.7,0.6,0.6,0.1,0.4,0.9,0.9,1.7,0.5,1.2,1.1,-,0.1,-,-,0.2,-,-,-,-,33.7,0.9,1.1,28.4,3.3,0.2,-,0.2,-,-,-,-,-,-,-
458,Paris Maghoma,Brentford FC,EPL,23 years old (08-05-2001),"1,84m",,Defensive Midfielder (C),Central Midfield,right,0(8),113.0,-,-,-,-,93.8,0.1,-,6.2,"Jun 30, 2027",€600k,0.1,-,-,-,-,0.1,0.1,-,-,0.5,0.1,0.4,0.3,-,0.5,0.1,0.4,0.3,0.3,0.5,0.1,0.5,0.3,-,0.1,0.3,0.1,-,-,-,-,-,10.1,0.3,0.3,9.3,0.4,0.1,-,0.1,-,-,-,-,-,-,-
459,Justin Devenny,Crystal Palace,EPL,21 years old (11-10-2003),"1,84m",Scotland,Midfielder,Central Midfield,left,3(15),341.0,1,-,-,-,78.7,0.1,-,6.19,"Jun 30, 2027",€3.00m,0.4,0.1,-,-,0.1,0.4,0.3,-,0.1,0.2,0.1,0.1,0.7,0.1,0.7,0.1,0.7,0.6,0.3,0.9,-,-,0.3,0.1,0.6,-,-,0.2,-,-,-,-,7.6,0.2,0.4,5.8,1.2,0.3,0.1,0.3,-,-,-,-,-,-,-
460,Harry Toffolo,Nottingham Forest,EPL,29 years old (19-08-1995),"1,83m",England,"Defender (Left), Midfielder (Left)",Left-Back,left,0(3),45.0,-,-,-,-,85.7,0.3,-,6.19,"Jun 30, 2025",€4.00m,0.3,-,-,-,-,0.3,0.3,-,-,-,-,-,-,-,0.3,0.3,-,0.7,-,0.7,0.3,-,-,-,2.3,-,-,-,-,-,-,-,7,-,0.3,6,0.7,-,-,-,-,-,-,-,-,-,-
461,Mykhailo Mudryk,Chelsea FC,EPL,24 years old (05-01-2001),"1,75m",Ukraine,Attacking Midfielder (Left),Left Winger,right,1(6),146.0,-,-,-,-,77.1,0.3,-,6.18,"Jun 30, 2031",€30.00m,0.1,-,-,-,-,0.1,-,-,0.1,1.1,0.7,0.4,0.4,1,0.9,0.3,0.6,0.3,-,0.3,-,0.3,0.3,0.1,0.1,0.1,-,0.3,-,-,-,-,5,0.1,-,3.7,1.1,0.3,0.1,0.1,-,-,-,-,-,-,-
462,Andrés García,Aston Villa,EPL,22 years old (07-02-2003),"1,85m",Spain,Defender (Right),Right-Back,right,5(2),320.0,-,-,-,-,92.4,-,-,6.18,-,€7.00m,0.3,-,-,-,-,0.3,0.3,-,-,2.6,1.9,0.7,1.4,0.9,0.9,-,0.9,1.3,0.6,1.9,0.3,-,0.1,-,1.1,-,0.3,0.3,-,-,-,-,22.6,0.4,0.4,20.4,1.3,0.4,-,0.4,-,-,-,-,-,-,-
463,Ben Winterburn,AFC Bournemouth,EPL,20 years old (04-09-2004),185cm,,Midfielder,,,0(3),21.0,-,-,-,-,71.4,0.3,-,6.18,,,-,-,-,-,-,-,-,-,-,-,-,-,-,-,0.3,0.3,-,-,0.3,0.3,0.7,0.3,-,-,-,-,-,-,-,-,-,-,2.3,-,-,1.7,0.7,-,-,-,-,-,-,-,-,-,-
464,Mikey Moore,Tottenham Hotspur,EPL,17 years old (11-08-2007),"1,80m",England,Attacking Midfielder (Right),Left Winger,right,2(5),182.0,-,1,-,-,85.2,0.1,-,6.17,"Jun 30, 2027",€15.00m,0.4,-,-,-,-,0.4,0.3,-,0.1,1.6,1.4,0.1,0.9,0.6,0.7,0.1,0.6,-,0.1,0.1,0.1,0.6,0.4,0.3,0.1,-,-,0.1,-,-,-,-,7.7,-,0.1,6.6,1,0.4,-,0.4,0.1,0.1,-,-,-,-,-
465,Adam Armstrong,West Bromwich Albion,EPL,28 years old (10-02-1997),172cm,England,"Attacking Midfielder (Centre, Left, Right), Forward",,,15(5),1255.0,2,2,4,-,83.6,0.3,-,6.17,,,1.3,0.1,-,-,0.1,1.3,0.3,0.1,0.9,0.7,0.4,0.3,0.6,0.9,0.7,0.3,0.5,0.6,0.6,1.2,0.2,0.3,0.6,0.5,0.4,0.1,-,0.3,-,-,-,-,13.5,0.2,0.3,11.1,1.9,0.5,0.1,0.4,0.1,-,-,-,-,-,0.1
466,Archie Gray,Tottenham Hotspur,EPL,19 years old (12-03-2006),"1,87m",England,"Defender (Centre, Right), Defensive Midfielder (C)",Right-Back,right,14(9),1340.0,-,-,-,-,90.5,0.4,-,6.17,"Jun 30, 2030",€35.00m,-,-,-,-,-,-,-,-,-,0.4,0.2,0.2,0.3,0.4,0.7,0.4,0.3,0.5,0.4,1,0.4,0.5,0.4,-,1.6,0.4,0.1,0.4,-,-,-,-,42,1.3,1.4,36.8,2.6,0.1,0.1,-,-,-,-,-,-,-,-
467,Andy Irving,West Ham United,EPL,24 years old (13-05-2000),190cm,Scotland,Midfielder,,,1(9),162.0,-,-,2,-,90,0.1,-,6.17,,,0.4,-,-,-,-,0.4,0.4,-,-,0.1,-,0.1,0.1,0.3,0.2,0.1,0.1,0.7,0.4,1.1,0.1,0.1,0.6,-,0.5,0.1,-,0.4,-,-,-,-,12,0.7,0.1,10.1,1.1,0.1,-,0.1,-,-,-,-,-,-,-
468,Kosta Nedeljkovic,RB Leipzig,EPL,19 years old (16-12-2005),184cm,,Defender (Right),,,0(5),121.0,-,-,-,-,90.2,-,-,6.16,,,-,-,-,-,-,-,-,-,-,0.4,0.2,0.2,0.2,-,0.2,-,0.2,1.4,0.2,1.6,-,0.2,-,-,0.6,-,-,0.2,-,-,-,-,8.2,0.2,0.2,7.2,0.6,-,-,-,-,-,-,-,-,-,-
469,Eric da Silva Moreira,Nottingham Forest,EPL,18 years old (03-05-2006),"1,85m",Germany,Forward,Right Midfield,right,0(2),28.0,-,-,-,-,83.3,-,-,6.16,"Jun 30, 2028",€1.00m,-,-,-,-,-,-,-,-,-,0.5,0.5,-,0.5,-,-,-,-,1,2,3,0.5,-,-,-,-,-,-,-,-,-,-,-,3,-,-,2.5,0.5,-,-,-,-,-,-,-,-,-,-
470,Chiquinho,RCD Mallorca,EPL,25 years old (05-02-2000),179cm,Portugal,"Attacking Midfielder (Left, Right)",,,0(1),6.0,-,-,-,-,100,-,-,6.16,,,-,-,-,-,-,-,-,-,-,-,-,-,-,-,-,-,-,-,-,-,-,-,1,-,-,-,-,-,-,-,-,-,2,-,-,2,-,1,1,-,-,-,-,-,-,-,-
471,Julio Soler,AFC Bournemouth,EPL,20 years old (16-02-2005),"1,75m",Argentina,Defender,Left-Back,left,0(1),1.0,-,-,-,-,-,-,-,6.16,-,€8.00m,-,-,-,-,-,-,-,-,-,-,-,-,1,-,-,-,-,1,-,1,-,1,-,-,-,-,-,1,-,-,-,-,1,-,1,-,-,-,-,-,-,-,-,-,-,-,-
472,Jack Taylor,Ipswich Town,EPL,26 years old (23-06-1998),"1,85m",England,Midfielder (Centre),Central Midfield,right,1(25),536.0,1,-,3,-,82.5,0.3,-,6.16,"Jun 30, 2026",€3.00m,0.6,-,-,-,-,0.6,0.4,-,0.2,0.2,0.2,0.1,0.3,0.2,0.5,0.3,0.2,0.6,0.3,0.9,0.2,0.1,0.5,-,0.6,0.1,-,0.2,-,-,-,-,11.7,0.6,0.5,9,1.5,0.2,-,0.2,-,-,-,-,-,-,-
473,Evan Ferguson,West Ham United,EPL,20 years old (19-10-2004),"1,88m",Ireland,Forward,Centre-Forward,right,2(11),236.0,1,-,-,-,75.4,0.3,-,6.16,"Jun 30, 2025",€32.00m,0.5,0.1,-,-,0.1,0.5,0.2,-,0.3,0.2,0.1,0.1,0.4,0.5,1,0.3,0.7,0.3,0.2,0.5,-,0.1,0.2,-,0.3,0.1,-,0.2,-,-,-,-,4.4,0.1,0.2,3.2,0.9,0.2,-,0.2,-,-,-,-,-,-,-
474,Hwang Hee-Chan,Wolverhampton Wanderers,EPL,29 years old (26-01-1996),"1,77m",South Korea,"Attacking Midfielder (Centre, Left, Right), Forward",Centre-Forward,right,5(14),638.0,2,-,-,-,83.9,0.2,-,6.16,"Jun 30, 2028",€17.00m,0.3,0.1,0.1,-,0.1,0.3,0.1,-,0.2,0.7,0.6,0.1,0.7,0.5,0.6,0.2,0.5,0.3,0.2,0.5,0.1,0.4,0.3,-,0.5,-,0.1,0.5,-,-,-,-,9.5,-,0.1,7.9,1.5,0.2,-,0.2,-,-,-,-,-,-,-
475,Maxwel Cornet,Genoa CFC,EPL,28 years old (27-09-1996),179cm,Ivory Coast,"Defender (Left), Midfielder (Left, Right), Forward",,,1(1),72.0,-,-,1,-,89.5,1.5,-,6.16,,,0.5,-,-,-,-,0.5,-,-,0.5,0.5,0.5,-,1.5,-,1.5,1.5,-,2.5,2,4.5,-,0.5,-,0.5,1,-,-,-,-,-,-,-,9.5,1,-,7.5,1,-,-,-,-,-,-,-,-,-,-
476,Reiss Nelson,Fulham FC,EPL,25 years old (10-12-1999),"1,75m",England,"Midfielder (Left, Right)",Right Winger,right,0(1),2.0,-,-,-,-,-,-,-,6.15,"Jun 30, 2025",€18.00m,-,-,-,-,-,-,-,-,-,-,-,-,-,-,-,-,-,1,1,2,-,1,1,-,1,-,-,-,-,-,-,-,-,-,-,-,-,-,-,-,-,-,-,-,-,-,-
477,Tommy Doyle,Wolverhampton Wanderers,EPL,23 years old (17-10-2001),"1,72m",,Midfielder (Centre),Central Midfield,right,3(21),477.0,-,1,1,-,85.4,-,-,6.15,"Jun 30, 2028",€10.00m,0.4,-,-,-,-,0.4,0.3,-,0.1,0.4,0.2,0.2,0.4,0.2,0.3,-,0.3,0.5,0.4,0.8,0.2,0.2,0.2,-,0.5,0.2,-,0.3,-,-,-,-,15.4,1.7,1,11.5,1.3,0.3,0.2,0.1,-,-,-,-,-,-,-
478,Oliver Skipp,Leicester City,EPL,24 years old (16-09-2000),"1,75m",England,Defensive Midfielder (C),Defensive Midfield,right,7(11),847.0,-,-,6,-,85,0.5,-,6.15,"Jun 30, 2029",€12.00m,0.2,-,-,-,-,0.2,0.1,-,0.1,0.6,0.3,0.3,0.6,0.3,0.8,0.5,0.3,0.8,0.3,1.1,0.4,0.7,0.7,-,0.6,0.2,-,0.6,-,-,-,-,20.8,0.6,0.7,17.1,2.4,0.5,0.1,0.4,-,-,-,-,-,-,-
479,Luis Guilherme,West Ham United,EPL,19 years old (09-02-2006),"1,75m",Brazil,Forward,Right Winger,left,1(9),114.0,-,-,-,-,90.9,0.2,-,6.15,"Jun 30, 2029",€18.00m,0.2,-,-,-,-,0.2,0.1,-,0.1,0.8,0.4,0.4,0.3,0.2,0.3,0.2,0.1,0.1,0.2,0.3,0.3,0.4,-,-,0.1,-,0.1,0.6,-,-,-,-,4.4,0.1,0.1,3.9,0.3,0.3,0.1,0.2,-,-,-,-,-,-,-
480,James Ward-Prowse,West Ham United,EPL,30 years old (01-11-1994),"1,77m",England,"Midfielder (Centre, Right)",Central Midfield,right,5(4),399.0,-,1,-,1,86.4,0.3,-,6.14,"Jun 30, 2027",€10.00m,0.2,-,-,-,-,0.2,0.2,-,-,-,-,-,0.3,0.3,0.9,0.3,0.6,0.4,-,0.4,0.6,0.2,0.8,-,0.8,0.2,0.1,0.1,-,-,-,-,18,0.4,0.8,15.1,1.7,0.4,0.1,0.3,0.1,-,-,-,-,-,0.1
481,Ben Mee,Brentford FC,EPL,35 years old (21-09-1989),"1,80m",England,"Defender (Centre, Left)",Centre-Back,left,2(5),181.0,-,-,2,-,77.6,0.7,-,6.14,"Jun 30, 2025",€900k,-,-,-,-,-,-,-,-,-,-,-,-,-,-,1.4,0.7,0.7,0.3,-,0.3,0.6,-,0.7,-,1,0.4,-,-,-,-,-,-,16.6,0.9,1.9,12,1.9,-,-,-,-,-,-,-,-,-,-
482,Woyo Coulibaly,Leicester City,EPL,25 years old (26-05-1999),"1,82m",France,Defender (Right),Right-Back,both,1(3),108.0,-,-,1,-,84.1,-,-,6.14,"Jun 30, 2029",€2.00m,0.5,-,-,-,-,0.5,0.3,-,0.3,0.3,0.3,-,1,-,1,-,1,1.5,-,1.5,1.3,0.3,0.5,-,0.3,0.3,-,0.5,-,-,-,-,11,1,-,8.3,1.8,-,-,-,-,-,-,-,-,-,-
483,Cameron Archer,Southampton FC,EPL,23 years old (09-12-2001),"1,75m",England,Forward,Centre-Forward,right,13(16),1312.0,2,-,-,-,82.6,0.3,-,6.14,"Jun 30, 2028",€14.00m,1,0.1,-,-,-,1,0.1,0.1,0.8,1,0.6,0.4,1.1,0.8,1.2,0.3,0.9,0.4,0.2,0.6,0.1,0.4,0.5,0.2,0.2,-,-,0.1,-,-,-,-,7.5,0.1,0.1,6.1,1.2,0.1,-,0.1,-,-,-,-,-,-,-
484,Will Smallbone,Southampton FC,EPL,25 years old (21-02-2000),"1,83m",Ireland,"Midfielder (Centre, Right)",Central Midfield,right,6(8),608.0,1,-,1,-,83.7,0.3,-,6.14,"Jun 30, 2026",€7.00m,0.4,0.1,-,-,0.1,0.4,0.2,-,0.2,0.4,0.1,0.3,0.6,0.4,0.4,0.3,0.1,1.2,0.9,2.1,0.1,0.2,0.7,-,0.9,-,-,0.5,-,-,-,-,19.7,0.6,0.6,15.9,2.6,0.6,0.2,0.4,-,-,-,-,-,-,-
485,Ryan Trevitt,Exeter,EPL,22 years old (12-03-2003),170cm,England,Midfielder (Centre),,,0(1),3.0,-,-,-,-,66.7,-,-,6.13,,,-,-,-,-,-,-,-,-,-,-,-,-,-,-,-,-,-,1,-,1,-,-,-,-,-,-,-,-,-,-,-,-,6,-,-,4,2,-,-,-,-,-,-,-,-,-,-
486,Patson Daka,Leicester City,EPL,26 years old (09-10-1998),"1,83m",Zambia,Forward,Centre-Forward,right,5(14),609.0,1,-,-,-,74,0.6,-,6.13,"Jun 30, 2026",€12.00m,0.8,0.1,-,-,0.1,0.8,0.1,0.1,0.6,0.8,0.7,0.1,0.9,0.5,1.9,0.6,1.4,0.8,0.5,1.3,0.1,0.8,0.5,0.2,0.4,0.1,-,0.3,-,-,-,-,6.5,0.2,0.1,4.6,1.6,-,-,-,-,-,-,-,-,-,-
487,Federico Chiesa,Liverpool FC,EPL,27 years old (25-10-1997),"1,75m",Italy,"Midfielder (Centre, Left, Right), Forward",Right Winger,right,0(4),33.0,-,-,-,-,90.9,-,-,6.13,"Jun 30, 2028",€18.00m,1,-,-,-,-,1,0.5,-,0.5,0.3,0.3,-,0.3,0.8,-,-,-,-,0.5,0.5,-,0.3,0.5,-,-,-,-,0.3,-,-,-,-,5.5,-,-,5,0.5,-,-,-,-,-,-,-,-,-,-
488,Jakub Moder,Feyenoord,EPL,26 years old (07-04-1999),188cm,Poland,"Midfielder (Centre, Left)",,,0(4),9.0,-,-,-,-,81,-,-,6.12,,,-,-,-,-,-,-,-,-,-,-,-,-,-,-,0.3,-,0.3,0.3,0.5,0.8,-,-,-,-,0.8,-,-,-,-,-,-,-,5.3,-,-,4.3,1,0.8,-,0.8,-,-,-,-,-,-,-
489,Miguel Almirón,Atlanta United,EPL,31 years old (10-02-1994),174cm,Paraguay,"Attacking Midfielder (Centre, Left, Right), Forward",,,1(8),151.0,-,-,-,-,82.8,-,-,6.12,,,0.7,-,-,-,-,0.7,-,-,0.7,0.2,0.1,0.1,-,0.2,0.2,-,0.2,0.3,0.1,0.4,-,0.3,0.1,0.2,-,-,-,0.2,-,-,-,-,7.1,0.1,0.1,5.8,1.1,0.3,-,0.3,-,-,-,-,-,-,-
490,Jeremy Sarmiento,Burnley,EPL,22 years old (16-06-2002),178cm,Ecuador,"Attacking Midfielder (Centre, Left)",,,0(1),8.0,-,-,-,-,100,-,-,6.12,,,-,-,-,-,-,-,-,-,-,-,-,-,1,-,-,-,-,-,-,-,-,-,-,-,-,-,-,-,-,-,-,-,6,-,-,6,-,-,-,-,-,-,-,-,-,-,-
491,Joe Lumley,Southampton FC,EPL,30 years old (15-02-1995),"1,90m",England,Goalkeeper,Goalkeeper,right,3,270.0,-,-,-,-,67.6,0.7,-,6.12,"Jun 30, 2025",€600k,-,-,-,-,-,-,-,-,-,-,-,-,-,-,1,0.7,0.3,-,-,-,-,-,-,-,1.7,-,-,-,4.3,0.3,3.3,0.7,45.3,6,13.3,24.7,1.3,-,-,-,-,-,-,-,-,-,-
492,Bobby De Cordova-Reid,Leicester City,EPL,32 years old (02-02-1993),"1,70m",Jamaica,"Defender (Right), Midfielder (Centre, Left, Right), Forward",Right Winger,right,7(14),637.0,1,2,2,-,75.4,0.2,-,6.12,"Jun 30, 2027",€4.00m,0.3,-,-,-,-,0.3,0.2,-,0.1,0.4,0.4,-,0.5,0.4,0.9,0.2,0.6,0.4,0.5,0.9,-,0.4,0.4,0.1,0.4,-,-,0.2,-,-,-,-,8.1,0.1,0.2,6,1.8,0.3,-,0.3,0.1,-,-,-,-,-,0.1
493,Willian,Fulham FC,EPL,36 years old (09-08-1988),"1,75m",Brazil,"Attacking Midfielder (Centre, Left, Right)",Left Winger,right,1(6),157.0,-,-,-,-,88.2,0.1,-,6.12,"Jun 30, 2025",€1.00m,0.4,-,-,-,-,0.4,0.4,-,-,0.6,0.6,-,0.4,0.1,0.4,0.1,0.3,0.3,0.4,0.7,0.1,-,0.1,-,0.1,-,-,-,-,-,-,-,17,0.6,0.1,14.4,1.9,0.3,-,0.3,-,-,-,-,-,-,-
494,Jayden Meghoma,Preston,EPL,18 years old (28-06-2006),175cm,,"Defender (Left), Midfielder (Left)",,,0(1),4.0,-,-,-,-,100,-,-,6.11,,,-,-,-,-,-,-,-,-,-,-,-,-,-,-,-,-,-,-,-,-,-,-,-,-,-,-,-,-,-,-,-,-,3,-,-,3,-,-,-,-,-,-,-,-,-,-,-
495,Julián Araujo,AFC Bournemouth,EPL,23 years old (13-08-2001),"1,76m",Mexico,"Defender (Right), Midfielder (Right)",Right-Back,right,5(3),357.0,-,-,1,-,81.2,0.3,-,6.11,"Jun 30, 2029",€10.00m,-,-,-,-,-,-,-,-,-,-,-,-,0.5,0.3,1,0.3,0.8,0.9,0.8,1.6,0.5,0.1,0.5,-,1.4,-,0.3,0.4,-,-,-,-,17.3,0.6,1.3,13.4,2,-,-,-,-,-,-,-,-,-,-
496,Lewis Orford,West Ham United,EPL,19 years old (18-02-2006),189cm,England,Midfielder,,,0(2),47.0,-,-,-,-,86.5,-,-,6.11,,,0.5,-,-,-,-,0.5,-,-,0.5,-,-,-,0.5,-,0.5,-,0.5,-,-,-,0.5,-,-,-,-,-,-,0.5,-,-,-,-,18.5,-,0.5,16,2,1,0.5,0.5,-,-,-,-,-,-,-
497,Wataru Endo,Liverpool FC,EPL,32 years old (09-02-1993),"1,78m",Japan,Defensive Midfielder (C),Defensive Midfield,right,0(16),144.0,-,-,-,-,93.1,0.1,-,6.11,"Jun 30, 2027",€10.00m,-,-,-,-,-,-,-,-,-,0.1,-,0.1,0.3,0.1,0.3,0.1,0.2,0.5,0.2,0.7,0.2,0.4,0.8,-,0.3,-,0.1,0.2,-,-,-,-,5.4,0.1,-,4.9,0.4,0.1,-,0.1,-,-,-,-,-,-,-
498,Taiwo Awoniyi,Nottingham Forest,EPL,27 years old (12-08-1997),"1,83m",Nigeria,Forward,Centre-Forward,right,3(20),352.0,1,-,-,-,67.1,0.5,-,6.1,"Jun 30, 2027",€18.00m,0.4,-,-,-,-,0.4,-,-,0.4,0.3,0.2,0.1,0.7,0.7,1.9,0.5,1.3,0.3,-,0.3,-,0.4,0.3,-,0.2,-,-,-,-,-,-,-,3.7,-,0.1,2.5,1.1,0.1,-,0.1,-,-,-,-,-,-,-
499,Asher Agbinone,Gillingham,EPL,19 years old (28-09-2005),177cm,England,Midfielder,,,0(2),4.0,-,-,-,-,100,-,-,6.1,,,0.5,-,-,-,-,0.5,0.5,-,-,1,1,-,-,0.5,0.5,-,0.5,1,-,1,-,-,-,-,-,-,-,-,-,-,-,-,1,-,-,1,-,0.5,-,0.5,-,-,-,-,-,-,-
500,Yunus Konak,Brentford FC,EPL,19 years old (10-01-2006),"1,81m",,Defensive Midfielder (C),Defensive Midfield,right,0(7),27.0,-,-,-,-,73.1,0.6,-,6.1,"Jun 30, 2029",€4.50m,0.1,-,-,-,-,0.1,0.1,-,-,0.3,0.3,-,0.3,0.4,1.1,0.6,0.6,0.6,0.1,0.7,-,0.1,0.3,-,-,-,-,-,-,-,-,-,3.7,0.3,0.1,2.4,0.9,-,-,-,-,-,-,-,-,-,-
501,Mason Mount,Manchester United,EPL,26 years old (10-01-1999),"1,81m",England,"Midfielder (Centre, Left, Right)",Attacking Midfield,right,4(7),315.0,-,-,3,-,81.1,0.2,-,6.09,"Jun 30, 2028",€28.00m,0.5,-,-,-,-,0.5,0.3,-,0.3,0.4,0.4,-,0.5,0.7,0.8,0.2,0.6,0.7,0.2,0.9,0.2,0.5,0.9,-,-,0.1,-,0.5,-,-,-,-,10.1,0.4,0.3,7.8,1.6,0.5,-,0.5,-,-,-,-,-,-,-
502,Chido Obi,Manchester United,EPL,17 years old (29-11-2007),"1,88m",,Forward,Centre-Forward,right,0(3),26.0,-,-,1,-,75,0.3,-,6.09,-,€5.00m,-,-,-,-,-,-,-,-,-,0.3,0.3,-,0.7,0.3,0.7,0.3,0.3,-,-,-,-,-,-,-,0.3,-,-,-,-,-,-,-,2.7,-,0.3,2,0.3,-,-,-,-,-,-,-,-,-,-
503,Divin Mubama,Manchester City,EPL,20 years old (25-10-2004),182cm,England,Forward,,,0(1),27.0,-,-,-,-,66.7,-,-,6.09,,,1,-,-,-,-,1,-,-,1,-,-,-,-,1,1,-,1,-,-,-,-,-,-,-,-,-,-,-,-,-,-,-,3,-,-,2,1,-,-,-,-,-,-,-,-,-,-
504,Daniel Jebbison,AFC Bournemouth,EPL,21 years old (13-08-2003),"1,90m",England,Forward,Centre-Forward,right,0(11),65.0,-,-,1,-,86.2,0.2,-,6.09,"Jun 30, 2028",€4.00m,0.2,-,-,-,-,0.2,-,0.1,0.1,0.5,0.1,0.4,1,0.4,1,0.2,0.8,0.2,0.2,0.4,0.1,0.2,0.2,-,0.1,0.1,-,-,-,-,-,-,2.6,-,0.1,2.3,0.3,0.3,-,0.3,-,-,-,-,-,-,-
505,Caleb Kporha,Crystal Palace,EPL,18 years old (15-07-2006),-,England,Defender,Right-Back,right,0(2),11.0,-,-,-,-,75,-,-,6.09,"Jun 30, 2029",€1.00m,-,-,-,-,-,-,-,-,-,-,-,-,-,1,0.5,-,0.5,1,-,1,-,-,-,-,0.5,-,-,-,-,-,-,-,2,-,-,1.5,0.5,-,-,-,-,-,-,-,-,-,-
506,Carlos Forbs,Wolverhampton Wanderers,EPL,21 years old (19-03-2004),"1,69m",Portugal,"Attacking Midfielder (Left, Right)",Left Winger,left,1(8),233.0,-,-,2,-,69.7,0.1,-,6.08,"Jun 30, 2025",€8.00m,0.2,-,-,-,-,0.2,0.1,-,0.1,1.3,0.6,0.8,0.8,0.4,0.4,0.1,0.3,0.9,0.1,1,0.1,0.1,0.2,-,0.2,-,-,0.3,-,-,-,-,8.4,-,0.1,5.9,2.4,0.1,-,0.1,-,-,-,-,-,-,-
507,Albert Grønbæk,Southampton FC,EPL,23 years old (23-05-2001),"1,81m",Denmark,"Attacking Midfielder (Centre, Left)",Attacking Midfield,right,2(2),143.0,-,-,-,-,76.5,0.5,-,6.08,"Jun 30, 2025",€12.00m,0.5,-,-,-,-,0.5,0.3,-,0.3,1,1,-,1.3,1,0.5,0.5,-,1,1.8,2.8,-,0.3,-,-,0.3,0.3,-,-,-,-,-,-,4.3,-,-,3.3,1,0.3,-,0.3,-,-,-,-,-,-,-
508,Alfie Dorrington,Aberdeen,EPL,19 years old (20-04-2005),180cm,England,Defender (Centre),,,0(1),13.0,-,-,-,-,93.8,-,-,6.08,,,-,-,-,-,-,-,-,-,-,-,-,-,-,-,-,-,-,-,-,-,-,-,-,-,-,-,-,-,-,-,-,-,16,2,-,13,1,-,-,-,-,-,-,-,-,-,-
509,Martial Godo,Fulham FC,EPL,22 years old (14-03-2003),"1,69m",England,"Attacking Midfielder (Left, Right)",Left Winger,right,0(1),14.0,-,-,-,-,75,-,-,6.08,"Jun 30, 2028",€600k,-,-,-,-,-,-,-,-,-,2,2,-,-,-,1,-,1,-,-,-,1,-,-,-,-,-,-,1,-,-,-,-,4,-,-,3,1,-,-,-,-,-,-,-,-,-,-
510,Roman Dixon,Everton FC,EPL,20 years old (26-12-2004),175cm,England,Defender,,,1,90.0,-,-,-,-,56.3,-,-,6.08,,,-,-,-,-,-,-,-,-,-,3,3,-,2,-,3,-,3,5,-,5,1,-,-,-,2,-,1,1,-,-,-,-,16,1,2,8,5,-,-,-,-,-,-,-,-,-,-
511,Ben Brereton,Sheffield United,EPL,26 years old (18-04-1999),185cm,Chile,"Attacking Midfielder (Left, Right), Forward",,,4(6),448.0,-,-,1,-,79.2,0.9,-,6.07,,,1.1,-,-,-,-,1.1,0.3,0.1,0.7,0.4,0.3,0.1,0.9,0.4,1.6,0.9,0.7,0.3,0.8,1.1,-,0.8,0.4,0.1,0.4,0.1,-,0.1,-,-,-,-,15.9,0.4,0.3,12.2,3,0.3,0.1,0.2,-,-,-,-,-,-,-
512,Emiliano Buendía,Bayer 04 Leverkusen,EPL,28 years old (25-12-1996),172cm,Argentina,"Midfielder (Centre, Left, Right), Forward",,,0(12),89.0,-,-,1,-,81.7,-,-,6.07,,,0.4,-,-,-,-,0.4,0.3,-,0.2,0.2,0.2,-,0.3,0.3,0.2,-,0.2,0.5,0.4,0.9,-,0.5,0.3,-,0.1,0.1,0.1,0.3,-,-,-,-,5,0.1,0.3,4,0.6,0.1,-,0.1,-,-,-,-,-,-,-
513,William Osula,Newcastle United,EPL,21 years old (04-08-2003),"1,91m",Denmark,Forward,Centre-Forward,right,0(11),83.0,-,-,-,-,40,0.3,-,6.07,"Jun 30, 2029",€7.00m,0.1,-,-,-,-,0.1,-,-,0.1,0.5,0.3,0.2,0.5,0.4,0.4,0.3,0.1,0.1,0.1,0.2,0.4,0.1,0.2,0.1,0.1,-,0.1,-,-,-,-,-,0.9,-,-,0.4,0.5,0.1,-,0.1,-,-,-,-,-,-,-
514,Jack Stephens,Southampton FC,EPL,31 years old (27-01-1994),"1,85m",England,"Defender (Centre, Left, Right)",Centre-Back,right,12(2),989.0,-,-,2,2,91.9,0.3,-,6.06,"Jun 30, 2025",€2.00m,0.1,-,-,-,-,0.1,-,0.1,0.1,0.3,0.3,-,0.1,0.1,0.7,0.3,0.4,1.9,0.7,2.6,0.7,0.2,0.6,0.1,2.6,0.5,0.1,0.1,-,-,-,-,51,1.4,0.9,45.5,3.2,0.1,-,0.1,-,-,-,-,-,-,-
515,Massimo Luongo,Ipswich Town,EPL,32 years old (25-09-1992),"1,76m",Australia,Midfielder (Centre),Central Midfield,right,2(5),181.0,-,-,-,-,76.5,0.1,-,6.06,"Jun 30, 2025",€500k,-,-,-,-,-,-,-,-,-,-,-,-,0.3,0.4,0.1,0.1,-,1.1,0.4,1.6,0.3,0.3,0.1,-,0.3,0.3,-,0.3,-,-,-,-,7.3,-,0.6,5.6,1.1,-,-,-,-,-,-,-,-,-,-
516,Odsonne Édouard,Leicester City,EPL,27 years old (16-01-1998),"1,87m",France,"Attacking Midfielder (Left), Forward",Centre-Forward,right,0(4),26.0,-,-,-,-,75,0.3,-,6.05,"Jun 30, 2025",€10.00m,-,-,-,-,-,-,-,-,-,0.5,0.3,0.3,1.8,0.5,0.5,0.3,0.3,0.3,-,0.3,-,-,0.5,-,0.3,-,-,-,-,-,-,-,2,-,-,1.5,0.5,0.3,-,0.3,-,-,-,-,-,-,-
517,Harrison Reed,Fulham FC,EPL,30 years old (27-01-1995),"1,81m",England,"Defender (Right), Midfielder (Centre, Right)",Central Midfield,right,0(11),85.0,-,-,2,-,79.2,0.1,-,6.05,"Jun 30, 2027",€7.00m,0.3,-,-,-,-,0.3,0.2,-,0.1,0.2,0.2,-,0.2,0.2,0.4,0.1,0.3,0.5,0.2,0.7,0.1,0.2,0.5,-,0.2,-,0.1,0.1,-,-,-,-,4.4,-,0.2,3.5,0.7,0.1,-,0.1,-,-,-,-,-,-,-
518,Kim Ji-Soo,Brentford FC,EPL,20 years old (24-12-2004),"1,92m",South Korea,Defender,Centre-Back,both,0(3),29.0,-,-,-,-,89.3,-,-,6.05,"Jun 30, 2027",€600k,-,-,-,-,-,-,-,-,-,-,-,-,-,0.3,-,-,-,-,-,-,-,-,0.3,-,0.7,-,-,-,-,-,-,-,9.3,1.3,0.7,7,0.3,-,-,-,-,-,-,-,-,-,-
519,Daniel Podence,Al Shabab,EPL,29 years old (21-10-1995),165cm,Portugal,"Attacking Midfielder (Centre, Left, Right), Forward",,,0(2),47.0,-,-,-,-,73.3,-,-,6.05,,,0.5,-,-,-,-,0.5,0.5,-,-,1,-,1,-,-,0.5,-,0.5,-,0.5,0.5,-,1,-,-,-,-,-,-,-,-,-,-,7.5,-,0.5,5.5,1.5,-,-,-,-,-,-,-,-,-,-
520,Scott McTominay,SSC Napoli,EPL,28 years old (08-12-1996),193cm,Scotland,"Defender (Centre), Midfielder (Centre)",,,0(2),17.0,-,-,-,-,100,0.5,-,6.05,,,0.5,-,-,-,-,0.5,-,-,0.5,0.5,0.5,-,0.5,0.5,0.5,0.5,-,-,0.5,0.5,-,-,-,-,0.5,-,-,-,-,-,-,-,4.5,1,-,3.5,-,-,-,-,-,-,-,-,-,-,-
521,Conor Coady,Leicester City,EPL,32 years old (25-02-1993),"1,85m",England,"Defender (Centre, Right), Defensive Midfielder (C)",Centre-Back,right,13(3),1174.0,-,-,2,-,91,0.8,-,6.04,"Jun 30, 2026",€3.00m,-,-,-,-,-,-,-,-,-,0.1,0.1,0.1,0.3,0.1,1.7,0.8,0.9,0.7,0.1,0.8,0.7,0.1,0.3,0.1,2.9,1.1,-,0.4,-,-,-,-,45.3,1.9,2.1,39.3,1.9,0.1,0.1,-,-,-,-,-,-,-,-
522,Jeffrey Schlupp,Celtic,EPL,32 years old (23-12-1992),178cm,Ghana,"Defender (Left), Midfielder (Centre, Left, Right)",,,0(12),95.0,-,-,-,-,86,0.3,-,6.04,,,0.3,-,-,-,-,0.3,0.1,-,0.3,0.1,-,0.1,0.6,-,0.7,0.3,0.4,0.2,0.3,0.4,-,-,0.1,-,0.1,-,0.1,0.5,-,-,-,-,3.6,0.2,0.1,2.9,0.4,0.3,-,0.3,-,-,-,-,-,-,-
523,Nathaniel Clyne,Crystal Palace,EPL,34 years old (05-04-1991),"1,75m",England,"Defender (Centre, Left, Right), Midfielder (Right)",Right-Back,right,5(8),481.0,-,-,1,-,77.8,0.1,-,6.04,"Jun 30, 2025",€1.50m,0.2,-,-,-,-,0.2,0.2,-,-,0.1,0.1,-,0.4,0.2,0.6,0.1,0.5,0.9,0.4,1.3,0.2,0.2,0.2,-,1,0.2,0.1,0.2,-,-,-,-,15.6,1.1,1.3,11.1,2.2,0.2,-,0.2,-,-,-,-,-,-,-
524,Marc Guiu,Chelsea FC,EPL,19 years old (04-01-2006),"1,87m",,Forward,Centre-Forward,right,0(3),71.0,-,-,-,-,68.8,-,-,6.04,"Jun 30, 2029",€8.00m,-,-,-,-,-,-,-,-,-,0.3,0.3,-,0.7,-,0.3,-,0.3,0.3,-,0.3,-,-,-,-,-,-,-,-,-,-,-,-,5.3,-,-,3.7,1.7,0.3,-,0.3,-,-,-,-,-,-,-
525,Sam Amo-Ameyaw,RC Strasbourg Alsace,EPL,18 years old (18-07-2006),174cm,,Midfielder,,,0(2),26.0,-,-,1,-,100,-,-,6.04,,,0.5,-,-,-,-,0.5,0.5,-,-,2,2,-,-,1,0.5,-,0.5,0.5,-,0.5,-,1,0.5,-,-,-,-,-,-,-,-,-,3.5,-,-,3.5,-,0.5,-,0.5,-,-,-,-,-,-,-
526,Eiran Cashin,Brighton & Hove Albion,EPL,23 years old (09-11-2001),"1,84m",Ireland,Defender (Centre),Centre-Back,left,0(1),18.0,-,-,-,-,88,2,-,6.03,"Jun 30, 2030",€8.00m,-,-,-,-,-,-,-,-,-,1,1,-,-,-,3,2,1,-,1,1,-,-,-,-,2,-,-,-,-,-,-,-,25,1,1,21,2,-,-,-,-,-,-,-,-,-,-
527,Mathis Amougou,Chelsea FC,EPL,19 years old (18-01-2006),"1,77m",France,Midfielder (Centre),Central Midfield,right,0(1),7.0,-,-,-,-,100,-,-,6.03,"Jun 30, 2033",€10.00m,-,-,-,-,-,-,-,-,-,-,-,-,-,1,-,-,-,-,-,-,-,-,-,-,-,-,-,-,-,-,-,-,7,-,-,7,-,-,-,-,-,-,-,-,-,-,-
528,Tyrell Malacia,PSV Eindhoven,EPL,25 years old (17-08-1999),170cm,Netherlands,"Defender (Left), Midfielder (Left)",,,2(1),101.0,-,-,1,-,89.6,-,-,6.02,,,-,-,-,-,-,-,-,-,-,0.3,-,0.3,0.3,0.7,-,-,-,0.7,0.3,1,0.3,0.7,1,-,0.3,-,-,-,-,-,-,-,16,0.7,0.7,13.7,1,0.3,-,0.3,-,-,-,-,-,-,-
529,Jahmai Simpson-Pusey,Manchester City,EPL,19 years old (04-11-2005),187cm,,Defender,,,1(1),95.0,-,-,1,-,93,0.5,-,6.01,,,-,-,-,-,-,-,-,-,-,0.5,0.5,-,0.5,-,2,0.5,1.5,0.5,0.5,1,-,0.5,-,-,1,0.5,-,-,-,-,-,-,57,0.5,2,52.5,2,-,-,-,-,-,-,-,-,-,-
530,Ronnie Edwards,Queens Park Rangers,EPL,22 years old (28-03-2003),180cm,England,Defender (Centre),,,0(1),12.0,-,-,-,-,100,-,-,6.01,,,-,-,-,-,-,-,-,-,-,-,-,-,-,-,-,-,-,-,-,-,-,-,-,-,-,1,-,-,-,-,-,-,5,-,-,5,-,-,-,-,-,-,-,-,-,-,-
531,Josh Acheampong,Chelsea FC,EPL,18 years old (05-05-2006),"1,85m",,Defender,Right-Back,right,2(2),169.0,-,-,1,-,83.7,0.3,-,6.0,"Jun 30, 2029",€5.00m,0.5,-,-,-,-,0.5,-,0.3,0.3,0.5,0.3,0.3,0.5,-,1.8,0.3,1.5,0.5,-,0.5,0.3,0.3,-,-,0.3,-,0.3,0.3,-,-,-,-,30.8,1,2.5,24.8,2.5,-,-,-,-,-,-,-,-,-,-
532,Alfie Pond,Wolverhampton Wanderers,EPL,21 years old (01-03-2004),191cm,England,Defender,,,0(1),1.0,-,-,-,-,100,-,-,6.0,,,-,-,-,-,-,-,-,-,-,-,-,-,-,-,-,-,-,-,-,-,-,-,-,-,-,-,-,-,-,-,-,-,1,-,-,1,-,-,-,-,-,-,-,-,-,-,-
533,Boubacar Traoré,Wolverhampton Wanderers,EPL,23 years old (20-08-2001),"1,83m",Mali,Defensive Midfielder (C),Defensive Midfield,right,0(1),1.0,-,-,-,-,-,-,-,6.0,"Jun 30, 2027",€6.00m,-,-,-,-,-,-,-,-,-,-,-,-,-,-,1,-,1,2,-,2,-,-,-,-,-,-,-,-,-,-,-,-,-,-,-,-,-,-,-,-,-,-,-,-,-,-,-
534,Gustavo Nunes,Brentford FC,EPL,19 years old (20-11-2005),"1,73m",,Attacking Midfielder (Left),Left Winger,right,0(1),1.0,-,-,-,-,-,-,-,6.0,"Jun 30, 2030",€10.00m,-,-,-,-,-,-,-,-,-,-,-,-,1,-,-,-,-,-,-,-,-,-,-,-,1,-,-,-,-,-,-,-,-,-,-,-,-,-,-,-,-,-,-,-,-,-,-
535,Jake Evans,Leicester City,EPL,,,,Forward,,,0(1),1.0,-,-,-,-,-,-,-,6.0,,,-,-,-,-,-,-,-,-,-,-,-,-,-,-,-,-,-,-,-,-,-,-,-,-,-,-,-,-,-,-,-,-,-,-,-,-,-,-,-,-,-,-,-,-,-,-,-
536,Jay Stansfield,Birmingham,EPL,22 years old (24-11-2002),,England,"Attacking Midfielder (Centre, Left), Forward",,,0(1),1.0,-,-,-,-,-,-,-,6.0,,,-,-,-,-,-,-,-,-,-,-,-,-,-,-,-,-,-,-,-,-,-,-,1,-,-,-,-,-,-,-,-,-,-,-,-,-,-,-,-,-,-,-,-,-,-,-,-
537,Joel Ward,Crystal Palace,EPL,35 years old (29-10-1989),"1,86m",England,"Defender (Centre, Left, Right), Defensive Midfielder (C), Midfielder (Right)",Right-Back,right,0(1),1.0,-,-,-,-,-,1,-,6.0,"Jun 30, 2025",€600k,-,-,-,-,-,-,-,-,-,-,-,-,-,-,1,1,-,-,-,-,-,-,-,-,-,-,-,-,-,-,-,-,2,-,-,-,2,-,-,-,-,-,-,-,-,-,-
538,Kaelan Casey,West Ham United,EPL,20 years old (28-10-2004),"1,85m",England,Defender,Centre-Back,right,0(1),1.0,-,-,-,-,-,1,-,6.0,"Jun 30, 2027",€1.00m,-,-,-,-,-,-,-,-,-,-,-,-,-,-,1,1,-,-,-,-,-,-,-,-,1,-,-,-,-,-,-,-,-,-,-,-,-,-,-,-,-,-,-,-,-,-,-
539,Nasser Djiga,Wolverhampton Wanderers,EPL,22 years old (15-11-2002),"1,92m",Burkina Faso,Defender (Centre),Centre-Back,right,0(3),19.0,-,-,-,-,100,0.3,-,6.0,"Jun 30, 2030",€10.00m,-,-,-,-,-,-,-,-,-,-,-,-,0.3,0.7,0.7,0.3,0.3,-,-,-,0.7,-,-,-,1,-,-,-,-,-,-,-,2.7,-,-,2.7,-,-,-,-,-,-,-,-,-,-,-
540,Remy Rees-Dottin,AFC Bournemouth,EPL,19 years old (06-03-2006),174cm,England,Forward,,,0(1),1.0,-,-,-,-,-,-,-,6.0,,,-,-,-,-,-,-,-,-,-,-,-,-,-,-,-,-,-,-,-,-,-,-,-,-,-,-,-,-,-,-,-,-,-,-,-,-,-,-,-,-,-,-,-,-,-,-,-
541,Shumaira Mheuka,Chelsea FC,EPL,17 years old (20-10-2007),182cm,,Forward,,,0(1),1.0,-,-,-,-,-,1,-,6.0,,,1,-,-,-,-,1,-,-,1,-,-,-,-,-,1,1,-,-,-,-,-,-,-,-,-,-,-,-,-,-,-,-,-,-,-,-,-,-,-,-,-,-,-,-,-,-,-
542,Vitor Reis,Manchester City,EPL,19 years old (12-01-2006),"1,86m",Brazil,Defender (Centre),Centre-Back,right,0(1),1.0,-,-,-,-,100,-,-,6.0,"Jun 30, 2029",€30.00m,-,-,-,-,-,-,-,-,-,1,-,1,-,-,-,-,-,-,-,-,-,-,-,-,1,-,-,-,-,-,-,-,2,-,-,2,-,-,-,-,-,-,-,-,-,-,-
543,Will Alves,Cardiff,EPL,19 years old (04-05-2005),192cm,,Midfielder,,,0(1),1.0,-,-,-,-,100,-,-,6.0,,,-,-,-,-,-,-,-,-,-,-,-,-,-,-,-,-,-,-,-,-,-,-,-,-,-,-,-,-,-,-,-,-,1,-,-,1,-,-,-,-,-,-,-,-,-,-,-
544,Zain Silcott-Duberry,AFC Bournemouth,EPL,19 years old (09-07-2005),183cm,England,Forward,,,0(1),1.0,-,-,-,-,50,-,-,6.0,,,-,-,-,-,-,-,-,-,-,-,-,-,-,-,1,-,1,1,-,1,-,-,-,-,-,-,-,-,-,-,-,-,2,-,-,1,1,-,-,-,-,-,-,-,-,-,-
545,Will Lankshear,West Bromwich Albion,EPL,19 years old (20-04-2005),188cm,England,Forward,,,0(3),10.0,-,-,-,-,-,-,-,6.0,,,-,-,-,-,-,-,-,-,-,-,-,-,0.7,-,-,-,-,-,-,-,-,-,0.7,-,-,-,-,-,-,-,-,-,0.3,-,-,-,0.3,-,-,-,-,-,-,-,-,-,-
546,Ali Al-Hamadi,Stoke,EPL,23 years old (01-03-2002),183cm,Iraq,Forward,,,0(11),125.0,-,-,3,-,83.3,0.5,-,5.99,,,0.4,-,-,-,-,0.4,-,-,0.4,0.6,0.3,0.4,0.6,0.4,1.4,0.5,0.9,0.1,0.2,0.3,-,0.3,0.7,0.1,0.2,-,-,-,-,-,-,-,2.7,-,-,2.3,0.5,0.2,-,0.2,-,-,-,-,-,-,-
547,Ross Stewart,Southampton FC,EPL,28 years old (11-07-1996),"1,88m",Scotland,"Attacking Midfielder (Left), Forward",Centre-Forward,right,1(5),167.0,-,-,1,-,78.2,1,-,5.99,"Jun 30, 2026",€4.50m,0.3,-,-,-,-,0.3,-,-,0.3,0.3,0.2,0.2,0.2,1,2.2,1,1.2,-,0.7,0.7,-,0.8,0.7,0.2,0.7,-,-,0.5,-,-,-,-,9.2,-,0.2,7.2,1.8,-,-,-,-,-,-,-,-,-,-
548,George Edmundson,Middlesbrough,EPL,27 years old (15-08-1997),190cm,England,Defender (Centre),,,0(1),1.0,-,-,-,-,50,-,-,5.99,,,-,-,-,-,-,-,-,-,-,-,-,-,-,-,-,-,-,-,-,-,-,-,-,-,-,-,-,-,-,-,-,-,2,-,-,1,1,-,-,-,-,-,-,-,-,-,-
549,Ryan Fraser,Southampton FC,EPL,31 years old (24-02-1994),"1,63m",Scotland,"Midfielder (Centre, Left, Right), Forward",Left Winger,right,4(4),307.0,-,-,-,1,85.1,0.3,-,5.96,"Jun 30, 2026",€3.00m,0.1,-,-,-,-,0.1,0.1,-,-,0.4,0.1,0.3,0.5,0.3,0.6,0.3,0.4,0.8,0.3,1,0.1,0.5,0.1,0.1,1,0.1,0.1,-,-,-,-,-,10.9,0.1,-,9.1,1.6,0.3,-,0.3,-,-,-,-,-,-,-
550,Danny Ward,Leicester City,EPL,31 years old (22-06-1993),"1,91m",Wales,Goalkeeper,Goalkeeper,right,1(1),135.0,-,-,-,-,72.7,-,-,5.95,"Jun 30, 2025",€1.50m,-,-,-,-,-,-,-,-,-,0.5,0.5,-,-,-,-,-,-,-,-,-,-,-,-,-,0.5,-,-,-,2,-,1.5,0.5,22,6,6,10,-,-,-,-,-,-,-,-,-,-,-
551,Odsonne Édouard,Leicester City,EPL,27 years old (16-01-1998),"1,87m",France,"Attacking Midfielder (Left), Forward",Centre-Forward,right,1(1),116.0,-,-,-,-,63,0.5,-,5.95,"Jun 30, 2025",€10.00m,2.5,-,-,-,-,2.5,1,-,1.5,0.5,0.5,-,2,0.5,2.5,0.5,2,0.5,1,1.5,-,-,2,1,0.5,-,-,0.5,-,-,-,-,13.5,0.5,-,8,5,0.5,-,0.5,-,-,-,-,-,-,-
552,Callum Wilson,Newcastle United,EPL,33 years old (27-02-1992),"1,80m",England,Forward,Centre-Forward,right,1(11),230.0,-,-,1,-,70.6,0.1,-,5.94,"Jun 30, 2025",€11.00m,0.4,-,-,-,-,0.4,-,-,0.4,0.4,0.3,0.1,0.5,0.6,1,0.1,0.9,0.2,0.2,0.3,0.1,0.1,0.2,0.1,0.1,-,-,0.2,-,-,-,-,2.8,-,-,2,0.8,0.1,-,0.1,-,-,-,-,-,-,-
553,Harrison Armstrong,Derby,EPL,18 years old (19-01-2007),185cm,,Defensive Midfielder (C),,,0(3),47.0,-,-,1,-,53.8,-,-,5.94,,,0.3,-,-,-,-,0.3,-,0.3,-,0.3,-,0.3,0.7,1,0.7,-,0.7,-,0.3,0.3,-,0.7,0.7,-,0.3,-,-,-,-,-,-,-,4.3,0.3,1,2,1,0.3,-,0.3,-,-,-,-,-,-,-
554,Frank Onyeka,FC Augsburg,EPL,27 years old (01-01-1998),183cm,Nigeria,Defensive Midfielder (C),,,0(2),23.0,-,-,-,-,85.7,-,-,5.94,,,-,-,-,-,-,-,-,-,-,-,-,-,1,0.5,-,-,-,-,-,-,-,-,1,-,-,-,-,-,-,-,-,-,3.5,-,-,3,0.5,-,-,-,-,-,-,-,-,-,-
555,Marcus Harness,Derby,EPL,29 years old (24-02-1996),182cm,England,"Midfielder (Centre, Left, Right), Forward",,,0(2),43.0,-,-,-,-,62.5,-,-,5.94,,,-,-,-,-,-,-,-,-,-,0.5,0.5,-,-,-,-,-,-,0.5,1.5,2,-,-,-,0.5,0.5,0.5,-,0.5,-,-,-,-,8,-,0.5,5,2.5,-,-,-,-,-,-,-,-,-,-
556,Jaden Philogene,Ipswich Town,EPL,23 years old (08-02-2002),"1,81m",England,"Midfielder (Left, Right)",Left Winger,right,2(9),326.0,-,-,2,1,76.5,-,-,5.92,"Jun 30, 2029",€18.00m,0.6,-,-,-,-,0.6,0.3,0.1,0.3,1.4,1,0.4,0.6,0.3,0.5,-,0.5,1,0.2,1.2,0.3,0.7,1.1,0.1,0.1,-,0.1,0.5,-,-,-,-,7.4,-,0.1,5.6,1.6,0.1,-,0.1,-,-,-,-,-,-,-
557,Jordan Ayew,Leicester City,EPL,33 years old (11-09-1991),"1,82m",Ghana,"Attacking Midfielder (Centre, Left, Right), Forward",Right Winger,right,0(1),20.0,-,-,1,-,88.9,1,-,5.9,"Jun 30, 2026",€3.50m,1,-,-,-,-,1,-,1,-,-,-,-,-,1,2,1,1,1,-,1,-,-,1,-,-,-,-,-,-,-,-,-,9,1,-,7,1,1,-,1,-,-,-,-,-,-,-
558,Jeremy Monga,Leicester City,EPL,15 years old (10-07-2009),,,Midfielder,,,0(1),16.0,-,-,-,-,66.7,-,-,5.87,,,-,-,-,-,-,-,-,-,-,2,2,-,1,1,1,-,1,-,-,-,-,-,-,-,-,-,-,-,-,-,-,-,6,-,-,4,2,-,-,-,-,-,-,-,-,-,-
559,Mason Holgate,West Bromwich Albion,EPL,28 years old (22-10-1996),184cm,England,"Defender (Centre, Right), Defensive Midfielder (C), Midfielder (Right)",,,0(1),5.0,-,-,-,-,-,-,-,5.87,,,-,-,-,-,-,-,-,-,-,-,-,-,1,-,1,-,1,-,-,-,-,-,-,-,-,-,-,-,-,-,-,-,-,-,-,-,-,-,-,-,-,-,-,-,-,-,-
560,Harry Clarke,Sheffield United,EPL,24 years old (02-03-2001),180cm,England,"Defender (Centre, Right), Midfielder (Right)",,,4(3),378.0,-,-,1,1,82.2,1.4,-,5.85,,,0.1,-,-,-,-,0.1,-,0.1,-,0.3,0.1,0.1,0.6,0.3,2,1.4,0.6,0.7,0.4,1.1,0.6,0.1,0.7,-,1.7,0.6,0.3,0.1,-,-,-,-,29.7,2,2.1,22.4,3.1,0.1,-,0.1,-,-,-,-,-,-,-
561,Jayden Danns,Liverpool FC,EPL,19 years old (16-01-2006),183cm,England,Forward,,,0(1),10.0,-,-,-,-,100,-,-,5.84,,,-,-,-,-,-,-,-,-,-,-,-,-,-,1,-,-,-,-,1,1,-,-,-,-,-,-,-,-,-,-,-,-,1,-,-,1,-,-,-,-,-,-,-,-,-,-,-
562,Ben Godfrey,Ipswich Town,EPL,27 years old (15-01-1998),"1,84m",England,"Defender (Centre, Left, Right)",Centre-Back,right,2,110.0,-,-,1,-,83.3,1,-,5.54,"Jun 30, 2025",€8.00m,-,-,-,-,-,-,-,-,-,-,-,-,1,0.5,1,1,-,-,-,-,1,-,0.5,-,0.5,0.5,-,-,-,-,-,-,24,-,0.5,20,3.5,-,-,-,-,-,-,-,-,-,-
563,Altay Bayindir,Manchester United,EPL,27 years old (14-04-1998),"1,98m",Turkey,Goalkeeper,Goalkeeper,right,1,90.0,-,-,-,-,49.1,1,-,4.94,"Jun 30, 2027",€10.00m,-,-,-,-,-,-,-,-,-,-,-,-,-,-,2,1,1,-,1,1,-,-,-,-,3,-,-,-,2,1,1,-,57,10,27,18,2,-,-,-,-,-,-,-,-,-,-
564,Matai Akinmboni,AFC Bournemouth,EPL,,"1,88m",,,Centre-Back,left,,,,,,,,,,,-,€1.00m,,,,,,,,,,,,,,,,,,,,,,,,,,,,,,,,,,,,,,,,,,,,,,,
565,Will Dennis,AFC Bournemouth,EPL,,"1,88m",,,Goalkeeper,right,,,,,,,,,,,"Jun 30, 2028",€350k,,,,,,,,,,,,,,,,,,,,,,,,,,,,,,,,,,,,,,,,,,,,,,,
566,Kortney Hause,Aston Villa,EPL,,"1,91m",,,Centre-Back,left,,,,,,,,,,,"Jun 30, 2025",€2.00m,,,,,,,,,,,,,,,,,,,,,,,,,,,,,,,,,,,,,,,,,,,,,,,
567,Aaron Hickey,Brentford FC,EPL,,"1,85m",,,Right-Back,both,,,,,,,,,,,"Jun 30, 2028",€18.00m,,,,,,,,,,,,,,,,,,,,,,,,,,,,,,,,,,,,,,,,,,,,,,,
568,Josh Dasilva,Brentford FC,EPL,,"1,84m",,,Central Midfield,left,,,,,,,,,,,"Jun 30, 2025",€7.00m,,,,,,,,,,,,,,,,,,,,,,,,,,,,,,,,,,,,,,,,,,,,,,,
569,Igor,Brighton & Hove Albion,EPL,,"1,88m",,,Centre-Back,left,,,,,,,,,,,"Jun 30, 2027",€22.00m,,,,,,,,,,,,,,,,,,,,,,,,,,,,,,,,,,,,,,,,,,,,,,,
570,Tom McGill,Brighton & Hove Albion,EPL,,"1,85m",,,Goalkeeper,right,,,,,,,,,,,"Jun 30, 2025",€600k,,,,,,,,,,,,,,,,,,,,,,,,,,,,,,,,,,,,,,,,,,,,,,,
571,Carl Rushworth,Brighton & Hove Albion,EPL,,"1,91m",,,Goalkeeper,,,,,,,,,,,,"Jun 30, 2027",€3.00m,,,,,,,,,,,,,,,,,,,,,,,,,,,,,,,,,,,,,,,,,,,,,,,
572,David Datro Fofana,Chelsea FC,EPL,,"1,82m",,,Centre-Forward,right,,,,,,,,,,,"Jun 30, 2029",€8.50m,,,,,,,,,,,,,,,,,,,,,,,,,,,,,,,,,,,,,,,,,,,,,,,
573,Omari Kellyman,Chelsea FC,EPL,,"1,91m",,,Attacking Midfield,left,,,,,,,,,,,"Jun 30, 2030",€1.50m,,,,,,,,,,,,,,,,,,,,,,,,,,,,,,,,,,,,,,,,,,,,,,,
574,Marcus Bettinelli,Chelsea FC,EPL,,"1,93m",,,Goalkeeper,right,,,,,,,,,,,"Jun 30, 2026",€800k,,,,,,,,,,,,,,,,,,,,,,,,,,,,,,,,,,,,,,,,,,,,,,,
575,Lucas Bergström,Chelsea FC,EPL,,"2,05m",,,Goalkeeper,right,,,,,,,,,,,"Jun 30, 2025",€700k,,,,,,,,,,,,,,,,,,,,,,,,,,,,,,,,,,,,,,,,,,,,,,,
576,Aarón Anselmino,Chelsea FC,EPL,,"1,86m",,,Centre-Back,right,,,,,,,,,,,"Jun 30, 2031",€8.00m,,,,,,,,,,,,,,,,,,,,,,,,,,,,,,,,,,,,,,,,,,,,,,,
577,Matt Turner,Crystal Palace,EPL,,"1,91m",,,Goalkeeper,right,,,,,,,,,,,"Jun 30, 2025",€4.00m,,,,,,,,,,,,,,,,,,,,,,,,,,,,,,,,,,,,,,,,,,,,,,,
578,Remi Matthews,Crystal Palace,EPL,,"1,92m",,,Goalkeeper,right,,,,,,,,,,,"Jun 30, 2025",€500k,,,,,,,,,,,,,,,,,,,,,,,,,,,,,,,,,,,,,,,,,,,,,,,
579,Kaden Rodney,Crystal Palace,EPL,,-,,,Defensive Midfield,right,,,,,,,,,,,-,€200k,,,,,,,,,,,,,,,,,,,,,,,,,,,,,,,,,,,,,,,,,,,,,,,
580,Malcolm Ebiowei,Crystal Palace,EPL,,"1,85m",,,Right Winger,left,,,,,,,,,,,"Jun 30, 2027",€1.20m,,,,,,,,,,,,,,,,,,,,,,,,,,,,,,,,,,,,,,,,,,,,,,,
581,João Virgínia,Everton FC,EPL,,"1,92m",,,Goalkeeper,left,,,,,,,,,,,"Jun 30, 2025",€800k,,,,,,,,,,,,,,,,,,,,,,,,,,,,,,,,,,,,,,,,,,,,,,,
582,Asmir Begovic,Everton FC,EPL,,"1,99m",,,Goalkeeper,right,,,,,,,,,,,"Jun 30, 2025",€300k,,,,,,,,,,,,,,,,,,,,,,,,,,,,,,,,,,,,,,,,,,,,,,,
583,Saša Lukić,Fulham FC,EPL,,"1,82m",,,Central Midfield,right,,,,,,,,,,,"Jun 30, 2027",€10.00m,,,,,,,,,,,,,,,,,,,,,,,,,,,,,,,,,,,,,,,,,,,,,,,
584,Steven Benda,Fulham FC,EPL,,"1,92m",,,Goalkeeper,right,,,,,,,,,,,"Jun 30, 2026",€1.00m,,,,,,,,,,,,,,,,,,,,,,,,,,,,,,,,,,,,,,,,,,,,,,,
585,Cieran Slicker,Ipswich Town,EPL,,-,,,Goalkeeper,,,,,,,,,,,,"Jun 30, 2028",€300k,,,,,,,,,,,,,,,,,,,,,,,,,,,,,,,,,,,,,,,,,,,,,,,
586,Michael Golding,Leicester City,EPL,,"1,80m",,,Central Midfield,right,,,,,,,,,,,"Jun 30, 2028",€2.00m,,,,,,,,,,,,,,,,,,,,,,,,,,,,,,,,,,,,,,,,,,,,,,,
587,Harry Souttar,Leicester City,EPL,,"1,98m",,,Centre-Back,right,,,,,,,,,,,"Jun 30, 2028",€8.00m,,,,,,,,,,,,,,,,,,,,,,,,,,,,,,,,,,,,,,,,,,,,,,,
588,Issahaku Fatawu,Leicester City,EPL,,"1,77m",,,Right Winger,left,,,,,,,,,,,"Jun 30, 2029",€13.00m,,,,,,,,,,,,,,,,,,,,,,,,,,,,,,,,,,,,,,,,,,,,,,,
589,Daniel Iversen,Leicester City,EPL,,"1,93m",,,Goalkeeper,right,,,,,,,,,,,"Jun 30, 2025",€3.00m,,,,,,,,,,,,,,,,,,,,,,,,,,,,,,,,,,,,,,,,,,,,,,,
590,Tyler Morton,Liverpool FC,EPL,,"1,85m",,,Defensive Midfield,right,,,,,,,,,,,-,€8.00m,,,,,,,,,,,,,,,,,,,,,,,,,,,,,,,,,,,,,,,,,,,,,,,
591,Konstantinos Tsimikas,Liverpool FC,EPL,,"1,79m",,,Left-Back,left,,,,,,,,,,,"Jun 30, 2027",€20.00m,,,,,,,,,,,,,,,,,,,,,,,,,,,,,,,,,,,,,,,,,,,,,,,
592,Harvey Davies,Liverpool FC,EPL,,"1,90m",,,Goalkeeper,left,,,,,,,,,,,"Jun 30, 2025",€500k,,,,,,,,,,,,,,,,,,,,,,,,,,,,,,,,,,,,,,,,,,,,,,,
593,Claudio Echeverri,Manchester City,EPL,,"1,70m",,,Attacking Midfield,right,,,,,,,,,,,"Jun 30, 2028",€18.00m,,,,,,,,,,,,,,,,,,,,,,,,,,,,,,,,,,,,,,,,,,,,,,,
594,Scott Carson,Manchester City,EPL,,"1,88m",,,Goalkeeper,right,,,,,,,,,,,"Jun 30, 2025",€200k,,,,,,,,,,,,,,,,,,,,,,,,,,,,,,,,,,,,,,,,,,,,,,,
595,Tom Heaton,Manchester United,EPL,,"1,88m",,,Goalkeeper,right,,,,,,,,,,,"Jun 30, 2025",€250k,,,,,,,,,,,,,,,,,,,,,,,,,,,,,,,,,,,,,,,,,,,,,,,
596,Odysseas Vlachodimos,Newcastle United,EPL,,"1,91m",,,Goalkeeper,right,,,,,,,,,,,-,€7.00m,,,,,,,,,,,,,,,,,,,,,,,,,,,,,,,,,,,,,,,,,,,,,,,
597,Mark Gillespie,Newcastle United,EPL,,"1,91m",,,Goalkeeper,right,,,,,,,,,,,"Jun 30, 2025",€300k,,,,,,,,,,,,,,,,,,,,,,,,,,,,,,,,,,,,,,,,,,,,,,,
598,John Ruddy,Newcastle United,EPL,,"1,92m",,,Goalkeeper,right,,,,,,,,,,,"Jun 30, 2025",€200k,,,,,,,,,,,,,,,,,,,,,,,,,,,,,,,,,,,,,,,,,,,,,,,
599,Jamaal Lascelles,Newcastle United,EPL,,"1,88m",,,Centre-Back,right,,,,,,,,,,,"Jun 30, 2025",€6.00m,,,,,,,,,,,,,,,,,,,,,,,,,,,,,,,,,,,,,,,,,,,,,,,
600,Jamal Lewis,Newcastle United,EPL,,"1,78m",,,Left-Back,left,,,,,,,,,,,"Jun 30, 2025",€3.00m,,,,,,,,,,,,,,,,,,,,,,,,,,,,,,,,,,,,,,,,,,,,,,,
601,Carlos Miguel,Nottingham Forest,EPL,,"2,04m",,,Goalkeeper,left,,,,,,,,,,,"Jun 30, 2028",€4.00m,,,,,,,,,,,,,,,,,,,,,,,,,,,,,,,,,,,,,,,,,,,,,,,
602,Wayne Hennessey,Nottingham Forest,EPL,,"1,98m",,,Goalkeeper,right,,,,,,,,,,,"Jun 30, 2025",€175k,,,,,,,,,,,,,,,,,,,,,,,,,,,,,,,,,,,,,,,,,,,,,,,
603,Gavin Bazunu,Southampton FC,EPL,,"1,88m",,,Goalkeeper,right,,,,,,,,,,,"Jun 30, 2027",€11.00m,,,,,,,,,,,,,,,,,,,,,,,,,,,,,,,,,,,,,,,,,,,,,,,
604,Joachim Kayi Sanda,Southampton FC,EPL,,"1,86m",,,Centre-Back,right,,,,,,,,,,,"Jun 30, 2029",€1.50m,,,,,,,,,,,,,,,,,,,,,,,,,,,,,,,,,,,,,,,,,,,,,,,
605,Juan Larios,Southampton FC,EPL,,"1,70m",,,Left-Back,left,,,,,,,,,,,"Jun 30, 2027",€4.50m,,,,,,,,,,,,,,,,,,,,,,,,,,,,,,,,,,,,,,,,,,,,,,,
606,Alfie Whiteman,Tottenham Hotspur,EPL,,"1,88m",,,Goalkeeper,right,,,,,,,,,,,"Jun 30, 2025",€500k,,,,,,,,,,,,,,,,,,,,,,,,,,,,,,,,,,,,,,,,,,,,,,,
607,Radu Drăgușin,Tottenham Hotspur,EPL,,"1,91m",,,Centre-Back,right,,,,,,,,,,,"Jun 30, 2030",€25.00m,,,,,,,,,,,,,,,,,,,,,,,,,,,,,,,,,,,,,,,,,,,,,,,
608,Wes Foderingham,West Ham United,EPL,,"1,85m",,,Goalkeeper,left,,,,,,,,,,,"Jun 30, 2026",€900k,,,,,,,,,,,,,,,,,,,,,,,,,,,,,,,,,,,,,,,,,,,,,,,
609,Andrew Irving,West Ham United,EPL,,"1,90m",,,Central Midfield,left,,,,,,,,,,,"Jun 30, 2026",€5.00m,,,,,,,,,,,,,,,,,,,,,,,,,,,,,,,,,,,,,,,,,,,,,,,
610,Daniel Bentley,Wolverhampton Wanderers,EPL,,"1,93m",,,Goalkeeper,,,,,,,,,,,,"Jun 30, 2027",€2.00m,,,,,,,,,,,,,,,,,,,,,,,,,,,,,,,,,,,,,,,,,,,,,,,
611,Tom King,Wolverhampton Wanderers,EPL,,"1,94m",,,Goalkeeper,right,,,,,,,,,,,"Jun 30, 2027",€200k,,,,,,,,,,,,,,,,,,,,,,,,,,,,,,,,,,,,,,,,,,,,,,,
612,Nathan Fraser,Wolverhampton Wanderers,EPL,,"1,88m",,,Centre-Forward,right,,,,,,,,,,,"Jun 30, 2028",€600k,,,,,,,,,,,,,,,,,,,,,,,,,,,,,,,,,,,,,,,,,,,,,,,
613,Sasa Kalajdzic,Wolverhampton Wanderers,EPL,,"2,00m",,,Centre-Forward,right,,,,,,,,,,,"Jun 30, 2027",€5.00m,,,,,,,,,,,,,,,,,,,,,,,,,,,,,,,,,,,,,,,,,,,,,,,
614,Enso González,Wolverhampton Wanderers,EPL,,"1,69m",,,Left Winger,left,,,,,,,,,,,"Jun 30, 2029",€4.00m,,,,,,,,,,,,,,,,,,,,,,,,,,,,,,,,,,,,,,,,,,,,,,,
615,Bastien Meupiyou,Wolverhampton Wanderers,EPL,,"1,91m",,,Centre-Back,left,,,,,,,,,,,"Jun 30, 2029",€2.50m,,,,,,,,,,,,,,,,,,,,,,,,,,,,,,,,,,,,,,,,,,,,,,,
