,Player,Club,League,Age,Height_all,National,Positions,Main_position,Foot,Apps,Mins,Goals,Assists,Yel,Red,PS%,AerialsWon,MotM,Rating,Contract,Market_Value,SpG,TotGs,OOGBs,SYBGs,PAGs,TotSh,OOBSh,SYBSh,PASh,TotDrib,UnDrib,SucDrib,UnTch,Dispo,TotAD,WonAD,LostAD,TotTkl,DribPast,AttTkl,Intercpt,Fouled,Fouls,COF,Clr,BlkSh,BlkCr,BlkPs,TotSav,OOBSav,SYBSav,PASav,TotPs,AccLB,InAccLB,AccSP,InAccSP,TotKPs,LKPs,SKPs,TotAss,CrAss,CorAss,ThrbAss,FreAss,ThrInAss,OthAss
0,Mohamed Salah,Liverpool FC,EPL,32 years old (15-06-1992),"1,75m",Egypt,"Attacking Midfielder (Centre, Left, Right), Forward",Right Winger,left,32,2840.0,27,18,1,-,74.3,0.3,10,7.75,"Jun 30, 2027",€55.00m,3.4,0.8,-,0.2,0.7,3.4,0.3,0.4,2.7,3.7,2,1.6,3.1,1.8,0.7,0.3,0.4,0.6,0.2,0.8,0.2,1,0.7,0.5,0.2,-,-,0.3,-,-,-,-,31,0.7,0.7,22.3,7.3,2.3,0.2,2.2,0.6,0.1,-,-,-,-,0.5
1,Bukayo Saka,Arsenal FC,EPL,23 years old (05-09-2001),"1,78m",England,"Defender (Left), Midfielder (Centre, Left, Right)",Right Winger,left,16(3),1372.0,6,10,3,-,84.3,0.4,6,7.59,"Jun 30, 2027",€150.00m,2.7,0.3,-,0.1,0.3,2.7,0.6,0.2,1.9,4.3,2.4,1.9,1.4,1.9,1.4,0.4,0.9,1.2,0.5,1.7,0.1,1.8,0.7,0.2,0.3,-,0.1,0.9,-,-,-,-,24.1,0.3,0.5,20.1,3.3,2.3,0.6,1.7,0.5,0.3,0.2,0.1,-,-,0.2
2,Alexander Isak,Newcastle United,EPL,25 years old (21-09-1999),"1,92m",Sweden,"Attacking Midfielder (Left), Forward",Centre-Forward,right,29,2351.0,21,6,1,-,75.2,0.9,5,7.44,"Jun 30, 2028",€100.00m,2.9,0.7,0.1,0.3,0.3,2.9,0.5,0.3,2,2.9,1.4,1.4,2,1.7,2.5,0.9,1.6,0.4,0.2,0.7,0.1,0.4,0.8,0.7,0.5,0.1,-,0.5,-,-,-,-,19.2,0.4,0.4,14,4.4,1.3,0.1,1.2,0.2,-,-,-,-,-,0.2
3,Matheus Cunha,Wolverhampton Wanderers,EPL,25 years old (27-05-1999),"1,83m",Brazil,"Attacking Midfielder (Centre, Left), Forward",Centre-Forward,right,24(3),2168.0,14,4,3,-,77.9,0.4,8,7.37,"Jun 30, 2029",€55.00m,3.3,0.5,0.2,-,0.3,3.3,1.6,0.1,1.6,4.4,2.5,1.9,2.5,1.6,1.2,0.4,0.9,1.2,0.9,2.1,0.6,2.2,1.4,0.3,0.7,-,0.1,0.6,-,-,-,-,28.8,1.4,1.2,21,5.1,1.7,0.2,1.5,0.1,-,-,-,-,-,0.1
4,Erling Haaland,Manchester City,EPL,24 years old (21-07-2000),"1,95m",Norway,Forward,Centre-Forward,left,28,2484.0,21,3,2,-,66.4,1.8,6,7.37,"Jun 30, 2034",€200.00m,3.6,0.8,0.1,0.1,0.5,3.6,0.3,0.7,2.6,1.1,0.8,0.4,1.4,0.9,3.4,1.8,1.6,0.3,0.1,0.5,0.2,0.4,0.8,0.1,0.8,-,-,0.4,-,-,-,-,12,0.1,-,7.9,4,0.9,-,0.9,0.1,-,-,-,-,-,0.1
5,Cole Palmer,Chelsea FC,EPL,22 years old (06-05-2002),"1,85m",England,"Attacking Midfielder (Centre, Right), Forward",Attacking Midfield,left,30(1),2659.0,14,8,6,-,82.9,-,5,7.37,"Jun 30, 2033",€130.00m,3.6,0.5,0.1,-,0.3,3.6,1.8,0.1,1.8,3.2,1.8,1.4,1.8,1,0.3,-,0.2,0.8,0.4,1.2,0.2,1.7,0.4,0.2,0.5,-,-,0.4,-,-,-,-,35.4,2.5,1.1,26.9,4.9,2.5,0.6,1.8,0.3,-,-,-,-,-,0.2
6,Bryan Mbeumo,Brentford FC,EPL,25 years old (07-08-1999),"1,71m",Cameroon,"Attacking Midfielder (Left, Right), Forward",Right Winger,left,32,2877.0,16,5,2,-,74.7,1,4,7.27,"Jun 30, 2026",€50.00m,2.1,0.5,0.1,-,0.4,2.1,0.6,0.1,1.4,2.8,1.6,1.2,2.7,1.2,3.1,1,2.1,1.2,0.3,1.5,0.4,1.1,0.7,0.3,1.2,0.1,0.1,0.6,-,-,-,-,28.3,0.7,0.7,20.4,6.5,1.8,0.3,1.4,0.2,0.1,-,-,-,-,0.1
7,Luis Díaz,Liverpool FC,EPL,28 years old (13-01-1997),"1,80m",Colombia,"Attacking Midfielder (Left, Right), Forward",Left Winger,right,24(7),2072.0,11,5,2,-,86.1,0.4,5,7.24,"Jun 30, 2027",€85.00m,2,0.4,-,-,0.3,2,0.4,0.3,1.4,3.4,1.9,1.5,1.6,1.4,1.3,0.4,0.9,1,0.7,1.7,0.2,0.9,1.5,0.3,0.2,-,-,0.5,-,-,-,-,23.9,1,0.2,19.6,3.1,1.6,-,1.5,0.2,-,-,-,-,-,0.2
8,Omar Marmoush,Manchester City,EPL,26 years old (07-02-1999),"1,83m",Egypt,"Attacking Midfielder (Centre, Left), Forward",Centre-Forward,right,9(1),742.0,6,-,-,-,83.9,0.3,1,7.24,"Jun 30, 2029",€75.00m,3,0.6,0.2,-,0.4,3,1.6,-,1.4,2.2,1.6,0.6,2.8,0.9,0.8,0.3,0.5,1.1,0.6,1.7,0.5,1.7,0.8,0.8,0.3,0.1,-,0.8,-,-,-,-,18.6,0.1,-,15.5,3,1,0.1,0.9,-,-,-,-,-,-,-
9,Bruno Fernandes,Manchester United,EPL,30 years old (08-09-1994),"1,79m",Portugal,"Midfielder (Centre, Left, Right), Forward",Attacking Midfield,right,31,2642.0,8,9,2,2,80.5,0.6,4,7.23,"Jun 30, 2027",€55.00m,2.5,0.3,0.2,-,0.1,2.5,1.5,-,1,2,1.2,0.8,1.1,1.2,1.5,0.6,0.9,2.4,1.5,3.8,0.8,1.2,0.8,0.1,0.9,0.1,0.2,0.8,-,-,-,-,55,4.1,2.9,40.2,7.8,2.5,0.4,2.1,0.3,0.1,0.1,0.1,-,-,0.1
10,Antoine Semenyo,AFC Bournemouth,EPL,25 years old (07-01-2000),"1,85m",Ghana,"Attacking Midfielder (Left, Right), Forward",Left Midfield,right,31,2740.0,8,4,9,-,77.3,1.9,3,7.22,"Jun 30, 2029",€35.00m,3.6,0.3,-,0.1,0.2,3.6,1.2,0.2,2.3,3.8,1.8,2,2.4,2.1,4.2,1.9,2.3,1.6,0.8,2.5,0.2,1.1,2,0.5,0.7,0.2,0.2,1.5,-,-,-,-,26.9,0.5,1,20.3,5.1,1.3,0.1,1.3,0.1,-,-,-,-,-,0.1
11,Mark Travers,Middlesbrough,EPL,25 years old (18-05-1999),191cm,Ireland,Goalkeeper,,,5,450.0,-,-,-,-,62.8,0.2,1,7.2,,,-,-,-,-,-,-,-,-,-,-,-,-,-,-,0.2,0.2,-,-,-,-,-,0.2,-,-,1.8,-,-,-,4,0.6,1.8,1.6,22.6,6.8,8.2,7.4,0.2,-,-,-,-,-,-,-,-,-,-
12,Jérémy Doku,Manchester City,EPL,22 years old (27-05-2002),"1,73m",Belgium,"Midfielder (Left, Right)",Left Winger,right,14(9),1277.0,3,4,1,-,84.8,-,3,7.18,"Jun 30, 2028",€55.00m,1,0.1,-,-,0.1,1,0.3,-,0.7,7.3,3.3,4,2.1,2.2,0.4,-,0.4,1.2,0.3,1.5,0.2,1.2,0.3,0.2,0.1,-,-,0.4,-,-,-,-,25.2,0.2,-,21.2,3.8,1,-,1,0.2,-,-,-,-,-,0.2
13,Amad Diallo,Manchester United,EPL,22 years old (11-07-2002),"1,73m",Ivory Coast,"Midfielder (Centre, Right)",Right Winger,left,17(5),1595.0,6,6,3,-,85.2,0.4,3,7.16,"Jun 30, 2030",€40.00m,1.8,0.3,-,-,0.3,1.8,0.6,-,1.2,3.3,1.6,1.6,1.6,1.5,1.1,0.4,0.7,1.5,0.5,2,0.5,1,0.9,0.4,0.6,-,0.1,0.5,-,-,-,-,32.5,0.5,0.6,27.3,4.2,1.8,0.3,1.5,0.3,-,-,-,-,-,0.2
14,Trent Alexander-Arnold,Liverpool FC,EPL,26 years old (07-10-1998),"1,75m",England,"Defender (Right), Defensive Midfielder (C), Midfielder (Right)",Right-Back,right,26(2),2158.0,2,6,4,-,78.2,0.1,1,7.15,"Jun 30, 2025",€75.00m,1.4,0.1,-,-,-,1.4,1,-,0.3,1,0.6,0.5,0.7,0.5,0.5,0.1,0.4,2.4,1.9,4.3,1.1,0.3,0.3,-,1.6,0.3,0.3,0.6,-,-,-,-,52.4,4.2,5.3,36.7,6.1,1.8,0.4,1.5,0.2,0.1,-,-,-,-,0.1
15,Brandon Austin,Tottenham Hotspur,EPL,26 years old (08-01-1999),"1,88m",England,Goalkeeper,Goalkeeper,right,1,90.0,-,-,-,-,66.7,4,-,7.11,"Jun 30, 2029",€600k,-,-,-,-,-,-,-,-,-,-,-,-,-,-,4,4,-,-,-,-,-,2,-,-,1,-,-,-,2,-,2,-,27,4,9,14,-,-,-,-,-,-,-,-,-,-,-
16,Son Heung-Min,Tottenham Hotspur,EPL,32 years old (08-07-1992),"1,84m",South Korea,"Midfielder (Centre, Left, Right), Forward",Left Winger,both,23(5),2012.0,7,9,1,-,84,0.2,3,7.09,"Jun 30, 2026",€30.00m,2,0.3,-,-,0.3,2,0.6,-,1.3,2.9,1.9,1,0.9,1,0.6,0.2,0.4,0.6,0.6,1.3,0.2,1,0.2,0.4,0.5,-,-,0.4,-,-,-,-,28.6,0.5,0.2,23.5,4.4,1.8,0.1,1.7,0.3,-,-,0.1,-,-,0.2
17,Antonee Robinson,Fulham FC,EPL,27 years old (08-08-1997),"1,83m",USA,"Defender (Left), Midfielder (Left)",Left-Back,left,31(1),2808.0,-,10,8,-,80.5,1.4,4,7.09,"Jun 30, 2028",€35.00m,0.5,-,-,-,-,0.5,0.4,-,0.1,2.3,1.3,1,1.3,0.5,2.2,1.4,0.8,2.6,1.3,3.9,1.7,0.5,0.9,0.2,3.3,0.2,0.3,0.9,-,-,-,-,45.8,1.9,2.2,35,6.8,1.3,0.2,1.1,0.3,0.1,-,-,-,-,0.2
18,Kai Havertz,Arsenal FC,EPL,25 years old (11-06-1999),"1,93m",Germany,"Midfielder (Centre, Right), Forward",Centre-Forward,left,21,1842.0,9,3,4,-,79.9,3,1,7.09,"Jun 30, 2028",€70.00m,2.5,0.4,-,0.1,0.2,2.5,0.3,0.6,1.6,1.8,1.4,0.4,2,1,6.6,3,3.5,0.8,0.5,1.3,0.3,1,1.7,0.7,1.4,0.2,-,0.9,-,-,-,-,23.5,-,0.2,18.7,4.5,0.8,-,0.8,0.1,-,-,-,-,-,0.1
19,Youri Tielemans,Aston Villa,EPL,27 years old (07-05-1997),"1,77m",Belgium,Midfielder (Centre),Central Midfield,right,32,2742.0,2,6,4,-,86.3,0.7,4,7.09,"Jun 30, 2027",€35.00m,1.1,0.1,-,-,0.1,1.1,0.6,0.1,0.5,1.7,0.8,0.9,0.9,0.8,1.2,0.7,0.5,2.4,1,3.3,0.7,1.5,1.3,-,1.3,0.5,-,0.6,-,-,-,-,54.8,2.3,1.4,45,6.1,1.8,0.4,1.3,0.2,0.1,0.1,0.1,-,-,-
20,Virgil van Dijk,Liverpool FC,EPL,33 years old (08-07-1991),"1,95m",Netherlands,Defender (Centre),Centre-Back,right,32,2880.0,2,1,3,-,91.7,3.2,2,7.08,"Jun 30, 2027",€28.00m,0.7,0.1,-,-,-,0.7,0.1,0.2,0.4,0.2,0.1,0.1,0.2,0.2,4.5,3.2,1.3,1.1,0.3,1.3,1.6,0.4,0.5,-,5.2,0.4,-,0.3,-,-,-,-,77.9,4,3.2,67.4,3.2,0.3,-,0.3,-,-,-,-,-,-,-
21,Daniel Muñoz,Crystal Palace,EPL,28 years old (26-05-1996),"1,81m",Colombia,"Defender (Centre, Right), Defensive Midfielder (C), Midfielder (Right)",Right-Back,right,31,2693.0,4,4,8,-,74.7,1.6,1,7.08,"Jun 30, 2028",€25.00m,1,0.1,-,-,0.1,1,0.1,0.2,0.7,1.5,1,0.6,1.5,0.6,3.8,1.6,2.2,3.4,1.2,4.6,1.2,0.6,1.5,0.4,2.4,0.1,0.4,1,-,-,-,-,30.9,0.8,1.3,22.3,6.5,1.2,-,1.1,0.1,-,-,-,-,-,0.1
22,James Tarkowski,Everton FC,EPL,32 years old (19-11-1992),"1,85m",England,Defender (Centre),Centre-Back,right,32,2872.0,1,1,6,-,81.5,3.2,2,7.08,"Jun 30, 2026",€10.00m,0.4,-,-,-,-,0.4,-,0.1,0.3,0.2,0.1,0.2,0.4,0.2,4.3,3.2,1.1,1.9,0.5,2.4,1.3,0.8,1.1,0.1,6.4,1.3,0.1,0.5,-,-,-,-,39,3.9,3.3,27.8,4,0.5,0.1,0.3,-,-,-,-,-,-,-
23,Jarrod Bowen,West Ham United,EPL,28 years old (20-12-1996),"1,76m",England,"Attacking Midfielder (Centre, Left, Right), Forward",Right Winger,left,28,2461.0,8,5,1,-,79.4,0.3,4,7.06,"Jun 30, 2030",€45.00m,2.6,0.3,-,0.1,0.2,2.6,0.8,0.3,1.5,3.9,2.4,1.4,2.3,2.3,1.7,0.3,1.4,1.3,0.7,2,0.6,1.5,0.6,0.3,0.6,0.1,0.1,0.6,-,-,-,-,20,0.6,0.2,15.3,3.9,1.6,0.3,1.3,0.2,-,-,-,-,-,0.1
24,Mikkel Damsgaard,Brentford FC,EPL,24 years old (03-07-2000),"1,80m",Denmark,"Attacking Midfielder (Centre, Left)",Attacking Midfield,right,28(4),2423.0,2,10,2,-,77.7,0.4,2,7.06,"Jun 30, 2030",€25.00m,1,0.1,-,-,0.1,1,0.3,-,0.7,2.7,1.3,1.4,1.7,1.3,1.1,0.4,0.8,2.3,1.3,3.6,0.8,0.7,0.4,0.2,0.9,0.1,0.1,1,-,-,-,-,35.2,1.6,1.5,25.8,6.3,1.7,0.4,1.3,0.3,0.1,0.1,0.1,-,-,0.1
25,Alexis Mac Allister,Liverpool FC,EPL,26 years old (24-12-1998),"1,76m",Argentina,"Midfielder (Centre, Left), Forward",Central Midfield,right,28(3),2390.0,4,4,6,-,87,0.6,-,7.06,"Jun 30, 2028",€90.00m,1.1,0.1,-,-,0.1,1.1,0.5,-,0.6,1.3,0.8,0.5,0.8,0.6,1.6,0.6,1,2.7,1.4,4.1,0.6,1.2,1.9,0.1,0.8,0.2,-,1.7,-,-,-,-,42.3,1.5,1.1,35.3,4.4,1.2,0.3,0.9,0.1,-,-,-,-,-,0.1
26,Jacob Murphy,Newcastle United,EPL,30 years old (24-02-1995),"1,79m",England,"Defender (Right), Midfielder (Left, Right)",Right Winger,right,25(4),1969.0,8,11,3,-,75.7,0.1,2,7.06,"Jun 30, 2027",€16.00m,1.3,0.3,-,0.1,0.2,1.3,0.6,0.2,0.6,1.9,0.9,1,0.9,1.1,0.6,0.1,0.5,0.7,0.4,1.2,0.4,0.3,0.4,0.1,0.6,-,0.1,1,-,-,-,-,23.5,0.7,0.8,17.1,4.9,1.2,0.1,1.1,0.4,0.1,-,0.1,-,-,0.2
27,Mark Flekken,Brentford FC,EPL,31 years old (13-06-1993),"1,95m",Netherlands,Goalkeeper,Goalkeeper,both,31,2736.0,-,1,1,-,72.5,0.1,2,7.05,"Jun 30, 2027",€10.00m,-,-,-,-,-,-,-,-,-,-,-,-,0.1,-,0.1,0.1,-,0.1,0.2,0.3,-,0.1,-,-,1.4,-,-,0.1,4.2,0.2,2.7,1.3,43.8,9.5,11.7,22.2,0.4,0.1,0.1,-,-,-,-,-,-,-,-
28,Ryan Gravenberch,Liverpool FC,EPL,22 years old (16-05-2002),"1,90m",Netherlands,Defensive Midfielder (C),Defensive Midfield,right,32,2748.0,-,3,5,-,89.2,0.7,1,7.04,"Jun 30, 2028",€70.00m,0.5,-,-,-,-,0.5,0.4,-,0.1,2.2,1.2,1,1.4,0.6,1,0.7,0.3,1.8,0.6,2.5,1.7,1.4,1.2,-,1.6,0.3,0.1,0.7,-,-,-,-,52.6,1.1,1.2,45.8,4.4,0.8,0.1,0.7,0.1,-,-,-,-,-,0.1
29,Declan Rice,Arsenal FC,EPL,26 years old (14-01-1999),"1,88m",England,"Defender (Centre), Defensive Midfielder (C)",Central Midfield,right,28(2),2416.0,2,6,4,1,89.9,1,2,7.04,"Jun 30, 2028",€110.00m,1.3,0.1,-,-,0.1,1.3,0.6,-,0.7,0.8,0.5,0.4,1.2,0.8,1.7,1,0.7,1.5,0.7,2.2,0.8,0.5,0.6,-,1.4,0.3,-,0.4,-,-,-,-,42.2,1.8,1.1,36.1,3.1,1.7,0.7,1,0.2,0.1,-,-,-,-,0.1
30,Eberechi Eze,Crystal Palace,EPL,26 years old (29-06-1998),"1,78m",England,"Attacking Midfielder (Centre, Left, Right)",Attacking Midfield,right,26(2),2244.0,3,8,1,-,82.2,0.2,2,7.03,"Jun 30, 2027",€55.00m,3.2,0.1,0.1,-,-,3.2,1.9,-,1.3,4.3,2.3,2.1,1.8,1.6,1.5,0.2,1.3,1.3,0.6,2,0.4,1.6,0.3,0.3,0.3,-,0.1,0.9,-,-,-,-,28.5,1,1,22.5,4.1,1.8,0.3,1.5,0.3,-,-,-,-,-,0.2
31,Neto,Arsenal FC,EPL,35 years old (19-07-1989),"1,90m",Brazil,Goalkeeper,Goalkeeper,right,2,180.0,-,-,-,-,61.1,-,-,7.03,"Jun 30, 2025",€2.00m,-,-,-,-,-,-,-,-,-,-,-,-,-,-,-,-,-,-,-,-,-,1,-,-,1.5,-,-,-,5.5,0.5,3.5,1.5,27,5.5,10.5,11,-,-,-,-,-,-,-,-,-,-,-
32,Aaron Wan-Bissaka,West Ham United,EPL,27 years old (26-11-1997),"1,83m",England,"Defender (Left, Right), Midfielder (Right)",Right-Back,right,30(1),2705.0,2,2,1,-,82.3,0.7,3,7.02,"Jun 30, 2031",€22.00m,0.4,0.1,-,-,0.1,0.4,0.1,-,0.3,3.1,1.4,1.6,0.9,0.6,1.6,0.7,0.9,2,0.2,2.2,1.8,0.7,0.7,0.1,3.3,0.3,0.4,0.7,-,-,-,-,40.8,0.9,1.5,32.6,5.7,0.9,0.1,0.7,0.1,-,-,-,-,-,-
33,Chris Wood,Nottingham Forest,EPL,33 years old (07-12-1991),"1,91m",New Zealand,Forward,Centre-Forward,right,29(1),2452.0,18,3,1,-,67.2,2.6,2,7.02,"Jun 30, 2027",€10.00m,1.8,0.6,-,0.1,0.4,1.8,0.4,0.3,1.1,0.3,0.2,0.1,2.1,0.7,6.6,2.6,4,0.1,0.2,0.4,0.1,0.7,0.7,0.7,0.6,0.2,-,0.1,-,-,-,-,13.1,0.3,0.2,8.5,4.1,0.5,0.1,0.5,0.1,-,-,-,-,-,0.1
34,Morgan Gibbs-White,Nottingham Forest,EPL,25 years old (27-01-2000),"1,71m",England,"Attacking Midfielder (Centre, Left, Right), Forward",Attacking Midfield,right,28,2306.0,5,7,6,1,80.8,1.3,3,7.01,"Jun 30, 2027",€50.00m,1.8,0.2,-,0.1,0.1,1.8,0.7,0.4,0.7,2.5,1.5,1,2.2,1.3,2.8,1.3,1.5,1.3,0.5,1.8,0.6,1.2,1.1,0.3,0.8,0.1,-,0.4,-,-,-,-,35.8,1.6,0.8,27.4,6,1.6,0.2,1.4,0.3,0.1,-,-,-,-,0.1
35,Bruno Guimarães,Newcastle United,EPL,27 years old (16-11-1997),"1,82m",Brazil,Defensive Midfielder (C),Defensive Midfield,right,32,2746.0,4,6,5,-,83.1,0.5,-,7.0,"Jun 30, 2028",€80.00m,1.1,0.1,-,0.1,0.1,1.1,0.4,0.2,0.4,2,1.1,0.9,1.5,2.3,1,0.5,0.4,2.1,1,3.1,0.8,3,1.5,0.1,1,0.3,0.1,0.7,-,-,-,-,45.4,2.2,2.1,35.5,5.6,1.3,0.1,1.2,0.2,-,-,-,-,-,0.1
36,Murillo,Nottingham Forest,EPL,22 years old (04-07-2002),"1,80m",Brazil,Defender (Centre),Centre-Back,left,31,2750.0,1,-,5,-,78.9,1.1,3,6.99,"Jun 30, 2029",€55.00m,0.6,-,-,-,-,0.6,0.4,0.1,0.2,1,0.2,0.8,0.6,0.3,1.7,1.1,0.6,1.4,0.6,2,0.9,0.1,0.7,-,6.5,1.4,0.2,0.7,-,-,-,-,38.7,3.3,4.6,27.3,3.5,0.4,0.1,0.3,-,-,-,-,-,-,-
37,Dwight McNeil,Everton FC,EPL,25 years old (22-11-1999),"1,83m",England,"Midfielder (Centre, Left, Right)",Attacking Midfield,left,13(2),1147.0,3,4,1,-,81.5,0.2,-,6.99,"Jun 30, 2027",€25.00m,1.5,0.2,0.1,0.1,-,1.5,0.9,0.1,0.6,2.5,1.1,1.3,1.5,1.6,1.1,0.2,0.9,0.7,0.6,1.3,0.3,0.9,0.4,0.1,0.1,-,-,0.5,-,-,-,-,27.7,1,1.3,21.6,3.9,2.2,0.9,1.3,0.3,0.1,-,0.1,0.1,-,0.1
38,Iliman Ndiaye,Everton FC,EPL,25 years old (06-03-2000),"1,80m",Senegal,"Attacking Midfielder (Centre, Left, Right), Forward",Left Winger,right,24(3),2046.0,7,-,3,-,83.5,0.2,1,6.99,"Jun 30, 2029",€22.00m,1.1,0.3,-,-,0.3,1.1,0.3,-,0.9,4.8,2.6,2.2,1.7,1.4,0.9,0.2,0.6,1.7,0.9,2.6,0.6,1.6,0.8,0.2,0.5,0.1,0.3,0.7,-,-,-,-,21,0.5,0.2,17,3.3,0.6,-,0.6,-,-,-,-,-,-,-
39,Moisés Caicedo,Chelsea FC,EPL,23 years old (02-11-2001),"1,78m",Ecuador,"Defender (Right), Defensive Midfielder (C)",Defensive Midfield,right,32,2816.0,1,2,9,-,90.4,0.9,-,6.99,"Jun 30, 2031",€80.00m,0.5,-,-,-,-,0.5,0.4,-,0.1,1.5,0.9,0.6,1,0.7,1.5,0.9,0.6,2.9,0.9,3.8,1.3,1.6,1.8,-,1.2,0.3,0.2,1,-,-,-,-,57.8,2.6,1.5,49.6,4.1,0.8,0.2,0.7,0.1,-,-,0.1,-,-,-
40,Josko Gvardiol,Manchester City,EPL,23 years old (23-01-2002),"1,85m",Croatia,"Defender (Centre, Left)",Left-Back,left,30(1),2740.0,5,-,1,-,91.7,1.5,2,6.99,"Jun 30, 2028",€75.00m,1.1,0.2,-,-,0.1,1.1,0.2,0.2,0.7,1.3,0.5,0.7,0.8,0.5,2.4,1.5,0.9,1.6,0.5,2.1,1.1,0.6,0.4,0.1,3,0.5,0.4,0.6,-,-,-,-,68.9,1.6,1.4,61.6,4.4,0.8,-,0.8,-,-,-,-,-,-,-
41,Anthony Gordon,Newcastle United,EPL,24 years old (24-02-2001),"1,83m",England,"Attacking Midfielder (Centre, Left, Right), Forward",Left Winger,right,25(3),2164.0,6,5,2,-,79.9,0.2,1,6.99,-,€65.00m,2,0.2,-,-,0.2,2,0.6,0.2,1.2,3.4,2.1,1.3,1,1.3,0.4,0.2,0.3,1.1,0.8,1.9,0.2,2.2,0.7,0.3,0.2,0.1,0.1,0.8,-,-,-,-,25.5,0.6,0.6,19.7,4.5,1.8,0.4,1.4,0.2,0.1,-,-,-,-,0.1
42,Justin Kluivert,AFC Bournemouth,EPL,25 years old (05-05-1999),"1,72m",Netherlands,"Attacking Midfielder (Centre, Left, Right), Forward",Attacking Midfield,both,24(4),1952.0,12,6,6,-,79.3,0.3,2,6.99,"Jun 30, 2028",€35.00m,2,0.4,0.1,-,0.3,2,0.6,0.1,1.3,2.7,1.6,1.1,1.6,0.9,1,0.3,0.8,0.7,0.5,1.3,0.5,0.9,1.4,0.2,0.8,-,-,0.7,-,-,-,-,19.2,0.7,0.5,14.5,3.4,1.5,0.2,1.4,0.2,0.1,-,-,-,-,0.1
43,Elliot Anderson,Nottingham Forest,EPL,22 years old (06-11-2002),"1,79m",Scotland,"Midfielder (Centre, Left)",Central Midfield,right,27(4),2240.0,1,6,6,-,81.9,1.2,2,6.99,"Jun 30, 2029",€30.00m,1.1,-,-,-,-,1.1,0.6,-,0.5,2.2,1.1,1.1,1.6,1.1,1.9,1.2,0.6,2.5,1.6,4,0.8,1.6,1.2,0.1,1.5,0.3,0.2,1.1,-,-,-,-,32.4,0.9,1.5,25.6,4.4,1.1,0.3,0.8,0.2,0.1,0.1,-,-,-,0.1
44,Alex Iwobi,Fulham FC,EPL,28 years old (03-05-1996),"1,83m",Nigeria,"Defender (Right), Midfielder (Centre, Left, Right)",Left Winger,right,30(2),2568.0,8,5,1,-,79.5,0.2,6,6.98,"Jun 30, 2028",€25.00m,1.8,0.3,0.1,-,0.2,1.8,0.7,0.1,1.1,2.6,1.3,1.3,1.6,1.2,1,0.2,0.9,1.2,0.3,1.5,0.3,0.5,0.5,0.1,0.8,-,-,0.7,-,-,-,-,36.5,1.6,1.3,27.4,6.2,1.6,0.2,1.4,0.2,-,-,-,-,-,0.1
45,Ayden Heaven,Manchester United,EPL,18 years old (22-09-2006),"1,89m",,Defender,Centre-Back,left,1(1),96.0,-,-,-,-,81.6,0.5,-,6.98,"Jun 30, 2029",€1.50m,-,-,-,-,-,-,-,-,-,1,-,1,1,0.5,1.5,0.5,1,1.5,-,1.5,0.5,1.5,1,-,2.5,1,0.5,-,-,-,-,-,24.5,1,1,19,3.5,-,-,-,-,-,-,-,-,-,-
46,Mateo Kovacic,Manchester City,EPL,30 years old (06-05-1994),"1,77m",Croatia,"Midfielder (Centre, Left)",Central Midfield,right,21(5),1862.0,5,1,5,-,92.9,0.3,2,6.98,"Jun 30, 2027",€25.00m,1.3,0.2,0.2,-,-,1.3,1,-,0.3,1.5,0.7,0.8,0.6,1.1,0.6,0.3,0.3,2.2,1.2,3.4,0.7,0.8,0.8,-,0.8,-,-,0.7,-,-,-,-,60,1.2,1.1,54.5,3.1,1.1,-,1.1,-,-,-,-,-,-,-
47,James Maddison,Tottenham Hotspur,EPL,28 years old (23-11-1996),"1,75m",England,"Attacking Midfielder (Centre, Left, Right)",Attacking Midfield,right,20(10),1772.0,9,6,6,-,86.7,0.2,2,6.98,"Jun 30, 2028",€50.00m,1.3,0.3,0.1,0.1,0.1,1.3,0.5,0.2,0.6,2.5,1.4,1,0.8,0.8,0.4,0.2,0.3,1,0.6,1.6,0.4,2.1,1,0.1,0.6,0.1,0.1,0.4,-,-,-,-,37.6,1.3,1.2,31.2,3.8,1.3,0.2,1.1,0.2,0.1,-,-,-,-,0.1
48,Nicolas Jackson,Chelsea FC,EPL,23 years old (20-06-2001),"1,87m",Senegal,Forward,Centre-Forward,right,24(2),1965.0,9,5,7,-,75.4,0.7,2,6.97,"Jun 30, 2033",€55.00m,2.8,0.3,-,0.1,0.3,2.8,0.3,0.5,2,2.1,1.5,0.7,2.2,1.3,2,0.7,1.3,0.7,0.2,0.9,0.1,1,1,0.7,0.6,0.1,-,0.4,-,-,-,-,12.8,0.2,0.1,9.4,3.1,1,0.1,0.9,0.2,-,-,-,-,-,0.2
49,Pedro Porro,Tottenham Hotspur,EPL,25 years old (13-09-1999),"1,73m",Spain,"Defender (Right), Midfielder (Right)",Right-Back,right,25(5),2371.0,2,5,4,-,76.1,0.4,2,6.97,"Jun 30, 2028",€45.00m,1.2,0.1,-,-,0.1,1.2,0.9,-,0.3,1.1,0.7,0.4,0.8,0.5,1.1,0.4,0.7,2,1,3,1.1,0.9,0.8,-,2.3,0.6,0.3,0.8,-,-,-,-,43.7,2.5,3.4,30.8,7,1.6,0.6,1,0.2,0.1,0.1,-,-,-,-
50,Savinho,Manchester City,EPL,21 years old (10-04-2004),"1,76m",Brazil,"Attacking Midfielder (Centre, Left, Right)",Right Winger,left,20(6),1665.0,1,8,3,-,87.2,-,3,6.97,"Jun 30, 2029",€55.00m,2,-,-,-,-,2,0.8,-,1.2,4.2,2.3,1.9,1.6,1.4,0.1,-,0.1,0.8,0.3,1.2,0.2,1,0.7,0.1,0.3,0.1,-,0.4,-,-,-,-,27.6,0.8,0.3,23.3,3.2,1.7,0.1,1.6,0.3,-,-,0.1,-,-,0.2
51,Dean Huijsen,AFC Bournemouth,EPL,20 years old (14-04-2005),"1,97m",Spain,Defender (Centre),Centre-Back,both,21(5),1960.0,2,1,7,-,84.4,2.3,2,6.96,"Jun 30, 2030",€42.00m,0.6,0.1,-,-,-,0.6,0.1,0.3,0.1,0.2,0.1,0.1,0.6,-,3.8,2.3,1.5,1.2,0.4,1.6,1.8,0.3,1,0.1,5.8,0.9,0.2,0.3,-,-,-,-,46.7,4.1,3.6,35.3,3.7,0.5,-,0.5,-,-,-,-,-,-,-
52,Kevin De Bruyne,Manchester City,EPL,33 years old (28-06-1991),"1,81m",Belgium,"Midfielder (Centre, Left, Right), Forward",Attacking Midfield,right,14(8),1281.0,3,7,2,-,82.7,0.2,1,6.96,"Jun 30, 2025",€27.00m,2,0.1,0.1,-,-,2,1.2,-,0.8,1.4,0.8,0.5,1,1,0.7,0.2,0.5,0.6,0.7,1.3,0.3,0.6,0.6,0.2,0.4,-,0.1,0.3,-,-,-,-,35.5,1.2,0.5,28.1,5.6,2,0.5,1.5,0.3,-,-,-,-,-,0.2
53,Julio Enciso,Ipswich Town,EPL,21 years old (23-01-2004),"1,73m",Paraguay,"Attacking Midfielder (Centre, Left)",Attacking Midfield,right,7(1),510.0,1,3,3,-,72.9,0.6,-,6.96,"Jun 30, 2025",€22.00m,2.3,0.1,-,-,0.1,2.3,1.5,-,0.8,3.9,1.6,2.3,1.5,2.6,2.4,0.6,1.8,0.9,0.1,1,0.1,1.3,0.6,-,0.3,-,-,0.3,-,-,-,-,19.4,0.5,0.3,13.6,5,1.1,0.3,0.9,0.4,0.1,0.1,-,-,-,0.3
54,Abdul Fatawu,Leicester City,EPL,21 years old (08-03-2004),177cm,Ghana,"Attacking Midfielder (Left, Right)",,,6(5),577.0,-,2,-,-,68.4,1.3,1,6.96,,,1.2,-,-,-,-,1.2,0.8,0.1,0.3,6.3,3.6,2.6,1.6,1.1,2.5,1.3,1.2,1.9,0.7,2.6,0.4,1.8,1,0.2,1.1,-,-,0.6,-,-,-,-,14.4,1,0.8,8.8,3.7,0.5,-,0.5,0.2,0.1,-,-,-,-,0.1
55,Thomas Partey,Arsenal FC,EPL,31 years old (13-06-1993),"1,85m",Ghana,"Defender (Right), Midfielder (Centre, Right)",Defensive Midfield,right,26(4),2349.0,4,2,4,-,88.9,0.9,1,6.96,"Jun 30, 2025",€15.00m,0.8,0.1,0.1,-,-,0.8,0.5,0.1,0.1,0.9,0.3,0.6,0.6,0.4,1.6,0.9,0.7,2.6,0.8,3.4,1,0.9,1.2,-,1.3,0.2,0.2,0.5,-,-,-,-,50.9,1.7,1.1,43.6,4.5,0.6,-,0.6,0.1,-,-,-,-,-,0.1
56,Guglielmo Vicario,Tottenham Hotspur,EPL,28 years old (07-10-1996),"1,94m",Italy,Goalkeeper,Goalkeeper,right,20,1800.0,-,-,1,-,88.7,0.5,1,6.95,"Jun 30, 2028",€35.00m,-,-,-,-,-,-,-,-,-,0.1,-,0.1,-,-,0.5,0.5,-,-,-,-,0.1,0.1,-,-,1.6,-,-,-,2.9,0.1,2.3,0.7,31.3,2,2.8,25.8,0.8,-,-,-,-,-,-,-,-,-,-
57,Nathan Collins,Brentford FC,EPL,23 years old (30-04-2001),"1,93m",Ireland,"Defender (Centre, Right)",Centre-Back,right,32,2880.0,2,2,4,-,86.3,3.2,-,6.95,"Jun 30, 2029",€28.00m,0.5,0.1,-,-,-,0.5,0.1,0.1,0.3,0.4,0.2,0.2,0.5,0.3,4.9,3.2,1.7,1.1,0.3,1.4,1,0.8,0.8,0.2,5.8,1.5,0.1,0.6,-,-,-,-,52.3,1.9,2.7,43.3,4.4,0.3,-,0.2,0.1,-,-,-,-,-,-
58,Callum Hudson-Odoi,Nottingham Forest,EPL,24 years old (07-11-2000),"1,78m",England,"Midfielder (Centre, Left, Right)",Left Winger,right,24(3),2087.0,5,2,2,-,89,0.1,1,6.95,"Jun 30, 2026",€24.00m,1.4,0.2,0.1,-,-,1.4,0.4,-,0.9,2.2,1,1.2,1.6,0.9,0.5,0.1,0.4,0.7,0.2,0.9,0.5,0.7,0.4,0.3,0.4,-,-,0.4,-,-,-,-,26.5,0.9,0.7,22.7,2.3,1.6,0.1,1.6,0.1,-,-,-,-,-,0.1
59,João Pedro,Brighton & Hove Albion,EPL,23 years old (26-09-2001),"1,82m",Brazil,"Attacking Midfielder (Centre, Left), Forward",Centre-Forward,right,22(4),1894.0,10,6,4,-,74.6,1.6,4,6.95,"Jun 30, 2028",€50.00m,1.8,0.4,-,0.1,0.3,1.8,0.3,0.1,1.3,3,2,1,2.7,1.4,3.3,1.6,1.8,0.6,0.3,0.8,0.3,1.7,0.9,0.1,0.4,-,-,0.5,-,-,-,-,23.3,0.5,0.3,16.8,5.6,1.1,0.1,1,0.2,-,-,0.1,-,-,0.2
60,Enzo Fernández,Chelsea FC,EPL,24 years old (17-01-2001),"1,78m",Argentina,Midfielder (Centre),Central Midfield,right,26(4),2410.0,5,5,7,-,84.1,0.5,1,6.94,"Jun 30, 2032",€75.00m,1.6,0.2,-,0.1,0.1,1.6,0.7,0.1,0.8,1.4,0.7,0.7,0.9,0.9,1.5,0.5,1,1.9,1.5,3.4,0.4,1.4,1.5,-,0.6,0.2,0.1,0.9,-,-,-,-,51.3,2.9,1.9,40.2,6.2,2.3,0.5,1.8,0.2,-,-,-,-,-,0.1
61,Yoane Wissa,Brentford FC,EPL,28 years old (03-09-1996),"1,76m",DR Congo,"Attacking Midfielder (Left), Forward",Centre-Forward,right,28(1),2390.0,15,2,2,-,80.9,1,1,6.94,"Jun 30, 2026",€30.00m,2.4,0.5,-,0.2,0.3,2.4,0.4,0.4,1.6,1.4,1,0.4,2,0.9,2,1,1,0.6,0.4,1,0.3,1.5,0.9,0.4,0.7,0.2,-,0.7,-,-,-,-,16.4,0.5,0.4,12.8,2.7,0.8,-,0.8,0.1,-,-,-,-,-,0.1
62,Joelinton,Newcastle United,EPL,28 years old (14-08-1996),"1,86m",Brazil,"Attacking Midfielder (Centre, Left, Right), Forward",Central Midfield,right,28,2315.0,4,3,9,-,84.2,2,3,6.94,"Jun 30, 2028",€40.00m,1.6,0.1,-,-,0.1,1.6,0.4,0.3,1,1.6,1.1,0.5,1.4,1.8,3.6,2,1.7,2,0.7,2.6,0.8,1.2,2,0.3,1.6,0.2,-,1.1,-,-,-,-,34.5,0.5,0.5,28.5,4.9,0.8,-,0.8,0.1,-,-,-,-,-,0.1
63,Rayan Aït-Nouri,Wolverhampton Wanderers,EPL,23 years old (06-06-2001),"1,80m",Algeria,"Defender (Left), Midfielder (Left)",Left-Back,left,31,2635.0,4,6,4,1,86.6,0.6,2,6.94,"Jun 30, 2026",€35.00m,0.9,0.1,-,-,0.1,0.9,0.2,0.1,0.7,3.2,1.6,1.6,1.2,1.2,1.4,0.6,0.8,2.5,0.8,3.3,0.7,1.1,0.8,0.1,1.8,0.2,0.3,1.1,-,-,-,-,36.9,0.6,1.3,31.3,3.7,1.1,0.2,1,0.2,0.1,-,-,-,-,0.1
64,Nikola Milenkovic,Nottingham Forest,EPL,27 years old (12-10-1997),"1,95m",Serbia,"Defender (Centre, Right)",Centre-Back,right,31,2790.0,4,2,4,-,81.5,2.9,1,6.94,"Jun 30, 2029",€28.00m,0.8,0.1,-,0.1,0.1,0.8,0.1,0.2,0.5,-,-,-,-,0.1,4.1,2.9,1.2,1.4,0.2,1.5,0.7,0.1,0.5,-,5.1,0.7,-,0.5,-,-,-,-,27.1,2.4,2.4,19.6,2.6,0.2,0.1,0.2,0.1,-,-,-,-,-,0.1
65,Lewis Hall,Newcastle United,EPL,20 years old (08-09-2004),"1,79m",England,"Defender (Left), Midfielder (Left)",Left-Back,left,24(3),2193.0,-,4,3,-,85.4,1.1,2,6.93,-,€30.00m,0.4,-,-,-,-,0.4,0.1,-,0.3,0.8,0.4,0.4,1.2,0.7,2.3,1.1,1.1,2.1,1.3,3.4,0.7,0.8,0.3,-,1.9,0.7,0.9,0.6,-,-,-,-,48.6,2.1,2.1,39.4,5,1.3,0.4,0.9,0.1,0.1,-,-,-,-,-
66,Dango Ouattara,AFC Bournemouth,EPL,23 years old (11-02-2002),"1,77m",Burkina Faso,"Defender (Left), Midfielder (Left, Right), Forward",Left Winger,left,18(11),1776.0,7,4,1,-,66.1,1.3,1,6.93,"Jun 30, 2028",€25.00m,1.9,0.2,-,0.1,0.2,1.9,0.4,0.4,1.1,2.5,1.3,1.2,1.8,1,3.2,1.3,1.9,1.1,0.8,1.8,0.3,0.6,0.5,0.4,1.5,0.3,0.1,0.8,-,-,-,-,14.9,0.3,0.9,9.6,4.2,1.1,0.1,0.9,0.1,-,-,-,-,-,0.1
67,Ryan Christie,AFC Bournemouth,EPL,30 years old (22-02-1995),"1,78m",Scotland,"Midfielder (Centre, Left, Right), Forward",Defensive Midfield,left,27(2),2131.0,2,3,9,-,82.1,0.8,3,6.92,"Jun 30, 2027",€12.00m,1.1,0.1,-,-,-,1.1,0.6,0.1,0.4,1.7,0.9,0.8,1.5,0.9,1.8,0.8,1,1.9,1.3,3.1,1,1.1,1.5,-,1.7,0.4,0.1,1.1,-,-,-,-,34.4,1.9,2.3,26.4,3.9,1.4,0.2,1.2,0.1,0.1,-,-,-,-,-
68,Trevoh Chalobah,Chelsea FC,EPL,25 years old (05-07-1999),"1,92m",England,"Defender (Centre, Right), Defensive Midfielder (C)",Centre-Back,right,12,1063.0,3,-,1,-,79.8,1.8,-,6.92,"Jun 30, 2028",€17.00m,0.9,0.3,-,0.2,0.1,0.9,0.3,0.3,0.4,0.8,0.3,0.5,0.3,0.6,3.4,1.8,1.6,1.7,0.9,2.6,1.6,1.3,0.8,0.1,4.8,0.8,-,0.8,-,-,-,-,35.8,2.7,3.5,25.9,3.8,0.3,0.1,0.3,-,-,-,-,-,-,-
69,Jason Steele,Brighton & Hove Albion,EPL,34 years old (18-08-1990),"1,88m",England,Goalkeeper,Goalkeeper,right,2,180.0,-,-,-,-,89.5,0.5,-,6.92,"Jun 30, 2026",€2.00m,-,-,-,-,-,-,-,-,-,-,-,-,-,-,1,0.5,0.5,-,-,-,-,0.5,-,-,1.5,-,-,-,1.5,-,1,0.5,52.5,7,4.5,40,1,-,-,-,-,-,-,-,-,-,-
70,Sven Botman,Newcastle United,EPL,25 years old (12-01-2000),"1,93m",Netherlands,Defender (Centre),Centre-Back,left,3,226.0,-,-,1,-,88.3,3,-,6.91,"Jun 30, 2027",€45.00m,0.3,-,-,-,-,0.3,-,-,0.3,1,0.7,0.3,0.3,-,5.3,3,2.3,1.7,0.3,2,1.3,0.7,1.3,-,4,0.3,-,0.3,-,-,-,-,42.7,2,1,35.7,4,-,-,-,-,-,-,-,-,-,-
71,Emmanuel Agbadou,Wolverhampton Wanderers,EPL,27 years old (17-06-1997),"1,92m",Ivory Coast,"Defender (Centre, Right), Defensive Midfielder (C)",Centre-Back,right,10,871.0,-,-,2,-,83.6,1.8,1,6.91,"Jun 30, 2029",€17.00m,0.5,-,-,-,-,0.5,0.3,-,0.2,1,0.3,0.7,0.2,0.3,3.1,1.8,1.3,2.1,0.5,2.6,0.9,0.4,0.3,0.1,6.2,0.9,-,0.4,-,-,-,-,55.6,4.9,4.2,41.6,4.9,0.2,0.1,0.1,-,-,-,-,-,-,-
72,Dejan Kulusevski,Tottenham Hotspur,EPL,24 years old (25-04-2000),"1,86m",Sweden,"Attacking Midfielder (Centre, Right), Forward",Attacking Midfield,left,24(4),2171.0,7,4,3,-,81.1,0.3,1,6.91,"Jun 30, 2028",€60.00m,1.5,0.3,-,0.1,0.2,1.5,0.3,0.1,1.1,3.8,2.6,1.3,2.6,2.5,0.8,0.3,0.4,1.4,1.1,2.5,0.4,1.2,1.4,0.2,0.3,0.1,-,0.8,-,-,-,-,26.3,0.5,0.4,20.9,4.6,2.3,0.2,2.1,0.1,-,-,-,-,-,0.1
73,Dominic Solanke,Tottenham Hotspur,EPL,27 years old (14-09-1997),"1,86m",England,Forward,Centre-Forward,right,23,2033.0,7,3,-,-,72.7,1.8,1,6.91,"Jun 30, 2030",€45.00m,2.4,0.3,-,0.1,0.2,2.4,0.2,0.2,2,2.1,1.4,0.7,2.8,2,4.2,1.8,2.4,0.8,0.3,1.1,-,1.5,1.6,0.2,1,0.3,-,0.4,-,-,-,-,14.5,0.5,0.2,10,3.8,0.6,-,0.6,0.1,-,-,0.1,-,-,-
74,Christian Nørgaard,Brentford FC,EPL,31 years old (10-03-1994),"1,87m",Denmark,"Defender (Centre), Defensive Midfielder (C)",Defensive Midfield,right,28,2291.0,4,2,5,1,83,1.4,1,6.91,"Jun 30, 2027",€12.00m,1.1,0.1,-,-,0.1,1.1,0.4,0.1,0.6,0.4,0.2,0.2,1,0.6,2.5,1.4,1.1,2.6,0.9,3.5,1.4,0.9,1.3,-,2,0.6,-,1,-,-,-,-,40.2,1.8,1.6,31.6,5.2,0.5,0.1,0.4,0.1,-,-,-,-,-,0.1
75,Gabriel Magalhães,Arsenal FC,EPL,27 years old (19-12-1997),"1,90m",Brazil,Defender (Centre),Centre-Back,left,28,2366.0,3,1,4,-,90.7,2,-,6.91,"Jun 30, 2027",€75.00m,0.8,0.1,-,0.1,-,0.8,0.1,0.5,0.3,0.2,-,0.1,0.3,0.1,3.3,2,1.4,0.9,0.1,1,0.6,0.7,0.7,-,3.2,1,0.1,0.5,-,-,-,-,58.1,2,2.8,50.7,2.6,0.5,0.1,0.4,-,-,-,-,-,-,-
76,Kaoru Mitoma,Brighton & Hove Albion,EPL,27 years old (20-05-1997),"1,78m",Japan,Midfielder (Left),Left Winger,right,28(3),2479.0,7,3,1,-,80.3,0.8,1,6.91,"Jun 30, 2027",€45.00m,1.6,0.2,-,0.1,0.1,1.6,0.2,0.2,1.2,4.1,2.5,1.5,1.5,0.7,1.6,0.8,0.8,1.3,0.9,2.2,0.4,0.7,1.2,0.2,0.2,0.1,0.1,1.4,-,-,-,-,26.5,0.5,0.5,20.8,4.7,1.1,-,1.1,0.1,-,-,-,-,-,0.1
77,Morgan Rogers,Aston Villa,EPL,22 years old (26-07-2002),"1,87m",England,"Attacking Midfielder (Centre, Left, Right), Forward",Attacking Midfield,right,31,2610.0,8,7,8,-,75,0.3,2,6.9,"Jun 30, 2030",€50.00m,1.5,0.3,0.1,-,0.2,1.5,0.5,0.2,0.9,4.6,2.7,1.8,2.9,2.1,1.7,0.3,1.4,1.1,0.6,1.7,0.2,1.5,1.4,0.1,0.5,0.2,0.1,0.5,-,-,-,-,24.3,0.8,0.1,17.4,5.9,1.4,0.1,1.3,0.2,-,-,-,-,-,0.2
78,Djed Spence,Tottenham Hotspur,EPL,24 years old (09-08-2000),"1,84m",England,"Defender (Left, Right), Midfielder (Right)",Right-Back,right,14(5),1334.0,1,2,2,1,88.4,0.8,1,6.9,"Jun 30, 2028",€15.00m,0.4,0.1,-,-,0.1,0.4,0.3,-,0.2,3.3,1.6,1.7,1.2,1.2,1.4,0.8,0.6,2,0.3,2.3,0.9,1.2,0.9,0.1,2.1,0.5,0.5,0.7,-,-,-,-,41.8,0.4,0.6,36.6,4.3,0.5,0.1,0.5,0.1,-,-,0.1,-,-,0.1
79,Carlos Baleba,Brighton & Hove Albion,EPL,21 years old (03-01-2004),"1,79m",Cameroon,Defensive Midfielder (C),Defensive Midfield,left,25(3),2158.0,2,1,6,1,87.7,1.3,1,6.89,"Jun 30, 2028",€35.00m,1.4,0.1,-,-,-,1.4,1.2,-,0.2,1.8,0.7,1.1,1.2,1.1,2.1,1.3,0.8,2.3,0.9,3.2,1.4,1.5,1.3,-,1,0.3,-,1.1,-,-,-,-,37.4,2,1.4,30.8,3.2,0.7,0.3,0.5,-,-,-,-,-,-,-
80,Lewis Cook,AFC Bournemouth,EPL,28 years old (03-02-1997),"1,75m",England,"Defender (Right), Midfielder (Centre, Left)",Central Midfield,right,29(2),2662.0,1,3,8,-,81.2,1.3,-,6.89,"Jun 30, 2028",€15.00m,0.5,-,-,-,-,0.5,0.4,-,0.1,0.5,0.2,0.3,0.9,0.5,2.4,1.3,1.1,2.4,0.9,3.3,1.3,0.3,1.5,0.1,1.8,0.3,0.1,0.6,-,-,-,-,40.3,2,2.2,30.7,5.4,1.5,0.3,1.2,0.1,-,-,-,-,-,0.1
81,Brennan Johnson,Tottenham Hotspur,EPL,23 years old (23-05-2001),"1,86m",Wales,"Attacking Midfielder (Centre, Left, Right), Forward",Right Winger,right,22(7),1975.0,11,3,5,-,77.4,0.2,2,6.89,"Jun 30, 2028",€50.00m,1.8,0.4,-,0.2,0.2,1.8,-,0.4,1.4,1.4,0.8,0.7,0.8,0.6,0.9,0.2,0.7,1.3,0.5,1.9,0.1,0.8,0.9,0.3,0.3,0.1,0.1,0.7,-,-,-,-,18.4,0.1,0.3,14.1,3.9,0.7,-,0.7,0.1,0.1,-,-,-,-,-
82,Neco Williams,Nottingham Forest,EPL,24 years old (13-04-2001),"1,83m",Wales,"Defender (Left, Right), Midfielder (Left, Right)",Right-Back,right,22(7),2052.0,1,2,5,-,80.8,1.1,1,6.89,"Jun 30, 2026",€20.00m,1.1,-,-,-,-,1.1,0.6,-,0.6,1.3,0.8,0.5,0.7,0.5,1.9,1.1,0.8,2.3,0.8,3.1,0.8,1.2,0.7,-,3.1,0.2,0.5,1,-,-,-,-,22.3,0.7,1.6,17.3,2.7,0.5,0.1,0.4,0.1,-,-,-,-,-,-
83,Maxence Lacroix,Crystal Palace,EPL,25 years old (06-04-2000),"1,90m",France,Defender (Centre),Centre-Back,right,29,2579.0,1,1,5,-,82.4,1.9,2,6.89,"Jun 30, 2029",€22.00m,0.9,-,-,-,-,0.9,0.1,0.2,0.5,0.4,0.2,0.3,0.7,0.1,3.4,1.9,1.5,2.2,0.5,2.7,1.7,0.6,1.1,-,5.7,0.4,0.1,0.9,-,-,-,-,43.9,3.2,3.6,33,4.1,0.2,-,0.2,-,-,-,-,-,-,-
84,Alex Palmer,Ipswich Town,EPL,28 years old (10-08-1996),"1,91m",England,Goalkeeper,Goalkeeper,right,8,720.0,-,-,2,-,64.3,0.4,-,6.89,"Jun 30, 2028",€1.20m,-,-,-,-,-,-,-,-,-,-,-,-,0.1,-,0.4,0.4,-,-,-,-,-,0.1,0.1,-,1.5,-,-,-,4.1,0.5,2.4,1.3,26.3,6.3,9.3,10.6,0.1,0.1,0.1,-,-,-,-,-,-,-,-
85,Ibrahima Konaté,Liverpool FC,EPL,25 years old (25-05-1999),"1,94m",France,Defender (Centre),Centre-Back,right,25(1),2145.0,1,2,5,-,90.4,2.6,-,6.89,"Jun 30, 2026",€60.00m,0.5,-,-,-,-,0.5,-,0.1,0.4,0.2,0.1,0.1,0.3,0.1,3.7,2.6,1.1,1.3,0.4,1.7,0.4,0.7,0.9,-,3.9,0.6,0.3,0.5,-,-,-,-,61.2,1.6,2.5,53.8,3.3,0.4,0.2,0.2,0.1,-,-,-,-,-,0.1
86,Marcus Tavernier,AFC Bournemouth,EPL,26 years old (22-03-1999),"1,78m",England,"Midfielder (Centre, Left, Right)",Left Midfield,left,16(7),1533.0,3,5,5,-,79.7,0.9,-,6.88,"Jun 30, 2028",€20.00m,2,0.1,-,-,0.1,2,1.1,0.2,0.7,2,1.2,0.9,1.6,1.8,2.2,0.9,1.3,1.7,0.7,2.3,0.2,0.9,1,0.2,0.4,0.1,0.1,0.5,-,-,-,-,25.2,1,0.7,19.1,4.5,1.6,0.4,1.2,0.2,0.1,-,-,0.1,-,0.1
87,William Saliba,Arsenal FC,EPL,24 years old (24-03-2001),"1,92m",France,Defender (Centre),Centre-Back,right,30,2636.0,2,-,2,1,94,1.9,2,6.87,"Jun 30, 2027",€80.00m,0.2,0.1,-,0.1,-,0.2,-,0.1,-,0.6,0.2,0.4,0.6,0.2,3,1.9,1.1,1.8,0.2,2,0.6,0.5,0.9,-,3.4,0.4,-,0.3,-,-,-,-,71.1,2.1,1.2,64.8,3,0.2,-,0.2,-,-,-,-,-,-,-
88,Dominik Szoboszlai,Liverpool FC,EPL,24 years old (25-10-2000),"1,87m",Hungary,"Attacking Midfielder (Centre, Left, Right), Forward",Central Midfield,right,24(6),2122.0,5,3,6,-,85.5,0.6,2,6.86,"Jun 30, 2028",€80.00m,1.9,0.2,-,-,0.1,1.9,0.8,0.1,1,1.2,0.5,0.6,1.1,0.7,1.2,0.6,0.7,1,0.7,1.7,0.3,0.7,1.2,0.1,0.3,0.1,0.2,1,-,-,-,-,35.8,1.4,0.8,29.2,4.4,1.4,0.1,1.2,0.1,-,-,-,-,-,0.1
89,Lisandro Martínez,Manchester United,EPL,27 years old (18-01-1998),"1,75m",Argentina,"Defender (Centre, Left), Defensive Midfielder (C)",Centre-Back,left,20,1754.0,2,1,7,-,90,0.8,1,6.86,"Jun 30, 2027",€45.00m,0.9,0.1,0.1,-,0.1,0.9,0.2,0.1,0.6,0.4,0.1,0.3,0.1,0.2,1.5,0.8,0.7,2,0.8,2.8,1.6,0.4,1.1,-,2.7,0.4,0.2,0.7,-,-,-,-,65.7,2.2,2.9,57,3.7,0.5,0.2,0.3,0.1,-,-,0.1,-,-,-
90,Diogo Dalot,Manchester United,EPL,26 years old (18-03-1999),"1,83m",Portugal,"Defender (Left, Right), Midfielder (Left, Right)",Right-Back,right,31,2757.0,-,3,5,-,83.8,1.2,-,6.86,"Jun 30, 2028",€35.00m,0.7,-,-,-,-,0.7,0.2,0.2,0.4,1.6,0.8,0.8,1.2,0.6,1.9,1.2,0.7,2.1,0.6,2.7,1.2,0.3,1.3,0.1,2.1,0.3,0.3,0.4,-,-,-,-,43.4,1.8,1.9,34.6,5.2,0.8,0.1,0.7,0.1,-,-,-,-,-,0.1
91,Mohammed Kudus,West Ham United,EPL,24 years old (02-08-2000),"1,77m",Ghana,"Midfielder (Centre, Left, Right), Forward",Right Winger,left,26,2180.0,3,2,1,1,89.8,0.4,-,6.85,"Jun 30, 2028",€50.00m,2.4,0.1,-,-,0.1,2.4,0.6,0.2,1.6,6.7,3.8,2.9,2.3,3.2,1.7,0.4,1.3,1.3,0.6,1.9,0.2,2.1,1.3,0.7,0.3,-,-,0.8,-,-,-,-,24.5,1.2,0.4,20.8,2.1,1,0.1,0.9,0.1,-,-,-,-,-,-
92,Yankuba Minteh,Brighton & Hove Albion,EPL,20 years old (22-07-2004),"1,80m",Gambia,Attacking Midfielder (Right),Right Winger,left,15(11),1409.0,5,4,6,-,67,0.6,2,6.85,"Jun 30, 2029",€30.00m,1,0.2,-,-,0.2,1,0.1,-,0.9,3,1.6,1.4,1.6,0.7,1.5,0.6,1,1.5,1.1,2.6,0.4,0.3,0.6,0.2,0.9,-,0.1,0.6,-,-,-,-,12.9,0.5,0.3,8.2,4,1,0.1,0.8,0.2,-,-,-,-,-,0.1
93,Evanilson,AFC Bournemouth,EPL,25 years old (06-10-1999),"1,83m",Brazil,Forward,Centre-Forward,both,22(3),1827.0,9,-,-,-,68.9,1.5,2,6.85,-,€35.00m,2.4,0.4,-,0.2,0.2,2.4,0.3,0.4,1.7,0.8,0.5,0.2,1.2,0.8,3.7,1.5,2.2,0.5,0.2,0.7,-,1.6,1.1,0.6,0.7,-,-,0.3,-,-,-,-,10.6,0.3,0.2,7,3.1,0.8,-,0.8,-,-,-,-,-,-,-
94,Marcus Rashford,Aston Villa,EPL,27 years old (31-10-1997),"1,85m",England,"Attacking Midfielder (Centre, Left, Right), Forward",Left Winger,right,3(5),360.0,1,2,-,-,82.8,0.1,1,6.85,"Jun 30, 2025",€50.00m,1.9,0.1,0.1,-,-,1.9,0.8,-,1.1,2.4,1.3,1.1,0.8,0.1,1,0.1,0.9,0.9,0.1,1,0.1,0.4,0.1,0.1,0.3,-,0.1,0.3,-,-,-,-,15.3,0.5,-,12.1,2.6,1.4,0.1,1.3,0.3,0.1,-,-,-,-,0.1
95,Cristian Romero,Tottenham Hotspur,EPL,26 years old (27-04-1998),"1,85m",Argentina,Defender (Centre),Centre-Back,right,17,1375.0,1,-,2,-,89.4,2.4,-,6.85,"Jun 30, 2027",€55.00m,0.9,0.1,-,0.1,-,0.9,-,0.2,0.7,0.2,0.2,0.1,0.5,0.3,3.9,2.4,1.5,1.9,0.5,2.5,1.2,0.7,0.7,0.1,2.9,0.2,0.3,0.9,-,-,-,-,69.2,2.8,2.9,59.1,4.5,0.4,0.1,0.3,-,-,-,-,-,-,-
96,Jean-Philippe Mateta,Crystal Palace,EPL,27 years old (28-06-1997),"1,92m",France,Forward,Centre-Forward,right,29(2),2367.0,13,2,2,-,68.2,1.8,3,6.85,"Jun 30, 2026",€30.00m,1.9,0.4,-,0.1,0.3,1.9,0.4,0.2,1.3,1.3,0.7,0.5,2.1,1.2,4.9,1.8,3,0.5,0.4,1,0.1,0.8,0.9,0.5,0.7,0.1,-,0.4,-,-,-,-,12.3,0.2,0.2,8.2,3.7,0.8,0.1,0.8,0.1,-,-,-,-,-,-
97,Martin Dúbravka,Newcastle United,EPL,36 years old (15-01-1989),"1,91m",Slovakia,Goalkeeper,Goalkeeper,right,10,900.0,-,-,-,-,75.9,0.4,-,6.85,"Jun 30, 2026",€1.00m,-,-,-,-,-,-,-,-,-,-,-,-,-,-,0.4,0.4,-,-,-,-,-,0.1,-,-,0.5,-,-,-,2.9,0.2,1.6,1.1,27.8,2.9,6.7,18.2,-,-,-,-,-,-,-,-,-,-,-
98,Matz Sels,Nottingham Forest,EPL,33 years old (26-02-1992),"1,88m",Belgium,Goalkeeper,Goalkeeper,right,32,2880.0,-,-,2,-,47,0.5,1,6.84,"Jun 30, 2027",€7.00m,-,-,-,-,-,-,-,-,-,-,-,-,-,-,0.6,0.5,0.1,-,-,-,-,0.3,-,-,1.4,-,-,-,3.2,0.3,2.2,0.8,23.9,7.2,12.6,4.1,0.1,-,-,-,-,-,-,-,-,-,-
99,Marco Asensio,Aston Villa,EPL,29 years old (21-01-1996),"1,82m",Spain,"Attacking Midfielder (Centre, Left, Right), Forward",Right Winger,left,4(3),394.0,3,1,1,-,86.4,-,1,6.84,"Jun 30, 2025",€20.00m,2.4,0.4,-,0.1,0.3,2.4,0.7,0.1,1.6,1.4,0.7,0.7,0.6,0.9,-,-,-,0.9,0.6,1.4,0.1,0.4,0.9,0.3,0.3,-,-,0.3,-,-,-,-,23.1,0.3,0.3,19.7,2.9,1,0.1,0.9,0.1,-,-,-,-,-,0.1
100,Noni Madueke,Chelsea FC,EPL,23 years old (10-03-2002),"1,82m",England,"Attacking Midfielder (Right), Forward",Right Winger,left,21(5),1613.0,7,3,3,-,84.5,0.3,2,6.84,"Jun 30, 2030",€40.00m,2.7,0.3,-,-,0.2,2.7,0.5,0.2,2,2.8,1.7,1.2,1.5,0.9,0.9,0.3,0.5,0.7,0.8,1.5,0.3,0.8,0.8,0.2,0.3,-,-,0.5,-,-,-,-,17.9,0.4,0.2,14.8,2.6,1.1,0.1,1,0.1,-,-,-,-,-,0.1
101,Dan Burn,Newcastle United,EPL,32 years old (09-05-1992),"2,01m",England,"Defender (Centre, Left), Midfielder (Left)",Centre-Back,left,31,2790.0,-,-,9,-,89.1,4,-,6.83,"Jun 30, 2026",€7.00m,0.5,-,-,-,-,0.5,-,0.1,0.5,0.1,-,0.1,0.6,0.1,5.9,4,1.9,1,0.5,1.5,0.8,0.4,0.8,0.1,5.2,0.7,0.1,0.3,-,-,-,-,53.1,1.5,1.9,45.8,3.9,0.2,0.1,0.2,-,-,-,-,-,-,-
102,Martin Ødegaard,Arsenal FC,EPL,26 years old (17-12-1998),"1,78m",Norway,"Attacking Midfielder (Centre, Right)",Attacking Midfield,left,21(3),1870.0,2,4,4,-,87.4,0.3,1,6.83,"Jun 30, 2028",€100.00m,1.5,0.1,-,-,0.1,1.5,0.7,-,0.9,2,1.2,0.8,1.1,1.5,0.6,0.3,0.3,0.8,0.8,1.5,0.1,0.8,0.4,-,0.1,-,-,0.2,-,-,-,-,44.7,1.1,0.6,38,5,2,0.2,1.8,0.2,-,-,-,-,-,0.1
103,Idrissa Gueye,Everton FC,EPL,35 years old (26-09-1989),"1,74m",Senegal,Midfielder (Centre),Defensive Midfield,right,29(2),2541.0,-,3,7,-,87,0.7,1,6.83,"Jun 30, 2025",€2.00m,0.8,-,-,-,-,0.8,0.7,-,0.1,1.1,0.6,0.5,0.9,1.1,1.2,0.7,0.5,3.7,1,4.7,1.2,1.2,1.5,-,0.9,0.3,-,1.1,-,-,-,-,36.9,2.1,1.1,30.1,3.7,0.6,-,0.6,0.1,-,-,-,-,-,0.1
104,Ola Aina,Nottingham Forest,EPL,28 years old (08-10-1996),"1,84m",Nigeria,"Defender (Centre, Left, Right), Midfielder (Left, Right)",Right-Back,right,30,2575.0,2,1,2,-,79.7,0.4,3,6.83,"Jun 30, 2025",€20.00m,0.3,0.1,-,-,-,0.3,0.2,-,0.1,2.1,1.2,1,1.3,0.7,1,0.4,0.6,1.8,0.8,2.6,1,1.1,0.7,0.1,2.9,0.4,0.3,0.7,-,-,-,-,29.4,0.8,1.8,22.6,4.1,0.4,0.1,0.3,-,-,-,-,-,-,-
105,Casemiro,Manchester United,EPL,33 years old (23-02-1992),"1,85m",Brazil,"Defender (Centre), Defensive Midfielder (C)",Defensive Midfield,right,15(6),1274.0,1,-,3,-,80.3,1.5,2,6.83,"Jun 30, 2026",€12.00m,1.3,-,-,-,-,1.3,0.6,0.1,0.6,0.3,0.1,0.1,0.5,0.5,2.3,1.5,0.8,3.5,1.2,4.7,0.6,0.9,0.7,0.1,2,0.5,0.1,1.1,-,-,-,-,37.2,1.8,1.5,28,5.8,0.9,0.2,0.7,-,-,-,-,-,-,-
106,Jordan Pickford,Everton FC,EPL,31 years old (07-03-1994),"1,85m",England,Goalkeeper,Goalkeeper,left,32,2880.0,-,1,6,-,61.9,0.2,3,6.82,"Jun 30, 2027",€20.00m,-,-,-,-,-,-,-,-,-,-,-,-,0.1,-,0.2,0.2,-,-,-,0.1,-,0.2,-,-,1.4,-,-,-,2.9,0.3,1.7,0.9,36.8,9.5,13.9,13.2,0.1,0.1,0.1,-,-,-,-,-,-,-,-
107,Kenny Tete,Fulham FC,EPL,29 years old (09-10-1995),"1,80m",Netherlands,"Defender (Centre, Right), Midfielder (Right)",Right-Back,right,15(1),1274.0,-,2,3,-,83,0.9,1,6.82,"Jun 30, 2025",€15.00m,1.1,-,-,-,-,1.1,0.3,0.3,0.6,1.1,0.6,0.5,1,0.6,1.6,0.9,0.7,2.6,0.7,3.3,1.8,0.8,1.4,-,2.1,0.4,0.2,0.8,-,-,-,-,35.6,1.4,1.3,28.1,4.8,0.3,0.3,0.1,0.1,-,-,0.1,-,-,0.1
108,Cody Gakpo,Liverpool FC,EPL,25 years old (07-05-1999),"1,93m",Netherlands,"Attacking Midfielder (Centre, Left, Right), Forward",Left Winger,right,17(12),1502.0,8,3,4,-,84.3,0.4,2,6.82,"Jun 30, 2028",€70.00m,1.5,0.3,0.1,0.1,0.1,1.5,0.4,0.2,0.9,1.6,0.7,0.9,1.2,0.6,1.1,0.4,0.7,0.8,0.4,1.2,0.3,0.7,0.6,0.2,0.4,0.1,0.1,0.6,-,-,-,-,14.9,0.3,0.1,12.2,2.2,1,0.2,0.9,0.1,-,-,-,-,-,0.1
109,Mario Lemina,Galatasaray,EPL,31 years old (01-09-1993),184cm,Gabon,"Defender (Centre), Midfielder (Centre)",,,15(2),1365.0,1,3,4,-,81.3,1.5,2,6.82,,,1.1,0.1,-,-,0.1,1.1,0.6,-,0.5,0.9,0.4,0.6,1.2,0.6,2.4,1.5,0.9,3,0.5,3.5,1.6,0.5,1,0.2,2.9,0.4,0.1,0.3,-,-,-,-,34.6,2.2,2,25.9,4.5,0.6,0.1,0.5,0.2,-,-,0.1,-,-,0.1
110,Pervis Estupiñán,Brighton & Hove Albion,EPL,27 years old (21-01-1998),"1,75m",Ecuador,"Defender (Left), Midfielder (Left)",Left-Back,left,21(4),1953.0,1,1,4,-,88.3,1.4,1,6.82,"Jun 30, 2027",€30.00m,0.7,-,-,-,-,0.7,0.5,-,0.2,1.1,0.6,0.6,1,0.9,2.4,1.4,1,1.9,0.5,2.4,1.1,0.6,1.2,0.1,1.7,0.1,0.3,0.4,-,-,-,-,42.7,0.8,1,37,4,0.9,0.2,0.7,-,-,-,-,-,-,-
111,Tomás Soucek,West Ham United,EPL,30 years old (27-02-1995),"1,92m",Czech Republic,Midfielder (Centre),Defensive Midfield,right,25(4),2155.0,7,1,8,-,74.3,3,2,6.82,"Jun 30, 2027",€22.00m,1.6,0.2,-,-,0.2,1.6,-,0.2,1.4,0.4,0.2,0.2,0.6,0.3,5.3,3,2.3,1.2,0.6,1.8,0.5,0.8,1.3,0.1,2.4,0.6,-,0.6,-,-,-,-,27.6,1.5,1,19,6.1,0.5,-,0.4,-,-,-,-,-,-,-
112,Mikel Merino,Arsenal FC,EPL,28 years old (22-06-1996),"1,89m",Spain,"Midfielder (Centre), Forward",Central Midfield,left,14(10),1340.0,6,1,2,-,80,2.3,3,6.81,"Jun 30, 2028",€35.00m,1.3,0.3,-,0.1,0.2,1.3,0.1,0.3,0.8,0.7,0.4,0.3,0.9,0.8,4.4,2.3,2.1,1.3,0.6,1.9,0.5,0.8,1.4,0.3,0.9,0.2,0.1,0.5,-,-,-,-,20.6,0.4,0.3,16.1,3.8,0.6,-,0.6,-,-,-,-,-,-,-
113,Joachim Andersen,Fulham FC,EPL,28 years old (31-05-1996),"1,92m",Denmark,Defender (Centre),Centre-Back,right,23,2033.0,-,-,5,1,83.2,2.4,1,6.81,"Jun 30, 2029",€32.00m,0.6,-,-,-,-,0.6,0.2,-,0.3,0.3,0.1,0.2,0.2,0.1,3.9,2.4,1.5,1,0.3,1.3,1.3,0.6,0.7,-,5.9,0.9,0.1,0.3,-,-,-,-,69.4,7.4,7.8,50.3,3.9,0.1,0.1,-,-,-,-,-,-,-,-
114,Phil Foden,Manchester City,EPL,24 years old (28-05-2000),"1,71m",England,"Attacking Midfielder (Centre, Left, Right), Forward",Right Winger,left,19(6),1689.0,7,2,2,-,88.4,0.1,1,6.81,"Jun 30, 2027",€130.00m,2.1,0.3,-,-,0.2,2.1,1.1,0.1,0.9,1.6,1,0.5,1.4,1.2,0.4,0.1,0.3,0.5,0.4,0.9,0.4,1.2,0.2,0.1,0.3,-,-,0.4,-,-,-,-,32.1,1.3,0.4,27.1,3.3,1.7,0.4,1.3,0.1,-,-,-,-,-,-
115,Milos Kerkez,AFC Bournemouth,EPL,21 years old (07-11-2003),"1,80m",Hungary,"Defender (Left), Midfielder (Left)",Left-Back,left,32,2810.0,2,5,4,-,80.1,0.7,1,6.81,"Jun 30, 2028",€35.00m,0.5,0.1,-,-,0.1,0.5,0.2,-,0.3,1.3,0.8,0.6,1.3,0.6,2.1,0.7,1.4,1.5,0.4,1.9,1.2,1.4,0.8,-,2.8,0.3,0.2,0.7,-,-,-,-,34.2,1.3,2.9,26.1,3.9,0.8,0.2,0.6,0.2,0.1,-,-,-,-,0.1
116,Jarrad Branthwaite,Everton FC,EPL,22 years old (27-06-2002),"1,95m",England,Defender (Centre),Centre-Back,left,23(2),2076.0,-,1,4,-,81.6,1.8,-,6.81,"Jun 30, 2027",€50.00m,0.3,-,-,-,-,0.3,-,0.1,0.2,0.2,0.1,0.1,0.3,0.1,3.2,1.8,1.4,1.3,0.3,1.6,0.9,0.5,0.3,-,6.6,0.8,0.1,0.3,-,-,-,-,37.3,2.5,3.5,28,3.4,0.1,0.1,-,-,-,-,-,-,-,-
117,Nico O'Reilly,Manchester City,EPL,20 years old (21-03-2005),"1,93m",England,Defender (Left),Attacking Midfield,left,3(2),275.0,1,-,-,-,87.8,0.4,-,6.8,"Jun 30, 2028",€7.00m,0.8,0.2,-,-,0.2,0.8,0.2,-,0.6,1.8,0.6,1.2,1.4,0.6,1.4,0.4,1,1.2,0.4,1.6,0.4,0.4,0.8,0.2,1,-,-,0.2,-,-,-,-,39.4,0.4,0.2,34.2,4.6,0.4,0.2,0.2,-,-,-,-,-,-,-
118,Tyrone Mings,Aston Villa,EPL,32 years old (13-03-1993),"1,96m",England,"Defender (Centre, Left)",Centre-Back,left,10(2),961.0,-,-,1,-,89.1,2,-,6.8,"Jun 30, 2026",€6.00m,0.7,-,-,-,-,0.7,0.1,0.2,0.4,0.2,-,0.2,0.3,0.1,3.6,2,1.6,0.5,-,0.5,0.5,0.8,0.3,-,4.1,0.9,0.2,0.2,-,-,-,-,51.8,2.1,2.4,44.1,3.3,0.3,0.1,0.2,-,-,-,-,-,-,-
119,Marshall Munetsi,Wolverhampton Wanderers,EPL,28 years old (22-06-1996),"1,88m",Zimbabwe,"Defender (Centre), Midfielder (Centre)",Central Midfield,right,7(1),610.0,1,1,-,-,74.8,2,-,6.8,"Jun 30, 2028",€15.00m,1.9,0.1,-,-,0.1,1.9,0.4,0.1,1.4,0.3,0.3,-,2.9,0.6,3.8,2,1.8,2.1,0.5,2.6,0.5,1,1.1,0.4,1.5,0.1,0.1,0.8,-,-,-,-,14.4,-,0.1,10.8,3.5,0.5,-,0.5,0.1,-,-,-,-,-,0.1
120,Kevin Schade,Brentford FC,EPL,23 years old (27-11-2001),"1,85m",Germany,"Attacking Midfielder (Left, Right), Forward",Left Winger,right,20(12),1847.0,7,2,3,-,63.4,2.3,3,6.8,"Jun 30, 2028",€27.00m,1.3,0.2,-,0.1,0.2,1.3,0.1,0.3,0.9,2.3,1.5,0.8,1.4,1,4.1,2.3,1.9,1,0.3,1.3,0.2,1,0.6,0.4,0.8,0.1,0.1,0.4,-,-,-,-,11.7,0.2,0.1,7.2,4.2,0.6,0.1,0.5,0.1,-,-,-,-,-,-
121,Bernardo Silva,Manchester City,EPL,30 years old (10-08-1994),"1,73m",Portugal,"Midfielder (Centre, Left, Right), Forward",Attacking Midfield,left,23(4),2128.0,2,4,6,-,88.9,0.1,-,6.79,"Jun 30, 2026",€45.00m,1,0.1,-,-,-,1,0.1,0.1,0.9,2,1,0.9,0.7,1.1,0.5,0.1,0.4,1.7,0.9,2.6,0.7,0.9,0.8,0.1,0.8,0.2,-,0.7,-,-,-,-,46.7,1.1,0.8,40.4,4.4,1.6,-,1.5,0.1,-,-,-,-,-,0.1
122,Gabriel Martinelli,Arsenal FC,EPL,23 years old (18-06-2001),"1,78m",Brazil,"Attacking Midfielder (Left, Right), Forward",Left Winger,right,19(8),1802.0,6,4,1,-,77.8,0.5,1,6.79,"Jun 30, 2027",€55.00m,1.4,0.2,-,0.1,0.1,1.4,0.1,0.3,1,3.7,2.6,1.1,1.6,1.2,1.5,0.5,1,0.7,0.5,1.2,0.1,0.6,0.5,0.3,0.4,-,0.1,0.4,-,-,-,-,17.1,0.3,0.1,13,3.7,1.2,0.1,1.1,0.1,-,-,-,-,-,0.1
123,Nick Pope,Newcastle United,EPL,32 years old (19-04-1992),"1,98m",England,Goalkeeper,Goalkeeper,right,22,1980.0,-,-,2,-,63,0.5,1,6.79,"Jun 30, 2026",€10.00m,-,-,-,-,-,-,-,-,-,-,-,-,-,-,0.6,0.5,0.1,-,-,-,-,0.2,0.1,-,2.1,-,-,-,3.1,0.1,1.9,1.1,21.9,2.9,7.9,10.9,0.2,-,-,-,-,-,-,-,-,-,-
124,Raúl Jiménez,Fulham FC,EPL,33 years old (05-05-1991),"1,87m",Mexico,Forward,Centre-Forward,right,24(8),1972.0,10,3,3,-,72.6,2,2,6.79,"Jun 30, 2025",€5.00m,2.5,0.3,-,0.1,0.3,2.5,0.4,0.3,1.8,1.4,0.8,0.6,1.7,1.3,4.6,2,2.6,0.9,0.3,1.2,0.3,1,1,0.4,0.5,0.2,-,0.4,-,-,-,-,15.6,0.5,0.4,10.8,3.9,0.5,0.1,0.5,0.1,-,-,-,-,-,0.1
125,David Raya,Arsenal FC,EPL,29 years old (15-09-1995),"1,83m",Spain,Goalkeeper,Goalkeeper,right,32,2880.0,-,-,2,-,70.6,0.3,2,6.79,"Jun 30, 2028",€40.00m,-,-,-,-,-,-,-,-,-,-,-,-,-,-,0.3,0.3,-,-,0.1,0.1,0.1,0.2,-,-,0.7,-,-,-,2.3,0.2,1.6,0.6,32.5,4.6,9.3,18.3,0.3,-,-,-,-,-,-,-,-,-,-
126,Ben Davies,Tottenham Hotspur,EPL,31 years old (24-04-1993),"1,81m",Wales,"Defender (Centre, Left), Midfielder (Left)",Centre-Back,left,10(1),901.0,-,-,3,-,90.6,3.6,-,6.78,"Jun 30, 2025",€8.00m,0.4,-,-,-,-,0.4,-,-,0.4,0.1,-,0.1,0.4,-,6.7,3.6,3.1,0.9,0.6,1.5,0.9,0.3,1,-,4.7,1,0.2,0.6,-,-,-,-,65.9,2.5,1.9,57.2,4.3,0.2,-,0.2,-,-,-,-,-,-,-
127,Leandro Trossard,Arsenal FC,EPL,30 years old (04-12-1994),"1,72m",Belgium,"Midfielder (Centre, Left, Right), Forward",Left Winger,right,23(9),2103.0,5,5,2,1,80.4,0.2,1,6.78,"Jun 30, 2026",€30.00m,1.8,0.2,-,-,0.1,1.8,0.6,0.1,1.1,2.2,1.3,0.9,1.5,1.2,0.8,0.2,0.6,0.8,0.6,1.4,0.3,1.2,0.7,0.2,0.4,-,0.1,0.8,-,-,-,-,21.1,0.8,0.7,16.1,3.5,1.1,0.1,1,0.2,0.1,-,-,-,-,-
128,Jurriën Timber,Arsenal FC,EPL,23 years old (17-06-2001),"1,79m",Netherlands,"Defender (Centre, Left, Right)",Right-Back,right,26(3),2333.0,1,2,7,-,87.5,0.8,1,6.78,"Jun 30, 2028",€50.00m,0.5,-,-,-,-,0.5,0.1,0.1,0.2,1.8,1,0.8,1.1,0.8,1.4,0.8,0.7,2,0.3,2.3,0.7,1,1.1,0.2,1.4,0.1,0.1,0.5,-,-,-,-,38.1,0.4,0.9,32.9,3.9,0.6,-,0.6,0.1,-,-,-,-,-,-
129,Anthony Elanga,Nottingham Forest,EPL,22 years old (27-04-2002),"1,78m",Sweden,"Attacking Midfielder (Left, Right), Forward",Right Winger,right,25(7),2016.0,6,8,1,-,78,0.7,1,6.78,"Jun 30, 2028",€35.00m,1.1,0.2,-,-,0.2,1.1,0.3,-,0.8,2.2,1.5,0.7,2,1.1,1.7,0.7,1,0.5,0.4,0.9,0.2,1,0.2,0.4,0.6,-,0.2,0.3,-,-,-,-,15.5,0.3,0.3,11.8,3.1,1.2,0.3,1,0.3,0.1,-,-,-,-,0.1
130,Alisson Becker,Liverpool FC,EPL,32 years old (02-10-1992),"1,93m",Brazil,Goalkeeper,Goalkeeper,right,22,1969.0,-,-,-,-,80.5,0.3,-,6.78,"Jun 30, 2027",€25.00m,-,-,-,-,-,-,-,-,-,-,-,-,-,-,0.3,0.3,-,-,-,0.1,-,-,-,-,1.4,-,-,-,2.3,0.2,1.3,0.8,27,3,5.1,18.8,0.1,-,-,-,-,-,-,-,-,-,-
131,Tyler Adams,AFC Bournemouth,EPL,26 years old (14-02-1999),"1,75m",USA,"Defender (Right), Midfielder (Centre, Right)",Defensive Midfield,right,15(7),1469.0,-,3,5,-,83.5,1.3,-,6.78,"Jun 30, 2028",€18.00m,0.4,-,-,-,-,0.4,0.1,-,0.2,0.7,0.5,0.1,1,0.4,2,1.3,0.7,3.3,1.3,4.6,1.3,0.8,1.7,-,1.3,0.3,0.2,0.9,-,-,-,-,34.7,0.4,1.6,28.6,4.1,0.6,-,0.6,0.1,-,-,-,-,-,0.1
132,Sandro Tonali,Newcastle United,EPL,24 years old (08-05-2000),"1,81m",Italy,Defensive Midfielder (C),Central Midfield,right,22(8),2092.0,3,2,5,-,85,0.3,2,6.78,"Jun 30, 2028",€45.00m,0.9,0.1,-,-,0.1,0.9,0.5,0.1,0.4,1,0.4,0.6,0.7,0.8,0.7,0.3,0.3,1.4,0.7,2.1,1,1.3,1.1,0.1,0.9,0.3,0.1,0.6,-,-,-,-,37.8,1.1,1.1,31,4.5,0.4,-,0.4,0.1,-,-,-,-,-,0.1
133,Vitalii Mykolenko,Everton FC,EPL,25 years old (29-05-1999),"1,80m",Ukraine,"Defender (Centre, Left), Midfielder (Left)",Left-Back,left,29,2544.0,-,1,2,-,77.7,1.5,1,6.78,"Jun 30, 2026",€28.00m,0.4,-,-,-,-,0.4,0.2,-,0.2,0.6,0.4,0.2,0.7,0.3,2.7,1.5,1.2,1.8,0.7,2.6,1.1,0.9,0.6,0.1,4,0.3,0.3,0.4,-,-,-,-,27.4,1.3,2.1,19.9,4,0.6,0.1,0.5,-,-,-,-,-,-,-
134,Marc Guéhi,Crystal Palace,EPL,24 years old (13-07-2000),"1,82m",England,Defender (Centre),Centre-Back,right,30,2700.0,3,2,7,1,84.2,2.2,2,6.78,"Jun 30, 2026",€45.00m,0.4,0.1,-,0.1,-,0.4,-,0.1,0.3,0.5,0.1,0.4,0.5,0.5,3.7,2.2,1.6,1.8,0.4,2.2,0.8,0.8,0.7,-,4.6,0.7,0.1,1,-,-,-,-,52.1,3.4,4,40.4,4.2,0.4,0.2,0.2,0.1,-,-,-,-,-,-
135,Wilfred Ndidi,Leicester City,EPL,28 years old (16-12-1996),"1,83m",Nigeria,"Defender (Centre), Midfielder (Centre)",Defensive Midfield,right,23,1896.0,-,4,6,-,81.8,2.1,1,6.78,"Jun 30, 2027",€18.00m,0.8,-,-,-,-,0.8,0.1,-,0.7,1.2,0.7,0.5,1.4,1.2,3.9,2.1,1.8,3,1,4,1,0.7,1.5,0.1,2.7,0.7,0.2,1.1,-,-,-,-,34.6,0.7,1.3,27.5,5,0.6,0.1,0.5,0.2,-,-,-,-,-,0.1
136,Ethan Pinnock,Brentford FC,EPL,31 years old (29-05-1993),"1,94m",Jamaica,Defender (Centre),Centre-Back,left,21(1),1914.0,2,-,2,-,87.6,2.9,-,6.78,"Jun 30, 2027",€8.00m,0.5,0.1,-,-,-,0.5,-,0.1,0.3,0.4,0.3,0.1,0.1,0.2,4.9,2.9,2,1.6,0.5,2.1,1,0.2,0.4,-,6.3,0.8,0.1,0.5,-,-,-,-,46.9,2.1,2.5,39,3.3,0.4,0.1,0.3,-,-,-,-,-,-,-
137,Ollie Watkins,Aston Villa,EPL,29 years old (30-12-1995),"1,80m",England,"Attacking Midfielder (Left, Right), Forward",Centre-Forward,right,26(6),2178.0,14,6,1,-,75.4,1.3,2,6.77,"Jun 30, 2028",€50.00m,2.3,0.4,-,0.1,0.3,2.3,0.1,0.4,1.8,1.2,0.9,0.3,1.4,1.3,3.3,1.3,1.9,0.3,0.2,0.5,0.2,0.9,0.8,0.3,0.4,0.1,-,0.3,-,-,-,-,10.8,0.1,-,8,2.6,0.7,-,0.7,0.2,-,-,-,-,-,0.2
138,Lucas Digne,Aston Villa,EPL,31 years old (20-07-1993),"1,78m",France,"Defender (Centre, Left), Midfielder (Left)",Left-Back,left,26(3),2163.0,-,4,3,-,83.2,1.2,1,6.77,"Jun 30, 2026",€12.00m,0.4,-,-,-,-,0.4,0.3,-,0.1,0.6,0.3,0.3,0.6,0.5,2.1,1.2,0.9,2.1,0.6,2.7,0.9,0.4,0.6,0.2,2.5,0.1,0.2,0.7,-,-,-,-,31.6,0.8,1.2,25.4,4.1,1.2,0.3,0.9,0.1,0.1,-,-,-,-,-
139,Noussair Mazraoui,Manchester United,EPL,27 years old (14-11-1997),"1,83m",Morocco,"Defender (Centre, Left, Right), Midfielder (Right)",Right-Back,right,29(3),2485.0,-,1,2,-,85.6,1.3,1,6.77,"Jun 30, 2028",€32.00m,0.4,-,-,-,-,0.4,0.2,-,0.2,1.3,0.6,0.8,0.7,0.5,2.2,1.3,0.8,3,1.1,4,1,0.6,1.1,0.1,2.2,0.3,0.3,0.7,-,-,-,-,43,1.2,1.8,35.6,4.3,0.5,0.1,0.4,-,-,-,-,-,-,-
140,Harvey Barnes,Newcastle United,EPL,27 years old (09-12-1997),"1,82m",England,"Attacking Midfielder (Centre, Left)",Left Winger,right,11(16),1259.0,9,3,-,-,81.8,0.2,1,6.77,"Jun 30, 2028",€30.00m,1.7,0.3,-,0.1,0.2,1.7,0.2,0.2,1.3,1.9,1.1,0.7,0.8,0.5,0.7,0.2,0.5,0.6,0.1,0.7,0.2,0.6,0.3,0.1,0.3,-,0.1,0.2,-,-,-,-,14.8,0.2,0.1,11.9,2.6,0.7,-,0.7,0.1,0.1,-,-,-,-,-
141,Nico González,Manchester City,EPL,23 years old (03-01-2002),"1,88m",Spain,Midfielder (Centre),Central Midfield,right,7,573.0,-,-,3,-,93.5,1.9,-,6.77,"Jun 30, 2029",€40.00m,0.9,-,-,-,-,0.9,0.6,0.1,0.1,0.6,0.4,0.1,0.9,1,3,1.9,1.1,1.9,0.6,2.4,0.6,0.4,1.4,-,2.1,-,-,1.3,-,-,-,-,70.4,0.4,0.7,65.4,3.9,0.1,-,0.1,-,-,-,-,-,-,-
142,Danny Welbeck,Brighton & Hove Albion,EPL,34 years old (26-11-1990),"1,85m",England,"Attacking Midfielder (Centre, Left, Right), Forward",Centre-Forward,right,19(6),1692.0,8,4,3,-,83.8,0.6,3,6.76,"Jun 30, 2026",€5.00m,2,0.3,-,0.1,0.2,2,0.6,0.2,1.2,1.2,0.8,0.4,1.7,0.9,1.4,0.6,0.8,0.8,0.4,1.2,0.2,0.8,0.4,0.1,0.4,-,-,0.6,-,-,-,-,14.8,0.1,-,12.4,2.4,0.6,-,0.6,0.2,-,-,-,-,-,0.2
143,Fabian Schär,Newcastle United,EPL,33 years old (20-12-1991),"1,86m",Switzerland,Defender (Centre),Centre-Back,right,27(1),2413.0,3,-,6,1,84.1,1.3,-,6.76,"Jun 30, 2026",€9.00m,1,0.1,-,-,-,1,0.5,-,0.4,0.4,0.1,0.3,0.4,0.2,3.4,1.3,2.1,1.1,0.6,1.7,1.4,0.4,1.1,0.1,3.7,0.8,0.1,0.4,-,-,-,-,57.6,4,5.3,44.4,3.9,0.2,0.1,0.1,-,-,-,-,-,-,-
144,Ismaïla Sarr,Crystal Palace,EPL,27 years old (25-02-1998),"1,85m",Senegal,"Attacking Midfielder (Centre, Left, Right), Forward",Right Winger,right,25(7),2283.0,7,4,3,-,70.4,0.9,3,6.75,"Jun 30, 2029",€22.00m,1.4,0.2,-,0.1,0.2,1.4,0.2,0.3,1,1.6,1.1,0.4,1.8,1.2,2.3,0.9,1.4,0.7,0.5,1.2,0.2,1.4,0.4,0.3,1,0.2,0.1,0.5,-,-,-,-,18.2,0.3,0.5,12.5,4.9,1.1,-,1.1,0.1,-,-,-,-,-,0.1
145,Jørgen Strand Larsen,Wolverhampton Wanderers,EPL,25 years old (06-02-2000),"1,93m",Norway,Forward,Centre-Forward,right,27(3),2329.0,12,2,4,-,64.6,2,2,6.75,"Jun 30, 2025",€27.00m,1.6,0.4,0.1,0.1,0.3,1.6,0.1,0.1,1.4,0.5,0.3,0.2,2.8,1,5,2,3,0.3,0.6,0.9,0.1,0.6,1.4,0.5,0.8,0.1,-,0.4,-,-,-,-,13.2,0.3,0.2,8.2,4.5,0.6,-,0.6,0.1,-,-,-,-,-,-
146,Jake O'Brien,Everton FC,EPL,23 years old (15-05-2001),"1,97m",Ireland,"Defender (Centre, Right)",Right-Back,right,12(3),1119.0,2,-,4,-,77.1,2,1,6.74,"Jun 30, 2028",€15.00m,0.3,0.1,-,0.1,0.1,0.3,0.1,0.1,0.2,0.6,0.4,0.2,0.3,0.3,3.5,2,1.5,1.3,0.3,1.5,0.2,0.2,0.7,0.2,4.5,0.2,0.3,0.7,-,-,-,-,26.5,1.7,2,18.7,4.1,0.4,0.1,0.3,-,-,-,-,-,-,-
147,Maximilian Kilman,West Ham United,EPL,27 years old (23-05-1997),"1,94m",England,Defender (Centre),Centre-Back,left,32,2809.0,-,1,3,-,86.8,2.9,1,6.74,"Jun 30, 2031",€30.00m,0.3,-,-,-,-,0.3,-,0.2,0.2,0.6,0.2,0.4,0.4,0.1,4.4,2.9,1.5,0.9,0.1,1,1.1,0.4,0.4,-,5.3,1.1,-,0.5,-,-,-,-,50,2.8,3.4,40.6,3.2,0.5,0.1,0.4,-,-,-,-,-,-,-
148,Dara O'Shea,Ipswich Town,EPL,26 years old (04-03-1999),"1,89m",Ireland,"Defender (Centre, Right)",Centre-Back,right,29,2583.0,-,2,6,-,78.5,3.4,-,6.74,"Jun 30, 2029",€14.00m,0.7,-,-,-,-,0.7,0.1,0.1,0.4,0.1,-,-,0.4,0.1,5.9,3.4,2.5,1.4,0.4,1.8,1.1,0.7,0.5,0.1,6.1,1.6,0.2,0.4,-,-,-,-,44.5,3.1,4.2,31.9,5.3,0.1,0.1,-,0.1,-,-,-,-,-,-
149,Carlos Alcaraz,Everton FC,EPL,22 years old (30-11-2002),"1,76m",,"Midfielder (Centre, Left), Forward",Central Midfield,right,4(5),432.0,1,1,3,-,79.2,1,-,6.74,"Jun 30, 2025",€14.00m,2,0.1,-,-,0.1,2,1.2,0.1,0.7,1.2,0.4,0.8,1,0.9,1.7,1,0.7,1.2,0.6,1.8,0.3,0.7,1,0.1,0.7,0.1,-,0.3,-,-,-,-,17.7,0.7,0.7,13.3,3,1,-,1,0.1,-,-,-,-,-,0.1
150,Rodrigo Bentancur,Tottenham Hotspur,EPL,27 years old (25-06-1997),"1,87m",Uruguay,Midfielder (Centre),Defensive Midfield,right,18(4),1436.0,2,-,7,-,88.7,1.5,-,6.74,"Jun 30, 2026",€30.00m,1,0.1,-,-,0.1,1,0.4,-,0.5,0.8,0.4,0.4,0.7,0.8,2.6,1.5,1.1,1.6,0.8,2.4,1.5,0.5,1.2,-,1.4,0.4,-,0.7,-,-,-,-,43.8,0.9,0.7,38,4.3,0.4,0.1,0.3,-,-,-,-,-,-,-
151,Liam Delap,Ipswich Town,EPL,22 years old (08-02-2003),"1,86m",England,"Attacking Midfielder (Right), Forward",Centre-Forward,right,29(2),2366.0,12,2,9,-,61.9,1.7,3,6.73,"Jun 30, 2029",€35.00m,2,0.4,-,0.1,0.3,2,0.6,0.2,1.2,2.5,1.3,1.2,3,1.8,3.7,1.7,2,0.3,0.4,0.7,0.1,1.5,2,0.4,0.8,-,-,0.3,-,-,-,-,10.3,0.2,0.4,6.2,3.5,0.6,0.1,0.5,0.1,-,-,-,-,-,0.1
152,Kepa,AFC Bournemouth,EPL,30 years old (03-10-1994),"1,88m",Spain,Goalkeeper,Goalkeeper,right,25,2250.0,-,-,3,-,68.2,0.2,1,6.73,"May 31, 2025",€11.00m,-,-,-,-,-,-,-,-,-,-,-,-,-,-,0.3,0.2,-,-,-,0.1,-,0.2,0.1,-,1.2,-,-,-,3.3,0.1,2,1.2,29.5,6,9.2,14.2,0.2,-,-,-,-,-,-,-,-,-,-
153,Ferdi Kadioglu,Brighton & Hove Albion,EPL,25 years old (07-10-1999),"1,74m",Turkey,"Defender (Left, Right), Midfielder (Centre, Left, Right)",Left-Back,right,5(1),389.0,1,-,1,-,85.3,0.5,-,6.73,"Jun 30, 2028",€30.00m,0.7,0.2,-,-,0.2,0.7,0.2,-,0.5,1.2,0.7,0.5,1,0.3,0.7,0.5,0.2,1.7,1.5,3.2,1.3,0.5,0.8,0.2,2.8,0.3,-,-,-,-,-,-,25,0.7,0.8,20.7,2.8,0.8,0.3,0.5,-,-,-,-,-,-,-
154,Wesley Fofana,Chelsea FC,EPL,24 years old (17-12-2000),"1,85m",France,Defender (Centre),Centre-Back,right,14,1176.0,-,-,7,-,90.8,1.9,-,6.73,"Jun 30, 2029",€27.00m,0.2,-,-,-,-,0.2,-,0.1,0.1,1.1,0.5,0.6,1.1,0.4,2.9,1.9,0.9,0.9,0.6,1.5,1,1.1,1.7,-,3.7,0.6,0.2,0.4,-,-,-,-,55.8,1,1.4,49.6,3.8,0.4,0.1,0.4,-,-,-,-,-,-,-
155,Destiny Udogie,Tottenham Hotspur,EPL,22 years old (28-11-2002),"1,88m",Italy,"Defender (Left), Midfielder (Left)",Left-Back,left,22(1),1753.0,-,1,2,-,88.7,0.6,-,6.72,"Jun 30, 2030",€45.00m,0.2,-,-,-,-,0.2,-,-,0.2,1.3,0.8,0.5,1.3,0.8,1.1,0.6,0.6,3.1,0.6,3.7,0.8,1.6,1.3,0.1,1.1,0.2,0.3,1.4,-,-,-,-,39.1,0.5,0.2,34.2,4.2,0.7,0.1,0.6,-,-,-,-,-,-,-
156,Keane Lewis-Potter,Brentford FC,EPL,24 years old (22-02-2001),"1,70m",England,"Defender (Left), Midfielder (Centre, Left, Right), Forward",Left Winger,right,30(2),2644.0,1,2,5,-,80.1,0.8,1,6.72,"Jun 30, 2031",€23.00m,0.8,-,-,-,-,0.8,0.4,0.1,0.3,2.8,1.7,1.1,1.3,0.6,1.8,0.8,1,1.3,0.5,1.8,0.5,0.8,0.4,0.1,1.9,0.3,0.3,0.5,-,-,-,-,27.9,1.7,1.9,20.7,3.6,0.7,0.1,0.6,0.1,0.1,-,-,-,-,-
157,Illia Zabarnyi,AFC Bournemouth,EPL,22 years old (01-09-2002),"1,89m",Ukraine,Defender (Centre),Centre-Back,right,29(1),2575.0,-,-,3,1,81.1,2.1,1,6.72,"Jun 30, 2029",€40.00m,0.3,-,-,-,-,0.3,-,0.1,0.1,0.3,0.1,0.2,0.5,0.1,3.3,2.1,1.2,1.5,0.4,1.9,1.1,0.2,0.6,-,4.8,0.6,0.1,0.4,-,-,-,-,45.6,3.4,5.6,33.6,3,0.3,0.2,0.2,-,-,-,-,-,-,-
158,Matthijs de Ligt,Manchester United,EPL,25 years old (12-08-1999),"1,89m",Netherlands,Defender (Centre),Centre-Back,right,24(4),2093.0,2,-,3,-,90.5,2,1,6.72,"Jun 30, 2029",€40.00m,0.6,0.1,-,-,-,0.6,-,0.3,0.4,0.1,0.1,0.1,0.2,0.1,3.1,2,1.1,1.1,0.3,1.4,1.2,0.4,0.6,0.1,3.1,0.8,0.2,0.3,-,-,-,-,48.2,1.2,2.2,42.5,2.4,0.2,0.1,0.1,-,-,-,-,-,-,-
159,Marcus Rashford,Aston Villa,EPL,27 years old (31-10-1997),"1,85m",England,"Attacking Midfielder (Centre, Left, Right), Forward",Left Winger,right,12(3),983.0,4,1,2,-,76.9,0.3,-,6.72,"Jun 30, 2025",€50.00m,1.1,0.3,0.1,-,0.2,1.1,0.4,-,0.7,2.6,2,0.6,0.9,0.4,0.8,0.3,0.5,0.5,0.4,0.9,0.3,0.5,0.5,0.5,0.5,-,-,0.5,-,-,-,-,20.8,0.5,0.8,15.5,4,1,0.3,0.7,0.1,0.1,-,-,-,-,-
160,Riccardo Calafiori,Arsenal FC,EPL,22 years old (19-05-2002),"1,88m",Italy,"Defender (Centre, Left)",Left-Back,left,11(6),929.0,2,1,4,-,87.7,1.3,-,6.71,"Jun 30, 2029",€40.00m,0.6,0.1,0.1,-,0.1,0.6,0.2,0.2,0.2,0.8,0.2,0.5,0.6,0.3,2.1,1.3,0.8,1.5,0.6,2.2,0.5,0.4,0.9,0.2,1.4,0.4,0.1,0.4,-,-,-,-,26.8,0.9,0.4,22.6,2.9,0.4,-,0.4,0.1,-,-,-,-,-,0.1
161,Toti Gomes,Wolverhampton Wanderers,EPL,26 years old (16-01-1999),"1,87m",Portugal,"Defender (Centre, Left)",Centre-Back,left,24(1),2076.0,-,1,5,-,85.3,1.6,-,6.71,"Jun 30, 2029",€25.00m,0.3,-,-,-,-,0.3,-,0.1,0.1,0.9,0.3,0.6,0.6,0.5,2.4,1.6,0.8,1.9,0.3,2.2,0.8,0.4,0.8,0.2,4.8,0.6,0.1,0.4,-,-,-,-,50.9,1.6,3.1,41.8,4.4,0.3,-,0.2,-,-,-,-,-,-,-
162,Diogo Jota,Liverpool FC,EPL,28 years old (04-12-1996),"1,78m",Portugal,"Attacking Midfielder (Centre, Left, Right), Forward",Centre-Forward,right,13(8),1045.0,6,3,2,-,70.3,1,1,6.71,"Jun 30, 2027",€45.00m,2,0.3,-,-,0.2,2,0.1,0.1,1.7,1.4,0.9,0.5,1.7,1,2.2,1,1.3,0.5,0.6,1.1,0.3,0.5,0.8,-,0.3,-,-,0.4,-,-,-,-,12.5,0.4,0.3,8.4,3.4,0.5,-,0.5,0.1,-,-,-,-,-,0.1
163,Jan Paul van Hecke,Brighton & Hove Albion,EPL,24 years old (08-06-2000),"1,89m",Netherlands,Defender (Centre),Centre-Back,right,28(1),2511.0,1,-,5,1,88.8,2.4,1,6.71,"Jun 30, 2027",€32.00m,0.6,-,-,-,-,0.6,0.1,0.1,0.3,0.3,0.2,0.1,0.3,0.2,4,2.4,1.6,1.3,0.6,1.9,0.8,0.7,0.8,-,4.1,0.7,0.1,0.4,-,-,-,-,67.2,4.1,3.4,55.6,4.1,0.4,0.1,0.3,-,-,-,-,-,-,-
164,Harry Maguire,Manchester United,EPL,32 years old (05-03-1993),"1,94m",England,Defender (Centre),Centre-Back,right,16(6),1419.0,1,-,7,-,86.9,2.3,-,6.71,"Jun 30, 2026",€15.00m,0.5,-,-,-,-,0.5,-,0.2,0.3,0.2,0.1,0.1,0.3,0.1,3.3,2.3,1,1.2,0.2,1.4,1.6,0.3,0.7,-,3.1,0.5,-,0.1,-,-,-,-,41.2,2.2,2.1,33.5,3.3,0.3,0.1,0.2,-,-,-,-,-,-,-
165,Pedro Neto,Chelsea FC,EPL,25 years old (09-03-2000),"1,74m",Portugal,"Attacking Midfielder (Centre, Left, Right), Forward",Right Winger,left,18(11),1742.0,3,4,8,-,88.2,0.3,2,6.71,"Jun 30, 2031",€50.00m,1.7,0.1,-,-,0.1,1.7,0.7,-,1,2.9,2.1,0.9,1.2,0.8,1.1,0.3,0.8,0.6,0.3,1,0.3,0.9,0.6,0.1,-,-,0.1,0.3,-,-,-,-,20.1,0.7,0.4,17,2,1.4,0.3,1.1,0.1,-,-,-,-,-,0.1
166,Jan Bednarek,Southampton FC,EPL,29 years old (12-04-1996),"1,89m",Poland,Defender (Centre),Centre-Back,right,26,2175.0,2,-,7,-,92.6,2.6,1,6.71,"Jun 30, 2027",€11.00m,0.2,0.1,-,-,0.1,0.2,-,-,0.1,0.1,-,0.1,0.3,0.1,3.8,2.6,1.3,1.3,0.6,1.9,2,0.4,1.2,-,6.1,1.2,-,0.4,-,-,-,-,58.9,2.2,1.5,52.4,2.8,0.2,-,0.2,-,-,-,-,-,-,-
167,Joël Veltman,Brighton & Hove Albion,EPL,33 years old (15-01-1992),"1,84m",Netherlands,"Defender (Centre, Right), Midfielder (Right)",Right-Back,right,19,1647.0,-,-,4,-,82.2,1.2,-,6.71,"Jun 30, 2025",€7.00m,0.3,-,-,-,-,0.3,0.2,0.1,0.1,0.8,0.6,0.2,1,0.4,2.2,1.2,1,2.2,1.1,3.3,0.9,2.2,1.4,-,3.3,0.4,0.2,0.8,-,-,-,-,39.1,1.7,1.8,30.5,5.2,0.3,0.1,0.2,-,-,-,-,-,-,-
168,Antonín Kinsky,Tottenham Hotspur,EPL,22 years old (13-03-2003),"1,90m",Czech Republic,Goalkeeper,Goalkeeper,right,4,360.0,-,-,-,-,77.5,0.5,-,6.71,"Jun 30, 2031",€15.00m,-,-,-,-,-,-,-,-,-,-,-,-,-,-,0.5,0.5,-,0.8,-,0.8,-,-,-,-,2.8,-,-,-,2.8,-,2,0.8,32.3,4.3,6.3,20.8,1,0.3,0.3,-,-,-,-,-,-,-,-
169,Chris Richards,Crystal Palace,EPL,25 years old (28-03-2000),"1,88m",USA,"Defender (Centre), Defensive Midfielder (C)",Centre-Back,right,17(2),1519.0,1,-,2,-,81.9,1.8,-,6.7,"Jun 30, 2027",€12.00m,0.5,0.1,-,0.1,-,0.5,0.1,0.1,0.4,0.3,0.2,0.1,0.3,0.3,3.6,1.8,1.8,2.2,0.8,3,0.5,0.2,0.5,0.1,4.6,0.7,0.4,0.9,-,-,-,-,36.4,1.3,3.2,28.6,3.4,0.1,-,0.1,-,-,-,-,-,-,-
170,Nélson Semedo,Wolverhampton Wanderers,EPL,31 years old (16-11-1993),"1,77m",Portugal,"Defender (Centre, Left, Right), Midfielder (Right)",Right-Back,right,27(1),2422.0,-,4,7,-,81.7,1,-,6.7,"Jun 30, 2025",€10.00m,0.5,-,-,-,-,0.5,0.3,-,0.2,2.1,1.1,0.9,1.2,0.6,2.4,1,1.4,1.9,0.8,2.7,0.8,0.9,1.5,0.1,2.8,0.4,0.6,0.6,-,-,-,-,31.9,1.1,2.2,25,3.6,0.7,0.1,0.5,0.1,-,-,-,-,-,0.1
171,Jadon Sancho,Chelsea FC,EPL,25 years old (25-03-2000),"1,80m",England,"Attacking Midfielder (Centre, Left, Right)",Left Winger,right,18(8),1614.0,3,4,1,-,85.5,0.2,-,6.7,"Jun 30, 2025",€30.00m,0.8,0.1,-,-,0.1,0.8,0.2,-,0.7,3.5,1.9,1.7,1,0.7,0.6,0.2,0.4,0.4,0.3,0.7,0.1,0.4,0.2,0.2,0.2,-,-,0.3,-,-,-,-,26.7,0.2,0.2,22.6,3.7,1.3,-,1.3,0.2,-,-,-,-,-,0.1
172,Timothy Castagne,Fulham FC,EPL,29 years old (05-12-1995),"1,85m",Belgium,"Defender (Centre, Left, Right), Midfielder (Left, Right)",Right-Back,right,17(5),1608.0,-,1,1,-,83,1.6,-,6.7,"Jun 30, 2027",€15.00m,0.4,-,-,-,-,0.4,-,-,0.3,0.5,0.3,0.2,0.7,0.2,3.2,1.6,1.6,2.1,0.9,3,1,0.3,0.7,-,3.4,0.3,0.4,0.4,-,-,-,-,35,1.1,1.6,27.9,4.3,0.4,0.1,0.3,-,-,-,-,-,-,-
173,Tyrick Mitchell,Crystal Palace,EPL,25 years old (01-09-1999),"1,81m",England,"Defender (Left), Midfielder (Left)",Left-Back,left,32,2681.0,-,4,2,-,73.6,0.5,-,6.69,"Jun 30, 2025",€25.00m,0.3,-,-,-,-,0.3,-,-,0.3,0.9,0.5,0.4,1.1,0.8,1.2,0.5,0.7,2.4,0.6,3,0.4,0.7,0.6,0.1,2.3,0.3,0.4,1.5,-,-,-,-,28.1,1.3,2.5,19.4,4.9,1.1,0.1,1.1,0.1,0.1,-,-,-,-,0.1
174,Levi Colwill,Chelsea FC,EPL,22 years old (26-02-2003),"1,87m",England,"Defender (Centre, Left)",Centre-Back,left,29,2610.0,1,1,7,-,90.1,2.6,-,6.69,"Jun 30, 2029",€55.00m,0.5,-,-,-,-,0.5,-,0.1,0.4,0.3,0.1,0.2,0.4,0.2,4.2,2.6,1.7,1.2,0.3,1.6,1,0.6,1.3,0.1,3.2,0.8,0.1,0.3,-,-,-,-,77.6,2.6,3.2,67.3,4.5,0.5,-,0.5,-,-,-,-,-,-,-
175,Tosin Adarabioyo,Chelsea FC,EPL,27 years old (24-09-1997),"1,97m",England,"Defender (Centre, Right)",Centre-Back,right,13(6),1224.0,1,1,3,-,91.5,1.9,-,6.69,"Jun 30, 2028",€20.00m,0.6,0.1,-,-,0.1,0.6,0.1,0.2,0.4,0.2,0.1,0.2,0.2,-,3.3,1.9,1.4,0.7,0.2,0.9,0.5,0.3,0.4,0.1,3.2,0.4,0.1,0.1,-,-,-,-,56.4,1.9,2.2,49.7,2.6,0.1,-,0.1,0.1,-,-,-,-,-,0.1
176,Mateus Fernandes,Southampton FC,EPL,20 years old (10-07-2004),"1,78m",Portugal,"Attacking Midfielder (Centre, Left)",Central Midfield,right,28(2),2420.0,2,3,8,-,84,0.4,1,6.69,"Jun 30, 2029",€15.00m,1.2,0.1,-,-,0.1,1.2,0.5,0.1,0.6,3,1.6,1.4,1.5,1,0.7,0.4,0.3,2.5,1,3.6,0.6,1.5,1.3,0.1,0.8,0.1,0.1,1,-,-,-,-,34.7,1.7,1,27.4,4.6,0.9,0.3,0.6,0.1,0.1,-,-,-,-,-
177,Axel Disasi,Aston Villa,EPL,27 years old (11-03-1998),"1,91m",France,"Defender (Centre, Right)",Centre-Back,right,5(1),459.0,-,-,2,-,89.3,1.3,-,6.69,"Jun 30, 2025",€25.00m,0.3,-,-,-,-,0.3,0.2,-,0.2,2.5,1,1.5,0.5,0.3,2.3,1.3,1,1,0.3,1.3,0.8,0.3,0.3,0.3,3,0.2,-,0.5,-,-,-,-,43.5,0.8,1,38,3.7,0.5,0.2,0.3,-,-,-,-,-,-,-
178,Yerson Mosquera,Wolverhampton Wanderers,EPL,23 years old (02-05-2001),"1,88m",Colombia,Defender (Centre),Centre-Back,right,5,442.0,-,-,2,-,86.1,2.2,-,6.69,"Jun 30, 2030",€8.00m,0.4,-,-,-,-,0.4,-,-,0.4,-,-,-,0.8,0.2,3.4,2.2,1.2,2.2,1,3.2,2,1.4,1.2,0.2,2.8,2,-,0.6,-,-,-,-,47.4,2.4,3.4,38.4,3.2,0.4,0.4,-,-,-,-,-,-,-,-
179,Sepp van den Berg,Brentford FC,EPL,23 years old (20-12-2001),"1,92m",Netherlands,"Defender (Centre, Right), Midfielder (Right)",Centre-Back,right,23(2),2049.0,-,-,2,-,84,3,-,6.69,"Jun 30, 2029",€20.00m,0.5,-,-,-,-,0.5,-,-,0.5,0.3,0.1,0.2,0.5,0.2,5.6,3,2.5,1.4,0.4,1.7,0.7,0.2,0.7,-,4.2,1.2,0.1,0.6,-,-,-,-,36.8,1,1.2,29.9,4.7,0.2,-,0.2,-,-,-,-,-,-,-
180,Matty Cash,Aston Villa,EPL,27 years old (07-08-1997),"1,85m",Poland,"Defender (Right), Midfielder (Centre, Left, Right)",Right-Back,right,18(3),1566.0,1,1,6,-,85.4,0.8,-,6.68,"Jun 30, 2027",€28.00m,0.5,-,-,-,-,0.5,0.2,-,0.2,1.5,0.8,0.7,0.7,0.3,1.6,0.8,0.8,2.1,0.5,2.6,1,0.6,1,-,2,0.3,0.3,0.5,-,-,-,-,28.1,0.9,1,23.1,3,0.5,-,0.4,-,-,-,-,-,-,-
181,Matt Doherty,Wolverhampton Wanderers,EPL,33 years old (16-01-1992),"1,85m",Ireland,"Defender (Centre, Left, Right), Midfielder (Left, Right)",Right-Back,right,21(4),1812.0,2,1,6,-,84.3,1.8,-,6.67,"Jun 30, 2026",€2.50m,0.4,0.1,-,-,-,0.4,-,-,0.4,0.8,0.4,0.4,0.4,0.2,2.6,1.8,0.8,1.4,0.3,1.7,0.8,0.4,0.7,0.1,3.2,0.6,0.2,0.4,-,-,-,-,40.6,2.4,2.5,31.8,3.9,0.4,0.2,0.3,-,-,-,-,-,-,-
182,Harry Wilson,Fulham FC,EPL,28 years old (22-03-1997),"1,73m",Wales,"Attacking Midfielder (Centre, Left, Right)",Right Winger,left,8(11),836.0,5,1,2,-,78.7,0.2,2,6.67,"Jun 30, 2026",€17.00m,1.5,0.3,-,0.1,0.2,1.5,0.6,0.1,0.8,1.2,0.7,0.5,0.7,0.2,1.1,0.2,0.8,0.5,0.3,0.8,0.3,0.8,0.5,-,0.3,0.1,-,0.6,-,-,-,-,15.8,0.6,0.7,11.8,2.6,0.9,0.1,0.8,0.1,0.1,-,-,-,-,-
183,Lukasz Fabianski,West Ham United,EPL,40 years old (18-04-1985),"1,90m",Poland,Goalkeeper,Goalkeeper,right,12(1),1071.0,-,-,2,-,63.3,0.2,-,6.67,"Jun 30, 2025",€700k,-,-,-,-,-,-,-,-,-,0.2,-,0.2,-,-,0.4,0.2,0.2,-,0.1,0.1,-,0.1,0.2,-,1,-,-,-,3.6,0.5,2.2,0.9,30.8,6.5,11.2,13,0.1,-,-,-,-,-,-,-,-,-,-
184,Tino Livramento,Newcastle United,EPL,22 years old (12-11-2002),"1,82m",England,"Defender (Left, Right)",Right-Back,right,26(5),2302.0,-,1,1,-,86.2,0.6,-,6.66,"Jun 30, 2028",€35.00m,0.1,-,-,-,-,0.1,0.1,-,-,1.4,0.8,0.6,0.7,1,1.6,0.6,1,1.6,0.7,2.3,0.6,1,0.2,0.1,2.6,0.3,0.4,0.7,-,-,-,-,35.5,0.6,1.1,29.9,3.8,0.6,0.1,0.5,-,-,-,-,-,-,-
185,James Milner,Brighton & Hove Albion,EPL,39 years old (04-01-1986),"1,75m",England,"Defender (Left, Right), Midfielder (Centre, Left, Right)",Central Midfield,right,3,172.0,-,-,1,-,80,-,-,6.66,"Jun 30, 2025",€1.00m,0.7,-,-,-,-,0.7,0.3,-,0.3,0.3,-,0.3,-,-,0.3,-,0.3,1.7,-,1.7,0.7,0.3,1,-,0.7,0.7,-,0.7,-,-,-,-,21.7,0.3,0.7,17,3.7,1.3,0.3,1,-,-,-,-,-,-,-
186,James Ward-Prowse,West Ham United,EPL,30 years old (01-11-1994),"1,77m",England,"Midfielder (Centre, Right)",Central Midfield,right,7(2),672.0,-,1,2,-,91.6,0.6,-,6.66,"Jun 30, 2027",€10.00m,0.4,-,-,-,-,0.4,0.2,0.1,0.1,0.4,0.2,0.2,0.2,0.3,0.8,0.6,0.2,1.2,0.9,2.1,0.6,0.2,0.9,-,1,0.3,0.3,0.3,-,-,-,-,50.2,2,1.1,44,3.1,1.2,0.6,0.7,0.1,0.1,0.1,-,-,-,-
187,Aaron Ramsdale,Southampton FC,EPL,26 years old (14-05-1998),"1,90m",England,Goalkeeper,Goalkeeper,right,24,2160.0,-,-,2,-,62,0.2,3,6.66,"Jun 30, 2028",€16.00m,-,-,-,-,-,-,-,-,-,-,-,-,0.1,-,0.2,0.2,-,-,0.1,0.1,0.1,0.1,-,-,0.8,-,-,-,4.3,0.5,2.2,1.6,36.9,7.7,13.6,15.2,0.4,-,-,-,-,-,-,-,-,-,-
188,Conor Townsend,Ipswich Town,EPL,32 years old (04-03-1993),"1,83m",England,"Defender (Centre, Left), Midfielder (Left)",Left-Back,left,3(3),335.0,-,1,1,-,68.1,1,-,6.66,"Jun 30, 2026",€1.20m,0.2,-,-,-,-,0.2,-,-,0.2,-,-,-,0.3,0.3,1.7,1,0.7,1.8,0.5,2.3,0.7,0.7,0.3,-,2.3,1,0.3,0.3,-,-,-,-,15.7,0.8,2.2,9.8,2.8,0.7,-,0.7,0.2,-,-,-,-,-,0.2
189,Cameron Burgess,Ipswich Town,EPL,29 years old (21-10-1995),"1,94m",Australia,"Defender (Centre, Left)",Centre-Back,left,13(1),1215.0,-,1,-,-,81.1,2.7,-,6.65,"Jun 30, 2025",€2.50m,0.6,-,-,-,-,0.6,-,0.1,0.5,-,-,-,0.1,-,4.1,2.7,1.4,0.7,0.1,0.9,0.8,0.3,0.2,0.1,6.7,0.9,0.1,0.3,-,-,-,-,44.3,3,4.1,32.9,4.2,0.4,-,0.4,0.1,-,-,-,-,-,0.1
190,Sasa Lukic,Fulham FC,EPL,28 years old (13-08-1996),183cm,Serbia,Midfielder (Centre),,,24(1),1976.0,-,2,12,-,90.5,0.7,1,6.65,,,0.6,-,-,-,-,0.6,0.4,0.1,0.1,0.7,0.4,0.3,0.8,0.3,1.6,0.7,0.8,2.4,1.2,3.6,0.9,1,2.2,-,1.1,0.2,0.1,0.4,-,-,-,-,40.7,1.4,0.5,35.5,3.4,0.8,0.2,0.7,0.1,-,-,-,-,-,0.1
191,Kieran Trippier,Newcastle United,EPL,34 years old (19-09-1990),"1,73m",England,"Defender (Left, Right), Midfielder (Right)",Right-Back,right,11(10),1027.0,-,1,1,-,84.4,0.8,-,6.65,"Jun 30, 2026",€5.00m,0.1,-,-,-,-,0.1,0.1,-,-,0.3,0.1,0.2,0.4,0.2,1.3,0.8,0.5,1.5,0.6,2,0.5,0.4,0.6,0.1,1.5,-,0.3,0.2,-,-,-,-,36.9,1.3,1.8,29.8,4,0.7,0.4,0.3,-,-,-,-,-,-,-
192,James Garner,Everton FC,EPL,24 years old (13-03-2001),"1,82m",England,"Midfielder (Centre, Right)",Defensive Midfield,right,11(4),1055.0,-,1,3,-,77.4,0.7,-,6.65,"Jun 30, 2026",€20.00m,0.5,-,-,-,-,0.5,0.3,-,0.1,0.9,0.5,0.3,0.6,0.5,1.2,0.7,0.5,1.9,1,2.9,0.9,0.8,1,-,1.9,0.2,0.2,0.7,-,-,-,-,28.1,0.9,1.5,20.9,4.8,0.7,0.3,0.4,0.1,-,-,0.1,-,-,-
193,Ryan Yates,Nottingham Forest,EPL,27 years old (21-11-1997),"1,90m",England,Midfielder (Centre),Central Midfield,right,17(12),1739.0,2,1,8,-,82.8,1.6,-,6.65,"Jun 30, 2028",€13.00m,1.1,0.1,-,-,-,1.1,0.5,0.1,0.5,0.6,0.3,0.3,0.8,0.6,2.6,1.6,1,1.3,0.7,2,0.8,1.6,1.7,0.2,2,0.3,-,0.9,-,-,-,-,23.1,0.2,0.9,18.9,3,0.6,-,0.6,-,-,-,-,-,-,-
194,Kevin Danso,Tottenham Hotspur,EPL,26 years old (19-09-1998),"1,90m",Austria,Defender (Centre),Centre-Back,right,4,348.0,-,-,-,-,90.9,1.8,-,6.65,"Jun 30, 2025",€25.00m,1,-,-,-,-,1,-,0.3,0.8,0.5,0.3,0.3,1.5,-,3.3,1.8,1.5,1.3,0.5,1.8,0.5,1,1,-,5.3,1,0.3,-,-,-,-,-,71.5,1,2.8,64,3.8,0.3,-,0.3,-,-,-,-,-,-,-
195,Amadou Onana,Aston Villa,EPL,23 years old (16-08-2001),"1,95m",Belgium,Defensive Midfielder (C),Defensive Midfield,right,16(4),1262.0,2,-,4,-,88.7,1.2,1,6.64,"Jun 30, 2029",€55.00m,0.8,0.1,-,0.1,-,0.8,0.3,0.3,0.2,0.8,0.3,0.5,0.5,0.4,2,1.2,0.9,2.3,0.5,2.8,1.2,1.2,1.4,-,1.5,0.3,0.1,0.4,-,-,-,-,31.5,0.8,0.5,27.2,3.1,0.4,0.1,0.3,-,-,-,-,-,-,-
196,Adama Traoré,Fulham FC,EPL,29 years old (25-01-1996),"1,78m",Spain,"Midfielder (Centre, Left, Right), Forward",Right Winger,right,16(14),1515.0,2,5,2,-,81.1,0.8,1,6.64,"Jun 30, 2025",€10.00m,1.2,0.1,-,-,0.1,1.2,0.2,-,1,2.8,1.4,1.4,1,0.6,1.7,0.8,0.9,0.6,0.3,0.8,-,1,0.7,-,0.1,-,0.1,0.2,-,-,-,-,14.1,0.3,0.2,11.1,2.4,1.1,-,1.1,0.2,0.1,-,-,-,-,-
197,Bernd Leno,Fulham FC,EPL,33 years old (04-03-1992),"1,90m",Germany,Goalkeeper,Goalkeeper,right,32,2880.0,-,1,4,-,78.8,0.3,3,6.64,"Jun 30, 2027",€11.00m,-,-,-,-,-,-,-,-,-,-,-,-,-,-,0.3,0.3,-,0.1,-,0.1,-,0.1,-,-,0.8,-,-,-,2.8,0.1,2.1,0.6,33.6,4.4,6.9,22.1,0.3,0.1,0.1,-,-,-,-,-,-,-,-
198,Adam Wharton,Crystal Palace,EPL,21 years old (06-02-2004),"1,82m",England,Defensive Midfielder (C),Defensive Midfield,left,13(4),1128.0,-,1,2,-,79.5,0.4,-,6.63,"Jun 30, 2029",€35.00m,0.6,-,-,-,-,0.6,0.6,-,-,0.5,0.4,0.1,0.8,0.7,1.3,0.4,0.9,1.9,1.4,3.3,0.9,1.2,0.6,-,1.3,0.1,-,0.5,-,-,-,-,35.4,2.1,1.5,26.1,5.7,1.4,0.5,0.9,0.1,0.1,0.1,-,-,-,-
199,Reece James,Chelsea FC,EPL,25 years old (08-12-1999),"1,80m",England,"Defender (Centre, Right), Defensive Midfielder (C), Midfielder (Right)",Right-Back,right,9(4),768.0,1,-,1,-,89.3,1.5,-,6.63,"Jun 30, 2028",€30.00m,0.5,0.1,0.1,-,-,0.5,0.4,-,0.2,1.2,0.7,0.5,0.5,0.3,2,1.5,0.5,0.6,0.5,1.1,0.8,0.7,0.5,-,1.2,0.3,0.1,0.5,-,-,-,-,41.8,2.2,1.7,35.1,2.8,0.7,0.3,0.4,-,-,-,-,-,-,-
200,Michael Keane,Everton FC,EPL,32 years old (11-01-1993),"1,88m",England,"Defender (Centre, Right)",Centre-Back,right,9(1),812.0,2,-,4,-,83.2,1.9,1,6.63,"Jun 30, 2025",€6.00m,0.8,0.2,-,-,0.2,0.8,0.1,-,0.7,0.1,0.1,-,-,0.2,3.3,1.9,1.4,1,0.3,1.3,1,-,0.9,-,5,0.6,-,0.3,-,-,-,-,30.4,3.8,2.5,21.5,2.6,0.2,-,0.2,-,-,-,-,-,-,-
201,Ederson,Manchester City,EPL,31 years old (17-08-1993),"1,88m",Brazil,Goalkeeper,Goalkeeper,left,22,1961.0,-,4,3,-,86.6,0.2,1,6.63,"Jun 30, 2026",€25.00m,-,-,-,-,-,-,-,-,-,-,-,-,-,-,0.2,0.2,-,-,0.1,0.1,-,-,-,-,0.6,-,-,-,2.2,-,1.7,0.5,31.8,5.4,3.9,22.1,0.4,0.2,0.2,-,0.2,-,-,-,-,-,0.1
202,Emiliano Martínez,Aston Villa,EPL,32 years old (02-09-1992),"1,95m",Argentina,Goalkeeper,Goalkeeper,right,31,2702.0,-,-,4,-,78.7,0.3,1,6.63,"Jun 30, 2029",€25.00m,-,-,-,-,-,-,-,-,-,-,-,-,-,-,0.3,0.3,-,0.1,-,0.1,-,0.2,-,-,0.6,-,-,-,2.5,0.1,1.6,0.8,33.7,5.2,6.8,21.4,0.4,-,-,-,-,-,-,-,-,-,-
203,Matheus França,Crystal Palace,EPL,21 years old (01-04-2004),"1,84m",Brazil,Forward,Attacking Midfield,right,0(2),24.0,1,-,-,-,66.7,-,-,6.63,"Jun 30, 2028",€10.00m,1.5,0.5,-,-,0.5,1.5,-,-,1.5,-,-,-,0.5,-,-,-,-,0.5,-,0.5,-,-,-,-,-,-,-,-,-,-,-,-,3,-,-,2,1,-,-,-,-,-,-,-,-,-,-
204,Kostas Tsimikas,Liverpool FC,EPL,28 years old (12-05-1996),179cm,Greece,Defender (Left),,,6(9),573.0,-,1,2,-,91.5,0.3,1,6.62,,,0.2,-,-,-,-,0.2,0.1,-,0.1,0.4,0.2,0.2,0.3,0.1,0.7,0.3,0.3,1.6,0.3,1.9,0.5,0.3,0.6,0.1,0.9,0.1,0.2,0.2,-,-,-,-,25.9,1.3,0.5,22.3,1.7,0.5,0.2,0.3,0.1,0.1,0.1,-,-,-,-
205,Ilkay Gündogan,Manchester City,EPL,34 years old (24-10-1990),"1,80m",Germany,Midfielder (Centre),Central Midfield,right,20(8),1790.0,-,4,1,-,92.6,0.4,-,6.62,"Jun 30, 2026",€7.00m,0.8,-,-,-,-,0.8,0.4,-,0.4,1.1,0.6,0.5,0.8,0.7,0.7,0.4,0.3,0.8,0.5,1.3,0.4,0.7,0.5,-,0.6,-,-,0.4,-,-,-,-,49,1.3,0.7,44.1,2.9,1.2,0.1,1.1,0.1,-,-,-,-,-,0.1
206,Matheus Nunes,Manchester City,EPL,26 years old (27-08-1998),"1,83m",Portugal,"Defender (Right), Midfielder (Centre, Left, Right)",Central Midfield,right,14(7),1223.0,-,4,3,-,88.2,0.6,1,6.62,"Jun 30, 2028",€35.00m,0.2,-,-,-,-,0.2,-,-,0.2,1.4,0.8,0.6,1.1,0.5,1.1,0.6,0.6,1.2,0.7,1.9,0.6,0.6,1.3,0.2,0.9,0.1,0.3,0.4,-,-,-,-,37.1,0.9,0.7,31.9,3.7,1,0.2,0.7,0.2,0.1,-,-,-,-,-
207,Ethan Nwaneri,Arsenal FC,EPL,18 years old (21-03-2007),"1,76m",England,Attacking Midfielder (Right),Right Winger,left,10(12),776.0,3,2,1,-,88.7,0.1,1,6.62,"Jun 30, 2030",€55.00m,0.9,0.1,-,-,0.1,0.9,0.4,-,0.5,2.5,1,1.4,0.9,0.8,0.5,0.1,0.3,0.5,0.5,1,-,0.2,0.3,0.3,0.2,0.1,-,0.3,-,-,-,-,13.2,0.3,0.1,11.4,1.4,0.5,0.1,0.4,0.1,-,-,-,-,-,-
208,Sander Berge,Fulham FC,EPL,27 years old (14-02-1998),"1,95m",Norway,Midfielder (Centre),Defensive Midfield,right,21(4),1886.0,-,-,4,-,91.1,1,-,6.62,"Jun 30, 2029",€25.00m,0.1,-,-,-,-,0.1,-,-,-,0.8,0.4,0.4,0.4,0.6,1.7,1,0.7,1.9,0.4,2.4,0.8,0.3,1,-,1.2,0.3,-,0.7,-,-,-,-,40.6,2.1,1,34.9,2.6,0.7,0.1,0.6,-,-,-,-,-,-,-
209,Marcos Senesi,AFC Bournemouth,EPL,27 years old (10-05-1997),"1,85m",Argentina,Defender (Centre),Centre-Back,left,12(2),1012.0,-,-,5,-,77.8,1.7,1,6.61,"Jun 30, 2026",€24.00m,0.1,-,-,-,-,0.1,-,0.1,0.1,0.6,0.3,0.4,0.4,0.4,3.6,1.7,1.9,2.5,1.1,3.6,0.8,0.5,1.4,-,3.8,0.4,-,0.6,-,-,-,-,44.5,4.8,5.6,29.9,4.2,0.2,-,0.2,-,-,-,-,-,-,-
210,Adam Webster,Brighton & Hove Albion,EPL,30 years old (04-01-1995),"1,90m",England,Defender (Centre),Centre-Back,right,8(3),618.0,-,-,-,-,86,1.5,-,6.61,"Jun 30, 2026",€12.00m,0.1,-,-,-,-,0.1,-,-,0.1,0.3,0.2,0.1,0.3,0.1,2,1.5,0.5,0.7,0.5,1.3,1.3,0.2,0.5,0.1,2.5,0.8,-,0.3,-,-,-,-,45.4,2.5,3.7,36.5,2.6,0.3,0.1,0.2,-,-,-,-,-,-,-
211,Orel Mangala,Everton FC,EPL,27 years old (18-03-1998),"1,78m",Belgium,Midfielder (Centre),Defensive Midfield,right,14(5),1256.0,1,-,2,-,90.3,0.3,-,6.61,"Jun 30, 2025",€20.00m,0.8,0.1,-,-,0.1,0.8,0.6,-,0.3,1.3,0.5,0.7,0.6,0.6,0.7,0.3,0.4,0.8,0.2,1,1.1,0.9,1.3,0.1,1.1,0.2,0.2,0.3,-,-,-,-,25.4,0.8,0.4,22.2,2.1,0.4,-,0.4,-,-,-,-,-,-,-
212,Facundo Buonanotte,Leicester City,EPL,20 years old (23-12-2004),"1,74m",Argentina,"Attacking Midfielder (Centre, Right)",Attacking Midfield,left,13(14),1394.0,4,2,7,-,79.9,0.5,2,6.61,"Jun 30, 2025",€22.00m,1.1,0.1,-,-,0.1,1.1,0.4,0.1,0.7,2.7,1.8,0.9,1.9,1.4,1.7,0.5,1.2,1.8,1.6,3.4,0.4,1.2,1.2,0.1,0.4,0.2,0.1,1,-,-,-,-,17.9,0.6,0.6,13.7,3,0.9,0.2,0.7,0.1,0.1,-,-,-,-,-
213,João Gomes,Wolverhampton Wanderers,EPL,24 years old (12-02-2001),"1,76m",Brazil,Midfielder (Centre),Central Midfield,right,30,2525.0,3,1,8,1,86.5,0.3,1,6.6,"Jun 30, 2030",€40.00m,1.1,0.1,-,-,0.1,1.1,0.5,-,0.6,1.7,0.9,0.7,1.1,1.5,1,0.3,0.7,3,1.8,4.8,0.8,1.2,2.1,-,1,0.1,-,1.1,-,-,-,-,43.3,1.4,1.2,36.1,4.7,0.7,-,0.6,-,-,-,-,-,-,-
214,Georginio Rutter,Brighton & Hove Albion,EPL,22 years old (20-04-2002),"1,82m",France,"Attacking Midfielder (Centre, Right), Forward",Centre-Forward,left,19(9),1667.0,5,3,2,-,68.6,0.9,-,6.6,"Jun 30, 2028",€32.00m,1.8,0.2,-,-,0.2,1.8,0.5,-,1.3,2.5,1.6,1,1.6,1.3,2.6,0.9,1.7,1.4,0.8,2.2,0.4,1.6,1.2,0.3,0.4,0.1,-,0.6,-,-,-,-,12.3,0.3,0.2,8.2,3.6,0.7,-,0.6,0.1,-,-,0.1,-,-,-
215,Ezri Konsa,Aston Villa,EPL,27 years old (23-10-1997),"1,83m",England,"Defender (Centre, Right)",Centre-Back,right,27(1),2397.0,1,-,-,-,93,0.9,-,6.6,"Jun 30, 2028",€35.00m,0.3,-,-,-,-,0.3,-,0.1,0.1,0.6,0.4,0.3,0.5,0.3,1.7,0.9,0.8,1.1,0.1,1.3,0.8,1.5,0.2,-,2.9,0.3,0.3,0.3,-,-,-,-,49,1,1.1,44.6,2.3,0.2,-,0.1,-,-,-,-,-,-,-
216,Beto,Everton FC,EPL,27 years old (31-01-1998),"1,94m",Portugal,Forward,Centre-Forward,right,10(14),1095.0,6,-,2,-,57.8,2.9,1,6.6,"Jun 30, 2027",€20.00m,1.4,0.2,-,-,0.2,1.4,0.1,0.2,1.1,1.3,0.6,0.7,2,1.2,6.3,2.9,3.5,0.5,0.1,0.6,0.1,0.7,1.2,0.5,0.7,-,-,0.2,-,-,-,-,8,0.1,0.1,4.5,3.3,0.3,-,0.3,-,-,-,-,-,-,-
217,Reiss Nelson,Fulham FC,EPL,25 years old (10-12-1999),"1,75m",England,"Midfielder (Left, Right)",Right Winger,right,5(6),486.0,1,1,1,-,91.4,-,-,6.6,"Jun 30, 2025",€18.00m,1.1,0.1,-,-,0.1,1.1,-,0.1,1,3.2,2,1.2,1.3,0.7,0.4,-,0.4,0.7,0.7,1.5,0.5,0.8,0.5,0.1,0.1,-,0.1,1,-,-,-,-,22.1,0.2,0.4,20,1.5,1.2,0.1,1.1,0.1,-,-,-,-,-,0.1
218,Micky van de Ven,Tottenham Hotspur,EPL,23 years old (19-04-2001),"1,93m",Netherlands,"Defender (Centre, Left)",Centre-Back,left,10(1),907.0,-,2,4,-,91,1.6,-,6.6,"Jun 30, 2029",€55.00m,0.5,-,-,-,-,0.5,-,-,0.5,0.7,0.4,0.4,0.5,0.4,3.1,1.6,1.5,0.9,0.5,1.5,0.8,0.6,0.9,-,3,0.5,0.1,0.3,-,-,-,-,65.5,1.5,2.2,58,3.7,0.2,-,0.2,0.2,-,-,-,-,-,0.2
219,Manuel Ugarte,Manchester United,EPL,24 years old (11-04-2001),"1,82m",Uruguay,Defensive Midfielder (C),Defensive Midfield,right,19(5),1537.0,1,-,9,-,87.9,0.7,-,6.59,"Jun 30, 2029",€50.00m,0.7,-,-,-,-,0.7,0.5,-,0.2,1.2,0.6,0.6,1.1,0.8,1.4,0.7,0.7,2.8,1.4,4.2,1,1.2,1.5,-,0.6,0.1,0.1,1,-,-,-,-,30.6,1.4,0.8,25.5,3,0.3,0.1,0.2,-,-,-,-,-,-,-
220,Ryan Manning,Southampton FC,EPL,28 years old (14-06-1996),"1,73m",Ireland,"Defender (Centre, Left), Midfielder (Centre, Left, Right)",Left-Back,left,15(5),1203.0,-,-,2,-,86.1,0.6,-,6.59,"Jun 30, 2027",€3.50m,0.3,-,-,-,-,0.3,0.1,-,0.2,1.6,1,0.6,0.8,0.3,0.9,0.6,0.3,1.4,0.6,1.9,0.8,1.3,0.9,-,1.6,0.6,0.2,0.4,-,-,-,-,25.5,1,0.9,21.1,2.7,1.3,0.6,0.7,-,-,-,-,-,-,-
221,Andreas Pereira,Fulham FC,EPL,29 years old (01-01-1996),"1,78m",Brazil,"Midfielder (Centre, Left, Right)",Attacking Midfield,right,21(8),1754.0,2,4,8,-,77.7,0.4,-,6.59,"Jun 30, 2026",€20.00m,1.1,0.1,-,0.1,-,1.1,0.7,0.1,0.4,1,0.6,0.4,0.7,0.7,1.1,0.4,0.7,0.8,1,1.7,0.3,0.8,0.8,-,0.4,0.1,-,0.4,-,-,-,-,24.9,1.1,1.4,18.2,4.1,1.8,0.7,1.2,0.1,0.1,-,-,-,-,0.1
222,Dominic Calvert-Lewin,Everton FC,EPL,28 years old (16-03-1997),"1,89m",England,"Attacking Midfielder (Left), Forward",Centre-Forward,right,19(3),1582.0,3,1,2,-,63.5,3.8,1,6.59,"Jun 30, 2025",€20.00m,2.1,0.1,-,-,0.1,2.1,0.1,0.3,1.7,1.1,0.7,0.5,3.2,1.5,7.5,3.8,3.7,0.4,0.2,0.6,0.3,1,1.2,1.2,0.8,0.1,-,0.2,-,-,-,-,12.3,0.1,0.2,7.7,4.3,0.3,-,0.3,-,-,-,-,-,-,-
223,Nicolás Domínguez,Nottingham Forest,EPL,26 years old (28-06-1998),"1,79m",Argentina,"Midfielder (Centre, Left, Right)",Central Midfield,right,18(10),1571.0,-,-,8,-,87.8,0.6,-,6.59,"Jun 30, 2028",€17.00m,0.6,-,-,-,-,0.6,0.4,0.1,0.2,0.3,0.2,0.1,0.6,0.3,1.3,0.6,0.7,2.5,1.1,3.7,0.9,0.5,1,-,1.4,0.4,-,0.8,-,-,-,-,26.9,0.7,0.6,23,2.7,0.4,0.1,0.4,-,-,-,-,-,-,-
224,Caoimhín Kelleher,Liverpool FC,EPL,26 years old (23-11-1998),"1,88m",Ireland,Goalkeeper,Goalkeeper,right,10,900.0,-,-,-,-,72.1,0.2,-,6.59,"Jun 30, 2026",€22.00m,-,-,-,-,-,-,-,-,-,0.1,-,0.1,0.1,-,0.2,0.2,-,-,-,-,-,0.3,-,-,0.3,-,-,-,2.5,0.3,1.3,0.9,33.3,3.3,9.2,20.7,0.1,-,-,-,-,-,-,-,-,-,-
225,Dean Henderson,Crystal Palace,EPL,28 years old (12-03-1997),"1,88m",England,Goalkeeper,Goalkeeper,right,32,2880.0,-,-,3,-,58.2,0.3,1,6.59,"Jun 30, 2028",€15.00m,-,-,-,-,-,-,-,-,-,-,-,-,0.1,-,0.4,0.3,-,0.1,0.1,0.2,-,-,-,-,1.2,-,-,-,2.8,0.5,1.6,0.8,29.1,4.3,12,12.7,0.2,0.1,0.1,-,-,-,-,-,-,-,-
226,Boubacar Kamara,Aston Villa,EPL,25 years old (23-11-1999),"1,84m",France,"Defender (Centre, Left), Defensive Midfielder (C)",Defensive Midfield,right,14(6),1201.0,-,-,2,-,89.2,0.7,2,6.59,"Jun 30, 2027",€38.00m,0.3,-,-,-,-,0.3,0.2,-,0.2,1.1,0.7,0.4,0.4,0.5,1.5,0.7,0.8,2.2,1.1,3.3,0.7,1.2,1,-,2,0.3,0.1,0.5,-,-,-,-,34.4,0.9,0.9,29.8,2.9,0.4,0.1,0.4,-,-,-,-,-,-,-
227,Rúben Dias,Manchester City,EPL,27 years old (14-05-1997),"1,87m",Portugal,Defender (Centre),Centre-Back,right,19(2),1729.0,-,-,4,-,93.6,1.3,-,6.59,"Jun 30, 2027",€70.00m,0.7,-,-,-,-,0.7,0.4,0.1,0.2,0.1,-,0.1,0.2,-,2.3,1.3,1,0.6,0.1,0.8,0.9,0.3,0.5,-,2.3,0.6,-,0.1,-,-,-,-,85.7,2.5,2.4,77.7,3.1,0.2,-,0.2,-,-,-,-,-,-,-
228,Arijanet Muric,Ipswich Town,EPL,26 years old (07-11-1998),"1,98m",Kosovo,Goalkeeper,Goalkeeper,right,18,1620.0,-,-,1,-,68.2,0.6,2,6.59,"Jun 30, 2028",€6.00m,-,-,-,-,-,-,-,-,-,-,-,-,0.2,0.1,0.7,0.6,0.1,-,0.1,0.1,-,0.2,-,-,1.1,-,-,-,3.7,0.2,2.4,1.1,29.7,5.2,8.9,15.1,0.5,-,-,-,-,-,-,-,-,-,-
229,Marc Cucurella,Chelsea FC,EPL,26 years old (22-07-1998),"1,73m",Spain,"Defender (Centre, Left), Midfielder (Left)",Left-Back,left,27(3),2451.0,4,1,7,1,88.9,0.8,2,6.59,"Jun 30, 2028",€30.00m,0.6,0.1,-,-,0.1,0.6,0.2,-,0.4,0.4,0.3,0.1,0.8,0.2,2.4,0.8,1.6,1.8,0.8,2.6,0.7,1,1,0.1,1.8,0.4,0.4,0.9,-,-,-,-,45.4,1.2,1.8,39.2,3.2,0.6,-,0.6,-,-,-,-,-,-,-
230,Jefferson Lerma,Crystal Palace,EPL,30 years old (25-10-1994),"1,79m",Colombia,"Defender (Centre, Right), Defensive Midfielder (C)",Defensive Midfield,right,22(5),1899.0,-,1,7,-,78,1.6,-,6.59,"Jun 30, 2026",€12.00m,0.9,-,-,-,-,0.9,0.4,-,0.5,0.4,0.2,0.2,0.4,0.6,3,1.6,1.4,1,0.6,1.6,1.3,1.3,1.1,-,2,0.6,0.1,0.6,-,-,-,-,34.1,1.8,2.7,24.8,4.8,0.3,-,0.3,-,-,-,-,-,-,-
231,Andy Robertson,Liverpool FC,EPL,31 years old (11-03-1994),"1,78m",Scotland,"Defender (Left), Midfielder (Left)",Left-Back,left,26(4),2228.0,-,-,3,1,88.5,0.2,-,6.58,"Jun 30, 2026",€20.00m,0.4,-,-,-,-,0.4,0.1,-,0.3,0.6,0.4,0.2,0.8,0.3,0.6,0.2,0.4,1.3,0.6,1.8,0.7,0.2,0.3,0.1,1.3,0.1,0.4,0.2,-,-,-,-,46.1,1.8,2.3,39,3,1.3,0.3,1,-,-,-,-,-,-,-
232,Robin Olsen,Aston Villa,EPL,35 years old (08-01-1990),"1,96m",Sweden,Goalkeeper,Goalkeeper,right,1(2),180.0,-,-,-,-,70.7,-,-,6.58,"Jun 30, 2025",€1.50m,-,-,-,-,-,-,-,-,-,-,-,-,-,-,-,-,-,0.3,-,0.3,-,-,-,-,1,-,-,-,1.7,-,0.7,1,25,4,7.3,13.7,-,-,-,-,-,-,-,-,-,-,-
233,Yasin Ayari,Brighton & Hove Albion,EPL,21 years old (06-10-2003),"1,72m",Sweden,Midfielder (Centre),Central Midfield,right,18(10),1637.0,-,1,3,-,85.2,0.5,-,6.58,"Jun 30, 2027",€17.00m,0.9,-,-,-,-,0.9,0.3,-,0.6,1.4,0.8,0.6,1.1,0.8,1.1,0.5,0.6,1.8,0.9,2.8,0.6,0.8,1.1,0.1,0.7,0.2,-,0.5,-,-,-,-,26.3,0.3,0.8,22.1,3.1,0.9,0.3,0.6,-,-,-,-,-,-,-
234,Jonny Evans,Manchester United,EPL,37 years old (03-01-1988),"1,88m",N. Ireland,"Defender (Centre, Left)",Centre-Back,both,3(3),290.0,-,-,1,-,89.1,1.5,-,6.57,"Jun 30, 2025",€1.50m,0.2,-,-,-,-,0.2,-,-,0.2,0.2,-,0.2,0.2,-,2,1.5,0.5,1.2,0.3,1.5,0.7,1,0.8,-,2.2,0.2,-,0.2,-,-,-,-,32.2,0.7,0.8,28,2.7,-,-,-,-,-,-,-,-,-,-
235,Konstantinos Mavropanos,West Ham United,EPL,27 years old (11-12-1997),"1,94m",Greece,"Defender (Centre, Right)",Centre-Back,right,19(9),1846.0,-,-,3,1,86.4,2,-,6.57,"Jun 30, 2028",€17.00m,0.6,-,-,-,-,0.6,0.1,0.1,0.4,0.6,0.3,0.3,0.4,-,2.9,2,0.9,1.1,0.4,1.5,1.4,0.5,0.6,0.1,3.7,0.5,0.1,0.2,-,-,-,-,39.3,2.1,2.5,31.8,2.8,0.1,0.1,0.1,-,-,-,-,-,-,-
236,Emerson,West Ham United,EPL,30 years old (03-08-1994),"1,76m",Italy,"Defender (Left), Midfielder (Left)",Left-Back,left,23(4),1865.0,2,1,5,-,81.6,0.6,-,6.57,"Jun 30, 2026",€12.00m,0.5,0.1,-,-,-,0.5,0.3,0.1,0.2,1.1,0.7,0.4,0.8,0.3,1.2,0.6,0.7,2,0.7,2.6,0.7,0.5,0.8,-,1.8,0.3,0.1,0.9,-,-,-,-,27.9,1,1.7,21.8,3.4,0.6,0.3,0.3,-,-,-,-,-,-,-
237,André Onana,Manchester United,EPL,29 years old (02-04-1996),"1,90m",Cameroon,Goalkeeper,Goalkeeper,right,31,2790.0,-,-,-,-,70,0.2,-,6.57,"Jun 30, 2028",€32.00m,-,-,-,-,-,-,-,-,-,-,-,-,-,-,0.2,0.2,-,-,0.1,0.1,-,0.1,-,-,0.7,-,-,-,2.8,0.2,1.6,1,34.3,4.3,10.1,19.7,0.2,-,-,-,-,-,-,-,-,-,-
238,Gabriel Jesus,Arsenal FC,EPL,28 years old (03-04-1997),"1,75m",Brazil,"Attacking Midfielder (Left, Right), Forward",Centre-Forward,right,6(11),604.0,3,-,4,-,80,0.5,1,6.57,"Jun 30, 2027",€40.00m,1.2,0.2,-,0.1,0.1,1.2,0.1,0.2,0.9,1.3,0.8,0.5,0.8,0.8,1.6,0.5,1.1,0.6,0.3,0.9,0.2,0.6,0.8,0.5,0.4,0.1,0.1,0.5,-,-,-,-,11.2,0.1,0.1,8.8,2.1,0.5,0.1,0.4,-,-,-,-,-,-,-
239,Lucas Paquetá,West Ham United,EPL,27 years old (27-08-1997),"1,80m",Brazil,"Midfielder (Centre, Left, Right), Forward",Attacking Midfield,left,24(4),2083.0,4,-,8,-,78,1.5,-,6.57,"Jun 30, 2027",€35.00m,1.4,0.1,-,-,0.1,1.4,0.6,-,0.8,1.3,0.8,0.5,1.8,1.7,3.6,1.5,2,2.1,0.8,2.9,0.6,1.8,1.6,0.2,1,0.1,0.1,0.8,-,-,-,-,42,2.3,1.5,30.5,7.7,1.1,0.1,1,-,-,-,-,-,-,-
240,Curtis Jones,Liverpool FC,EPL,24 years old (30-01-2001),"1,85m",England,"Midfielder (Centre, Left)",Central Midfield,right,16(11),1418.0,3,3,1,1,94.1,0.5,1,6.56,"Jun 30, 2027",€50.00m,1.1,0.1,-,0.1,-,1.1,0.3,0.1,0.6,0.6,0.2,0.4,0.8,1.1,0.9,0.5,0.4,1.2,0.3,1.5,0.2,0.8,0.6,-,0.2,0.3,0.1,0.3,-,-,-,-,30.5,0.6,0.4,28.1,1.4,0.7,-,0.7,0.1,-,-,-,-,-,0.1
241,Joe Gomez,Liverpool FC,EPL,27 years old (23-05-1997),"1,88m",England,"Defender (Centre, Left, Right)",Centre-Back,right,6(3),519.0,-,-,1,-,89.4,1,-,6.56,"Jun 30, 2027",€25.00m,0.3,-,-,-,-,0.3,-,0.1,0.2,-,-,-,0.1,0.2,1.4,1,0.4,1.4,0.6,2,0.8,0.3,0.2,-,2.1,0.7,0.1,0.3,-,-,-,-,46.2,1.4,1.7,39.9,3.2,0.2,-,0.2,-,-,-,-,-,-,-
242,Rodrigo Muniz,Fulham FC,EPL,23 years old (04-05-2001),"1,86m",Brazil,Forward,Centre-Forward,right,8(23),952.0,8,1,1,-,65.7,2.2,1,6.56,"Jun 30, 2026",€20.00m,1.3,0.3,-,0.1,0.2,1.3,0.1,0.2,1,0.6,0.4,0.2,1.5,0.8,4.2,2.2,2,0.3,-,0.3,0.2,1,0.4,0.1,0.5,0.1,-,0.2,-,-,-,-,4.5,0.3,0.1,2.7,1.5,0.2,-,0.2,-,-,-,-,-,-,-
243,Ben White,Arsenal FC,EPL,27 years old (08-10-1997),"1,86m",England,"Defender (Centre, Right), Defensive Midfielder (C)",Right-Back,right,8(4),764.0,-,1,2,-,85.1,0.9,-,6.56,"Jun 30, 2028",€50.00m,0.5,-,-,-,-,0.5,0.3,0.1,0.2,0.2,0.2,-,0.6,0.3,1.2,0.9,0.3,0.9,1.1,2,1,0.3,0.7,0.1,2.1,0.5,0.3,0.1,-,-,-,-,28.6,1.1,1.2,23.3,3.1,0.3,0.1,0.3,0.1,-,-,-,-,-,0.1
244,Robert Sánchez,Chelsea FC,EPL,27 years old (18-11-1997),"1,97m",Spain,Goalkeeper,Goalkeeper,right,26,2340.0,-,-,5,-,67.9,0.2,2,6.56,"Jun 30, 2030",€20.00m,-,-,-,-,-,-,-,-,-,-,-,-,-,-,0.2,0.2,-,-,-,-,0.1,0.1,0.1,-,1.2,-,-,-,3.2,0.2,2,1,33.4,4.2,10.2,18.4,0.5,-,-,-,-,-,-,-,-,-,-
245,Emile Smith Rowe,Fulham FC,EPL,24 years old (28-07-2000),"1,82m",England,"Attacking Midfielder (Centre, Left)",Attacking Midfield,right,23(6),1846.0,5,2,2,-,91.2,0.2,-,6.55,"Jun 30, 2029",€32.00m,1.1,0.2,-,0.1,0.1,1.1,0.2,0.1,0.8,1.1,0.6,0.6,1.1,0.4,0.8,0.2,0.6,1,0.6,1.6,0.3,0.4,0.6,0.1,0.5,0.1,-,0.6,-,-,-,-,30.8,0.5,0.2,27.6,2.5,0.6,-,0.6,0.1,-,-,-,-,-,0.1
246,Ashley Young,Everton FC,EPL,39 years old (09-07-1985),"1,75m",England,"Defender (Left, Right), Midfielder (Left, Right)",Right-Back,both,17(10),1586.0,1,3,6,1,72.7,0.4,1,6.55,"Jun 30, 2025",€500k,0.2,-,-,-,-,0.2,0.2,-,-,0.5,0.3,0.2,0.3,-,0.8,0.4,0.4,1.9,0.7,2.5,0.8,0.6,0.9,-,1.9,0.1,0.3,0.3,-,-,-,-,23,2,2.9,14.7,3.3,0.7,0.1,0.6,0.1,-,-,-,-,-,0.1
247,Pape Sarr,Tottenham Hotspur,EPL,22 years old (14-09-2002),"1,84m",Senegal,Midfielder (Centre),Central Midfield,right,17(13),1512.0,3,2,6,-,88.1,0.8,1,6.55,"Jun 30, 2030",€40.00m,0.9,0.1,-,-,0.1,0.9,0.6,0.1,0.3,0.8,0.5,0.4,0.8,0.6,1.8,0.8,1.1,1.4,0.4,1.8,0.7,0.9,0.9,0.1,0.5,0.2,-,0.5,-,-,-,-,28.7,0.4,0.4,24.8,3,0.5,0.1,0.4,0.1,-,-,-,-,-,0.1
248,Toby Collyer,Manchester United,EPL,21 years old (03-01-2004),"1,80m",England,Midfielder,Defensive Midfield,right,0(6),175.0,-,-,-,-,82.2,0.5,-,6.55,"Jun 30, 2027",€5.00m,0.2,-,-,-,-,0.2,-,0.2,-,0.3,0.2,0.2,1.8,0.2,0.7,0.5,0.2,2,0.2,2.2,0.3,0.7,0.3,-,0.5,0.2,-,0.2,-,-,-,-,15,0.3,0.2,12,2.5,0.3,-,0.3,-,-,-,-,-,-,-
249,Jacob Greaves,Ipswich Town,EPL,24 years old (12-09-2000),"1,93m",England,"Defender (Centre, Left)",Centre-Back,left,19,1666.0,1,-,4,-,87.6,2.9,-,6.55,"Jun 30, 2029",€20.00m,0.4,0.1,-,0.1,-,0.4,-,0.2,0.3,0.1,0.1,0.1,0.4,0.1,4.8,2.9,1.9,1.4,0.4,1.8,0.9,0.8,0.5,0.1,5.5,1,-,0.4,-,-,-,-,45.4,0.9,2.4,38.8,3.3,0.1,-,0.1,-,-,-,-,-,-,-
250,Jamie Vardy,Leicester City,EPL,38 years old (11-01-1987),"1,79m",England,"Attacking Midfielder (Left), Forward",Centre-Forward,right,30,2433.0,7,3,5,-,70.4,1.6,1,6.55,"Jun 30, 2025",€1.00m,1.7,0.2,-,0.1,0.1,1.7,0.1,0.3,1.3,0.7,0.4,0.3,1,0.4,3.1,1.6,1.6,0.6,0.2,0.8,0.1,0.6,0.6,0.8,0.7,0.1,-,0.1,-,-,-,-,10.6,0.1,0.1,7.3,3,0.6,-,0.6,0.1,-,-,-,-,-,0.1
251,Rodri,Manchester City,EPL,28 years old (22-06-1996),"1,91m",Spain,"Defender (Centre), Defensive Midfielder (C)",Defensive Midfield,right,1(1),66.0,-,-,-,-,93.4,0.5,-,6.55,"Jun 30, 2027",€130.00m,-,-,-,-,-,-,-,-,-,0.5,0.5,-,-,-,0.5,0.5,-,1,-,1,0.5,1,0.5,-,-,-,-,0.5,-,-,-,-,30.5,2.5,-,26,2,0.5,-,0.5,-,-,-,-,-,-,-
252,André,Wolverhampton Wanderers,EPL,23 years old (16-07-2001),"1,76m",Brazil,Defensive Midfielder (C),Defensive Midfield,right,25(2),2009.0,-,-,6,-,92.8,0.1,-,6.54,"Jun 30, 2029",€25.00m,0.3,-,-,-,-,0.3,0.2,-,-,0.9,0.4,0.4,0.9,0.5,0.3,0.1,0.2,2.4,0.9,3.2,1,1.1,1.2,-,0.9,0.3,-,1.2,-,-,-,-,38.6,1.5,0.6,34.3,2.1,0.4,-,0.4,-,-,-,-,-,-,-
253,Ross Barkley,Aston Villa,EPL,31 years old (05-12-1993),"1,89m",England,"Midfielder (Centre, Left, Right)",Central Midfield,right,3(13),546.0,3,1,3,-,86.8,0.4,1,6.54,"Jun 30, 2026",€8.00m,0.9,0.2,0.1,0.1,0.1,0.9,0.3,0.3,0.3,0.6,0.1,0.5,0.3,0.5,0.6,0.4,0.3,0.8,0.3,1.1,0.6,0.2,0.5,-,0.3,0.2,-,0.4,-,-,-,-,22.8,0.6,0.3,19.2,2.7,0.5,-,0.5,0.1,-,-,-,-,-,0.1
254,Trevoh Chalobah,Chelsea FC,EPL,25 years old (05-07-1999),"1,92m",England,"Defender (Centre, Right), Defensive Midfielder (C)",Centre-Back,right,7(2),566.0,-,1,1,-,90.2,2,1,6.53,"Jun 30, 2028",€17.00m,0.7,-,-,-,-,0.7,0.1,0.1,0.4,0.3,0.2,0.1,0.3,0.2,3,2,1,0.6,0.1,0.7,0.8,0.6,0.7,-,2.6,0.1,-,0.2,-,-,-,-,48.9,1.3,1.7,42.8,3.1,0.4,0.1,0.3,0.1,-,-,-,-,-,0.1
255,James Justin,Leicester City,EPL,27 years old (23-02-1998),"1,83m",England,"Defender (Centre, Left, Right), Midfielder (Left, Right)",Right-Back,both,30,2535.0,2,1,5,-,77.1,1.9,-,6.53,"Jun 30, 2026",€15.00m,0.8,0.1,-,-,0.1,0.8,0.2,0.1,0.5,0.9,0.6,0.3,1,0.4,3.5,1.9,1.6,1.6,0.7,2.3,1.4,1.1,0.6,0.1,3.3,0.4,0.8,0.9,-,-,-,-,34.6,1,2.3,25.7,5.6,0.4,-,0.4,-,-,-,-,-,-,-
256,Leif Davis,Ipswich Town,EPL,25 years old (31-12-1999),"1,82m",England,"Defender (Left), Midfielder (Left)",Left-Back,left,29(1),2535.0,1,2,5,-,80.6,1.1,1,6.53,"Jun 30, 2028",€25.00m,0.5,-,-,-,-,0.5,0.3,-,0.2,1.2,0.8,0.4,1.2,0.5,1.9,1.1,0.8,1.5,0.6,2.1,0.8,1,0.8,0.1,2.2,0.3,0.2,0.5,-,-,-,-,29.4,1.1,1.3,22.6,4.4,1.8,0.5,1.3,0.1,-,-,-,-,-,-
257,Richarlison,Tottenham Hotspur,EPL,27 years old (10-05-1997),"1,84m",Brazil,"Attacking Midfielder (Centre, Left, Right), Forward",Centre-Forward,right,2(8),294.0,3,1,1,-,69,0.8,-,6.53,"Jun 30, 2027",€25.00m,0.8,0.3,-,0.3,-,0.8,-,0.4,0.4,0.9,0.8,0.1,0.5,0.6,2.2,0.8,1.4,0.4,0.1,0.5,-,0.7,0.4,0.1,0.8,0.1,-,-,-,-,-,-,7.1,0.1,-,4.8,2.2,0.4,-,0.4,0.1,-,-,-,-,-,0.1
258,Victor Kristiansen,Leicester City,EPL,22 years old (16-12-2002),"1,81m",Denmark,"Defender (Left), Midfielder (Left)",Left-Back,left,28,2388.0,-,1,1,-,82.1,0.7,-,6.53,"Jun 30, 2028",€16.00m,0.1,-,-,-,-,0.1,-,-,0.1,0.6,0.3,0.3,0.5,0.4,2.2,0.7,1.5,3,1.4,4.5,1.4,0.6,0.6,0.1,2.3,0.5,0.3,0.8,-,-,-,-,35.9,1.5,2.3,27.9,4.1,0.6,0.2,0.5,-,-,-,-,-,-,-
259,Ryan Sessegnon,Fulham FC,EPL,24 years old (18-05-2000),"1,78m",England,"Defender (Left), Midfielder (Left, Right)",Left-Back,left,3(7),245.0,3,1,-,-,76.2,0.4,-,6.53,"Jun 30, 2026",€9.00m,1,0.3,-,-,0.3,1,-,-,1,0.9,0.6,0.3,1.1,0.6,0.8,0.4,0.4,0.7,0.5,1.2,0.2,0.1,1,-,0.3,-,0.2,0.5,-,-,-,-,6.3,0.2,-,4.6,1.5,0.4,-,0.4,0.1,-,-,-,-,-,0.1
260,Álex Moreno,Nottingham Forest,EPL,31 years old (08-06-1993),"1,79m",Spain,"Defender (Left), Midfielder (Left)",Left-Back,left,11(4),960.0,-,1,2,-,77.8,0.2,-,6.53,"May 31, 2025",€11.00m,0.4,-,-,-,-,0.4,0.3,-,0.1,1.4,0.9,0.5,0.9,0.4,0.9,0.2,0.7,1.7,1.6,3.3,1,0.4,0.8,-,2.5,0.3,0.3,0.4,-,-,-,-,21.3,0.4,1.1,16.2,3.7,0.5,-,0.5,0.1,-,-,-,-,-,0.1
261,Mads Hermansen,Leicester City,EPL,24 years old (11-07-2000),"1,87m",Denmark,Goalkeeper,Goalkeeper,right,25,2206.0,-,-,1,-,56.8,0.2,-,6.52,"Jun 30, 2028",€15.00m,-,-,-,-,-,-,-,-,-,-,-,-,-,-,0.2,0.2,-,-,-,-,-,0.1,-,-,1.2,-,-,-,3.6,0.6,2.2,0.9,34.5,5.5,14.2,14.1,0.7,-,-,-,-,-,-,-,-,-,-
262,Carlos Alcaraz,Everton FC,EPL,22 years old (30-11-2002),"1,76m",,"Midfielder (Centre, Left), Forward",Central Midfield,right,0(1),9.0,-,-,-,-,100,1,-,6.52,"Jun 30, 2025",€14.00m,1,-,-,-,-,1,-,-,1,2,2,-,-,-,1,1,-,-,-,-,1,-,1,-,-,-,-,-,-,-,-,-,11,1,-,10,-,1,-,1,-,-,-,-,-,-,-
263,Fraser Forster,Tottenham Hotspur,EPL,37 years old (17-03-1988),"2,01m",England,Goalkeeper,Goalkeeper,right,7,630.0,-,-,-,-,82.6,0.1,-,6.52,"Jun 30, 2025",€1.20m,-,-,-,-,-,-,-,-,-,0.1,-,0.1,0.1,-,0.1,0.1,-,-,0.1,0.1,-,-,-,-,1,-,-,-,3.9,0.4,2.4,1,23.9,2.1,3.3,17.6,0.9,-,-,-,-,-,-,-,-,-,-
264,Darwin Núñez,Liverpool FC,EPL,25 years old (24-06-1999),"1,87m",Uruguay,"Attacking Midfielder (Centre, Left), Forward",Centre-Forward,right,8(17),1005.0,5,2,8,-,71,0.6,-,6.52,"Jun 30, 2028",€50.00m,1.2,0.2,-,-,0.2,1.2,0.2,0.1,0.9,0.8,0.5,0.3,0.8,0.7,1.8,0.6,1.2,0.7,0.4,1.1,0.1,0.6,1,0.4,0.4,-,-,0.2,-,-,-,-,8,0.4,0.2,5.3,2.2,0.4,-,0.4,0.1,-,-,-,-,-,0.1
265,João Félix,AC Milan,EPL,25 years old (10-11-1999),181cm,Portugal,"Attacking Midfielder (Centre, Left), Forward",,,3(9),364.0,1,1,2,-,86.2,0.3,-,6.52,,,1.7,0.1,-,-,0.1,1.7,0.6,0.2,0.9,2.6,1.8,0.8,0.5,0.3,0.8,0.3,0.4,0.7,0.3,1,0.3,1.4,0.5,0.1,0.2,-,-,0.2,-,-,-,-,16.3,0.4,0.3,13.6,1.9,0.5,0.1,0.4,0.1,-,-,-,-,-,0.1
266,Vitaly Janelt,Brentford FC,EPL,26 years old (10-05-1998),"1,84m",Germany,"Defender (Left), Defensive Midfielder (C)",Defensive Midfield,left,27(4),2264.0,1,3,3,-,84.5,0.6,-,6.52,"Jun 30, 2026",€22.00m,0.5,-,-,-,-,0.5,0.2,-,0.3,0.4,0.3,0.1,0.5,0.3,1,0.6,0.4,1.2,0.5,1.7,0.9,0.5,0.8,-,1.5,0.3,0.2,0.8,-,-,-,-,32.6,1.5,1.9,26,3.1,0.5,0.1,0.4,0.1,-,-,-,-,-,0.1
267,Alphonse Areola,West Ham United,EPL,32 years old (27-02-1993),"1,95m",France,Goalkeeper,Goalkeeper,right,20(1),1810.0,-,-,-,-,66.1,0.1,-,6.51,"Jun 30, 2027",€10.00m,-,-,-,-,-,-,-,-,-,-,-,-,-,-,0.1,0.1,-,0.1,-,0.1,-,-,-,-,1,-,-,-,2.8,0.2,1.7,1,33.3,6.5,10.5,15.5,0.8,-,-,-,-,-,-,-,-,-,-
268,Abdoulaye Doucouré,Everton FC,EPL,32 years old (01-01-1993),"1,83m",Mali,Midfielder (Centre),Central Midfield,right,27(1),2257.0,3,1,3,1,82.4,1,-,6.51,"Jun 30, 2025",€8.00m,0.9,0.1,-,-,0.1,0.9,0.1,-,0.8,1.3,0.6,0.6,1.1,1.1,2.4,1,1.4,1.5,0.8,2.3,0.3,0.2,1.6,0.3,0.6,0.2,-,0.8,-,-,-,-,27.6,0.7,0.5,22,4.4,0.9,-,0.9,-,-,-,-,-,-,-
269,Jack Hinshelwood,Brighton & Hove Albion,EPL,20 years old (11-04-2005),"1,82m",England,"Defender (Left, Right), Defensive Midfielder (C)",Central Midfield,right,18(2),1511.0,2,-,4,-,85.3,0.9,1,6.51,"Jun 30, 2028",€24.00m,0.6,0.1,-,-,0.1,0.6,0.1,-,0.6,0.5,0.4,0.1,0.8,0.1,1.5,0.9,0.6,1.2,0.7,1.8,0.7,0.3,0.7,-,1.7,0.2,-,0.2,-,-,-,-,37.4,1.6,1.6,30.4,3.9,0.6,0.2,0.4,-,-,-,-,-,-,-
270,Calvin Bassey,Fulham FC,EPL,25 years old (31-12-1999),"1,85m",Nigeria,"Defender (Centre, Left)",Centre-Back,left,29(1),2624.0,1,-,5,-,89.8,1.3,-,6.51,"Jun 30, 2027",€25.00m,0.4,-,-,-,-,0.4,0.1,0.1,0.2,0.9,0.5,0.4,0.9,0.2,2.3,1.3,1,1.6,0.2,1.8,0.5,1,0.7,0.1,3,0.6,0.1,0.7,-,-,-,-,60.6,2.4,2.8,52,3.4,0.1,-,0.1,-,-,-,-,-,-,-
271,Kobbie Mainoo,Manchester United,EPL,19 years old (19-04-2005),"1,80m",England,Midfielder (Centre),Central Midfield,right,15(4),1299.0,-,-,5,-,87.1,0.8,1,6.51,"Jun 30, 2027",€55.00m,0.5,-,-,-,-,0.5,0.3,-,0.3,2.2,1.1,1.1,1.3,1.6,2.2,0.8,1.3,1.9,0.7,2.6,0.9,1,1.3,0.1,0.2,0.1,0.1,0.7,-,-,-,-,35.2,1,0.5,29.7,4.1,0.7,-,0.7,-,-,-,-,-,-,-
272,Alejandro Garnacho,Manchester United,EPL,20 years old (01-07-2004),"1,80m",Argentina,"Attacking Midfielder (Centre, Left, Right)",Attacking Midfield,right,20(11),1875.0,5,1,2,-,83.6,0.1,1,6.5,"Jun 30, 2028",€45.00m,2.3,0.2,-,-,0.1,2.3,0.6,0.1,1.6,2.5,1.7,0.7,1.6,1.3,0.8,0.1,0.7,0.9,0.6,1.5,0.3,1.2,0.3,0.3,0.3,-,-,0.5,-,-,-,-,20.1,0.5,0.3,16.3,3,0.8,-,0.8,-,-,-,-,-,-,-
273,Jean-Ricner Bellegarde,Wolverhampton Wanderers,EPL,26 years old (27-06-1998),"1,72m",France,"Midfielder (Centre, Left, Right)",Central Midfield,right,18(12),1489.0,2,6,3,-,83.7,0.3,1,6.5,"Jun 30, 2028",€18.00m,0.7,0.1,-,-,-,0.7,0.4,-,0.3,1.9,1.5,0.4,1.2,0.8,0.9,0.3,0.6,1.1,0.2,1.3,0.3,1.3,1,-,0.5,0.1,-,0.5,-,-,-,-,15.5,0.5,0.4,12.5,2.1,0.9,-,0.8,0.2,0.1,-,-,-,-,0.1
274,Paul Onuachu,Southampton FC,EPL,30 years old (28-05-1994),"2,01m",Nigeria,Forward,Centre-Forward,right,10(12),911.0,4,1,3,-,61.8,3.8,1,6.5,"Jun 30, 2026",€8.00m,1.4,0.2,-,0.1,-,1.4,-,0.4,1,1.1,0.8,0.3,2,1.5,6.2,3.8,2.4,0.3,0.2,0.5,-,0.6,1.2,0.4,0.7,-,-,0.2,-,-,-,-,10.6,0.3,0.3,6.3,3.8,0.4,-,0.4,-,-,-,-,-,-,-
275,Lucas Bergvall,Tottenham Hotspur,EPL,19 years old (02-02-2006),"1,87m",Sweden,Defensive Midfielder (C),Central Midfield,right,10(15),1107.0,-,1,3,-,89.4,0.3,-,6.5,"Jun 30, 2031",€25.00m,0.5,-,-,-,-,0.5,0.2,-,0.3,1.8,0.9,0.8,0.8,0.7,0.6,0.3,0.3,1.4,0.5,2,0.9,0.5,0.8,-,0.8,0.3,-,0.4,-,-,-,-,26,1.1,0.5,22.2,2.2,0.4,0.1,0.3,-,-,-,-,-,-,-
276,Nathan Aké,Manchester City,EPL,30 years old (18-02-1995),"1,80m",Netherlands,"Defender (Centre, Left), Defensive Midfielder (C)",Centre-Back,left,8(2),683.0,-,-,-,-,94.4,1.3,-,6.5,"Jun 30, 2027",€32.00m,0.3,-,-,-,-,0.3,-,0.1,0.2,0.1,-,0.1,0.4,0.3,2.3,1.3,1,0.9,0.2,1.1,0.3,-,0.2,-,2.2,0.2,-,0.5,-,-,-,-,53.2,1.2,1.4,49,1.6,0.1,-,0.1,-,-,-,-,-,-,-
277,John McGinn,Aston Villa,EPL,30 years old (18-10-1994),"1,78m",Scotland,"Midfielder (Centre, Left, Right)",Central Midfield,left,23(5),1898.0,1,3,7,-,87.6,0.5,-,6.49,"Jun 30, 2027",€18.00m,0.9,-,-,-,-,0.9,0.3,0.1,0.5,1.5,0.9,0.6,1.1,0.9,0.8,0.5,0.3,1,0.4,1.4,0.4,2.1,1.5,0.1,0.4,-,-,0.5,-,-,-,-,24.5,1,0.6,20.5,2.5,0.9,0.3,0.7,0.1,-,-,-,-,-,0.1
278,Omari Hutchinson,Ipswich Town,EPL,21 years old (30-10-2003),"1,74m",England,"Attacking Midfielder (Centre, Left, Right)",Attacking Midfield,left,26(1),2234.0,3,2,5,-,83.8,0.3,1,6.49,"Jun 30, 2029",€22.00m,1.3,0.1,-,-,0.1,1.3,0.7,-,0.6,4.2,2.6,1.7,2.5,2,1.1,0.3,0.8,1.1,1.2,2.3,0.4,1.3,1,0.1,0.2,-,0.3,0.9,-,-,-,-,25,0.5,0.6,20.4,3.4,0.9,0.1,0.8,0.1,-,-,-,-,-,-
279,Mathys Tel,Tottenham Hotspur,EPL,19 years old (27-04-2005),"1,83m",France,"Attacking Midfielder (Left), Forward",Centre-Forward,right,5(2),402.0,2,-,-,-,81.4,0.1,-,6.49,"Jun 30, 2025",€40.00m,1.9,0.3,-,-,0.3,1.9,0.4,-,1.4,2.7,2.1,0.6,1.4,1,0.4,0.1,0.3,0.4,0.7,1.1,-,0.6,0.7,-,0.1,-,-,0.4,-,-,-,-,14.6,0.6,0.1,11.3,2.6,0.6,-,0.6,-,-,-,-,-,-,-
280,Niclas Füllkrug,West Ham United,EPL,32 years old (09-02-1993),"1,89m",Germany,Forward,Centre-Forward,right,3(9),461.0,3,1,2,-,65.1,2.1,-,6.49,"Jun 30, 2028",€12.00m,1,0.3,-,0.1,0.2,1,-,0.1,0.9,0.3,0.3,0.1,0.9,0.3,4.9,2.1,2.8,0.2,0.1,0.3,-,0.3,1,0.4,0.7,-,-,0.1,-,-,-,-,8.8,-,0.3,5.8,2.8,0.8,-,0.8,0.1,-,-,-,-,-,0.1
281,Kristoffer Ajer,Brentford FC,EPL,27 years old (17-04-1998),"1,98m",Norway,"Defender (Centre, Left, Right), Defensive Midfielder (C)",Centre-Back,right,17(2),1373.0,-,-,4,-,77.5,1.5,-,6.48,"Jun 30, 2028",€18.00m,0.4,-,-,-,-,0.4,-,0.1,0.4,0.7,0.4,0.4,0.8,0.6,2.6,1.5,1.1,1.2,0.6,1.8,0.6,0.3,0.6,0.1,2.3,0.2,0.1,0.7,-,-,-,-,27.4,1,1.3,20.3,4.8,0.4,0.1,0.3,-,-,-,-,-,-,-
282,Donyell Malen,Aston Villa,EPL,26 years old (19-01-1999),"1,76m",Netherlands,"Attacking Midfielder (Centre, Left, Right), Forward",Right Winger,right,2(7),257.0,3,-,-,-,79.2,0.1,-,6.48,-,€25.00m,1.1,0.3,-,0.1,0.2,1.1,0.3,0.1,0.7,1.1,0.8,0.3,0.7,0.7,0.6,0.1,0.4,0.7,0.3,1,-,0.4,0.1,0.2,0.1,-,-,-,-,-,-,-,5.9,0.1,-,4.6,1.2,0.2,-,0.2,-,-,-,-,-,-,-
283,Tyler Dibling,Southampton FC,EPL,19 years old (17-02-2006),"1,78m",England,"Attacking Midfielder (Right), Forward",Right Winger,left,18(10),1669.0,2,-,6,-,83.9,0.3,1,6.48,"Jun 30, 2027",€25.00m,1,0.1,-,-,-,1,0.4,-,0.5,3.6,2,1.5,1.4,1.9,1,0.3,0.7,1.2,0.4,1.6,0.3,1.6,1,-,0.5,0.2,-,0.5,-,-,-,-,18.4,0.4,0.4,15,2.6,0.7,-,0.6,-,-,-,-,-,-,-
284,Benoît Badiashile,Chelsea FC,EPL,24 years old (26-03-2001),"1,94m",France,Defender (Centre),Centre-Back,left,3(2),334.0,-,-,-,-,90.1,1.6,-,6.48,"Jun 30, 2030",€25.00m,-,-,-,-,-,-,-,-,-,0.2,0.2,-,0.2,-,2,1.6,0.4,1.8,0.2,2,1.2,0.4,1.2,-,2.4,0.4,-,-,-,-,-,-,60.6,2.6,1.8,52,4.2,-,-,-,-,-,-,-,-,-,-
285,Will Hughes,Crystal Palace,EPL,30 years old (17-04-1995),"1,85m",England,"Midfielder (Centre, Left, Right)",Central Midfield,left,20(7),1764.0,-,3,11,-,81.7,0.6,-,6.48,"Jun 30, 2027",€9.00m,0.7,-,-,-,-,0.7,0.5,-,0.2,0.4,0.3,0.1,0.7,0.9,1.1,0.6,0.6,2.3,1.2,3.4,0.6,1,2.1,-,0.7,0.5,0.1,0.6,-,-,-,-,28.3,0.8,1.2,22.3,4,1.1,0.2,0.9,0.1,0.1,0.1,-,-,-,-
286,Alex Scott,AFC Bournemouth,EPL,21 years old (21-08-2003),"1,78m",England,"Midfielder (Centre, Right)",Central Midfield,right,5(10),563.0,-,-,1,-,86.2,0.3,-,6.48,"Jun 30, 2028",€20.00m,0.8,-,-,-,-,0.8,0.3,-,0.5,1.5,1.2,0.3,1.3,0.5,0.7,0.3,0.4,1.6,1,2.6,0.6,1.5,0.5,-,0.4,0.1,0.3,0.7,-,-,-,-,16.9,0.7,0.3,13.8,2,0.6,0.1,0.5,-,-,-,-,-,-,-
287,Bilal El Khannouss,Leicester City,EPL,20 years old (10-05-2004),"1,80m",Morocco,Attacking Midfielder (Centre),Attacking Midfield,right,22(5),1758.0,2,2,4,-,80.1,0.7,1,6.48,"Jun 30, 2028",€30.00m,0.8,0.1,-,-,-,0.8,0.5,-,0.3,1.6,0.6,1,1.2,1.1,1.3,0.7,0.6,1.6,0.3,1.9,0.2,0.3,0.9,-,0.2,0.1,-,0.5,-,-,-,-,29.3,1.5,0.9,22,5,1.1,0.3,0.8,0.1,-,-,-,-,-,-
288,Stephy Mavididi,Leicester City,EPL,26 years old (31-05-1998),"1,82m",England,"Attacking Midfielder (Left, Right), Forward",Left Winger,right,15(14),1533.0,4,1,2,-,82.6,0.3,1,6.48,"Jun 30, 2028",€11.00m,0.9,0.1,-,0.1,0.1,0.9,0.3,0.1,0.5,3.1,2,1.2,1.3,1.2,0.8,0.3,0.5,1,0.9,2,0.4,0.6,0.6,0.1,0.4,0.1,0.1,0.8,-,-,-,-,17.2,0.2,0.3,14,2.7,0.7,0.1,0.7,-,-,-,-,-,-,-
289,Tariq Lamptey,Brighton & Hove Albion,EPL,24 years old (30-09-2000),"1,63m",Ghana,"Defender (Left, Right), Midfielder (Right)",Right-Back,right,9(4),766.0,2,2,-,-,88.6,0.1,-,6.47,"Jun 30, 2025",€12.00m,0.5,0.2,0.1,-,0.1,0.5,0.2,-,0.2,2.1,1.4,0.7,0.7,0.3,1.1,0.1,1,1.1,1.2,2.2,0.5,0.8,0.9,-,1.5,0.4,0.2,0.5,-,-,-,-,22.9,0.5,1.2,19.8,1.5,0.4,0.2,0.2,0.2,0.1,-,-,-,-,0.1
290,Rico Lewis,Manchester City,EPL,20 years old (21-11-2004),"1,70m",England,"Defender (Left, Right), Midfielder (Centre)",Right-Back,right,20(6),1810.0,1,2,3,1,91.8,0.2,-,6.47,"Jun 30, 2028",€40.00m,0.4,-,-,-,-,0.4,0.1,-,0.2,0.8,0.5,0.3,0.7,0.7,0.7,0.2,0.5,1.1,0.3,1.4,0.5,1.3,0.4,-,1.5,0.3,0.2,0.8,-,-,-,-,43.8,0.8,0.8,39.4,2.8,0.3,-,0.3,0.1,-,-,-,-,-,0.1
291,Matt O'Riley,Brighton & Hove Albion,EPL,24 years old (21-11-2000),"1,89m",Denmark,"Midfielder (Centre, Right)",Central Midfield,left,7(8),612.0,1,1,1,-,85.8,0.3,-,6.47,"Jun 30, 2029",€22.00m,1.1,0.1,-,-,0.1,1.1,0.3,-,0.8,0.7,0.3,0.4,0.7,0.2,0.7,0.3,0.4,1,0.5,1.5,0.8,0.6,0.7,0.1,0.3,0.2,-,0.2,-,-,-,-,16.5,0.6,0.5,13.5,1.8,0.8,0.1,0.7,0.1,-,-,-,-,-,0.1
292,Jakub Stolarczyk,Leicester City,EPL,24 years old (19-12-2000),"1,94m",Poland,Goalkeeper,Goalkeeper,right,6,540.0,-,-,1,-,64.7,0.5,-,6.47,"Jun 30, 2026",€400k,-,-,-,-,-,-,-,-,-,-,-,-,0.2,-,0.5,0.5,-,0.3,0.2,0.5,-,-,-,-,2,-,-,-,2.8,0.2,1.5,1.2,33.5,8.7,11.8,13,-,-,-,-,-,-,-,-,-,-,-
293,Jaden Philogene,Ipswich Town,EPL,23 years old (08-02-2002),"1,81m",England,"Midfielder (Left, Right)",Left Winger,right,5(5),475.0,2,-,1,-,78.4,0.5,1,6.47,"Jun 30, 2029",€18.00m,1.2,0.2,0.1,0.1,-,1.2,0.5,0.3,0.4,1.8,1.3,0.5,1.1,1,0.8,0.5,0.3,1.4,0.7,2.1,1,1,0.8,0.1,0.7,0.1,0.2,1,-,-,-,-,11.6,0.2,0.4,8.9,2.1,0.5,-,0.5,-,-,-,-,-,-,-
294,Jesper Lindstrøm,Everton FC,EPL,25 years old (29-02-2000),"1,82m",Denmark,"Attacking Midfielder (Centre, Left, Right), Forward",Right Winger,right,15(10),1242.0,-,1,2,-,78.7,0.2,1,6.47,"Jun 30, 2025",€20.00m,1.1,-,-,-,-,1.1,0.6,-,0.5,1.7,1.4,0.3,1.2,1,0.7,0.2,0.5,1.8,1.4,3.2,0.5,0.4,0.6,-,0.6,0.1,0.1,0.5,-,-,-,-,13.9,0.4,0.5,10.6,2.5,0.8,0.1,0.6,-,-,-,-,-,-,-
295,James Hill,AFC Bournemouth,EPL,23 years old (10-01-2002),"1,84m",England,"Defender (Centre, Right)",Centre-Back,right,6(4),448.0,-,1,1,-,71.7,1.5,-,6.47,"Jun 30, 2026",€2.00m,0.6,-,-,-,-,0.6,0.1,-,0.5,0.2,0.1,0.1,0.2,-,2.7,1.5,1.2,1.5,0.8,2.3,0.9,0.5,0.7,-,3.1,-,-,0.5,-,-,-,-,20.5,0.7,2.9,14,2.9,0.3,-,0.3,0.1,-,-,-,-,-,0.1
296,Luis Sinisterra,AFC Bournemouth,EPL,25 years old (17-06-1999),"1,72m",Colombia,"Attacking Midfielder (Left, Right), Forward",Left Winger,right,1(11),230.0,1,1,-,-,83.5,0.3,-,6.47,-,€17.00m,1.1,0.1,-,0.1,-,1.1,0.3,0.3,0.5,1.7,1,0.7,0.5,0.3,0.8,0.3,0.6,0.6,0.3,0.9,0.1,0.2,0.3,0.1,0.6,-,0.1,0.3,-,-,-,-,7.1,0.3,-,5.7,1.2,0.8,-,0.8,0.1,0.1,-,-,-,-,-
297,Jack Grealish,Manchester City,EPL,29 years old (10-09-1995),"1,80m",England,"Midfielder (Centre, Left), Forward",Left Winger,right,7(12),715.0,1,1,3,-,91,0.1,-,6.46,"Jun 30, 2027",€35.00m,0.8,0.1,-,-,0.1,0.8,0.2,-,0.6,1.5,0.8,0.7,0.5,0.8,0.4,0.1,0.4,0.5,0.2,0.6,0.1,1.3,0.3,-,0.2,0.1,0.1,0.5,-,-,-,-,21.6,0.5,0.1,19.2,1.8,1.3,0.1,1.2,0.1,-,-,-,-,-,0.1
298,Kyle Walker-Peters,Southampton FC,EPL,28 years old (13-04-1997),"1,73m",England,"Defender (Centre, Left, Right), Midfielder (Left, Right)",Right-Back,right,30,2652.0,-,2,5,-,90.8,0.3,-,6.46,"Jun 30, 2025",€18.00m,0.6,-,-,-,-,0.6,0.2,-,0.3,2.7,1.6,1,1,1.2,1,0.3,0.7,1.4,0.6,2,0.6,1.6,0.9,0.1,2.3,0.5,0.3,0.4,-,-,-,-,45.6,0.7,0.8,40.6,3.4,0.8,0.1,0.6,0.1,-,-,-,-,-,0.1
299,Jacob Ramsey,Aston Villa,EPL,23 years old (28-05-2001),"1,80m",England,"Attacking Midfielder (Centre, Left, Right)",Left Midfield,right,17(7),1417.0,1,3,1,-,87.1,0.3,-,6.46,"Jun 30, 2027",€32.00m,0.7,-,-,-,-,0.7,0.3,-,0.4,1.5,0.7,0.9,1.6,0.8,0.7,0.3,0.4,1.2,0.3,1.5,0.3,0.9,0.5,0.2,0.3,0.1,-,0.7,-,-,-,-,21.3,0.2,0.2,18.3,2.5,0.8,-,0.8,0.1,-,-,-,-,-,0.1
300,Takehiro Tomiyasu,Arsenal FC,EPL,26 years old (05-11-1998),"1,88m",Japan,"Defender (Centre, Left, Right)",Right-Back,right,0(1),6.0,-,-,-,-,75,-,-,6.46,"Jun 30, 2026",€25.00m,1,-,-,-,-,1,-,1,-,-,-,-,-,-,-,-,-,-,-,-,-,-,-,-,1,-,-,-,-,-,-,-,4,-,1,3,-,-,-,-,-,-,-,-,-,-,-
301,Malo Gusto,Chelsea FC,EPL,21 years old (19-05-2003),"1,78m",France,"Defender (Right), Midfielder (Right)",Right-Back,right,19(8),1775.0,-,1,4,-,88.9,0.3,-,6.46,"Jun 30, 2030",€35.00m,0.8,-,-,-,-,0.8,0.5,-,0.2,0.6,0.4,0.1,0.6,0.6,0.9,0.3,0.6,1.6,0.8,2.4,0.8,0.6,0.7,0.1,1.3,0.3,0.3,0.7,-,-,-,-,42.6,1.4,1.1,36.4,3.6,0.7,-,0.7,-,-,-,-,-,-,-
302,Myles Lewis-Skelly,Arsenal FC,EPL,18 years old (26-09-2006),"1,78m",England,Defender (Left),Left-Back,left,11(6),963.0,1,-,2,2,93.7,0.4,-,6.46,-,€28.00m,0.1,0.1,-,-,0.1,0.1,-,-,0.1,1.4,0.7,0.7,0.5,0.5,0.7,0.4,0.4,1.2,-,1.2,0.4,1.9,0.5,-,0.8,-,0.1,0.1,-,-,-,-,25.9,0.3,0.3,24,1.4,0.3,-,0.3,-,-,-,-,-,-,-
303,Jota Silva,Nottingham Forest,EPL,25 years old (01-08-1999),"1,79m",Portugal,"Attacking Midfielder (Centre, Left, Right), Forward",Right Winger,right,5(22),817.0,3,1,5,-,66.5,0.8,-,6.45,"Jun 30, 2028",€14.00m,0.8,0.1,-,-,0.1,0.8,0.2,0.1,0.5,1.2,0.8,0.4,0.9,0.4,1.8,0.8,1,0.9,0.7,1.6,0.4,0.8,0.9,0.3,0.6,-,-,0.3,-,-,-,-,6.1,0.2,0.3,3.8,1.8,0.5,-,0.5,-,-,-,-,-,-,-
304,Bart Verbruggen,Brighton & Hove Albion,EPL,22 years old (18-08-2002),"1,94m",Netherlands,Goalkeeper,Goalkeeper,right,30,2700.0,-,1,6,-,76.5,0.3,1,6.45,"Jun 30, 2028",€25.00m,-,-,-,-,-,-,-,-,-,0.1,-,0.1,0.1,-,0.4,0.3,-,-,0.1,0.1,-,0.1,-,-,1.3,-,-,-,2.3,0.2,1.8,0.3,33.5,5.3,7.5,20.4,0.4,-,-,-,-,-,-,-,-,-,-
305,Vítezslav Jaros,Liverpool FC,EPL,23 years old (23-07-2001),"1,90m",Czech Republic,Goalkeeper,Goalkeeper,right,0(1),11.0,-,-,-,-,66.7,-,-,6.45,"Jun 30, 2026",€5.00m,-,-,-,-,-,-,-,-,-,-,-,-,-,-,-,-,-,-,-,-,-,-,-,-,1,-,-,-,1,-,1,-,6,4,2,-,-,-,-,-,-,-,-,-,-,-,-
306,Stefan Ortega,Manchester City,EPL,32 years old (06-11-1992),"1,85m",Germany,Goalkeeper,Goalkeeper,right,10(1),919.0,-,-,1,-,81.3,0.1,-,6.45,"Jun 30, 2026",€9.00m,-,-,-,-,-,-,-,-,-,-,-,-,-,-,0.1,0.1,-,-,0.1,0.1,-,0.2,0.1,-,1.2,-,-,-,2.6,0.2,1.8,0.6,31.6,5.1,5.2,20.6,0.7,-,-,-,-,-,-,-,-,-,-
307,Ibrahim Sangaré,Nottingham Forest,EPL,27 years old (02-12-1997),"1,91m",Ivory Coast,Defensive Midfielder (C),Defensive Midfield,right,3(5),276.0,-,1,2,-,78.5,0.6,-,6.45,"Jun 30, 2028",€28.00m,0.1,-,-,-,-,0.1,0.1,-,-,0.1,0.1,-,0.5,0.1,1.5,0.6,0.9,2.3,0.8,3,0.3,0.6,1,-,0.5,-,-,0.6,-,-,-,-,18.6,0.5,0.6,14.1,3.4,0.4,0.1,0.3,0.1,-,-,-,-,-,0.1
308,Jordan Ayew,Leicester City,EPL,33 years old (11-09-1991),"1,82m",Ghana,"Attacking Midfielder (Centre, Left, Right), Forward",Right Winger,right,15(10),1314.0,4,-,5,-,77.9,1.4,-,6.44,"Jun 30, 2026",€3.50m,1,0.2,-,-,0.1,1,0.3,0.1,0.7,2.1,1.3,0.8,2,1.2,3.6,1.4,2.2,1,0.5,1.5,0.5,1.7,1.1,0.2,0.6,-,-,0.6,-,-,-,-,15.4,0.2,0.7,11.8,2.7,0.5,-,0.4,-,-,-,-,-,-,-
309,Romain Esse,Crystal Palace,EPL,19 years old (13-05-2005),"1,78m",,Attacking Midfielder (Right),Right Winger,left,0(3),22.0,1,-,-,-,84.6,0.3,-,6.44,"Jun 30, 2030",€12.00m,0.3,0.3,-,0.3,-,0.3,-,0.3,-,0.3,0.3,-,0.3,-,0.3,0.3,-,0.7,-,0.7,-,-,-,-,-,-,-,0.3,-,-,-,-,4.3,0.3,0.3,3.3,0.3,0.3,-,0.3,-,-,-,-,-,-,-
310,Abdukodir Khusanov,Manchester City,EPL,21 years old (29-02-2004),"1,86m",Uzbekistan,Defender (Centre),Centre-Back,right,6,504.0,-,-,1,-,91.3,1.2,-,6.44,"Jun 30, 2029",€35.00m,0.2,-,-,-,-,0.2,0.2,-,-,0.3,0.3,-,0.3,0.2,1.8,1.2,0.7,0.8,0.2,1,0.5,0.5,0.5,-,4.7,0.7,0.2,0.2,-,-,-,-,65.2,0.8,2.8,58.7,2.8,0.3,0.2,0.2,-,-,-,-,-,-,-
311,Axel Disasi,Aston Villa,EPL,27 years old (11-03-1998),"1,91m",France,"Defender (Centre, Right)",Centre-Back,right,4(2),365.0,1,-,1,-,91.7,0.8,-,6.44,"Jun 30, 2025",€25.00m,0.3,0.2,-,0.2,-,0.3,0.2,0.2,-,0.2,-,0.2,0.2,0.5,1.2,0.8,0.3,1.2,0.8,2,0.3,-,0.3,-,1.7,0.2,0.2,0.5,-,-,-,-,46,1,0.5,41.2,3.3,0.3,-,0.3,-,-,-,-,-,-,-
312,Jhon Durán,Al Nassr FC,EPL,21 years old (13-12-2003),185cm,Colombia,Forward,,,4(16),627.0,7,-,3,1,72.3,1,-,6.43,,,1.6,0.4,0.1,-,0.3,1.6,0.3,0.1,1.2,0.7,0.6,0.2,0.8,0.8,2,1,1.1,0.4,0.2,0.5,-,0.8,0.7,0.3,0.6,-,0.1,0.3,-,-,-,-,8,0.2,0.3,5.6,2,0.2,0.1,0.2,-,-,-,-,-,-,-
313,Sergio Reguilón,Tottenham Hotspur,EPL,28 years old (16-12-1996),"1,78m",Spain,"Defender (Left), Midfielder (Left)",Left-Back,left,0(3),121.0,-,-,2,-,72.8,1.7,-,6.43,"Jun 30, 2025",€8.00m,0.3,-,-,-,-,0.3,-,0.3,-,1.3,0.7,0.7,0.3,0.3,2.3,1.7,0.7,1.3,0.3,1.7,0.7,1.7,0.7,-,0.7,-,0.3,1.3,-,-,-,-,27,0.3,1,19.3,6.3,0.3,-,0.3,-,-,-,-,-,-,-
314,Sam Johnstone,Wolverhampton Wanderers,EPL,32 years old (25-03-1993),"1,93m",England,Goalkeeper,Goalkeeper,right,7,630.0,-,-,-,-,62.7,0.6,-,6.43,"Jun 30, 2028",€8.00m,-,-,-,-,-,-,-,-,-,-,-,-,-,-,0.6,0.6,-,-,0.1,0.1,-,-,-,-,1.3,-,-,-,3.3,0.9,1.4,1,35.6,8.9,12.4,13.4,0.9,0.1,0.1,-,-,-,-,-,-,-,-
315,Pau Torres,Aston Villa,EPL,28 years old (16-01-1997),"1,92m",Spain,Defender (Centre),Centre-Back,left,19,1640.0,-,-,1,-,88.5,0.8,-,6.43,"Jun 30, 2028",€40.00m,0.4,-,-,-,-,0.4,0.1,0.3,-,0.8,0.1,0.7,0.2,0.2,1.9,0.8,1.1,1.1,0.3,1.4,0.5,0.4,0.3,-,3,0.5,0.1,0.2,-,-,-,-,58.7,1.9,3.5,50,3.3,0.1,-,0.1,-,-,-,-,-,-,-
316,Christian Eriksen,Manchester United,EPL,33 years old (14-02-1992),"1,82m",Denmark,"Midfielder (Centre, Left, Right), Forward",Central Midfield,right,10(8),904.0,-,1,3,-,86.4,0.1,-,6.43,"Jun 30, 2025",€6.00m,0.3,-,-,-,-,0.3,0.3,-,0.1,0.2,0.2,-,0.4,0.2,0.4,0.1,0.3,0.8,0.6,1.4,0.4,0.1,0.4,-,0.3,0.2,-,0.3,-,-,-,-,29.4,1.4,1,24,3,1.2,0.3,0.8,0.1,-,-,0.1,-,-,-
317,Ben Johnson,Ipswich Town,EPL,25 years old (24-01-2000),"1,84m",England,"Defender (Centre, Left, Right), Midfielder (Left, Right)",Right-Back,right,12(8),1217.0,1,2,3,-,76.9,1,1,6.43,"Jun 30, 2028",€9.00m,0.4,0.1,-,0.1,-,0.4,0.1,0.2,0.1,1,0.7,0.4,1.1,0.8,1.8,1,0.9,1.7,1.1,2.8,0.6,0.3,1.2,0.1,2.5,0.3,0.1,0.8,-,-,-,-,15,0.6,0.8,10.9,2.7,0.6,0.2,0.4,0.1,-,-,0.1,-,-,0.1
318,Manuel Akanji,Manchester City,EPL,29 years old (19-07-1995),"1,88m",Switzerland,"Defender (Centre, Left, Right), Defensive Midfielder (C)",Centre-Back,right,20,1710.0,-,-,3,-,94.5,1.2,-,6.43,"Jun 30, 2027",€32.00m,0.5,-,-,-,-,0.5,0.3,0.2,0.1,0.1,-,0.1,0.2,0.3,2.8,1.2,1.6,0.8,0.3,1,0.4,0.5,0.8,-,2.7,0.4,0.1,0.2,-,-,-,-,72.9,2.3,1.2,66.6,2.9,0.5,-,0.5,-,-,-,-,-,-,-
319,Jean-Clair Todibo,West Ham United,EPL,25 years old (30-12-1999),"1,90m",France,Defender (Centre),Centre-Back,right,14(7),1310.0,-,-,2,-,87.5,1,-,6.42,"Jun 30, 2025",€28.00m,0.2,-,-,-,-,0.2,-,-,0.1,0.6,0.3,0.3,0.3,0.3,2,1,1,1.6,0.2,1.8,0.9,0.2,0.5,-,3,0.5,-,0.4,-,-,-,-,35.5,1,2.1,30,2.3,0.1,0.1,-,-,-,-,-,-,-,-
320,Roméo Lavia,Chelsea FC,EPL,21 years old (06-01-2004),"1,81m",Belgium,Defensive Midfielder (C),Defensive Midfield,right,8(3),546.0,-,1,4,-,92.1,0.6,-,6.42,"Jun 30, 2030",€40.00m,0.1,-,-,-,-,0.1,-,-,0.1,1.1,0.5,0.6,0.1,0.5,0.8,0.6,0.2,1.5,0.6,2.2,1,0.3,0.9,-,0.5,-,-,0.5,-,-,-,-,26.5,0.6,0.3,23.8,1.8,0.5,-,0.5,0.1,-,-,-,-,-,0.1
321,Yves Bissouma,Tottenham Hotspur,EPL,28 years old (30-08-1996),"1,82m",Mali,Midfielder (Centre),Defensive Midfield,right,15(9),1212.0,2,-,7,-,89.7,0.2,-,6.42,"Jun 30, 2026",€28.00m,0.4,0.1,-,-,-,0.4,0.3,-,0.1,0.9,0.6,0.3,0.9,0.5,0.5,0.2,0.3,1.8,0.6,2.5,0.6,0.8,0.9,-,1.2,0.2,0.1,0.1,-,-,-,-,32.1,0.8,0.8,28,2.5,0.3,-,0.3,-,-,-,-,-,-,-
322,José Sá,Wolverhampton Wanderers,EPL,32 years old (17-01-1993),"1,92m",Portugal,Goalkeeper,Goalkeeper,right,25,2250.0,-,-,2,-,57.6,0.4,-,6.42,"Jun 30, 2027",€8.00m,-,-,-,-,-,-,-,-,-,0.2,-,0.2,-,-,0.4,0.4,-,0.1,-,0.1,-,0.3,0.1,-,1,-,-,-,2.5,0.2,1.4,0.8,27,3.9,11.3,11.7,0.2,0.1,0.1,-,-,-,-,-,-,-,-
323,Chadi Riad,Crystal Palace,EPL,21 years old (17-06-2003),"1,87m",Spain,Defender (Centre),Centre-Back,left,1,90.0,-,-,-,-,85.4,2,-,6.42,"Jun 30, 2029",€15.00m,-,-,-,-,-,-,-,-,-,-,-,-,1,-,6,2,4,5,1,6,2,-,1,-,-,-,-,-,-,-,-,-,82,5,5,65,7,-,-,-,-,-,-,-,-,-,-
324,Leon Bailey,Aston Villa,EPL,27 years old (09-08-1997),"1,78m",Jamaica,"Midfielder (Centre, Left, Right), Forward",Right Winger,left,14(9),1143.0,1,2,3,-,77.3,0.3,1,6.42,"Jun 30, 2027",€32.00m,1.2,-,-,-,-,1.2,0.4,0.1,0.7,2.5,1.5,1,1.5,1.1,0.7,0.3,0.4,0.3,0.3,0.6,0.1,0.8,0.5,0.1,0.3,-,0.2,0.3,-,-,-,-,15.1,0.6,0.3,11.1,3.1,0.7,0.1,0.6,0.1,-,-,-,-,-,-
325,John Stones,Manchester City,EPL,30 years old (28-05-1994),"1,88m",England,"Defender (Centre, Right), Defensive Midfielder (C)",Centre-Back,right,6(5),547.0,2,-,1,-,91.3,0.7,-,6.42,"Jun 30, 2026",€30.00m,0.2,0.2,-,0.2,-,0.2,-,0.2,-,0.2,-,0.2,0.2,-,1.3,0.7,0.5,0.5,-,0.5,0.4,0.2,0.2,-,1.6,0.3,0.1,0.2,-,-,-,-,36.5,1.6,0.6,31.7,2.5,0.2,0.2,-,-,-,-,-,-,-,-
326,Jens Cajuste,Ipswich Town,EPL,25 years old (10-08-1999),"1,88m",,Defensive Midfielder (C),Defensive Midfield,right,22(3),1710.0,1,-,2,-,86.4,0.5,-,6.42,"Jun 30, 2025",€12.00m,0.4,-,-,-,-,0.4,0.3,-,0.1,1.7,0.8,1,0.8,0.5,1.3,0.5,0.8,1.6,1.1,2.6,1,0.8,0.8,-,1.2,0.3,-,0.6,-,-,-,-,25,0.9,0.8,20.7,2.6,0.4,-,0.4,-,-,-,-,-,-,-
327,Billy Gilmour,SSC Napoli,EPL,23 years old (11-06-2001),170cm,Scotland,Defensive Midfielder (C),,,1(1),98.0,-,-,-,-,87.9,-,-,6.42,,,0.5,-,-,-,-,0.5,0.5,-,-,1,0.5,0.5,-,-,-,-,-,1.5,0.5,2,-,1.5,1,-,0.5,-,-,0.5,-,-,-,-,33,2,1.5,27,2.5,-,-,-,-,-,-,-,-,-,-
328,Jack Harrison,Everton FC,EPL,28 years old (20-11-1996),"1,75m",England,"Attacking Midfielder (Centre, Left, Right), Forward",Right Winger,left,20(8),1755.0,1,-,-,-,73.5,0.1,1,6.41,"May 31, 2025",€16.00m,1,-,-,-,-,1,0.2,-,0.7,2.4,1.7,0.8,1.6,1.3,1,0.1,0.9,1,0.8,1.8,0.3,0.9,0.4,0.1,1,0.1,0.1,0.5,-,-,-,-,15.1,0.5,0.8,10.6,3.3,1.1,0.3,0.8,-,-,-,-,-,-,-
329,Ian Maatsen,Aston Villa,EPL,23 years old (10-03-2002),"1,78m",Netherlands,"Defender (Left), Midfielder (Centre, Left, Right)",Left-Back,left,6(18),787.0,-,2,2,-,88.3,0.3,1,6.41,"Jun 30, 2030",€28.00m,0.5,-,-,-,-,0.5,0.3,-,0.3,0.7,0.3,0.4,0.8,0.8,0.5,0.3,0.2,0.8,0.3,1,0.6,0.3,0.3,0.1,0.8,-,0.3,0.3,-,-,-,-,18.6,0.3,0.4,16.1,1.8,0.7,-,0.7,0.1,-,-,-,-,-,-
330,Christopher Nkunku,Chelsea FC,EPL,27 years old (14-11-1997),"1,77m",France,"Midfielder (Centre, Left, Right), Forward",Centre-Forward,right,9(18),912.0,3,2,2,-,90.6,0.6,1,6.41,"Jun 30, 2029",€45.00m,0.9,0.1,-,-,-,0.9,0.2,0.2,0.6,1,0.6,0.4,0.7,0.6,1.4,0.6,0.8,0.4,0.1,0.5,0.3,0.4,0.6,0.1,0.3,0.1,-,0.3,-,-,-,-,12.2,0.1,-,10.9,1.1,0.5,-,0.5,0.1,-,-,-,-,-,0.1
331,Luke Woolfenden,Ipswich Town,EPL,26 years old (21-10-1998),"1,93m",,Defender (Centre),Centre-Back,right,10(3),1007.0,-,-,2,-,88.3,1.2,-,6.4,"Jun 30, 2027",€2.00m,0.1,-,-,-,-,0.1,-,-,0.1,-,-,-,0.3,-,2,1.2,0.8,0.7,0.2,0.9,1.4,0.2,0.4,0.1,4.6,0.8,-,0.5,-,-,-,-,38,2.2,2.8,31.3,1.6,-,-,-,-,-,-,-,-,-,-
332,Mathias Jensen,Brentford FC,EPL,29 years old (01-01-1996),"1,80m",Denmark,Midfielder (Centre),Central Midfield,right,8(10),754.0,-,1,1,-,82.3,0.4,-,6.4,"Jun 30, 2026",€16.00m,0.3,-,-,-,-,0.3,0.3,-,0.1,0.8,0.3,0.4,0.4,0.3,0.7,0.4,0.3,0.6,0.4,1.1,0.3,0.6,0.4,-,0.6,0.2,-,0.5,-,-,-,-,19.7,1.6,0.7,14.6,2.8,0.8,0.2,0.6,0.1,-,-,-,-,-,0.1
333,Kamaldeen Sulemana,Southampton FC,EPL,23 years old (15-02-2002),"1,75m",Ghana,"Attacking Midfielder (Left), Forward",Left Winger,right,11(9),970.0,1,1,-,-,83.3,0.3,-,6.4,"Jun 30, 2027",€13.00m,1,0.1,-,-,0.1,1,0.3,0.1,0.7,4,2.5,1.5,1.7,1,1.3,0.3,1,0.7,0.3,1,0.3,0.5,0.6,0.1,0.3,-,0.1,0.5,-,-,-,-,12,0.2,0.3,9.8,1.8,0.5,0.1,0.4,0.1,0.1,-,-,-,-,-
334,Edson Álvarez,West Ham United,EPL,27 years old (24-10-1997),"1,90m",Mexico,"Defender (Centre), Defensive Midfielder (C)",Defensive Midfield,right,19(6),1647.0,-,1,6,1,86.5,1.1,-,6.4,"Jun 30, 2028",€30.00m,0.4,-,-,-,-,0.4,0.4,-,-,1.2,0.7,0.6,1,0.5,2,1.1,0.8,1.8,0.7,2.5,0.6,0.7,1.5,0.2,1.4,0.3,0.2,0.5,-,-,-,-,35,1.4,1.1,28.9,3.6,0.4,0.2,0.3,-,-,-,-,-,-,-
335,Joe Aribo,Southampton FC,EPL,28 years old (21-07-1996),"1,83m",Nigeria,"Midfielder (Centre, Left, Right), Forward",Central Midfield,left,20(10),1915.0,3,-,1,-,89.2,0.9,-,6.4,"Jun 30, 2026",€6.00m,0.6,0.1,-,-,0.1,0.6,0.1,0.1,0.4,1.5,0.9,0.6,0.8,0.5,1.6,0.9,0.7,1.5,0.6,2,0.7,0.9,0.7,-,0.8,0.3,0.1,0.5,-,-,-,-,32.5,0.5,0.5,28.5,3,0.5,-,0.5,-,-,-,-,-,-,-
336,Jarell Quansah,Liverpool FC,EPL,22 years old (29-01-2003),"1,90m",England,Defender (Centre),Centre-Back,right,2(9),309.0,-,-,1,-,91.6,0.5,-,6.4,"Jun 30, 2029",€22.00m,0.1,-,-,-,-,0.1,-,-,0.1,0.2,0.1,0.1,0.4,0.2,1.2,0.5,0.7,0.9,0.2,1.1,0.5,0.1,0.6,-,1.3,0.5,0.1,-,-,-,-,-,19.5,0.7,0.5,17.2,1.1,0.1,-,0.1,-,-,-,-,-,-,-
337,Philip Billing,SSC Napoli,EPL,28 years old (11-06-1996),193cm,Denmark,"Midfielder (Centre), Forward",,,1(9),178.0,-,-,1,-,74.4,0.6,-,6.4,,,0.5,-,-,-,-,0.5,0.1,-,0.4,0.3,0.2,0.1,0.7,0.4,1,0.6,0.4,1.4,0.1,1.5,0.5,0.2,0.3,-,0.2,-,-,0.3,-,-,-,-,9,0.2,0.4,6.5,1.9,0.9,-,0.9,-,-,-,-,-,-,-
338,Wout Faes,Leicester City,EPL,27 years old (03-04-1998),"1,87m",Belgium,"Defender (Centre, Left)",Centre-Back,right,24(4),2273.0,1,-,3,-,87.3,1.5,-,6.4,"Jun 30, 2027",€20.00m,0.4,-,-,-,-,0.4,-,0.1,0.2,0.2,-,0.1,0.5,0.2,2.6,1.5,1.1,1.4,0.7,2,0.9,0.3,0.7,-,5.2,1.1,-,0.4,-,-,-,-,44.1,2.3,3,36.2,2.6,0.1,0.1,0.1,-,-,-,-,-,-,-
339,Diego Gómez,Brighton & Hove Albion,EPL,22 years old (27-03-2003),"1,85m",Paraguay,"Midfielder (Centre, Left)",Central Midfield,right,4(6),417.0,-,-,-,-,81.7,0.7,-,6.39,-,€13.00m,0.3,-,-,-,-,0.3,0.2,-,0.1,1.2,0.6,0.6,0.6,0.9,1,0.7,0.3,1.6,0.9,2.5,0.7,0.2,0.7,0.1,0.9,-,-,1,-,-,-,-,22.9,0.4,0.8,18.3,3.4,0.6,0.1,0.5,-,-,-,-,-,-,-
340,Sam Morsy,Ipswich Town,EPL,33 years old (10-09-1991),"1,75m",Egypt,Midfielder (Centre),Central Midfield,right,25(2),2241.0,1,1,9,-,87.5,0.5,-,6.39,"Jun 30, 2026",€900k,0.3,-,-,-,-,0.3,0.3,-,-,0.7,0.3,0.4,0.5,0.3,1.3,0.5,0.8,2.1,1.1,3.2,1,0.7,1.6,-,1.4,0.4,0.1,0.6,-,-,-,-,43.9,1.7,1.8,36.7,3.7,0.6,-,0.6,-,-,-,-,-,-,-
341,Lewis Dunk,Brighton & Hove Albion,EPL,33 years old (21-11-1991),"1,92m",England,Defender (Centre),Centre-Back,right,20(2),1813.0,-,-,5,-,91.1,2,-,6.39,"Jun 30, 2026",€8.00m,0.5,-,-,-,-,0.5,0.1,-,0.3,-,-,-,0.3,0.1,3.3,2,1.3,0.7,0.3,1,0.5,0.4,0.3,0.1,2.8,0.7,-,0.3,-,-,-,-,79.6,4,4,68.5,3,0.3,-,0.2,-,-,-,-,-,-,-
342,Crysencio Summerville,West Ham United,EPL,23 years old (30-10-2001),"1,74m",Netherlands,"Attacking Midfielder (Left, Right)",Left Winger,right,7(12),784.0,1,1,2,-,79.2,0.2,-,6.38,"Jun 30, 2029",€22.00m,0.7,0.1,-,0.1,-,0.7,0.1,0.1,0.6,2.1,1.4,0.7,1.1,0.8,0.7,0.2,0.5,0.7,0.3,1,-,1.2,0.5,0.2,0.3,0.2,0.1,0.5,-,-,-,-,12.2,0.2,0.4,9.5,2.2,0.9,0.2,0.7,0.1,-,-,-,-,-,0.1
343,Aaron Cresswell,West Ham United,EPL,35 years old (15-12-1989),"1,70m",England,"Defender (Centre, Left), Midfielder (Left)",Left-Back,left,7(7),587.0,-,-,2,-,85.1,0.5,1,6.38,"Jun 30, 2025",€700k,0.2,-,-,-,-,0.2,0.2,-,-,0.1,-,0.1,0.2,-,0.9,0.5,0.4,0.6,0.1,0.7,0.4,0.1,0.2,-,2.1,0.3,0.1,0.2,-,-,-,-,26.9,2.5,1.9,20.4,2.1,0.5,0.3,0.2,-,-,-,-,-,-,-
344,Jannik Vestergaard,Leicester City,EPL,32 years old (03-08-1992),"1,99m",Denmark,Defender (Centre),Centre-Back,both,16(2),1396.0,-,-,5,-,90.8,1.5,-,6.38,"Jun 30, 2027",€3.00m,0.2,-,-,-,-,0.2,-,-,0.2,0.2,-,0.2,0.1,-,2.6,1.5,1.1,1.2,0.3,1.6,0.9,0.2,0.7,-,4.1,0.8,-,0.4,-,-,-,-,53.2,1.7,2.2,46.6,2.7,0.2,-,0.2,-,-,-,-,-,-,-
345,Ollie Scarles,West Ham United,EPL,19 years old (12-12-2005),"1,80m",England,Defender,Left-Back,left,6(7),583.0,-,-,1,-,81,0.4,-,6.38,"Jun 30, 2028",€4.00m,0.2,-,-,-,-,0.2,0.2,-,0.1,0.5,0.4,0.1,0.8,0.2,0.8,0.4,0.4,1.3,0.5,1.8,0.8,0.2,0.3,0.1,1.4,0.2,0.4,0.9,-,-,-,-,22.3,0.5,2.1,17.5,2.2,0.1,-,0.1,-,-,-,-,-,-,-
346,Taylor Harwood-Bellis,Southampton FC,EPL,23 years old (30-01-2002),"1,88m",England,"Defender (Centre, Right)",Centre-Back,right,27(2),2392.0,1,-,8,-,88.7,1.7,-,6.38,"Jun 30, 2028",€25.00m,0.7,-,-,-,-,0.7,0.1,0.1,0.4,0.1,-,0.1,0.4,0.2,2.8,1.7,1.2,0.9,0.4,1.3,1,0.4,1,-,4,1.2,-,0.7,-,-,-,-,64.2,3,2.9,54,4.3,0.4,-,0.4,-,-,-,-,-,-,-
347,Pablo Sarabia,Wolverhampton Wanderers,EPL,32 years old (11-05-1992),"1,74m",Spain,"Defender (Left), Midfielder (Centre, Left, Right), Forward",Right Winger,left,7(12),657.0,2,2,2,-,77.2,0.3,1,6.38,"Jun 30, 2025",€7.00m,0.8,0.1,-,-,0.1,0.8,0.3,-,0.5,0.6,0.3,0.3,0.8,0.6,0.6,0.3,0.4,0.7,0.2,0.9,0.2,0.7,0.7,0.3,0.3,-,-,0.4,-,-,-,-,15.2,0.8,0.5,10.9,2.9,0.7,0.3,0.4,0.1,-,-,0.1,-,-,0.1
348,Mads Roerslev,VfL Wolfsburg,EPL,25 years old (24-06-1999),184cm,Denmark,"Defender (Right), Midfielder (Right)",,,11(8),1097.0,-,2,2,-,82.1,0.5,-,6.38,,,0.3,-,-,-,-,0.3,0.1,-,0.2,1,0.6,0.4,0.5,0.3,1.3,0.5,0.7,0.9,0.9,1.8,0.2,0.5,0.3,-,1.6,0.3,0.2,0.4,-,-,-,-,23.3,0.8,1.2,18.3,3,0.7,0.1,0.7,0.1,-,-,-,-,-,0.1
349,Santiago Bueno,Wolverhampton Wanderers,EPL,26 years old (09-11-1998),"1,90m",Uruguay,Defender (Centre),Centre-Back,right,17(8),1579.0,-,-,2,-,88,1.4,-,6.37,"Jun 30, 2028",€8.00m,0.2,-,-,-,-,0.2,-,-,0.2,0.1,0.1,-,0.1,0.1,2.6,1.4,1.3,1.3,0.2,1.5,0.6,0.2,1,-,2.4,0.7,-,0.6,-,-,-,-,31.8,1.1,1.7,26.8,2.1,-,-,-,-,-,-,-,-,-,-
350,Séamus Coleman,Everton FC,EPL,36 years old (11-10-1988),"1,77m",Ireland,"Defender (Centre, Right), Midfielder (Right)",Right-Back,right,2(1),197.0,-,-,1,-,71.9,0.3,-,6.37,"Jun 30, 2025",€500k,0.3,-,-,-,-,0.3,-,-,0.3,1.7,0.3,1.3,0.3,0.3,0.7,0.3,0.3,0.7,0.3,1,0.3,0.3,-,-,2,1,0.3,0.7,-,-,-,-,19,2,2.3,11.7,3,-,-,-,-,-,-,-,-,-,-
351,David Brooks,AFC Bournemouth,EPL,27 years old (08-07-1997),"1,73m",Wales,"Attacking Midfielder (Centre, Right)",Right Winger,left,8(16),787.0,2,-,3,-,79.9,0.3,-,6.37,"Jun 30, 2026",€12.00m,0.9,0.1,-,-,0.1,0.9,0.3,-,0.5,1.3,0.9,0.3,1.1,0.4,0.6,0.3,0.4,0.5,0.5,1,0.2,0.6,0.3,-,0.3,0.1,-,0.6,-,-,-,-,10.8,0.3,0.1,8.3,2.1,0.6,0.2,0.5,-,-,-,-,-,-,-
352,Jack Clarke,Ipswich Town,EPL,24 years old (23-11-2000),"1,81m",England,"Midfielder (Left, Right)",Left Winger,right,9(17),952.0,-,4,2,-,79.1,0.2,-,6.37,"Jun 30, 2029",€15.00m,0.5,-,-,-,-,0.5,0.2,-,0.3,1.4,0.6,0.8,0.7,0.6,0.8,0.2,0.5,1,0.6,1.6,0.2,0.7,0.5,0.1,0.7,-,0.2,0.2,-,-,-,-,11.6,0.3,0.4,8.8,2,0.8,-,0.8,0.2,-,-,-,-,-,0.1
353,Julio Enciso,Ipswich Town,EPL,21 years old (23-01-2004),"1,73m",Paraguay,"Attacking Midfielder (Centre, Left)",Attacking Midfield,right,2(10),288.0,-,-,-,-,73.8,0.5,-,6.37,"Jun 30, 2025",€22.00m,1.7,-,-,-,-,1.7,1.1,-,0.6,1.8,0.9,0.8,0.6,0.8,0.9,0.5,0.4,-,0.2,0.2,-,0.6,0.3,-,0.1,-,-,0.2,-,-,-,-,10.8,0.1,0.3,7.9,2.6,0.4,-,0.4,-,-,-,-,-,-,-
354,Caleb Okoli,Leicester City,EPL,23 years old (13-07-2001),"1,91m",Nigeria,Defender (Centre),Centre-Back,right,12(6),1125.0,1,-,4,-,86.6,1.3,-,6.36,"Jun 30, 2029",€12.00m,0.2,0.1,-,0.1,-,0.2,0.1,0.1,0.1,-,-,-,0.6,0.1,2.5,1.3,1.2,1.4,0.4,1.8,0.8,0.5,0.9,-,4.2,0.8,0.2,0.6,-,-,-,-,35.6,1.1,1.8,29.7,3,-,-,-,-,-,-,-,-,-,-
355,Nathan Broadhead,Ipswich Town,EPL,27 years old (05-04-1998),"1,78m",Wales,"Attacking Midfielder (Centre, Left, Right), Forward",Left Winger,right,6(10),600.0,1,-,1,-,80,0.1,-,6.36,"Jun 30, 2026",€5.00m,0.6,0.1,-,-,0.1,0.6,0.2,-,0.4,2,1,1,1.1,0.7,0.6,0.1,0.6,0.4,0.4,0.8,0.3,0.8,0.3,0.1,0.3,0.1,-,0.3,-,-,-,-,11.6,0.2,0.3,9.1,2.1,0.4,0.1,0.3,-,-,-,-,-,-,-
356,Carlos Vinícius,Fulham FC,EPL,30 years old (25-03-1995),"1,90m",Brazil,Forward,Centre-Forward,left,0(1),3.0,-,-,-,-,-,-,-,6.36,"Jun 30, 2025",€4.00m,1,-,-,-,-,1,-,-,1,1,-,1,-,-,-,-,-,-,-,-,-,-,-,-,-,-,-,-,-,-,-,-,1,-,-,-,1,-,-,-,-,-,-,-,-,-,-
357,Michail Antonio,West Ham United,EPL,35 years old (28-03-1990),"1,80m",Jamaica,"Defender (Right), Midfielder (Centre, Left, Right), Forward",Centre-Forward,right,11(3),845.0,1,1,1,-,70.8,1.2,-,6.36,"Jun 30, 2025",€1.00m,1.4,0.1,-,-,0.1,1.4,0.3,0.4,0.6,1.9,1.3,0.6,2.5,1.4,2.8,1.2,1.6,0.1,0.1,0.2,-,0.5,0.9,0.3,0.1,-,-,0.4,-,-,-,-,11,1.2,0.4,6.6,2.9,0.6,0.1,0.5,0.1,-,-,-,-,-,0.1
358,Christian Walton,Ipswich Town,EPL,29 years old (09-11-1995),"1,95m",England,Goalkeeper,Goalkeeper,left,6,540.0,-,-,-,-,62.8,0.3,-,6.36,"Jun 30, 2026",€1.50m,-,-,-,-,-,-,-,-,-,-,-,-,-,-,0.3,0.3,-,-,0.2,0.2,-,0.2,-,-,0.5,-,-,-,2.8,0.2,2,0.7,33.2,6.8,12,14,0.3,0.2,0.2,-,-,-,-,-,-,-,-
359,Igor Thiago,Brentford FC,EPL,23 years old (26-06-2001),"1,91m",,Forward,Centre-Forward,right,1(3),130.0,-,-,-,-,73.7,1,-,6.36,"Jun 30, 2029",€22.00m,0.3,-,-,-,-,0.3,-,-,0.3,0.8,0.3,0.5,1.3,0.3,2,1,1,0.5,0.3,0.8,0.5,0.8,0.8,0.3,0.5,-,-,-,-,-,-,-,9.5,0.5,-,6.5,2.5,0.5,-,0.5,-,-,-,-,-,-,-
360,Josh King,Fulham FC,EPL,18 years old (03-01-2007),"1,73m",England,Midfielder,Central Midfield,right,1(4),79.0,-,-,-,-,88.9,-,-,6.36,-,€1.00m,0.2,-,-,-,-,0.2,-,0.2,-,1.4,0.6,0.8,0.2,0.6,-,-,-,1,0.4,1.4,0.2,0.4,0.4,-,0.2,-,-,0.4,-,-,-,-,7.2,-,-,6.4,0.8,0.6,-,0.6,-,-,-,-,-,-,-
361,Adam Smith,AFC Bournemouth,EPL,33 years old (29-04-1991),"1,74m",England,"Defender (Left, Right), Midfielder (Left, Right)",Right-Back,right,15(5),1244.0,-,-,5,-,77.5,0.6,-,6.35,"Jun 30, 2026",€1.00m,0.1,-,-,-,-,0.1,-,-,0.1,0.7,0.4,0.3,0.5,0.3,1.2,0.6,0.6,1,0.6,1.6,0.7,0.5,0.7,-,1.7,0.2,0.6,0.4,-,-,-,-,18.8,0.8,2.1,13.9,2.2,0.3,-,0.3,-,-,-,-,-,-,-
362,Conor Bradley,Liverpool FC,EPL,21 years old (09-07-2003),"1,81m",N. Ireland,"Defender (Right), Midfielder (Right)",Right-Back,right,3(11),456.0,-,1,2,-,85,0.5,-,6.35,"Jun 30, 2027",€25.00m,0.6,-,-,-,-,0.6,0.1,0.1,0.4,0.6,0.4,0.2,0.6,0.1,0.9,0.5,0.4,0.8,0.6,1.4,0.2,0.5,0.5,-,1.1,-,0.3,0.2,-,-,-,-,22.9,0.2,1.2,19.3,2.2,0.2,-,0.2,0.1,-,-,-,-,-,0.1
363,Harry Amass,Manchester United,EPL,18 years old (16-03-2007),181cm,England,Defender,,,1(1),76.0,-,-,-,-,87.5,1,-,6.35,,,0.5,-,-,-,-,0.5,0.5,-,-,1,0.5,0.5,1.5,2,1,1,-,1,0.5,1.5,0.5,-,-,-,2,-,0.5,1,-,-,-,-,12,-,-,10.5,1.5,-,-,-,-,-,-,-,-,-,-
364,Patrick Dorgu,Manchester United,EPL,20 years old (26-10-2004),"1,85m",Denmark,"Defender (Left), Midfielder (Left, Right)",Left-Back,left,5(1),438.0,-,-,1,1,85.2,1.5,-,6.34,"Jun 30, 2030",€25.00m,1.3,-,-,-,-,1.3,0.2,-,1.2,0.8,0.5,0.3,1.3,1.2,2.2,1.5,0.7,2.3,0.5,2.8,0.2,2,1.3,0.5,1.8,-,0.3,1.3,-,-,-,-,35,0.5,0.2,29.3,5,1,-,1,-,-,-,-,-,-,-
365,Guido Rodríguez,West Ham United,EPL,31 years old (12-04-1994),"1,85m",Argentina,Defensive Midfielder (C),Defensive Midfield,right,14(6),1026.0,-,-,5,-,84.6,0.4,-,6.34,"Jun 30, 2027",€12.00m,0.4,-,-,-,-,0.4,0.4,-,0.1,0.2,0.1,0.1,0.1,0.3,0.8,0.4,0.4,1.5,0.8,2.3,0.6,0.6,0.8,0.1,1.2,0.5,0.2,0.6,-,-,-,-,24.7,1.1,1.1,19.8,2.8,0.2,0.1,0.1,-,-,-,-,-,-,-
366,Yehor Yarmoliuk,Brentford FC,EPL,21 years old (01-03-2004),"1,80m",,Defensive Midfielder (C),Attacking Midfield,right,9(16),957.0,-,-,4,-,87,0.3,-,6.34,"Jun 30, 2028",€12.00m,0.4,-,-,-,-,0.4,0.2,-,0.2,0.8,0.4,0.4,0.8,0.6,0.4,0.3,0.2,1.2,0.8,2.1,0.4,0.3,0.4,0.1,1,0.2,0.1,0.7,-,-,-,-,19.6,1.4,0.3,15.7,2.2,0.2,-,0.2,-,-,-,-,-,-,-
367,Harry Winks,Leicester City,EPL,29 years old (02-02-1996),"1,78m",England,Defensive Midfielder (C),Defensive Midfield,right,17(5),1541.0,-,2,4,-,88.9,0.4,-,6.33,"Jun 30, 2026",€10.00m,0.5,-,-,-,-,0.5,0.5,-,-,0.5,0.4,0.1,0.6,0.4,0.6,0.4,0.3,1.1,0.8,1.9,0.4,0.6,0.4,-,0.8,0.3,0.1,0.5,-,-,-,-,45.6,0.9,0.8,39.6,4.3,0.8,0.3,0.5,0.1,-,-,-,-,-,-
368,Simon Adingra,Brighton & Hove Albion,EPL,23 years old (01-01-2002),"1,75m",Ivory Coast,"Midfielder (Left, Right), Forward",Left Winger,right,8(15),817.0,2,1,-,-,81.1,0.2,-,6.33,"Jun 30, 2026",€30.00m,1,0.1,-,-,0.1,1,0.3,0.1,0.7,1.8,1.1,0.7,1.3,0.4,0.3,0.2,0.1,0.7,0.5,1.2,0.3,0.1,0.4,0.1,0.2,-,-,0.4,-,-,-,-,10.8,0.2,0.3,8.6,1.7,0.5,-,0.5,-,-,-,-,-,-,-
369,Radu Dragusin,Tottenham Hotspur,EPL,23 years old (03-02-2002),191cm,Romania,Defender (Centre),,,14(2),1254.0,-,-,1,-,85.2,2.1,-,6.33,,,0.3,-,-,-,-,0.3,-,-,0.3,0.1,0.1,-,0.5,0.1,3.6,2.1,1.4,0.6,0.4,1,0.9,0.6,0.4,-,2.9,1,0.2,0.4,-,-,-,-,52.3,1.6,3.9,42.9,3.9,0.3,0.1,0.1,-,-,-,-,-,-,-
370,Morato,Nottingham Forest,EPL,23 years old (30-06-2001),"1,92m",,"Defender (Centre, Left)",Centre-Back,left,5(17),744.0,-,-,2,-,74.8,0.2,-,6.33,"Jun 30, 2029",€15.00m,0.1,-,-,-,-,0.1,-,-,0.1,-,-,-,0.3,0.1,0.8,0.2,0.6,1,0.3,1.3,0.4,0.1,0.4,-,2.9,0.2,0.1,0.3,-,-,-,-,10.6,0.5,1.1,7.5,1.5,-,-,-,-,-,-,-,-,-,-
371,Willy-Arnaud Boly,Nottingham Forest,EPL,34 years old (03-02-1991),"1,95m",Ivory Coast,Defender (Centre),Centre-Back,right,1(5),147.0,-,-,1,-,78.6,1,-,6.33,"Jun 30, 2025",€2.00m,0.2,-,-,-,-,0.2,-,-,0.2,-,-,-,0.2,-,1.3,1,0.3,1,-,1,0.5,-,0.2,-,2,0.3,-,0.3,-,-,-,-,11.7,0.8,1.5,8.3,1,-,-,-,-,-,-,-,-,-,-
372,Luke Thomas,Leicester City,EPL,23 years old (10-06-2001),"1,81m",England,"Defender (Left), Midfielder (Left)",Left-Back,left,7(1),604.0,-,-,1,-,84.2,0.9,-,6.33,"Jun 30, 2026",€6.00m,0.4,-,-,-,-,0.4,0.3,0.1,-,0.6,0.4,0.3,0.9,0.1,2.3,0.9,1.4,2.4,0.9,3.3,1,0.5,0.4,-,2.9,0.5,0.3,0.6,-,-,-,-,38.8,0.8,1.6,31.9,4.5,0.5,0.1,0.4,-,-,-,-,-,-,-
373,Igor Julio,Brighton & Hove Albion,EPL,27 years old (07-02-1998),185cm,,"Defender (Centre, Left), Midfielder (Left)",,,9(3),901.0,-,-,4,-,92.7,0.7,-,6.33,,,0.1,-,-,-,-,0.1,-,-,0.1,0.3,0.1,0.3,0.1,-,1.2,0.7,0.5,0.3,0.5,0.8,0.3,0.5,0.8,-,3.2,1.2,0.1,0.8,-,-,-,-,55.8,2.2,1.5,49.5,2.6,0.1,-,0.1,-,-,-,-,-,-,-
374,Filip Jørgensen,Chelsea FC,EPL,23 years old (16-04-2002),"1,92m",Denmark,Goalkeeper,Goalkeeper,right,6,540.0,-,-,-,-,82.4,0.2,-,6.33,"Jun 30, 2031",€20.00m,-,-,-,-,-,-,-,-,-,-,-,-,-,-,0.2,0.2,-,-,-,-,-,0.2,0.2,-,-,-,-,-,3.2,0.7,2.3,0.2,28.3,1.7,5,21.7,-,-,-,-,-,-,-,-,-,-,-
375,Welington,Southampton FC,EPL,24 years old (19-02-2001),"1,70m",Brazil,"Defender (Left), Midfielder (Left)",Left-Back,left,3(3),209.0,-,-,1,-,79.3,-,-,6.33,-,€3.50m,0.2,-,-,-,-,0.2,0.2,-,-,0.7,0.2,0.5,1,-,0.3,-,0.3,2,0.7,2.7,0.5,0.8,0.5,-,2,0.2,-,0.3,-,-,-,-,9.7,0.2,0.3,7.5,1.7,0.3,-,0.3,-,-,-,-,-,-,-
376,Lesley Ugochukwu,Southampton FC,EPL,21 years old (26-03-2004),"1,90m",France,Defensive Midfielder (C),Defensive Midfield,right,13(8),1276.0,-,1,5,-,85.5,0.7,-,6.33,"May 31, 2025",€20.00m,0.4,-,-,-,-,0.4,0.2,-,0.2,1.1,0.3,0.8,0.4,0.4,1.3,0.7,0.6,2,0.7,2.8,0.5,0.6,1.2,-,0.7,0.3,-,0.8,-,-,-,-,26.3,0.4,0.6,22.1,3.2,0.6,-,0.6,-,-,-,-,-,-,-
377,Tyrique George,Chelsea FC,EPL,19 years old (04-02-2006),"1,81m",England,Forward,Left Winger,right,0(5),84.0,-,1,1,-,87.2,-,-,6.32,"Jun 30, 2027",€3.50m,0.4,-,-,-,-,0.4,-,-,0.4,0.8,0.2,0.6,0.2,-,0.6,-,0.6,0.4,0.2,0.6,0.2,-,0.4,0.2,-,-,-,-,-,-,-,-,7.8,-,0.4,6.8,0.6,1,-,1,0.2,-,-,-,-,-,0.2
378,Antony,Real Betis Balompié,EPL,25 years old (24-02-2000),174cm,Brazil,Attacking Midfielder (Right),,,0(8),135.0,-,-,-,-,81.4,-,-,6.32,,,0.8,-,-,-,-,0.8,0.4,0.1,0.3,1.4,0.9,0.5,0.6,0.1,0.1,-,0.1,0.8,0.4,1.1,0.3,0.6,0.3,-,-,-,-,0.3,-,-,-,-,7.4,-,-,6,1.4,0.4,-,0.4,-,-,-,-,-,-,-
379,Ben Chilwell,Crystal Palace,EPL,28 years old (21-12-1996),"1,80m",England,"Defender (Left), Midfielder (Left)",Left-Back,left,0(6),136.0,-,-,1,-,64.9,0.5,-,6.32,"May 31, 2025",€18.00m,0.3,-,-,-,-,0.3,0.3,-,-,0.8,0.5,0.3,0.3,0.3,1,0.5,0.5,0.7,0.5,1.2,0.7,0.3,0.3,0.3,1.3,0.2,0.5,0.3,-,-,-,-,9.5,0.2,1.5,6,1.8,0.3,0.2,0.2,-,-,-,-,-,-,-
380,Leny Yoro,Manchester United,EPL,19 years old (13-11-2005),"1,90m",France,Defender (Centre),Centre-Back,right,10(7),966.0,-,-,5,-,92.6,0.6,-,6.32,"Jun 30, 2029",€55.00m,0.3,-,-,-,-,0.3,-,0.1,0.2,0.2,0.1,0.1,0.1,0.1,1.4,0.6,0.8,1.4,0.4,1.7,1,0.1,0.5,0.1,2.1,0.2,-,0.1,-,-,-,-,37.4,1.1,0.9,33.5,1.8,-,-,-,-,-,-,-,-,-,-
381,James McAtee,Manchester City,EPL,22 years old (18-10-2002),"1,80m",England,"Attacking Midfielder (Centre, Right)",Attacking Midfield,left,1(11),217.0,3,-,1,-,83.1,0.1,-,6.32,"Jun 30, 2026",€18.00m,0.9,0.3,-,0.1,0.2,0.9,0.2,0.2,0.6,0.5,0.3,0.2,0.3,0.1,0.3,0.1,0.3,0.3,0.3,0.7,0.1,0.1,0.4,-,0.1,-,-,0.3,-,-,-,-,6.9,-,-,5.8,1.2,0.2,-,0.2,-,-,-,-,-,-,-
382,Tim Iroegbunam,Everton FC,EPL,21 years old (30-06-2003),"1,83m",England,Midfielder (Centre),Central Midfield,right,5(10),547.0,-,1,3,-,73.9,0.5,-,6.32,"Jun 30, 2027",€10.00m,0.3,-,-,-,-,0.3,0.3,-,0.1,1.3,0.7,0.5,0.7,1.2,0.7,0.5,0.2,1.7,0.5,2.2,0.9,0.7,0.9,-,0.7,0.3,0.1,0.8,-,-,-,-,9.5,0.5,0.3,6.5,2.2,0.2,-,0.2,0.1,-,-,-,-,-,0.1
383,Luke Shaw,Manchester United,EPL,29 years old (12-07-1995),"1,78m",England,"Defender (Centre, Left), Midfielder (Left)",Left-Back,left,0(3),80.0,-,-,-,-,87.8,-,-,6.32,"Jun 30, 2027",€16.00m,-,-,-,-,-,-,-,-,-,-,-,-,0.3,-,-,-,-,0.7,-,0.7,0.3,-,0.3,-,0.3,-,-,0.3,-,-,-,-,38.3,1.3,1,32.3,3.7,0.7,-,0.7,-,-,-,-,-,-,-
384,Pedro Lima,Wolverhampton Wanderers,EPL,18 years old (01-07-2006),"1,74m",,Defender,Right-Back,right,1(2),70.0,-,-,-,-,76.9,-,-,6.32,"Jun 30, 2029",€5.00m,0.3,-,-,-,-,0.3,0.3,-,-,1,0.7,0.3,0.3,-,1,-,1,0.3,0.7,1,0.7,0.3,0.3,0.3,1.3,-,0.3,-,-,-,-,-,8.7,-,-,6.7,2,0.7,-,0.7,-,-,-,-,-,-,-
385,Joshua Zirkzee,Manchester United,EPL,23 years old (22-05-2001),"1,93m",Netherlands,"Attacking Midfielder (Centre), Forward",Centre-Forward,right,14(18),1395.0,3,1,2,-,72.1,0.7,-,6.32,"Jun 30, 2029",€35.00m,0.9,0.1,-,-,0.1,0.9,0.1,0.1,0.6,1.1,0.8,0.3,1.3,0.9,2.4,0.7,1.7,0.4,0.2,0.6,0.2,0.4,0.3,0.1,0.3,0.1,-,0.3,-,-,-,-,12.7,0.2,0.2,8.9,3.4,0.4,-,0.4,-,-,-,-,-,-,-
386,Max Aarons,Valencia CF,EPL,25 years old (04-01-2000),178cm,England,Defender (Right),,,1(2),86.0,-,-,-,-,80.4,-,-,6.32,,,-,-,-,-,-,-,-,-,-,0.7,0.7,-,0.3,-,-,-,-,0.7,-,0.7,0.3,0.7,-,-,-,0.3,-,0.7,-,-,-,-,17,1,0.7,12.7,2.7,-,-,-,-,-,-,-,-,-,-
387,Mats Wieffer,Brighton & Hove Albion,EPL,25 years old (16-11-1999),"1,88m",Netherlands,Defensive Midfielder (C),Defensive Midfield,right,4(15),505.0,1,2,4,-,86.9,1.1,1,6.32,"Jun 30, 2029",€27.00m,0.3,0.1,-,-,0.1,0.3,0.1,0.1,0.2,0.5,0.3,0.2,0.5,0.4,1.8,1.1,0.7,1.3,0.4,1.7,0.4,0.3,0.8,-,0.7,0.1,-,0.5,-,-,-,-,20.5,0.7,0.3,17.1,2.4,0.5,0.1,0.4,0.1,-,-,-,-,-,0.1
388,Sam Szmodics,Ipswich Town,EPL,29 years old (24-09-1995),"1,68m",England,"Attacking Midfielder (Centre, Left), Forward",Attacking Midfield,right,13(6),988.0,4,-,2,-,76.8,0.3,-,6.32,"Jun 30, 2028",€12.00m,1.1,0.2,0.1,-,0.2,1.1,0.2,0.2,0.8,0.6,0.4,0.2,1.3,0.9,0.9,0.3,0.6,0.8,0.9,1.7,0.3,0.4,0.5,0.4,0.6,0.1,0.1,0.4,-,-,-,-,9.5,0.6,0.5,6.7,1.7,0.2,0.1,0.2,-,-,-,-,-,-,-
389,Issa Diop,Fulham FC,EPL,28 years old (09-01-1997),"1,94m",France,Defender (Centre),Centre-Back,right,15(6),1336.0,-,-,2,-,87.5,1,-,6.32,"Jun 30, 2027",€16.00m,0.2,-,-,-,-,0.2,-,0.1,0.1,0.1,-,-,0.4,0.1,1.6,1,0.6,1.2,0.2,1.5,0.4,0.2,0.5,-,3.3,0.3,0.1,0.1,-,-,-,-,36,1.9,2.2,29.6,2.3,0.1,-,0.1,-,-,-,-,-,-,-
390,Jakub Kiwior,Arsenal FC,EPL,25 years old (15-02-2000),"1,89m",Poland,"Defender (Centre, Left), Defensive Midfielder (C)",Centre-Back,left,4(7),577.0,-,-,-,-,89.2,0.6,-,6.31,"Jun 30, 2028",€22.00m,0.2,-,-,-,-,0.2,0.1,-,0.1,0.3,0.1,0.2,0.1,0.1,1.2,0.6,0.5,0.9,0.3,1.2,0.2,0.1,0.5,-,2.3,0.3,-,0.3,-,-,-,-,31.3,1.3,1.1,26.6,2.3,0.3,0.2,0.1,-,-,-,-,-,-,-
391,Boubakary Soumaré,Leicester City,EPL,26 years old (27-02-1999),"1,88m",France,Defensive Midfielder (C),Defensive Midfield,right,21(4),1819.0,-,-,8,-,87.5,0.7,-,6.31,"Jun 30, 2026",€14.00m,0.3,-,-,-,-,0.3,0.2,-,-,1.7,0.6,1,0.8,0.8,1,0.7,0.3,1.3,0.5,1.8,1,0.7,0.8,-,0.9,0.2,-,0.4,-,-,-,-,42.2,1,0.8,36,4.5,0.4,-,0.4,-,-,-,-,-,-,-
392,Lamare Bogarde,Aston Villa,EPL,21 years old (05-01-2004),"1,85m",Netherlands,Defensive Midfielder (C),Defensive Midfield,right,5(3),476.0,-,-,2,-,88.1,0.8,-,6.31,-,€5.00m,0.1,-,-,-,-,0.1,0.1,-,-,0.5,0.3,0.3,0.8,1,1.5,0.8,0.8,1.8,0.8,2.5,0.1,1.4,1,-,1.5,0.4,0.1,0.3,-,-,-,-,31.6,0.4,0.8,27.5,3,0.3,-,0.3,-,-,-,-,-,-,-
393,Kieran Tierney,Arsenal FC,EPL,27 years old (05-06-1997),"1,80m",Scotland,"Defender (Centre, Left), Midfielder (Left)",Left-Back,left,1(7),155.0,-,-,-,-,89.4,0.5,-,6.3,"Jun 30, 2025",€10.00m,0.1,-,-,-,-,0.1,-,0.1,-,0.4,0.3,0.1,0.1,-,1,0.5,0.5,0.5,0.3,0.8,0.3,0.3,-,0.3,0.5,-,-,-,-,-,-,-,8.3,0.1,0.1,7.3,0.8,0.8,0.1,0.6,-,-,-,-,-,-,-
394,Chiedozie Ogbene,Ipswich Town,EPL,27 years old (01-05-1997),"1,81m",Ireland,"Midfielder (Centre, Left, Right), Forward",Right Winger,right,3(2),240.0,-,-,-,-,79.5,0.2,-,6.3,"Jun 30, 2028",€8.00m,-,-,-,-,-,-,-,-,-,1.4,1.2,0.2,0.8,0.4,1.4,0.2,1.2,1.4,0.4,1.8,0.2,1.4,0.4,0.2,0.6,-,-,0.2,-,-,-,-,7.8,-,0.2,6.2,1.4,0.4,-,0.4,-,-,-,-,-,-,-
395,Danny Ings,West Ham United,EPL,32 years old (23-07-1992),"1,77m",England,"Attacking Midfielder (Centre), Forward",Centre-Forward,right,1(14),274.0,1,2,-,-,71.6,0.5,-,6.29,"Jun 30, 2025",€7.00m,0.9,0.1,-,-,0.1,0.9,0.1,0.1,0.7,0.5,0.2,0.3,0.4,0.4,1.2,0.5,0.7,0.3,0.1,0.4,0.1,0.1,-,-,0.3,-,-,0.3,-,-,-,-,5.9,0.1,0.1,4.1,1.5,0.4,-,0.4,0.1,-,-,-,-,-,0.1
396,Timo Werner,Tottenham Hotspur,EPL,29 years old (06-03-1996),"1,80m",Germany,"Attacking Midfielder (Centre, Left, Right), Forward",Left Winger,right,4(14),508.0,-,3,-,-,74.2,-,-,6.29,"Jun 30, 2025",€10.00m,0.4,-,-,-,-,0.4,0.2,-,0.3,1.1,0.5,0.6,0.8,0.3,0.1,-,0.1,0.3,0.6,0.9,0.1,0.3,0.2,0.3,0.3,0.1,0.1,0.5,-,-,-,-,11,0.1,0.3,8.1,2.5,0.6,-,0.6,0.2,-,-,-,-,-,0.2
397,Axel Tuanzebe,Ipswich Town,EPL,27 years old (14-11-1997),"1,85m",England,"Defender (Centre, Right)",Right-Back,right,16(1),1361.0,-,1,3,1,85.8,0.8,-,6.29,"Jun 30, 2025",€5.00m,0.2,-,-,-,-,0.2,0.1,-,0.2,0.6,0.4,0.2,0.6,0.1,1.7,0.8,0.9,1.6,0.5,2.1,1.2,0.6,0.7,-,2.7,0.4,0.1,0.4,-,-,-,-,29.9,0.6,0.9,25,3.3,0.2,-,0.2,0.1,-,-,-,-,-,0.1
398,Daichi Kamada,Crystal Palace,EPL,28 years old (05-08-1996),"1,80m",Japan,"Attacking Midfielder (Centre, Left, Right), Forward",Attacking Midfield,right,12(16),1225.0,-,-,3,1,81.7,0.1,-,6.29,"Jun 30, 2026",€15.00m,0.6,-,-,-,-,0.6,0.3,-,0.3,0.5,0.3,0.1,0.5,0.6,0.5,0.1,0.4,1.4,0.9,2.3,0.5,0.6,0.9,0.1,0.4,0.1,-,0.5,-,-,-,-,20.5,0.6,0.5,16.1,3.2,0.6,0.1,0.5,-,-,-,-,-,-,-
399,Raheem Sterling,Arsenal FC,EPL,30 years old (08-12-1994),"1,70m",England,"Midfielder (Centre, Left, Right), Forward",Right Winger,right,5(8),353.0,-,2,1,-,81.4,0.1,-,6.29,"May 31, 2025",€15.00m,0.8,-,-,-,-,0.8,0.2,-,0.5,1.7,1,0.7,0.8,1,0.3,0.1,0.2,0.5,0.2,0.7,0.1,0.2,0.8,0.2,0.2,-,-,0.2,-,-,-,-,10.8,0.1,0.1,8.7,1.9,0.5,-,0.5,0.2,-,-,-,-,-,0.2
400,Ramón Sosa,Nottingham Forest,EPL,25 years old (31-08-1999),"1,79m",Paraguay,"Attacking Midfielder (Left, Right)",Left Winger,right,1(15),253.0,1,-,1,-,72.4,0.3,-,6.29,"Jun 30, 2029",€13.00m,0.6,0.1,-,-,0.1,0.6,0.3,-,0.4,0.7,0.2,0.5,0.3,0.3,0.8,0.3,0.5,0.3,0.2,0.5,0.2,0.4,0.4,0.2,0.2,-,0.1,0.4,-,-,-,-,4.8,0.2,0.1,3.3,1.2,0.5,0.1,0.4,-,-,-,-,-,-,-
401,Dane Scarlett,Tottenham Hotspur,EPL,21 years old (24-03-2004),"1,80m",England,Forward,Centre-Forward,right,0(3),31.0,-,1,-,-,60,0.3,-,6.29,"Jun 30, 2027",€1.80m,0.3,-,-,-,-,0.3,-,-,0.3,-,-,-,-,0.3,0.3,0.3,-,0.3,-,0.3,-,0.3,-,0.3,0.3,-,-,-,-,-,-,-,1.7,-,0.3,1,0.3,0.3,-,0.3,0.3,-,-,-,-,-,0.3
402,Carlos Soler,West Ham United,EPL,28 years old (02-01-1997),"1,80m",Spain,"Midfielder (Centre, Left, Right)",Central Midfield,right,13(14),1259.0,1,1,5,-,88,0.4,-,6.29,"Jun 30, 2025",€20.00m,0.9,-,-,-,-,0.9,0.4,-,0.4,0.7,0.4,0.3,0.4,0.5,0.8,0.4,0.4,0.4,0.6,1,0.3,0.6,0.9,-,0.6,0.1,0.1,0.5,-,-,-,-,19.8,0.6,0.7,16.9,1.7,0.5,-,0.5,-,-,-,-,-,-,-
403,Charlie Taylor,Southampton FC,EPL,31 years old (18-09-1993),"1,83m",England,"Defender (Centre, Left), Midfielder (Left)",Left-Back,left,2(5),263.0,-,-,1,-,92.5,0.6,-,6.29,"Jun 30, 2026",€2.80m,-,-,-,-,-,-,-,-,-,0.3,-,0.3,0.1,0.1,0.9,0.6,0.3,1,0.1,1.1,0.4,0.3,0.3,-,3,0.4,0.1,0.3,-,-,-,-,20.9,0.7,0.3,18.6,1.3,0.1,-,0.1,-,-,-,-,-,-,-
404,Youssef Chermiti,Everton FC,EPL,20 years old (24-05-2004),"1,92m",Portugal,Forward,Centre-Forward,right,0(2),15.0,-,-,1,-,40,0.5,-,6.29,"Jun 30, 2027",€9.00m,1,-,-,-,-,1,-,-,1,0.5,-,0.5,-,-,1,0.5,0.5,-,-,-,-,-,0.5,-,-,-,-,-,-,-,-,-,2.5,0.5,-,0.5,1.5,-,-,-,-,-,-,-,-,-,-
405,Flynn Downes,Southampton FC,EPL,26 years old (20-01-1999),"1,78m",England,"Defender (Centre), Midfielder (Centre)",Defensive Midfield,right,19(2),1616.0,1,-,10,-,90.2,0.5,-,6.28,"Jun 30, 2028",€15.00m,0.4,-,-,-,-,0.4,0.2,-,0.2,0.6,0.4,0.2,0.6,0.8,1,0.5,0.5,1.9,0.9,2.8,1.3,1.4,2,-,1.6,0.2,-,0.8,-,-,-,-,41.1,0.8,1,36.3,3.1,0.6,-,0.6,-,-,-,-,-,-,-
406,Rodrigo Gomes,Wolverhampton Wanderers,EPL,21 years old (07-07-2003),"1,75m",Portugal,"Midfielder (Left, Right)",Right Midfield,right,6(13),609.0,1,-,-,-,68.9,0.3,-,6.28,"Jun 30, 2029",€15.00m,0.2,0.1,-,-,0.1,0.2,0.1,-,0.2,0.6,0.4,0.2,0.8,0.4,1.1,0.3,0.8,1,0.4,1.4,0.3,0.2,0.1,-,0.8,0.1,0.2,0.4,-,-,-,-,10.3,0.2,0.7,6.9,2.5,0.6,-,0.6,-,-,-,-,-,-,-
407,Michael Kayode,Brentford FC,EPL,20 years old (10-07-2004),"1,79m",,Defender (Right),Right-Back,right,0(6),58.0,-,-,-,-,79.2,0.2,-,6.28,"Jun 30, 2025",€18.00m,-,-,-,-,-,-,-,-,-,0.2,-,0.2,0.2,-,0.2,0.2,-,0.8,-,0.8,0.2,0.2,0.3,-,0.2,-,-,-,-,-,-,-,4,0.3,-,2.8,0.8,0.3,0.2,0.2,-,-,-,-,-,-,-
408,Eddie Nketiah,Crystal Palace,EPL,25 years old (30-05-1999),"1,75m",England,"Attacking Midfielder (Centre), Forward",Centre-Forward,right,7(16),779.0,1,1,3,1,75.4,0.7,-,6.28,"Jun 30, 2029",€22.00m,1.4,-,-,-,-,1.4,0.3,0.1,1,0.8,0.4,0.4,1.2,0.6,1.9,0.7,1.2,0.5,0.3,0.8,0.1,1,1,0.1,0.3,-,0.1,0.4,-,-,-,-,8.7,0.2,0.2,6.3,1.9,0.5,-,0.5,-,-,-,-,-,-,-
409,Vladimír Coufal,West Ham United,EPL,32 years old (22-08-1992),"1,74m",Czech Republic,"Defender (Centre, Right), Midfielder (Right)",Right-Back,right,8(8),768.0,-,-,3,-,80.9,1.1,-,6.27,"Jun 30, 2025",€7.00m,0.3,-,-,-,-,0.3,0.1,-,0.2,0.4,0.3,0.1,0.5,0.3,1.8,1.1,0.8,0.9,0.6,1.6,0.4,0.7,1.1,-,1.8,0.6,0.1,0.1,-,-,-,-,20,0.6,1.5,15.6,2.3,0.4,0.1,0.3,-,-,-,-,-,-,-
410,Jorge Cuenca,Fulham FC,EPL,25 years old (17-11-1999),"1,90m",Spain,"Defender (Centre, Left)",Centre-Back,left,3(3),259.0,-,-,-,-,84,1,-,6.27,"Jun 30, 2028",€6.00m,0.2,-,-,-,-,0.2,-,-,0.2,0.3,-,0.3,0.2,-,1.5,1,0.5,0.3,0.5,0.8,0.3,0.3,0.3,-,3.5,0.5,-,-,-,-,-,-,19.8,0.7,1.3,16,1.8,-,-,-,-,-,-,-,-,-,-
411,Matt Targett,Newcastle United,EPL,29 years old (18-09-1995),"1,83m",England,"Defender (Left), Midfielder (Left)",Left-Back,left,0(1),12.0,-,-,-,-,100,-,-,6.27,"Jun 30, 2026",€8.00m,-,-,-,-,-,-,-,-,-,-,-,-,-,-,-,-,-,-,1,1,1,-,-,-,-,-,1,-,-,-,-,-,7,-,-,7,-,-,-,-,-,-,-,-,-,-,-
412,Nathan Wood,Southampton FC,EPL,22 years old (31-05-2002),"1,88m",England,Defender (Centre),Centre-Back,right,7(2),625.0,-,-,2,-,93.8,1.2,-,6.27,"Jun 30, 2028",€3.80m,0.2,-,-,-,-,0.2,-,0.2,-,0.6,0.2,0.3,0.4,0.1,2.1,1.2,0.9,1.1,0.3,1.4,0.4,0.4,0.9,-,2.8,0.6,0.1,0.3,-,-,-,-,42.9,0.9,0.7,39.3,2,0.1,-,0.1,-,-,-,-,-,-,-
413,Alex McCarthy,Southampton FC,EPL,35 years old (03-12-1989),"1,93m",England,Goalkeeper,Goalkeeper,right,5,450.0,-,-,-,-,69.8,0.4,-,6.27,"Jun 30, 2026",€500k,-,-,-,-,-,-,-,-,-,-,-,-,-,-,0.4,0.4,-,-,-,-,-,0.2,-,-,0.6,-,-,-,4.8,-,3.4,1.4,25.2,5.2,6.4,12.4,1.2,-,-,-,-,-,-,-,-,-,-
414,Renato Veiga,Juventus FC,EPL,21 years old (29-07-2003),190cm,Portugal,"Defender (Centre, Left)",,,1(6),177.0,-,-,2,-,84.1,0.4,-,6.27,,,0.4,-,-,-,-,0.4,0.1,-,0.3,0.7,0.3,0.4,0.1,-,0.9,0.4,0.4,1.3,1.1,2.4,0.1,0.1,0.9,0.1,0.3,0.1,-,0.3,-,-,-,-,18.9,0.7,1.3,15.1,1.7,-,-,-,-,-,-,-,-,-,-
415,Kyle Walker,AC Milan,EPL,34 years old (28-05-1990),183cm,England,"Defender (Centre, Right), Midfielder (Right)",,,9(6),967.0,-,-,3,-,88.6,0.6,-,6.27,,,0.3,-,-,-,-,0.3,0.3,-,-,0.4,0.2,0.2,0.6,0.1,1.1,0.6,0.5,1.1,0.8,1.9,0.2,0.3,0.4,0.1,0.7,0.3,0.1,0.6,-,-,-,-,48.7,1.5,2.2,41.7,3.3,0.5,-,0.5,-,-,-,-,-,-,-
416,Cheick Doucouré,Crystal Palace,EPL,25 years old (08-01-2000),"1,80m",Mali,Defensive Midfielder (C),Defensive Midfield,right,4(9),447.0,-,-,1,-,85.7,0.4,-,6.27,"Jun 30, 2029",€30.00m,0.5,-,-,-,-,0.5,0.3,-,0.2,0.4,0.2,0.2,0.3,0.5,0.8,0.4,0.4,1.2,0.5,1.7,0.8,0.5,0.5,-,0.8,-,-,0.3,-,-,-,-,15.6,0.6,0.4,12.8,1.8,0.1,-,0.1,-,-,-,-,-,-,-
417,Harvey Elliott,Liverpool FC,EPL,22 years old (04-04-2003),"1,70m",England,"Attacking Midfielder (Centre, Right)",Central Midfield,left,0(12),156.0,-,1,-,-,84.6,0.1,-,6.27,"Jun 30, 2027",€35.00m,0.8,-,-,-,-,0.8,0.1,-,0.7,0.4,0.3,0.2,0.2,0.2,0.2,0.1,0.1,0.3,0.3,0.5,-,-,-,0.1,0.2,0.1,-,0.2,-,-,-,-,12.4,1.1,0.3,9.4,1.7,0.3,0.2,0.2,0.1,-,-,-,-,-,0.1
418,Samuel Edozie,Anderlecht,EPL,22 years old (28-01-2003),181cm,England,"Attacking Midfielder (Centre, Left, Right)",,,0(2),64.0,-,-,1,-,82.8,-,-,6.27,,,-,-,-,-,-,-,-,-,-,2,1,1,2,-,-,-,-,1.5,-,1.5,-,0.5,1,-,-,-,-,-,-,-,-,-,14.5,-,-,12,2.5,0.5,-,0.5,-,-,-,-,-,-,-
419,Hákon Valdimarsson,Brentford FC,EPL,23 years old (13-10-2001),"1,95m",Iceland,Goalkeeper,Goalkeeper,right,1(1),144.0,-,-,-,-,61.9,0.5,-,6.27,"Jun 30, 2028",€2.50m,-,-,-,-,-,-,-,-,-,-,-,-,-,-,0.5,0.5,-,-,-,-,-,-,-,-,1.5,-,-,-,1.5,-,-,1.5,31.5,9,12,10.5,-,-,-,-,-,-,-,-,-,-,-
420,Fábio Carvalho,Brentford FC,EPL,22 years old (30-08-2002),"1,70m",Portugal,"Attacking Midfielder (Centre, Left), Forward",Attacking Midfield,right,3(16),447.0,2,1,1,-,74.7,0.1,-,6.26,"Jun 30, 2029",€15.00m,0.6,0.1,-,0.1,0.1,0.6,0.2,0.2,0.3,0.7,0.6,0.1,0.7,0.4,0.4,0.1,0.3,0.7,0.4,1.1,0.2,0.5,0.3,0.1,0.1,0.1,-,0.3,-,-,-,-,8.7,0.3,0.3,6.3,1.9,0.2,-,0.2,0.1,-,-,-,-,-,0.1
421,Armel Bella-Kotchap,Southampton FC,EPL,23 years old (11-12-2001),"1,90m",Germany,Defender (Centre),Centre-Back,right,2(2),329.0,-,-,-,-,90.6,1.5,-,6.26,"Jun 30, 2026",€12.00m,0.3,-,-,-,-,0.3,-,-,0.3,0.3,0.3,-,0.3,-,2.8,1.5,1.3,1.8,0.8,2.5,1.3,0.5,0.8,-,5.3,0.5,-,-,-,-,-,-,55.8,1.8,2.8,48.8,2.5,-,-,-,-,-,-,-,-,-,-
422,Hamza Choudhury,Sheffield United,EPL,27 years old (01-10-1997),178cm,England,"Defender (Right), Defensive Midfielder (C)",,,1(3),130.0,-,-,-,-,89.5,-,-,6.26,,,-,-,-,-,-,-,-,-,-,1,0.3,0.8,0.3,-,-,-,-,0.3,0.5,0.8,1.3,-,0.3,-,0.5,0.5,-,0.5,-,-,-,-,19,0.3,0.5,16.8,1.5,0.5,-,0.5,-,-,-,-,-,-,-
423,Tom Cairney,Fulham FC,EPL,34 years old (20-01-1991),"1,85m",Scotland,"Midfielder (Centre, Right)",Central Midfield,left,2(18),458.0,1,-,3,1,92.8,0.2,-,6.26,"Jun 30, 2025",€2.00m,0.3,0.1,-,-,0.1,0.3,0.2,-,0.1,0.6,0.4,0.2,0.2,0.2,0.6,0.2,0.4,0.5,0.2,0.7,0.2,0.9,0.4,-,0.1,0.1,-,0.2,-,-,-,-,24.9,0.5,0.2,22.7,1.7,0.5,0.1,0.4,-,-,-,-,-,-,-
424,James Bree,Southampton FC,EPL,27 years old (11-12-1997),"1,78m",England,"Defender (Centre, Left, Right), Midfielder (Right)",Right-Back,right,11(3),892.0,-,1,-,-,87,0.9,-,6.26,"Jun 30, 2026",€2.50m,0.3,-,-,-,-,0.3,0.2,-,0.1,0.6,0.3,0.3,0.4,0.3,1.1,0.9,0.3,1.1,0.7,1.8,0.6,0.3,0.1,-,1.6,0.2,0.1,0.4,-,-,-,-,33.6,0.7,1.1,28.6,3.2,0.7,0.2,0.5,0.1,0.1,-,-,-,-,-
425,Sean Longstaff,Newcastle United,EPL,27 years old (30-10-1997),"1,87m",England,Defensive Midfielder (C),Central Midfield,right,8(16),787.0,-,-,2,-,86,0.4,-,6.26,"Jun 30, 2026",€22.00m,0.3,-,-,-,-,0.3,-,-,0.2,0.3,0.2,0.1,0.4,0.3,0.7,0.4,0.3,1.1,0.4,1.5,0.3,0.3,0.4,-,0.3,0.2,-,0.5,-,-,-,-,14.3,0.5,0.2,11.8,1.8,0.2,-,0.2,-,-,-,-,-,-,-
426,Craig Dawson,Wolverhampton Wanderers,EPL,34 years old (06-05-1990),"1,88m",England,"Defender (Centre, Right)",Centre-Back,right,10(5),969.0,-,-,2,-,86.7,1.4,-,6.26,"Jun 30, 2025",€2.00m,0.3,-,-,-,-,0.3,-,0.1,0.3,0.3,0.3,0.1,0.1,-,2.1,1.4,0.7,1,0.2,1.2,0.6,0.3,0.4,0.1,3.4,0.7,0.1,0.3,-,-,-,-,37.2,2.9,2.7,29.3,2.2,0.1,0.1,0.1,-,-,-,-,-,-,-
427,Lloyd Kelly,Juventus FC,EPL,26 years old (06-10-1998),178cm,England,"Defender (Centre, Left)",,,4(6),302.0,-,1,2,-,81.2,0.7,-,6.26,,,0.3,-,-,-,-,0.3,-,0.2,0.1,0.3,0.1,0.2,0.3,0.2,0.9,0.7,0.2,0.5,-,0.5,0.1,0.5,0.5,0.1,1.5,0.4,0.2,0.2,-,-,-,-,16.5,0.4,1.6,13,1.5,0.2,-,0.2,0.1,0.1,-,-,-,-,-
428,Victor Lindelöf,Manchester United,EPL,30 years old (17-07-1994),"1,87m",Sweden,"Defender (Centre, Left, Right)",Centre-Back,right,3(7),362.0,-,-,1,-,92.2,1,-,6.26,"Jun 30, 2025",€10.00m,-,-,-,-,-,-,-,-,-,-,-,-,0.1,-,2.1,1,1.1,0.5,0.1,0.6,0.5,-,0.7,-,2.8,0.1,-,0.2,-,-,-,-,14.1,0.1,0.2,12.9,0.9,0.3,-,0.3,-,-,-,-,-,-,-
429,Enes Ünal,AFC Bournemouth,EPL,27 years old (10-05-1997),"1,87m",Turkey,Forward,Centre-Forward,right,2(15),332.0,2,1,2,-,67,1.4,-,6.25,"Jun 30, 2028",€13.00m,1.2,0.1,0.1,0.1,-,1.2,0.3,0.2,0.7,0.7,0.6,0.1,1,0.8,2.8,1.4,1.4,0.1,0.2,0.2,-,0.5,0.4,0.1,0.4,-,-,0.1,-,-,-,-,5.5,-,0.1,3.7,1.8,0.2,-,0.2,0.1,-,-,-,-,-,0.1
430,Kiernan Dewsbury-Hall,Chelsea FC,EPL,26 years old (06-09-1998),"1,76m",England,Midfielder (Centre),Central Midfield,left,2(9),254.0,-,1,-,-,85.8,-,-,6.25,"Jun 30, 2029",€22.00m,0.1,-,-,-,-,0.1,-,-,0.1,0.4,0.2,0.2,0.1,0.3,0.1,-,0.1,0.7,0.2,0.9,0.1,0.5,0.4,-,0.5,-,0.2,0.2,-,-,-,-,13.5,0.4,0.3,11.2,1.6,0.3,-,0.3,0.1,-,-,-,-,-,0.1
431,Ricardo Pereira,Leicester City,EPL,31 years old (06-10-1993),"1,75m",Portugal,"Defender (Left, Right), Midfielder (Right)",Right-Back,right,2(4),213.0,-,-,1,-,83.3,0.2,-,6.25,"Jun 30, 2026",€5.00m,0.3,-,-,-,-,0.3,0.2,-,0.2,1.2,0.3,0.8,0.2,-,0.3,0.2,0.2,1,1,2,0.2,1,0.5,-,0.7,0.2,-,0.5,-,-,-,-,20,1.3,0.5,15.3,2.8,-,-,-,-,-,-,-,-,-,-
432,Joe Willock,Newcastle United,EPL,25 years old (20-08-1999),"1,86m",England,Midfielder (Centre),Central Midfield,right,9(18),863.0,-,2,2,-,85.8,0.1,-,6.25,"Jun 30, 2027",€28.00m,0.5,-,-,-,-,0.5,0.1,-,0.4,1.1,0.7,0.4,1.1,0.8,0.5,0.1,0.4,0.9,0.3,1.2,0.2,0.4,0.7,0.1,0.2,0.1,0.1,0.6,-,-,-,-,9.9,0.2,0.2,8.3,1.2,0.7,-,0.7,0.1,-,-,-,-,-,0.1
433,Conor Chaplin,Ipswich Town,EPL,28 years old (16-02-1997),"1,68m",England,"Attacking Midfielder (Centre, Left, Right), Forward",Second Striker,left,7(9),620.0,1,1,1,-,75.3,0.1,-,6.25,"Jun 30, 2026",€8.00m,0.8,0.1,-,-,0.1,0.8,0.3,-,0.4,0.4,0.2,0.2,0.6,0.2,0.7,0.1,0.6,0.8,0.4,1.2,0.2,0.3,0.6,-,0.1,0.1,-,0.4,-,-,-,-,13.9,0.3,0.4,10.2,3,0.4,-,0.4,0.1,-,-,0.1,-,-,-
434,Danilo,Nottingham Forest,EPL,23 years old (29-04-2001),"1,77m",,Midfielder (Centre),Defensive Midfield,left,4(2),211.0,-,-,-,-,83.1,0.2,-,6.25,"Jun 30, 2029",€28.00m,-,-,-,-,-,-,-,-,-,0.8,0.5,0.3,1,-,0.3,0.2,0.2,0.3,0.3,0.7,0.2,-,0.2,-,0.3,0.2,-,-,-,-,-,-,14.8,0.8,-,11.5,2.5,-,-,-,-,-,-,-,-,-,-
435,Oleksandr Zinchenko,Arsenal FC,EPL,28 years old (15-12-1996),"1,75m",Ukraine,"Defender (Left), Midfielder (Centre, Left, Right)",Left-Back,left,3(8),356.0,-,-,1,-,82.9,0.9,-,6.25,"Jun 30, 2026",€22.00m,0.4,-,-,-,-,0.4,-,-,0.4,0.3,0.1,0.2,0.2,0.2,1.7,0.9,0.8,0.2,0.3,0.5,0.3,0.2,0.7,0.1,0.5,-,-,0.5,-,-,-,-,21.8,0.6,0.7,17.5,3,0.1,-,0.1,-,-,-,-,-,-,-
436,Joachim Andersen,Fulham FC,EPL,28 years old (31-05-1996),"1,92m",Denmark,Defender (Centre),Centre-Back,right,1,90.0,-,-,1,-,74.4,2,-,6.25,"Jun 30, 2029",€32.00m,1,-,-,-,-,1,1,-,-,-,-,-,-,1,2,2,-,1,1,2,-,-,2,-,7,-,-,-,-,-,-,-,82,5,15,56,6,-,-,-,-,-,-,-,-,-,-
437,Oscar Bobb,Manchester City,EPL,21 years old (12-07-2003),"1,75m",Norway,Attacking Midfielder (Right),Right Winger,left,0(2),13.0,-,-,-,-,81.8,-,-,6.25,"Jun 30, 2029",€25.00m,-,-,-,-,-,-,-,-,-,1,-,1,-,-,-,-,-,-,-,-,-,0.5,-,-,-,-,-,-,-,-,-,-,5.5,-,-,4.5,1,0.5,-,0.5,-,-,-,-,-,-,-
438,Kasey McAteer,Leicester City,EPL,23 years old (22-11-2001),"1,77m",England,"Attacking Midfielder (Centre, Left, Right)",Right Winger,right,5(8),481.0,-,1,1,-,74.1,0.7,-,6.25,"Jun 30, 2028",€900k,0.6,-,-,-,-,0.6,0.1,-,0.5,1,0.9,0.1,0.7,0.5,1.8,0.7,1.1,0.8,0.9,1.8,0.2,1,1,0.2,0.8,0.1,0.1,0.7,-,-,-,-,11,0.2,0.2,8,2.6,0.5,0.1,0.4,0.1,-,-,-,-,-,0.1
439,George Hirst,Ipswich Town,EPL,26 years old (15-02-1999),"1,91m",England,Forward,Centre-Forward,right,2(18),358.0,2,1,1,-,56.1,1.3,-,6.25,"Jun 30, 2027",€5.00m,0.4,0.1,-,-,0.1,0.4,0.1,0.1,0.3,0.2,0.1,0.1,0.8,0.4,2,1.3,0.7,0.1,0.1,0.2,0.1,0.3,0.4,0.1,0.4,-,-,-,-,-,-,-,4.1,-,0.1,2.3,1.8,0.2,-,0.2,0.1,-,-,-,-,-,0.1
440,Solly March,Brighton & Hove Albion,EPL,30 years old (20-07-1994),"1,80m",England,"Midfielder (Centre, Left, Right)",Right Winger,left,0(6),75.0,-,-,2,-,64.5,0.2,-,6.24,"Jun 30, 2026",€8.00m,0.2,-,-,-,-,0.2,-,-,0.2,0.3,0.2,0.2,0.2,0.2,0.3,0.2,0.2,1,0.2,1.2,0.2,0.2,0.3,0.2,-,-,-,0.5,-,-,-,-,5.2,0.2,0.5,3.2,1.3,0.5,0.2,0.3,-,-,-,-,-,-,-
441,Jay Robinson,Southampton FC,EPL,18 years old (15-03-2007),176cm,England,Forward,,,0(1),1.0,-,-,-,-,100,-,-,6.24,,,-,-,-,-,-,-,-,-,-,2,1,1,-,-,-,-,-,1,-,1,-,-,-,-,-,-,-,-,-,-,-,-,4,-,-,4,-,1,-,1,-,-,-,-,-,-,-
442,Rico Henry,Brentford FC,EPL,27 years old (08-07-1997),"1,70m",England,"Defender (Left), Midfielder (Left)",Left-Back,left,0(1),3.0,-,-,-,-,33.3,1,-,6.24,"Jun 30, 2026",€17.00m,-,-,-,-,-,-,-,-,-,-,-,-,-,-,1,1,-,-,1,1,1,-,-,-,-,-,-,-,-,-,-,-,3,-,1,1,1,-,-,-,-,-,-,-,-,-,-
443,Rasmus Højlund,Manchester United,EPL,22 years old (04-02-2003),"1,91m",Denmark,Forward,Centre-Forward,left,18(9),1592.0,3,-,2,-,79.2,0.7,-,6.24,"Jun 30, 2028",€45.00m,0.9,0.1,-,-,0.1,0.9,0.1,0.1,0.7,1,0.7,0.3,2.1,1,3.5,0.7,2.8,0.1,0.1,0.3,-,0.9,0.5,0.3,0.2,-,-,0.1,-,-,-,-,9.4,-,-,7.5,2,0.5,-,0.4,-,-,-,-,-,-,-
444,Kalvin Phillips,Ipswich Town,EPL,29 years old (02-12-1995),"1,79m",England,"Defender (Centre), Defensive Midfielder (C)",Defensive Midfield,right,14(4),1218.0,-,-,4,1,81,0.4,-,6.23,"Jun 30, 2025",€15.00m,0.6,-,-,-,-,0.6,0.4,-,0.1,0.7,0.4,0.3,1.3,0.6,1.6,0.4,1.2,1.9,1.3,3.2,1.1,1.1,1.6,-,1.9,0.3,0.1,1.6,-,-,-,-,28.7,2.3,1.8,20.9,3.7,0.3,0.1,0.2,-,-,-,-,-,-,-
445,Armando Broja,Everton FC,EPL,23 years old (10-09-2001),"1,91m",Albania,Forward,Centre-Forward,right,3(6),268.0,-,-,1,-,80.3,1.4,-,6.23,"May 31, 2025",€13.00m,0.4,-,-,-,-,0.4,0.1,-,0.3,1.8,0.9,0.9,1.2,1.3,3.2,1.4,1.8,0.2,-,0.2,-,0.4,0.6,0.3,0.4,-,-,0.3,-,-,-,-,6.8,-,-,5.4,1.3,0.4,-,0.4,-,-,-,-,-,-,-
446,Gonçalo Guedes,Wolverhampton Wanderers,EPL,28 years old (29-11-1996),"1,79m",Portugal,"Attacking Midfielder (Centre, Left, Right), Forward",Left Winger,right,7(17),764.0,2,4,1,-,75.7,0.2,-,6.23,"Jun 30, 2027",€13.00m,0.8,0.1,-,-,0.1,0.8,0.4,-,0.3,0.8,0.6,0.2,1.4,0.6,0.6,0.2,0.4,0.6,0.5,1.1,0.2,0.6,0.6,0.1,0.1,-,-,0.4,-,-,-,-,9.6,0.3,0.5,7,1.8,0.5,-,0.4,0.2,-,-,-,-,-,0.2
447,Lewis Miley,Newcastle United,EPL,18 years old (01-05-2006),"1,89m",England,Midfielder (Centre),Central Midfield,right,1(10),219.0,1,-,-,-,87.1,0.5,-,6.23,"Jun 30, 2029",€22.00m,0.3,0.1,-,-,0.1,0.3,-,-,0.3,0.2,0.2,-,0.5,0.1,0.9,0.5,0.5,1,0.5,1.5,0.2,0.1,0.3,-,0.5,0.1,-,0.4,-,-,-,-,12.6,0.3,0.2,10.7,1.5,0.1,-,0.1,-,-,-,-,-,-,-
448,Diego Carlos,Fenerbahce,EPL,32 years old (15-03-1993),186cm,Brazil,Defender (Centre),,,8(2),829.0,-,-,1,-,89,1.1,-,6.23,,,0.4,-,-,-,-,0.4,-,0.2,0.2,0.2,-,0.2,0.1,0.2,2.2,1.1,1.1,0.8,0.2,1,0.5,0.1,1.1,0.1,3.5,0.7,0.1,0.6,-,-,-,-,60,3.5,3.6,49.9,3,-,-,-,-,-,-,-,-,-,-
449,Wes Burns,Ipswich Town,EPL,30 years old (23-11-1994),"1,73m",Wales,"Defender (Right), Midfielder (Left, Right)",Right Winger,right,12(6),933.0,-,1,1,-,69.8,0.4,-,6.22,"Jun 30, 2026",€2.50m,0.4,-,-,-,-,0.4,0.1,-,0.3,1.3,0.8,0.5,0.9,0.7,1.6,0.4,1.2,0.7,0.3,1.1,0.6,0.6,0.2,-,0.7,0.1,0.1,0.3,-,-,-,-,11.1,0.4,0.9,7.3,2.4,0.6,0.1,0.5,0.1,-,-,-,-,-,0.1
450,Nathan Patterson,Everton FC,EPL,23 years old (16-10-2001),"1,89m",Scotland,"Defender (Right), Midfielder (Right)",Right-Back,right,1(7),199.0,-,-,-,-,78.3,0.1,-,6.22,"Jun 30, 2027",€15.00m,0.1,-,-,-,-,0.1,-,-,0.1,1,0.1,0.9,0.4,0.1,0.6,0.1,0.5,0.5,0.5,1,-,0.1,0.3,-,0.4,-,0.1,0.3,-,-,-,-,8.6,0.6,1.3,6.1,0.6,0.3,-,0.3,-,-,-,-,-,-,-
451,Brajan Gruda,Brighton & Hove Albion,EPL,20 years old (31-05-2004),"1,78m",Germany,"Attacking Midfielder (Centre, Right)",Right Winger,left,6(10),494.0,-,1,-,-,77.2,0.2,-,6.22,"Jun 30, 2028",€25.00m,0.3,-,-,-,-,0.3,0.1,0.1,0.1,1.3,0.8,0.5,0.5,1.3,0.4,0.2,0.3,0.8,0.4,1.3,0.1,0.6,0.4,0.1,0.3,-,-,0.5,-,-,-,-,9.9,0.2,0.4,7.4,1.9,0.8,0.2,0.6,0.1,0.1,0.1,-,-,-,-
452,Adam Lallana,Southampton FC,EPL,36 years old (10-05-1988),"1,72m",England,"Midfielder (Centre, Left, Right)",Attacking Midfield,both,5(9),357.0,-,2,4,-,85.5,0.1,-,6.22,"Jun 30, 2025",€900k,0.2,-,-,-,-,0.2,0.1,-,0.1,0.9,0.5,0.4,0.7,0.4,0.3,0.1,0.1,0.6,0.7,1.3,0.4,0.6,0.6,-,0.4,0.1,-,0.2,-,-,-,-,18.2,0.2,0.4,15.4,2.3,0.3,-,0.3,0.1,-,-,-,-,-,0.1
453,Wilson Odobert,Tottenham Hotspur,EPL,20 years old (28-11-2004),"1,82m",France,"Attacking Midfielder (Centre, Left, Right), Forward",Left Winger,right,5(5),448.0,-,-,-,-,85.4,0.3,-,6.21,"Jun 30, 2029",€18.00m,0.9,-,-,-,-,0.9,0.3,0.2,0.4,2.4,1.5,0.9,1.3,1.2,0.6,0.3,0.3,0.6,0.5,1.1,0.2,0.3,-,-,0.2,-,-,0.4,-,-,-,-,15.8,0.1,0.2,13.4,2.1,0.4,-,0.4,-,-,-,-,-,-,-
454,Yukinari Sugawara,Southampton FC,EPL,24 years old (28-06-2000),"1,79m",Japan,"Defender (Right), Midfielder (Right)",Right-Back,right,15(14),1470.0,1,1,4,-,84.5,0.2,-,6.2,"Jun 30, 2028",€12.00m,0.4,-,-,-,-,0.4,0.2,-,0.3,0.7,0.4,0.3,0.6,0.1,0.5,0.2,0.3,1,0.4,1.4,0.3,0.3,0.5,0.1,1.4,0.2,0.1,0.3,-,-,-,-,24.1,0.6,0.8,19.8,3,0.6,0.2,0.4,-,-,-,-,-,-,-
455,Emil Krafth,Newcastle United,EPL,30 years old (02-08-1994),"1,84m",Sweden,"Defender (Centre, Right), Midfielder (Right)",Right-Back,right,2(6),269.0,-,-,-,-,80.9,0.6,-,6.2,"Jun 30, 2026",€2.50m,0.1,-,-,-,-,0.1,-,-,0.1,0.1,0.1,-,0.3,0.3,1.1,0.6,0.5,0.3,0.1,0.4,0.3,0.1,0.4,-,1.4,0.5,-,0.1,-,-,-,-,13.8,0.3,0.8,10.9,1.9,0.1,0.1,-,-,-,-,-,-,-,-
456,Evan Ferguson,West Ham United,EPL,20 years old (19-10-2004),"1,88m",Ireland,Forward,Centre-Forward,right,1(5),138.0,-,-,-,-,78.1,0.8,-,6.2,"Jun 30, 2025",€32.00m,0.8,-,-,-,-,0.8,0.3,-,0.5,0.8,0.3,0.5,1.3,0.8,2,0.8,1.2,0.3,-,0.3,0.2,0.3,0.2,-,0.2,0.2,-,0.2,-,-,-,-,5.3,-,0.2,4.2,1,0.3,-,0.3,-,-,-,-,-,-,-
457,Jorginho,Arsenal FC,EPL,33 years old (20-12-1991),"1,78m",Italy,Defensive Midfielder (C),Defensive Midfield,right,9(5),703.0,-,-,5,-,86.9,0.1,-,6.2,"Jun 30, 2025",€8.00m,0.1,-,-,-,-,0.1,0.1,-,-,0.3,0.2,0.1,0.7,0.6,0.6,0.1,0.4,0.9,0.9,1.7,0.5,1.2,1.1,-,0.1,-,-,0.2,-,-,-,-,33.7,0.9,1.1,28.4,3.3,0.2,-,0.2,-,-,-,-,-,-,-
458,Paris Maghoma,Brentford FC,EPL,23 years old (08-05-2001),"1,84m",,Defensive Midfielder (C),Central Midfield,right,0(8),113.0,-,-,-,-,93.8,0.1,-,6.2,"Jun 30, 2027",€600k,0.1,-,-,-,-,0.1,0.1,-,-,0.5,0.1,0.4,0.3,-,0.5,0.1,0.4,0.3,0.3,0.5,0.1,0.5,0.3,-,0.1,0.3,0.1,-,-,-,-,-,10.1,0.3,0.3,9.3,0.4,0.1,-,0.1,-,-,-,-,-,-,-
459,Justin Devenny,Crystal Palace,EPL,21 years old (11-10-2003),"1,84m",Scotland,Midfielder,Central Midfield,left,3(15),341.0,1,-,-,-,78.7,0.1,-,6.19,"Jun 30, 2027",€3.00m,0.4,0.1,-,-,0.1,0.4,0.3,-,0.1,0.2,0.1,0.1,0.7,0.1,0.7,0.1,0.7,0.6,0.3,0.9,-,-,0.3,0.1,0.6,-,-,0.2,-,-,-,-,7.6,0.2,0.4,5.8,1.2,0.3,0.1,0.3,-,-,-,-,-,-,-
460,Harry Toffolo,Nottingham Forest,EPL,29 years old (19-08-1995),"1,83m",England,"Defender (Left), Midfielder (Left)",Left-Back,left,0(3),45.0,-,-,-,-,85.7,0.3,-,6.19,"Jun 30, 2025",€4.00m,0.3,-,-,-,-,0.3,0.3,-,-,-,-,-,-,-,0.3,0.3,-,0.7,-,0.7,0.3,-,-,-,2.3,-,-,-,-,-,-,-,7,-,0.3,6,0.7,-,-,-,-,-,-,-,-,-,-
461,Mykhailo Mudryk,Chelsea FC,EPL,24 years old (05-01-2001),"1,75m",Ukraine,Attacking Midfielder (Left),Left Winger,right,1(6),146.0,-,-,-,-,77.1,0.3,-,6.18,"Jun 30, 2031",€30.00m,0.1,-,-,-,-,0.1,-,-,0.1,1.1,0.7,0.4,0.4,1,0.9,0.3,0.6,0.3,-,0.3,-,0.3,0.3,0.1,0.1,0.1,-,0.3,-,-,-,-,5,0.1,-,3.7,1.1,0.3,0.1,0.1,-,-,-,-,-,-,-
462,Andrés García,Aston Villa,EPL,22 years old (07-02-2003),"1,85m",Spain,Defender (Right),Right-Back,right,5(2),320.0,-,-,-,-,92.4,-,-,6.18,-,€7.00m,0.3,-,-,-,-,0.3,0.3,-,-,2.6,1.9,0.7,1.4,0.9,0.9,-,0.9,1.3,0.6,1.9,0.3,-,0.1,-,1.1,-,0.3,0.3,-,-,-,-,22.6,0.4,0.4,20.4,1.3,0.4,-,0.4,-,-,-,-,-,-,-
463,Ben Winterburn,AFC Bournemouth,EPL,20 years old (04-09-2004),185cm,,Midfielder,,,0(3),21.0,-,-,-,-,71.4,0.3,-,6.18,,,-,-,-,-,-,-,-,-,-,-,-,-,-,-,0.3,0.3,-,-,0.3,0.3,0.7,0.3,-,-,-,-,-,-,-,-,-,-,2.3,-,-,1.7,0.7,-,-,-,-,-,-,-,-,-,-
464,Mikey Moore,Tottenham Hotspur,EPL,17 years old (11-08-2007),"1,80m",England,Attacking Midfielder (Right),Left Winger,right,2(5),182.0,-,1,-,-,85.2,0.1,-,6.17,"Jun 30, 2027",€15.00m,0.4,-,-,-,-,0.4,0.3,-,0.1,1.6,1.4,0.1,0.9,0.6,0.7,0.1,0.6,-,0.1,0.1,0.1,0.6,0.4,0.3,0.1,-,-,0.1,-,-,-,-,7.7,-,0.1,6.6,1,0.4,-,0.4,0.1,0.1,-,-,-,-,-
465,Adam Armstrong,West Bromwich Albion,EPL,28 years old (10-02-1997),172cm,England,"Attacking Midfielder (Centre, Left, Right), Forward",,,15(5),1255.0,2,2,4,-,83.6,0.3,-,6.17,,,1.3,0.1,-,-,0.1,1.3,0.3,0.1,0.9,0.7,0.4,0.3,0.6,0.9,0.7,0.3,0.5,0.6,0.6,1.2,0.2,0.3,0.6,0.5,0.4,0.1,-,0.3,-,-,-,-,13.5,0.2,0.3,11.1,1.9,0.5,0.1,0.4,0.1,-,-,-,-,-,0.1
466,Archie Gray,Tottenham Hotspur,EPL,19 years old (12-03-2006),"1,87m",England,"Defender (Centre, Right), Defensive Midfielder (C)",Right-Back,right,14(9),1340.0,-,-,-,-,90.5,0.4,-,6.17,"Jun 30, 2030",€35.00m,-,-,-,-,-,-,-,-,-,0.4,0.2,0.2,0.3,0.4,0.7,0.4,0.3,0.5,0.4,1,0.4,0.5,0.4,-,1.6,0.4,0.1,0.4,-,-,-,-,42,1.3,1.4,36.8,2.6,0.1,0.1,-,-,-,-,-,-,-,-
467,Andy Irving,West Ham United,EPL,24 years old (13-05-2000),190cm,Scotland,Midfielder,,,1(9),162.0,-,-,2,-,90,0.1,-,6.17,,,0.4,-,-,-,-,0.4,0.4,-,-,0.1,-,0.1,0.1,0.3,0.2,0.1,0.1,0.7,0.4,1.1,0.1,0.1,0.6,-,0.5,0.1,-,0.4,-,-,-,-,12,0.7,0.1,10.1,1.1,0.1,-,0.1,-,-,-,-,-,-,-
468,Kosta Nedeljkovic,RB Leipzig,EPL,19 years old (16-12-2005),184cm,,Defender (Right),,,0(5),121.0,-,-,-,-,90.2,-,-,6.16,,,-,-,-,-,-,-,-,-,-,0.4,0.2,0.2,0.2,-,0.2,-,0.2,1.4,0.2,1.6,-,0.2,-,-,0.6,-,-,0.2,-,-,-,-,8.2,0.2,0.2,7.2,0.6,-,-,-,-,-,-,-,-,-,-
469,Eric da Silva Moreira,Nottingham Forest,EPL,18 years old (03-05-2006),"1,85m",Germany,Forward,Right Midfield,right,0(2),28.0,-,-,-,-,83.3,-,-,6.16,"Jun 30, 2028",€1.00m,-,-,-,-,-,-,-,-,-,0.5,0.5,-,0.5,-,-,-,-,1,2,3,0.5,-,-,-,-,-,-,-,-,-,-,-,3,-,-,2.5,0.5,-,-,-,-,-,-,-,-,-,-
470,Chiquinho,RCD Mallorca,EPL,25 years old (05-02-2000),179cm,Portugal,"Attacking Midfielder (Left, Right)",,,0(1),6.0,-,-,-,-,100,-,-,6.16,,,-,-,-,-,-,-,-,-,-,-,-,-,-,-,-,-,-,-,-,-,-,-,1,-,-,-,-,-,-,-,-,-,2,-,-,2,-,1,1,-,-,-,-,-,-,-,-
471,Julio Soler,AFC Bournemouth,EPL,20 years old (16-02-2005),"1,75m",Argentina,Defender,Left-Back,left,0(1),1.0,-,-,-,-,-,-,-,6.16,-,€8.00m,-,-,-,-,-,-,-,-,-,-,-,-,1,-,-,-,-,1,-,1,-,1,-,-,-,-,-,1,-,-,-,-,1,-,1,-,-,-,-,-,-,-,-,-,-,-,-
472,Jack Taylor,Ipswich Town,EPL,26 years old (23-06-1998),"1,85m",England,Midfielder (Centre),Central Midfield,right,1(25),536.0,1,-,3,-,82.5,0.3,-,6.16,"Jun 30, 2026",€3.00m,0.6,-,-,-,-,0.6,0.4,-,0.2,0.2,0.2,0.1,0.3,0.2,0.5,0.3,0.2,0.6,0.3,0.9,0.2,0.1,0.5,-,0.6,0.1,-,0.2,-,-,-,-,11.7,0.6,0.5,9,1.5,0.2,-,0.2,-,-,-,-,-,-,-
473,Evan Ferguson,West Ham United,EPL,20 years old (19-10-2004),"1,88m",Ireland,Forward,Centre-Forward,right,2(11),236.0,1,-,-,-,75.4,0.3,-,6.16,"Jun 30, 2025",€32.00m,0.5,0.1,-,-,0.1,0.5,0.2,-,0.3,0.2,0.1,0.1,0.4,0.5,1,0.3,0.7,0.3,0.2,0.5,-,0.1,0.2,-,0.3,0.1,-,0.2,-,-,-,-,4.4,0.1,0.2,3.2,0.9,0.2,-,0.2,-,-,-,-,-,-,-
474,Hwang Hee-Chan,Wolverhampton Wanderers,EPL,29 years old (26-01-1996),"1,77m",South Korea,"Attacking Midfielder (Centre, Left, Right), Forward",Centre-Forward,right,5(14),638.0,2,-,-,-,83.9,0.2,-,6.16,"Jun 30, 2028",€17.00m,0.3,0.1,0.1,-,0.1,0.3,0.1,-,0.2,0.7,0.6,0.1,0.7,0.5,0.6,0.2,0.5,0.3,0.2,0.5,0.1,0.4,0.3,-,0.5,-,0.1,0.5,-,-,-,-,9.5,-,0.1,7.9,1.5,0.2,-,0.2,-,-,-,-,-,-,-
475,Maxwel Cornet,Genoa CFC,EPL,28 years old (27-09-1996),179cm,Ivory Coast,"Defender (Left), Midfielder (Left, Right), Forward",,,1(1),72.0,-,-,1,-,89.5,1.5,-,6.16,,,0.5,-,-,-,-,0.5,-,-,0.5,0.5,0.5,-,1.5,-,1.5,1.5,-,2.5,2,4.5,-,0.5,-,0.5,1,-,-,-,-,-,-,-,9.5,1,-,7.5,1,-,-,-,-,-,-,-,-,-,-
476,Reiss Nelson,Fulham FC,EPL,25 years old (10-12-1999),"1,75m",England,"Midfielder (Left, Right)",Right Winger,right,0(1),2.0,-,-,-,-,-,-,-,6.15,"Jun 30, 2025",€18.00m,-,-,-,-,-,-,-,-,-,-,-,-,-,-,-,-,-,1,1,2,-,1,1,-,1,-,-,-,-,-,-,-,-,-,-,-,-,-,-,-,-,-,-,-,-,-,-
477,Tommy Doyle,Wolverhampton Wanderers,EPL,23 years old (17-10-2001),"1,72m",,Midfielder (Centre),Central Midfield,right,3(21),477.0,-,1,1,-,85.4,-,-,6.15,"Jun 30, 2028",€10.00m,0.4,-,-,-,-,0.4,0.3,-,0.1,0.4,0.2,0.2,0.4,0.2,0.3,-,0.3,0.5,0.4,0.8,0.2,0.2,0.2,-,0.5,0.2,-,0.3,-,-,-,-,15.4,1.7,1,11.5,1.3,0.3,0.2,0.1,-,-,-,-,-,-,-
478,Oliver Skipp,Leicester City,EPL,24 years old (16-09-2000),"1,75m",England,Defensive Midfielder (C),Defensive Midfield,right,7(11),847.0,-,-,6,-,85,0.5,-,6.15,"Jun 30, 2029",€12.00m,0.2,-,-,-,-,0.2,0.1,-,0.1,0.6,0.3,0.3,0.6,0.3,0.8,0.5,0.3,0.8,0.3,1.1,0.4,0.7,0.7,-,0.6,0.2,-,0.6,-,-,-,-,20.8,0.6,0.7,17.1,2.4,0.5,0.1,0.4,-,-,-,-,-,-,-
479,Luis Guilherme,West Ham United,EPL,19 years old (09-02-2006),"1,75m",Brazil,Forward,Right Winger,left,1(9),114.0,-,-,-,-,90.9,0.2,-,6.15,"Jun 30, 2029",€18.00m,0.2,-,-,-,-,0.2,0.1,-,0.1,0.8,0.4,0.4,0.3,0.2,0.3,0.2,0.1,0.1,0.2,0.3,0.3,0.4,-,-,0.1,-,0.1,0.6,-,-,-,-,4.4,0.1,0.1,3.9,0.3,0.3,0.1,0.2,-,-,-,-,-,-,-
480,James Ward-Prowse,West Ham United,EPL,30 years old (01-11-1994),"1,77m",England,"Midfielder (Centre, Right)",Central Midfield,right,5(4),399.0,-,1,-,1,86.4,0.3,-,6.14,"Jun 30, 2027",€10.00m,0.2,-,-,-,-,0.2,0.2,-,-,-,-,-,0.3,0.3,0.9,0.3,0.6,0.4,-,0.4,0.6,0.2,0.8,-,0.8,0.2,0.1,0.1,-,-,-,-,18,0.4,0.8,15.1,1.7,0.4,0.1,0.3,0.1,-,-,-,-,-,0.1
481,Ben Mee,Brentford FC,EPL,35 years old (21-09-1989),"1,80m",England,"Defender (Centre, Left)",Centre-Back,left,2(5),181.0,-,-,2,-,77.6,0.7,-,6.14,"Jun 30, 2025",€900k,-,-,-,-,-,-,-,-,-,-,-,-,-,-,1.4,0.7,0.7,0.3,-,0.3,0.6,-,0.7,-,1,0.4,-,-,-,-,-,-,16.6,0.9,1.9,12,1.9,-,-,-,-,-,-,-,-,-,-
482,Woyo Coulibaly,Leicester City,EPL,25 years old (26-05-1999),"1,82m",France,Defender (Right),Right-Back,both,1(3),108.0,-,-,1,-,84.1,-,-,6.14,"Jun 30, 2029",€2.00m,0.5,-,-,-,-,0.5,0.3,-,0.3,0.3,0.3,-,1,-,1,-,1,1.5,-,1.5,1.3,0.3,0.5,-,0.3,0.3,-,0.5,-,-,-,-,11,1,-,8.3,1.8,-,-,-,-,-,-,-,-,-,-
483,Cameron Archer,Southampton FC,EPL,23 years old (09-12-2001),"1,75m",England,Forward,Centre-Forward,right,13(16),1312.0,2,-,-,-,82.6,0.3,-,6.14,"Jun 30, 2028",€14.00m,1,0.1,-,-,-,1,0.1,0.1,0.8,1,0.6,0.4,1.1,0.8,1.2,0.3,0.9,0.4,0.2,0.6,0.1,0.4,0.5,0.2,0.2,-,-,0.1,-,-,-,-,7.5,0.1,0.1,6.1,1.2,0.1,-,0.1,-,-,-,-,-,-,-
484,Will Smallbone,Southampton FC,EPL,25 years old (21-02-2000),"1,83m",Ireland,"Midfielder (Centre, Right)",Central Midfield,right,6(8),608.0,1,-,1,-,83.7,0.3,-,6.14,"Jun 30, 2026",€7.00m,0.4,0.1,-,-,0.1,0.4,0.2,-,0.2,0.4,0.1,0.3,0.6,0.4,0.4,0.3,0.1,1.2,0.9,2.1,0.1,0.2,0.7,-,0.9,-,-,0.5,-,-,-,-,19.7,0.6,0.6,15.9,2.6,0.6,0.2,0.4,-,-,-,-,-,-,-
485,Ryan Trevitt,Exeter,EPL,22 years old (12-03-2003),170cm,England,Midfielder (Centre),,,0(1),3.0,-,-,-,-,66.7,-,-,6.13,,,-,-,-,-,-,-,-,-,-,-,-,-,-,-,-,-,-,1,-,1,-,-,-,-,-,-,-,-,-,-,-,-,6,-,-,4,2,-,-,-,-,-,-,-,-,-,-
486,Patson Daka,Leicester City,EPL,26 years old (09-10-1998),"1,83m",Zambia,Forward,Centre-Forward,right,5(14),609.0,1,-,-,-,74,0.6,-,6.13,"Jun 30, 2026",€12.00m,0.8,0.1,-,-,0.1,0.8,0.1,0.1,0.6,0.8,0.7,0.1,0.9,0.5,1.9,0.6,1.4,0.8,0.5,1.3,0.1,0.8,0.5,0.2,0.4,0.1,-,0.3,-,-,-,-,6.5,0.2,0.1,4.6,1.6,-,-,-,-,-,-,-,-,-,-
487,Federico Chiesa,Liverpool FC,EPL,27 years old (25-10-1997),"1,75m",Italy,"Midfielder (Centre, Left, Right), Forward",Right Winger,right,0(4),33.0,-,-,-,-,90.9,-,-,6.13,"Jun 30, 2028",€18.00m,1,-,-,-,-,1,0.5,-,0.5,0.3,0.3,-,0.3,0.8,-,-,-,-,0.5,0.5,-,0.3,0.5,-,-,-,-,0.3,-,-,-,-,5.5,-,-,5,0.5,-,-,-,-,-,-,-,-,-,-
488,Jakub Moder,Feyenoord,EPL,26 years old (07-04-1999),188cm,Poland,"Midfielder (Centre, Left)",,,0(4),9.0,-,-,-,-,81,-,-,6.12,,,-,-,-,-,-,-,-,-,-,-,-,-,-,-,0.3,-,0.3,0.3,0.5,0.8,-,-,-,-,0.8,-,-,-,-,-,-,-,5.3,-,-,4.3,1,0.8,-,0.8,-,-,-,-,-,-,-
489,Miguel Almirón,Atlanta United,EPL,31 years old (10-02-1994),174cm,Paraguay,"Attacking Midfielder (Centre, Left, Right), Forward",,,1(8),151.0,-,-,-,-,82.8,-,-,6.12,,,0.7,-,-,-,-,0.7,-,-,0.7,0.2,0.1,0.1,-,0.2,0.2,-,0.2,0.3,0.1,0.4,-,0.3,0.1,0.2,-,-,-,0.2,-,-,-,-,7.1,0.1,0.1,5.8,1.1,0.3,-,0.3,-,-,-,-,-,-,-
490,Jeremy Sarmiento,Burnley,EPL,22 years old (16-06-2002),178cm,Ecuador,"Attacking Midfielder (Centre, Left)",,,0(1),8.0,-,-,-,-,100,-,-,6.12,,,-,-,-,-,-,-,-,-,-,-,-,-,1,-,-,-,-,-,-,-,-,-,-,-,-,-,-,-,-,-,-,-,6,-,-,6,-,-,-,-,-,-,-,-,-,-,-
491,Joe Lumley,Southampton FC,EPL,30 years old (15-02-1995),"1,90m",England,Goalkeeper,Goalkeeper,right,3,270.0,-,-,-,-,67.6,0.7,-,6.12,"Jun 30, 2025",€600k,-,-,-,-,-,-,-,-,-,-,-,-,-,-,1,0.7,0.3,-,-,-,-,-,-,-,1.7,-,-,-,4.3,0.3,3.3,0.7,45.3,6,13.3,24.7,1.3,-,-,-,-,-,-,-,-,-,-
492,Bobby De Cordova-Reid,Leicester City,EPL,32 years old (02-02-1993),"1,70m",Jamaica,"Defender (Right), Midfielder (Centre, Left, Right), Forward",Right Winger,right,7(14),637.0,1,2,2,-,75.4,0.2,-,6.12,"Jun 30, 2027",€4.00m,0.3,-,-,-,-,0.3,0.2,-,0.1,0.4,0.4,-,0.5,0.4,0.9,0.2,0.6,0.4,0.5,0.9,-,0.4,0.4,0.1,0.4,-,-,0.2,-,-,-,-,8.1,0.1,0.2,6,1.8,0.3,-,0.3,0.1,-,-,-,-,-,0.1
493,Willian,Fulham FC,EPL,36 years old (09-08-1988),"1,75m",Brazil,"Attacking Midfielder (Centre, Left, Right)",Left Winger,right,1(6),157.0,-,-,-,-,88.2,0.1,-,6.12,"Jun 30, 2025",€1.00m,0.4,-,-,-,-,0.4,0.4,-,-,0.6,0.6,-,0.4,0.1,0.4,0.1,0.3,0.3,0.4,0.7,0.1,-,0.1,-,0.1,-,-,-,-,-,-,-,17,0.6,0.1,14.4,1.9,0.3,-,0.3,-,-,-,-,-,-,-
494,Jayden Meghoma,Preston,EPL,18 years old (28-06-2006),175cm,,"Defender (Left), Midfielder (Left)",,,0(1),4.0,-,-,-,-,100,-,-,6.11,,,-,-,-,-,-,-,-,-,-,-,-,-,-,-,-,-,-,-,-,-,-,-,-,-,-,-,-,-,-,-,-,-,3,-,-,3,-,-,-,-,-,-,-,-,-,-,-
495,Julián Araujo,AFC Bournemouth,EPL,23 years old (13-08-2001),"1,76m",Mexico,"Defender (Right), Midfielder (Right)",Right-Back,right,5(3),357.0,-,-,1,-,81.2,0.3,-,6.11,"Jun 30, 2029",€10.00m,-,-,-,-,-,-,-,-,-,-,-,-,0.5,0.3,1,0.3,0.8,0.9,0.8,1.6,0.5,0.1,0.5,-,1.4,-,0.3,0.4,-,-,-,-,17.3,0.6,1.3,13.4,2,-,-,-,-,-,-,-,-,-,-
496,Lewis Orford,West Ham United,EPL,19 years old (18-02-2006),189cm,England,Midfielder,,,0(2),47.0,-,-,-,-,86.5,-,-,6.11,,,0.5,-,-,-,-,0.5,-,-,0.5,-,-,-,0.5,-,0.5,-,0.5,-,-,-,0.5,-,-,-,-,-,-,0.5,-,-,-,-,18.5,-,0.5,16,2,1,0.5,0.5,-,-,-,-,-,-,-
497,Wataru Endo,Liverpool FC,EPL,32 years old (09-02-1993),"1,78m",Japan,Defensive Midfielder (C),Defensive Midfield,right,0(16),144.0,-,-,-,-,93.1,0.1,-,6.11,"Jun 30, 2027",€10.00m,-,-,-,-,-,-,-,-,-,0.1,-,0.1,0.3,0.1,0.3,0.1,0.2,0.5,0.2,0.7,0.2,0.4,0.8,-,0.3,-,0.1,0.2,-,-,-,-,5.4,0.1,-,4.9,0.4,0.1,-,0.1,-,-,-,-,-,-,-
498,Taiwo Awoniyi,Nottingham Forest,EPL,27 years old (12-08-1997),"1,83m",Nigeria,Forward,Centre-Forward,right,3(20),352.0,1,-,-,-,67.1,0.5,-,6.1,"Jun 30, 2027",€18.00m,0.4,-,-,-,-,0.4,-,-,0.4,0.3,0.2,0.1,0.7,0.7,1.9,0.5,1.3,0.3,-,0.3,-,0.4,0.3,-,0.2,-,-,-,-,-,-,-,3.7,-,0.1,2.5,1.1,0.1,-,0.1,-,-,-,-,-,-,-
499,Asher Agbinone,Gillingham,EPL,19 years old (28-09-2005),177cm,England,Midfielder,,,0(2),4.0,-,-,-,-,100,-,-,6.1,,,0.5,-,-,-,-,0.5,0.5,-,-,1,1,-,-,0.5,0.5,-,0.5,1,-,1,-,-,-,-,-,-,-,-,-,-,-,-,1,-,-,1,-,0.5,-,0.5,-,-,-,-,-,-,-
500,Yunus Konak,Brentford FC,EPL,19 years old (10-01-2006),"1,81m",,Defensive Midfielder (C),Defensive Midfield,right,0(7),27.0,-,-,-,-,73.1,0.6,-,6.1,"Jun 30, 2029",€4.50m,0.1,-,-,-,-,0.1,0.1,-,-,0.3,0.3,-,0.3,0.4,1.1,0.6,0.6,0.6,0.1,0.7,-,0.1,0.3,-,-,-,-,-,-,-,-,-,3.7,0.3,0.1,2.4,0.9,-,-,-,-,-,-,-,-,-,-
501,Mason Mount,Manchester United,EPL,26 years old (10-01-1999),"1,81m",England,"Midfielder (Centre, Left, Right)",Attacking Midfield,right,4(7),315.0,-,-,3,-,81.1,0.2,-,6.09,"Jun 30, 2028",€28.00m,0.5,-,-,-,-,0.5,0.3,-,0.3,0.4,0.4,-,0.5,0.7,0.8,0.2,0.6,0.7,0.2,0.9,0.2,0.5,0.9,-,-,0.1,-,0.5,-,-,-,-,10.1,0.4,0.3,7.8,1.6,0.5,-,0.5,-,-,-,-,-,-,-
502,Chido Obi,Manchester United,EPL,17 years old (29-11-2007),"1,88m",,Forward,Centre-Forward,right,0(3),26.0,-,-,1,-,75,0.3,-,6.09,-,€5.00m,-,-,-,-,-,-,-,-,-,0.3,0.3,-,0.7,0.3,0.7,0.3,0.3,-,-,-,-,-,-,-,0.3,-,-,-,-,-,-,-,2.7,-,0.3,2,0.3,-,-,-,-,-,-,-,-,-,-
503,Divin Mubama,Manchester City,EPL,20 years old (25-10-2004),182cm,England,Forward,,,0(1),27.0,-,-,-,-,66.7,-,-,6.09,,,1,-,-,-,-,1,-,-,1,-,-,-,-,1,1,-,1,-,-,-,-,-,-,-,-,-,-,-,-,-,-,-,3,-,-,2,1,-,-,-,-,-,-,-,-,-,-
504,Daniel Jebbison,AFC Bournemouth,EPL,21 years old (13-08-2003),"1,90m",England,Forward,Centre-Forward,right,0(11),65.0,-,-,1,-,86.2,0.2,-,6.09,"Jun 30, 2028",€4.00m,0.2,-,-,-,-,0.2,-,0.1,0.1,0.5,0.1,0.4,1,0.4,1,0.2,0.8,0.2,0.2,0.4,0.1,0.2,0.2,-,0.1,0.1,-,-,-,-,-,-,2.6,-,0.1,2.3,0.3,0.3,-,0.3,-,-,-,-,-,-,-
505,Caleb Kporha,Crystal Palace,EPL,18 years old (15-07-2006),-,England,Defender,Right-Back,right,0(2),11.0,-,-,-,-,75,-,-,6.09,"Jun 30, 2029",€1.00m,-,-,-,-,-,-,-,-,-,-,-,-,-,1,0.5,-,0.5,1,-,1,-,-,-,-,0.5,-,-,-,-,-,-,-,2,-,-,1.5,0.5,-,-,-,-,-,-,-,-,-,-
506,Carlos Forbs,Wolverhampton Wanderers,EPL,21 years old (19-03-2004),"1,69m",Portugal,"Attacking Midfielder (Left, Right)",Left Winger,left,1(8),233.0,-,-,2,-,69.7,0.1,-,6.08,"Jun 30, 2025",€8.00m,0.2,-,-,-,-,0.2,0.1,-,0.1,1.3,0.6,0.8,0.8,0.4,0.4,0.1,0.3,0.9,0.1,1,0.1,0.1,0.2,-,0.2,-,-,0.3,-,-,-,-,8.4,-,0.1,5.9,2.4,0.1,-,0.1,-,-,-,-,-,-,-
507,Albert Grønbæk,Southampton FC,EPL,23 years old (23-05-2001),"1,81m",Denmark,"Attacking Midfielder (Centre, Left)",Attacking Midfield,right,2(2),143.0,-,-,-,-,76.5,0.5,-,6.08,"Jun 30, 2025",€12.00m,0.5,-,-,-,-,0.5,0.3,-,0.3,1,1,-,1.3,1,0.5,0.5,-,1,1.8,2.8,-,0.3,-,-,0.3,0.3,-,-,-,-,-,-,4.3,-,-,3.3,1,0.3,-,0.3,-,-,-,-,-,-,-
508,Alfie Dorrington,Aberdeen,EPL,19 years old (20-04-2005),180cm,England,Defender (Centre),,,0(1),13.0,-,-,-,-,93.8,-,-,6.08,,,-,-,-,-,-,-,-,-,-,-,-,-,-,-,-,-,-,-,-,-,-,-,-,-,-,-,-,-,-,-,-,-,16,2,-,13,1,-,-,-,-,-,-,-,-,-,-
509,Martial Godo,Fulham FC,EPL,22 years old (14-03-2003),"1,69m",England,"Attacking Midfielder (Left, Right)",Left Winger,right,0(1),14.0,-,-,-,-,75,-,-,6.08,"Jun 30, 2028",€600k,-,-,-,-,-,-,-,-,-,2,2,-,-,-,1,-,1,-,-,-,1,-,-,-,-,-,-,1,-,-,-,-,4,-,-,3,1,-,-,-,-,-,-,-,-,-,-
510,Roman Dixon,Everton FC,EPL,20 years old (26-12-2004),175cm,England,Defender,,,1,90.0,-,-,-,-,56.3,-,-,6.08,,,-,-,-,-,-,-,-,-,-,3,3,-,2,-,3,-,3,5,-,5,1,-,-,-,2,-,1,1,-,-,-,-,16,1,2,8,5,-,-,-,-,-,-,-,-,-,-
511,Ben Brereton,Sheffield United,EPL,26 years old (18-04-1999),185cm,Chile,"Attacking Midfielder (Left, Right), Forward",,,4(6),448.0,-,-,1,-,79.2,0.9,-,6.07,,,1.1,-,-,-,-,1.1,0.3,0.1,0.7,0.4,0.3,0.1,0.9,0.4,1.6,0.9,0.7,0.3,0.8,1.1,-,0.8,0.4,0.1,0.4,0.1,-,0.1,-,-,-,-,15.9,0.4,0.3,12.2,3,0.3,0.1,0.2,-,-,-,-,-,-,-
512,Emiliano Buendía,Bayer 04 Leverkusen,EPL,28 years old (25-12-1996),172cm,Argentina,"Midfielder (Centre, Left, Right), Forward",,,0(12),89.0,-,-,1,-,81.7,-,-,6.07,,,0.4,-,-,-,-,0.4,0.3,-,0.2,0.2,0.2,-,0.3,0.3,0.2,-,0.2,0.5,0.4,0.9,-,0.5,0.3,-,0.1,0.1,0.1,0.3,-,-,-,-,5,0.1,0.3,4,0.6,0.1,-,0.1,-,-,-,-,-,-,-
513,William Osula,Newcastle United,EPL,21 years old (04-08-2003),"1,91m",Denmark,Forward,Centre-Forward,right,0(11),83.0,-,-,-,-,40,0.3,-,6.07,"Jun 30, 2029",€7.00m,0.1,-,-,-,-,0.1,-,-,0.1,0.5,0.3,0.2,0.5,0.4,0.4,0.3,0.1,0.1,0.1,0.2,0.4,0.1,0.2,0.1,0.1,-,0.1,-,-,-,-,-,0.9,-,-,0.4,0.5,0.1,-,0.1,-,-,-,-,-,-,-
514,Jack Stephens,Southampton FC,EPL,31 years old (27-01-1994),"1,85m",England,"Defender (Centre, Left, Right)",Centre-Back,right,12(2),989.0,-,-,2,2,91.9,0.3,-,6.06,"Jun 30, 2025",€2.00m,0.1,-,-,-,-,0.1,-,0.1,0.1,0.3,0.3,-,0.1,0.1,0.7,0.3,0.4,1.9,0.7,2.6,0.7,0.2,0.6,0.1,2.6,0.5,0.1,0.1,-,-,-,-,51,1.4,0.9,45.5,3.2,0.1,-,0.1,-,-,-,-,-,-,-
515,Massimo Luongo,Ipswich Town,EPL,32 years old (25-09-1992),"1,76m",Australia,Midfielder (Centre),Central Midfield,right,2(5),181.0,-,-,-,-,76.5,0.1,-,6.06,"Jun 30, 2025",€500k,-,-,-,-,-,-,-,-,-,-,-,-,0.3,0.4,0.1,0.1,-,1.1,0.4,1.6,0.3,0.3,0.1,-,0.3,0.3,-,0.3,-,-,-,-,7.3,-,0.6,5.6,1.1,-,-,-,-,-,-,-,-,-,-
516,Odsonne Édouard,Leicester City,EPL,27 years old (16-01-1998),"1,87m",France,"Attacking Midfielder (Left), Forward",Centre-Forward,right,0(4),26.0,-,-,-,-,75,0.3,-,6.05,"Jun 30, 2025",€10.00m,-,-,-,-,-,-,-,-,-,0.5,0.3,0.3,1.8,0.5,0.5,0.3,0.3,0.3,-,0.3,-,-,0.5,-,0.3,-,-,-,-,-,-,-,2,-,-,1.5,0.5,0.3,-,0.3,-,-,-,-,-,-,-
517,Harrison Reed,Fulham FC,EPL,30 years old (27-01-1995),"1,81m",England,"Defender (Right), Midfielder (Centre, Right)",Central Midfield,right,0(11),85.0,-,-,2,-,79.2,0.1,-,6.05,"Jun 30, 2027",€7.00m,0.3,-,-,-,-,0.3,0.2,-,0.1,0.2,0.2,-,0.2,0.2,0.4,0.1,0.3,0.5,0.2,0.7,0.1,0.2,0.5,-,0.2,-,0.1,0.1,-,-,-,-,4.4,-,0.2,3.5,0.7,0.1,-,0.1,-,-,-,-,-,-,-
518,Kim Ji-Soo,Brentford FC,EPL,20 years old (24-12-2004),"1,92m",South Korea,Defender,Centre-Back,both,0(3),29.0,-,-,-,-,89.3,-,-,6.05,"Jun 30, 2027",€600k,-,-,-,-,-,-,-,-,-,-,-,-,-,0.3,-,-,-,-,-,-,-,-,0.3,-,0.7,-,-,-,-,-,-,-,9.3,1.3,0.7,7,0.3,-,-,-,-,-,-,-,-,-,-
519,Daniel Podence,Al Shabab,EPL,29 years old (21-10-1995),165cm,Portugal,"Attacking Midfielder (Centre, Left, Right), Forward",,,0(2),47.0,-,-,-,-,73.3,-,-,6.05,,,0.5,-,-,-,-,0.5,0.5,-,-,1,-,1,-,-,0.5,-,0.5,-,0.5,0.5,-,1,-,-,-,-,-,-,-,-,-,-,7.5,-,0.5,5.5,1.5,-,-,-,-,-,-,-,-,-,-
520,Scott McTominay,SSC Napoli,EPL,28 years old (08-12-1996),193cm,Scotland,"Defender (Centre), Midfielder (Centre)",,,0(2),17.0,-,-,-,-,100,0.5,-,6.05,,,0.5,-,-,-,-,0.5,-,-,0.5,0.5,0.5,-,0.5,0.5,0.5,0.5,-,-,0.5,0.5,-,-,-,-,0.5,-,-,-,-,-,-,-,4.5,1,-,3.5,-,-,-,-,-,-,-,-,-,-,-
521,Conor Coady,Leicester City,EPL,32 years old (25-02-1993),"1,85m",England,"Defender (Centre, Right), Defensive Midfielder (C)",Centre-Back,right,13(3),1174.0,-,-,2,-,91,0.8,-,6.04,"Jun 30, 2026",€3.00m,-,-,-,-,-,-,-,-,-,0.1,0.1,0.1,0.3,0.1,1.7,0.8,0.9,0.7,0.1,0.8,0.7,0.1,0.3,0.1,2.9,1.1,-,0.4,-,-,-,-,45.3,1.9,2.1,39.3,1.9,0.1,0.1,-,-,-,-,-,-,-,-
522,Jeffrey Schlupp,Celtic,EPL,32 years old (23-12-1992),178cm,Ghana,"Defender (Left), Midfielder (Centre, Left, Right)",,,0(12),95.0,-,-,-,-,86,0.3,-,6.04,,,0.3,-,-,-,-,0.3,0.1,-,0.3,0.1,-,0.1,0.6,-,0.7,0.3,0.4,0.2,0.3,0.4,-,-,0.1,-,0.1,-,0.1,0.5,-,-,-,-,3.6,0.2,0.1,2.9,0.4,0.3,-,0.3,-,-,-,-,-,-,-
523,Nathaniel Clyne,Crystal Palace,EPL,34 years old (05-04-1991),"1,75m",England,"Defender (Centre, Left, Right), Midfielder (Right)",Right-Back,right,5(8),481.0,-,-,1,-,77.8,0.1,-,6.04,"Jun 30, 2025",€1.50m,0.2,-,-,-,-,0.2,0.2,-,-,0.1,0.1,-,0.4,0.2,0.6,0.1,0.5,0.9,0.4,1.3,0.2,0.2,0.2,-,1,0.2,0.1,0.2,-,-,-,-,15.6,1.1,1.3,11.1,2.2,0.2,-,0.2,-,-,-,-,-,-,-
524,Marc Guiu,Chelsea FC,EPL,19 years old (04-01-2006),"1,87m",,Forward,Centre-Forward,right,0(3),71.0,-,-,-,-,68.8,-,-,6.04,"Jun 30, 2029",€8.00m,-,-,-,-,-,-,-,-,-,0.3,0.3,-,0.7,-,0.3,-,0.3,0.3,-,0.3,-,-,-,-,-,-,-,-,-,-,-,-,5.3,-,-,3.7,1.7,0.3,-,0.3,-,-,-,-,-,-,-
525,Sam Amo-Ameyaw,RC Strasbourg Alsace,EPL,18 years old (18-07-2006),174cm,,Midfielder,,,0(2),26.0,-,-,1,-,100,-,-,6.04,,,0.5,-,-,-,-,0.5,0.5,-,-,2,2,-,-,1,0.5,-,0.5,0.5,-,0.5,-,1,0.5,-,-,-,-,-,-,-,-,-,3.5,-,-,3.5,-,0.5,-,0.5,-,-,-,-,-,-,-
526,Eiran Cashin,Brighton & Hove Albion,EPL,23 years old (09-11-2001),"1,84m",Ireland,Defender (Centre),Centre-Back,left,0(1),18.0,-,-,-,-,88,2,-,6.03,"Jun 30, 2030",€8.00m,-,-,-,-,-,-,-,-,-,1,1,-,-,-,3,2,1,-,1,1,-,-,-,-,2,-,-,-,-,-,-,-,25,1,1,21,2,-,-,-,-,-,-,-,-,-,-
527,Mathis Amougou,Chelsea FC,EPL,19 years old (18-01-2006),"1,77m",France,Midfielder (Centre),Central Midfield,right,0(1),7.0,-,-,-,-,100,-,-,6.03,"Jun 30, 2033",€10.00m,-,-,-,-,-,-,-,-,-,-,-,-,-,1,-,-,-,-,-,-,-,-,-,-,-,-,-,-,-,-,-,-,7,-,-,7,-,-,-,-,-,-,-,-,-,-,-
528,Tyrell Malacia,PSV Eindhoven,EPL,25 years old (17-08-1999),170cm,Netherlands,"Defender (Left), Midfielder (Left)",,,2(1),101.0,-,-,1,-,89.6,-,-,6.02,,,-,-,-,-,-,-,-,-,-,0.3,-,0.3,0.3,0.7,-,-,-,0.7,0.3,1,0.3,0.7,1,-,0.3,-,-,-,-,-,-,-,16,0.7,0.7,13.7,1,0.3,-,0.3,-,-,-,-,-,-,-
529,Jahmai Simpson-Pusey,Manchester City,EPL,19 years old (04-11-2005),187cm,,Defender,,,1(1),95.0,-,-,1,-,93,0.5,-,6.01,,,-,-,-,-,-,-,-,-,-,0.5,0.5,-,0.5,-,2,0.5,1.5,0.5,0.5,1,-,0.5,-,-,1,0.5,-,-,-,-,-,-,57,0.5,2,52.5,2,-,-,-,-,-,-,-,-,-,-
530,Ronnie Edwards,Queens Park Rangers,EPL,22 years old (28-03-2003),180cm,England,Defender (Centre),,,0(1),12.0,-,-,-,-,100,-,-,6.01,,,-,-,-,-,-,-,-,-,-,-,-,-,-,-,-,-,-,-,-,-,-,-,-,-,-,1,-,-,-,-,-,-,5,-,-,5,-,-,-,-,-,-,-,-,-,-,-
531,Josh Acheampong,Chelsea FC,EPL,18 years old (05-05-2006),"1,85m",,Defender,Right-Back,right,2(2),169.0,-,-,1,-,83.7,0.3,-,6.0,"Jun 30, 2029",€5.00m,0.5,-,-,-,-,0.5,-,0.3,0.3,0.5,0.3,0.3,0.5,-,1.8,0.3,1.5,0.5,-,0.5,0.3,0.3,-,-,0.3,-,0.3,0.3,-,-,-,-,30.8,1,2.5,24.8,2.5,-,-,-,-,-,-,-,-,-,-
532,Alfie Pond,Wolverhampton Wanderers,EPL,21 years old (01-03-2004),191cm,England,Defender,,,0(1),1.0,-,-,-,-,100,-,-,6.0,,,-,-,-,-,-,-,-,-,-,-,-,-,-,-,-,-,-,-,-,-,-,-,-,-,-,-,-,-,-,-,-,-,1,-,-,1,-,-,-,-,-,-,-,-,-,-,-
533,Boubacar Traoré,Wolverhampton Wanderers,EPL,23 years old (20-08-2001),"1,83m",Mali,Defensive Midfielder (C),Defensive Midfield,right,0(1),1.0,-,-,-,-,-,-,-,6.0,"Jun 30, 2027",€6.00m,-,-,-,-,-,-,-,-,-,-,-,-,-,-,1,-,1,2,-,2,-,-,-,-,-,-,-,-,-,-,-,-,-,-,-,-,-,-,-,-,-,-,-,-,-,-,-
534,Gustavo Nunes,Brentford FC,EPL,19 years old (20-11-2005),"1,73m",,Attacking Midfielder (Left),Left Winger,right,0(1),1.0,-,-,-,-,-,-,-,6.0,"Jun 30, 2030",€10.00m,-,-,-,-,-,-,-,-,-,-,-,-,1,-,-,-,-,-,-,-,-,-,-,-,1,-,-,-,-,-,-,-,-,-,-,-,-,-,-,-,-,-,-,-,-,-,-
535,Jake Evans,Leicester City,EPL,,,,Forward,,,0(1),1.0,-,-,-,-,-,-,-,6.0,,,-,-,-,-,-,-,-,-,-,-,-,-,-,-,-,-,-,-,-,-,-,-,-,-,-,-,-,-,-,-,-,-,-,-,-,-,-,-,-,-,-,-,-,-,-,-,-
536,Jay Stansfield,Birmingham,EPL,22 years old (24-11-2002),,England,"Attacking Midfielder (Centre, Left), Forward",,,0(1),1.0,-,-,-,-,-,-,-,6.0,,,-,-,-,-,-,-,-,-,-,-,-,-,-,-,-,-,-,-,-,-,-,-,1,-,-,-,-,-,-,-,-,-,-,-,-,-,-,-,-,-,-,-,-,-,-,-,-
537,Joel Ward,Crystal Palace,EPL,35 years old (29-10-1989),"1,86m",England,"Defender (Centre, Left, Right), Defensive Midfielder (C), Midfielder (Right)",Right-Back,right,0(1),1.0,-,-,-,-,-,1,-,6.0,"Jun 30, 2025",€600k,-,-,-,-,-,-,-,-,-,-,-,-,-,-,1,1,-,-,-,-,-,-,-,-,-,-,-,-,-,-,-,-,2,-,-,-,2,-,-,-,-,-,-,-,-,-,-
538,Kaelan Casey,West Ham United,EPL,20 years old (28-10-2004),"1,85m",England,Defender,Centre-Back,right,0(1),1.0,-,-,-,-,-,1,-,6.0,"Jun 30, 2027",€1.00m,-,-,-,-,-,-,-,-,-,-,-,-,-,-,1,1,-,-,-,-,-,-,-,-,1,-,-,-,-,-,-,-,-,-,-,-,-,-,-,-,-,-,-,-,-,-,-
539,Nasser Djiga,Wolverhampton Wanderers,EPL,22 years old (15-11-2002),"1,92m",Burkina Faso,Defender (Centre),Centre-Back,right,0(3),19.0,-,-,-,-,100,0.3,-,6.0,"Jun 30, 2030",€10.00m,-,-,-,-,-,-,-,-,-,-,-,-,0.3,0.7,0.7,0.3,0.3,-,-,-,0.7,-,-,-,1,-,-,-,-,-,-,-,2.7,-,-,2.7,-,-,-,-,-,-,-,-,-,-,-
540,Remy Rees-Dottin,AFC Bournemouth,EPL,19 years old (06-03-2006),174cm,England,Forward,,,0(1),1.0,-,-,-,-,-,-,-,6.0,,,-,-,-,-,-,-,-,-,-,-,-,-,-,-,-,-,-,-,-,-,-,-,-,-,-,-,-,-,-,-,-,-,-,-,-,-,-,-,-,-,-,-,-,-,-,-,-
541,Shumaira Mheuka,Chelsea FC,EPL,17 years old (20-10-2007),182cm,,Forward,,,0(1),1.0,-,-,-,-,-,1,-,6.0,,,1,-,-,-,-,1,-,-,1,-,-,-,-,-,1,1,-,-,-,-,-,-,-,-,-,-,-,-,-,-,-,-,-,-,-,-,-,-,-,-,-,-,-,-,-,-,-
542,Vitor Reis,Manchester City,EPL,19 years old (12-01-2006),"1,86m",Brazil,Defender (Centre),Centre-Back,right,0(1),1.0,-,-,-,-,100,-,-,6.0,"Jun 30, 2029",€30.00m,-,-,-,-,-,-,-,-,-,1,-,1,-,-,-,-,-,-,-,-,-,-,-,-,1,-,-,-,-,-,-,-,2,-,-,2,-,-,-,-,-,-,-,-,-,-,-
543,Will Alves,Cardiff,EPL,19 years old (04-05-2005),192cm,,Midfielder,,,0(1),1.0,-,-,-,-,100,-,-,6.0,,,-,-,-,-,-,-,-,-,-,-,-,-,-,-,-,-,-,-,-,-,-,-,-,-,-,-,-,-,-,-,-,-,1,-,-,1,-,-,-,-,-,-,-,-,-,-,-
544,Zain Silcott-Duberry,AFC Bournemouth,EPL,19 years old (09-07-2005),183cm,England,Forward,,,0(1),1.0,-,-,-,-,50,-,-,6.0,,,-,-,-,-,-,-,-,-,-,-,-,-,-,-,1,-,1,1,-,1,-,-,-,-,-,-,-,-,-,-,-,-,2,-,-,1,1,-,-,-,-,-,-,-,-,-,-
545,Will Lankshear,West Bromwich Albion,EPL,19 years old (20-04-2005),188cm,England,Forward,,,0(3),10.0,-,-,-,-,-,-,-,6.0,,,-,-,-,-,-,-,-,-,-,-,-,-,0.7,-,-,-,-,-,-,-,-,-,0.7,-,-,-,-,-,-,-,-,-,0.3,-,-,-,0.3,-,-,-,-,-,-,-,-,-,-
546,Ali Al-Hamadi,Stoke,EPL,23 years old (01-03-2002),183cm,Iraq,Forward,,,0(11),125.0,-,-,3,-,83.3,0.5,-,5.99,,,0.4,-,-,-,-,0.4,-,-,0.4,0.6,0.3,0.4,0.6,0.4,1.4,0.5,0.9,0.1,0.2,0.3,-,0.3,0.7,0.1,0.2,-,-,-,-,-,-,-,2.7,-,-,2.3,0.5,0.2,-,0.2,-,-,-,-,-,-,-
547,Ross Stewart,Southampton FC,EPL,28 years old (11-07-1996),"1,88m",Scotland,"Attacking Midfielder (Left), Forward",Centre-Forward,right,1(5),167.0,-,-,1,-,78.2,1,-,5.99,"Jun 30, 2026",€4.50m,0.3,-,-,-,-,0.3,-,-,0.3,0.3,0.2,0.2,0.2,1,2.2,1,1.2,-,0.7,0.7,-,0.8,0.7,0.2,0.7,-,-,0.5,-,-,-,-,9.2,-,0.2,7.2,1.8,-,-,-,-,-,-,-,-,-,-
548,George Edmundson,Middlesbrough,EPL,27 years old (15-08-1997),190cm,England,Defender (Centre),,,0(1),1.0,-,-,-,-,50,-,-,5.99,,,-,-,-,-,-,-,-,-,-,-,-,-,-,-,-,-,-,-,-,-,-,-,-,-,-,-,-,-,-,-,-,-,2,-,-,1,1,-,-,-,-,-,-,-,-,-,-
549,Ryan Fraser,Southampton FC,EPL,31 years old (24-02-1994),"1,63m",Scotland,"Midfielder (Centre, Left, Right), Forward",Left Winger,right,4(4),307.0,-,-,-,1,85.1,0.3,-,5.96,"Jun 30, 2026",€3.00m,0.1,-,-,-,-,0.1,0.1,-,-,0.4,0.1,0.3,0.5,0.3,0.6,0.3,0.4,0.8,0.3,1,0.1,0.5,0.1,0.1,1,0.1,0.1,-,-,-,-,-,10.9,0.1,-,9.1,1.6,0.3,-,0.3,-,-,-,-,-,-,-
550,Danny Ward,Leicester City,EPL,31 years old (22-06-1993),"1,91m",Wales,Goalkeeper,Goalkeeper,right,1(1),135.0,-,-,-,-,72.7,-,-,5.95,"Jun 30, 2025",€1.50m,-,-,-,-,-,-,-,-,-,0.5,0.5,-,-,-,-,-,-,-,-,-,-,-,-,-,0.5,-,-,-,2,-,1.5,0.5,22,6,6,10,-,-,-,-,-,-,-,-,-,-,-
551,Odsonne Édouard,Leicester City,EPL,27 years old (16-01-1998),"1,87m",France,"Attacking Midfielder (Left), Forward",Centre-Forward,right,1(1),116.0,-,-,-,-,63,0.5,-,5.95,"Jun 30, 2025",€10.00m,2.5,-,-,-,-,2.5,1,-,1.5,0.5,0.5,-,2,0.5,2.5,0.5,2,0.5,1,1.5,-,-,2,1,0.5,-,-,0.5,-,-,-,-,13.5,0.5,-,8,5,0.5,-,0.5,-,-,-,-,-,-,-
552,Callum Wilson,Newcastle United,EPL,33 years old (27-02-1992),"1,80m",England,Forward,Centre-Forward,right,1(11),230.0,-,-,1,-,70.6,0.1,-,5.94,"Jun 30, 2025",€11.00m,0.4,-,-,-,-,0.4,-,-,0.4,0.4,0.3,0.1,0.5,0.6,1,0.1,0.9,0.2,0.2,0.3,0.1,0.1,0.2,0.1,0.1,-,-,0.2,-,-,-,-,2.8,-,-,2,0.8,0.1,-,0.1,-,-,-,-,-,-,-
553,Harrison Armstrong,Derby,EPL,18 years old (19-01-2007),185cm,,Defensive Midfielder (C),,,0(3),47.0,-,-,1,-,53.8,-,-,5.94,,,0.3,-,-,-,-,0.3,-,0.3,-,0.3,-,0.3,0.7,1,0.7,-,0.7,-,0.3,0.3,-,0.7,0.7,-,0.3,-,-,-,-,-,-,-,4.3,0.3,1,2,1,0.3,-,0.3,-,-,-,-,-,-,-
554,Frank Onyeka,FC Augsburg,EPL,27 years old (01-01-1998),183cm,Nigeria,Defensive Midfielder (C),,,0(2),23.0,-,-,-,-,85.7,-,-,5.94,,,-,-,-,-,-,-,-,-,-,-,-,-,1,0.5,-,-,-,-,-,-,-,-,1,-,-,-,-,-,-,-,-,-,3.5,-,-,3,0.5,-,-,-,-,-,-,-,-,-,-
555,Marcus Harness,Derby,EPL,29 years old (24-02-1996),182cm,England,"Midfielder (Centre, Left, Right), Forward",,,0(2),43.0,-,-,-,-,62.5,-,-,5.94,,,-,-,-,-,-,-,-,-,-,0.5,0.5,-,-,-,-,-,-,0.5,1.5,2,-,-,-,0.5,0.5,0.5,-,0.5,-,-,-,-,8,-,0.5,5,2.5,-,-,-,-,-,-,-,-,-,-
556,Jaden Philogene,Ipswich Town,EPL,23 years old (08-02-2002),"1,81m",England,"Midfielder (Left, Right)",Left Winger,right,2(9),326.0,-,-,2,1,76.5,-,-,5.92,"Jun 30, 2029",€18.00m,0.6,-,-,-,-,0.6,0.3,0.1,0.3,1.4,1,0.4,0.6,0.3,0.5,-,0.5,1,0.2,1.2,0.3,0.7,1.1,0.1,0.1,-,0.1,0.5,-,-,-,-,7.4,-,0.1,5.6,1.6,0.1,-,0.1,-,-,-,-,-,-,-
557,Jordan Ayew,Leicester City,EPL,33 years old (11-09-1991),"1,82m",Ghana,"Attacking Midfielder (Centre, Left, Right), Forward",Right Winger,right,0(1),20.0,-,-,1,-,88.9,1,-,5.9,"Jun 30, 2026",€3.50m,1,-,-,-,-,1,-,1,-,-,-,-,-,1,2,1,1,1,-,1,-,-,1,-,-,-,-,-,-,-,-,-,9,1,-,7,1,1,-,1,-,-,-,-,-,-,-
558,Jeremy Monga,Leicester City,EPL,15 years old (10-07-2009),,,Midfielder,,,0(1),16.0,-,-,-,-,66.7,-,-,5.87,,,-,-,-,-,-,-,-,-,-,2,2,-,1,1,1,-,1,-,-,-,-,-,-,-,-,-,-,-,-,-,-,-,6,-,-,4,2,-,-,-,-,-,-,-,-,-,-
559,Mason Holgate,West Bromwich Albion,EPL,28 years old (22-10-1996),184cm,England,"Defender (Centre, Right), Defensive Midfielder (C), Midfielder (Right)",,,0(1),5.0,-,-,-,-,-,-,-,5.87,,,-,-,-,-,-,-,-,-,-,-,-,-,1,-,1,-,1,-,-,-,-,-,-,-,-,-,-,-,-,-,-,-,-,-,-,-,-,-,-,-,-,-,-,-,-,-,-
560,Harry Clarke,Sheffield United,EPL,24 years old (02-03-2001),180cm,England,"Defender (Centre, Right), Midfielder (Right)",,,4(3),378.0,-,-,1,1,82.2,1.4,-,5.85,,,0.1,-,-,-,-,0.1,-,0.1,-,0.3,0.1,0.1,0.6,0.3,2,1.4,0.6,0.7,0.4,1.1,0.6,0.1,0.7,-,1.7,0.6,0.3,0.1,-,-,-,-,29.7,2,2.1,22.4,3.1,0.1,-,0.1,-,-,-,-,-,-,-
561,Jayden Danns,Liverpool FC,EPL,19 years old (16-01-2006),183cm,England,Forward,,,0(1),10.0,-,-,-,-,100,-,-,5.84,,,-,-,-,-,-,-,-,-,-,-,-,-,-,1,-,-,-,-,1,1,-,-,-,-,-,-,-,-,-,-,-,-,1,-,-,1,-,-,-,-,-,-,-,-,-,-,-
562,Ben Godfrey,Ipswich Town,EPL,27 years old (15-01-1998),"1,84m",England,"Defender (Centre, Left, Right)",Centre-Back,right,2,110.0,-,-,1,-,83.3,1,-,5.54,"Jun 30, 2025",€8.00m,-,-,-,-,-,-,-,-,-,-,-,-,1,0.5,1,1,-,-,-,-,1,-,0.5,-,0.5,0.5,-,-,-,-,-,-,24,-,0.5,20,3.5,-,-,-,-,-,-,-,-,-,-
563,Altay Bayindir,Manchester United,EPL,27 years old (14-04-1998),"1,98m",Turkey,Goalkeeper,Goalkeeper,right,1,90.0,-,-,-,-,49.1,1,-,4.94,"Jun 30, 2027",€10.00m,-,-,-,-,-,-,-,-,-,-,-,-,-,-,2,1,1,-,1,1,-,-,-,-,3,-,-,-,2,1,1,-,57,10,27,18,2,-,-,-,-,-,-,-,-,-,-
564,Matai Akinmboni,AFC Bournemouth,EPL,,"1,88m",,,Centre-Back,left,,,,,,,,,,,-,€1.00m,,,,,,,,,,,,,,,,,,,,,,,,,,,,,,,,,,,,,,,,,,,,,,,
565,Will Dennis,AFC Bournemouth,EPL,,"1,88m",,,Goalkeeper,right,,,,,,,,,,,"Jun 30, 2028",€350k,,,,,,,,,,,,,,,,,,,,,,,,,,,,,,,,,,,,,,,,,,,,,,,
566,Kortney Hause,Aston Villa,EPL,,"1,91m",,,Centre-Back,left,,,,,,,,,,,"Jun 30, 2025",€2.00m,,,,,,,,,,,,,,,,,,,,,,,,,,,,,,,,,,,,,,,,,,,,,,,
567,Aaron Hickey,Brentford FC,EPL,,"1,85m",,,Right-Back,both,,,,,,,,,,,"Jun 30, 2028",€18.00m,,,,,,,,,,,,,,,,,,,,,,,,,,,,,,,,,,,,,,,,,,,,,,,
568,Josh Dasilva,Brentford FC,EPL,,"1,84m",,,Central Midfield,left,,,,,,,,,,,"Jun 30, 2025",€7.00m,,,,,,,,,,,,,,,,,,,,,,,,,,,,,,,,,,,,,,,,,,,,,,,
569,Igor,Brighton & Hove Albion,EPL,,"1,88m",,,Centre-Back,left,,,,,,,,,,,"Jun 30, 2027",€22.00m,,,,,,,,,,,,,,,,,,,,,,,,,,,,,,,,,,,,,,,,,,,,,,,
570,Tom McGill,Brighton & Hove Albion,EPL,,"1,85m",,,Goalkeeper,right,,,,,,,,,,,"Jun 30, 2025",€600k,,,,,,,,,,,,,,,,,,,,,,,,,,,,,,,,,,,,,,,,,,,,,,,
571,Carl Rushworth,Brighton & Hove Albion,EPL,,"1,91m",,,Goalkeeper,,,,,,,,,,,,"Jun 30, 2027",€3.00m,,,,,,,,,,,,,,,,,,,,,,,,,,,,,,,,,,,,,,,,,,,,,,,
572,David Datro Fofana,Chelsea FC,EPL,,"1,82m",,,Centre-Forward,right,,,,,,,,,,,"Jun 30, 2029",€8.50m,,,,,,,,,,,,,,,,,,,,,,,,,,,,,,,,,,,,,,,,,,,,,,,
573,Omari Kellyman,Chelsea FC,EPL,,"1,91m",,,Attacking Midfield,left,,,,,,,,,,,"Jun 30, 2030",€1.50m,,,,,,,,,,,,,,,,,,,,,,,,,,,,,,,,,,,,,,,,,,,,,,,
574,Marcus Bettinelli,Chelsea FC,EPL,,"1,93m",,,Goalkeeper,right,,,,,,,,,,,"Jun 30, 2026",€800k,,,,,,,,,,,,,,,,,,,,,,,,,,,,,,,,,,,,,,,,,,,,,,,
575,Lucas Bergström,Chelsea FC,EPL,,"2,05m",,,Goalkeeper,right,,,,,,,,,,,"Jun 30, 2025",€700k,,,,,,,,,,,,,,,,,,,,,,,,,,,,,,,,,,,,,,,,,,,,,,,
576,Aarón Anselmino,Chelsea FC,EPL,,"1,86m",,,Centre-Back,right,,,,,,,,,,,"Jun 30, 2031",€8.00m,,,,,,,,,,,,,,,,,,,,,,,,,,,,,,,,,,,,,,,,,,,,,,,
577,Matt Turner,Crystal Palace,EPL,,"1,91m",,,Goalkeeper,right,,,,,,,,,,,"Jun 30, 2025",€4.00m,,,,,,,,,,,,,,,,,,,,,,,,,,,,,,,,,,,,,,,,,,,,,,,
578,Remi Matthews,Crystal Palace,EPL,,"1,92m",,,Goalkeeper,right,,,,,,,,,,,"Jun 30, 2025",€500k,,,,,,,,,,,,,,,,,,,,,,,,,,,,,,,,,,,,,,,,,,,,,,,
579,Kaden Rodney,Crystal Palace,EPL,,-,,,Defensive Midfield,right,,,,,,,,,,,-,€200k,,,,,,,,,,,,,,,,,,,,,,,,,,,,,,,,,,,,,,,,,,,,,,,
580,Malcolm Ebiowei,Crystal Palace,EPL,,"1,85m",,,Right Winger,left,,,,,,,,,,,"Jun 30, 2027",€1.20m,,,,,,,,,,,,,,,,,,,,,,,,,,,,,,,,,,,,,,,,,,,,,,,
581,João Virgínia,Everton FC,EPL,,"1,92m",,,Goalkeeper,left,,,,,,,,,,,"Jun 30, 2025",€800k,,,,,,,,,,,,,,,,,,,,,,,,,,,,,,,,,,,,,,,,,,,,,,,
582,Asmir Begovic,Everton FC,EPL,,"1,99m",,,Goalkeeper,right,,,,,,,,,,,"Jun 30, 2025",€300k,,,,,,,,,,,,,,,,,,,,,,,,,,,,,,,,,,,,,,,,,,,,,,,
583,Saša Lukić,Fulham FC,EPL,,"1,82m",,,Central Midfield,right,,,,,,,,,,,"Jun 30, 2027",€10.00m,,,,,,,,,,,,,,,,,,,,,,,,,,,,,,,,,,,,,,,,,,,,,,,
584,Steven Benda,Fulham FC,EPL,,"1,92m",,,Goalkeeper,right,,,,,,,,,,,"Jun 30, 2026",€1.00m,,,,,,,,,,,,,,,,,,,,,,,,,,,,,,,,,,,,,,,,,,,,,,,
585,Cieran Slicker,Ipswich Town,EPL,,-,,,Goalkeeper,,,,,,,,,,,,"Jun 30, 2028",€300k,,,,,,,,,,,,,,,,,,,,,,,,,,,,,,,,,,,,,,,,,,,,,,,
586,Michael Golding,Leicester City,EPL,,"1,80m",,,Central Midfield,right,,,,,,,,,,,"Jun 30, 2028",€2.00m,,,,,,,,,,,,,,,,,,,,,,,,,,,,,,,,,,,,,,,,,,,,,,,
587,Harry Souttar,Leicester City,EPL,,"1,98m",,,Centre-Back,right,,,,,,,,,,,"Jun 30, 2028",€8.00m,,,,,,,,,,,,,,,,,,,,,,,,,,,,,,,,,,,,,,,,,,,,,,,
588,Issahaku Fatawu,Leicester City,EPL,,"1,77m",,,Right Winger,left,,,,,,,,,,,"Jun 30, 2029",€13.00m,,,,,,,,,,,,,,,,,,,,,,,,,,,,,,,,,,,,,,,,,,,,,,,
589,Daniel Iversen,Leicester City,EPL,,"1,93m",,,Goalkeeper,right,,,,,,,,,,,"Jun 30, 2025",€3.00m,,,,,,,,,,,,,,,,,,,,,,,,,,,,,,,,,,,,,,,,,,,,,,,
590,Tyler Morton,Liverpool FC,EPL,,"1,85m",,,Defensive Midfield,right,,,,,,,,,,,-,€8.00m,,,,,,,,,,,,,,,,,,,,,,,,,,,,,,,,,,,,,,,,,,,,,,,
591,Konstantinos Tsimikas,Liverpool FC,EPL,,"1,79m",,,Left-Back,left,,,,,,,,,,,"Jun 30, 2027",€20.00m,,,,,,,,,,,,,,,,,,,,,,,,,,,,,,,,,,,,,,,,,,,,,,,
592,Harvey Davies,Liverpool FC,EPL,,"1,90m",,,Goalkeeper,left,,,,,,,,,,,"Jun 30, 2025",€500k,,,,,,,,,,,,,,,,,,,,,,,,,,,,,,,,,,,,,,,,,,,,,,,
593,Claudio Echeverri,Manchester City,EPL,,"1,70m",,,Attacking Midfield,right,,,,,,,,,,,"Jun 30, 2028",€18.00m,,,,,,,,,,,,,,,,,,,,,,,,,,,,,,,,,,,,,,,,,,,,,,,
594,Scott Carson,Manchester City,EPL,,"1,88m",,,Goalkeeper,right,,,,,,,,,,,"Jun 30, 2025",€200k,,,,,,,,,,,,,,,,,,,,,,,,,,,,,,,,,,,,,,,,,,,,,,,
595,Tom Heaton,Manchester United,EPL,,"1,88m",,,Goalkeeper,right,,,,,,,,,,,"Jun 30, 2025",€250k,,,,,,,,,,,,,,,,,,,,,,,,,,,,,,,,,,,,,,,,,,,,,,,
596,Odysseas Vlachodimos,Newcastle United,EPL,,"1,91m",,,Goalkeeper,right,,,,,,,,,,,-,€7.00m,,,,,,,,,,,,,,,,,,,,,,,,,,,,,,,,,,,,,,,,,,,,,,,
597,Mark Gillespie,Newcastle United,EPL,,"1,91m",,,Goalkeeper,right,,,,,,,,,,,"Jun 30, 2025",€300k,,,,,,,,,,,,,,,,,,,,,,,,,,,,,,,,,,,,,,,,,,,,,,,
598,John Ruddy,Newcastle United,EPL,,"1,92m",,,Goalkeeper,right,,,,,,,,,,,"Jun 30, 2025",€200k,,,,,,,,,,,,,,,,,,,,,,,,,,,,,,,,,,,,,,,,,,,,,,,
599,Jamaal Lascelles,Newcastle United,EPL,,"1,88m",,,Centre-Back,right,,,,,,,,,,,"Jun 30, 2025",€6.00m,,,,,,,,,,,,,,,,,,,,,,,,,,,,,,,,,,,,,,,,,,,,,,,
600,Jamal Lewis,Newcastle United,EPL,,"1,78m",,,Left-Back,left,,,,,,,,,,,"Jun 30, 2025",€3.00m,,,,,,,,,,,,,,,,,,,,,,,,,,,,,,,,,,,,,,,,,,,,,,,
601,Carlos Miguel,Nottingham Forest,EPL,,"2,04m",,,Goalkeeper,left,,,,,,,,,,,"Jun 30, 2028",€4.00m,,,,,,,,,,,,,,,,,,,,,,,,,,,,,,,,,,,,,,,,,,,,,,,
602,Wayne Hennessey,Nottingham Forest,EPL,,"1,98m",,,Goalkeeper,right,,,,,,,,,,,"Jun 30, 2025",€175k,,,,,,,,,,,,,,,,,,,,,,,,,,,,,,,,,,,,,,,,,,,,,,,
603,Gavin Bazunu,Southampton FC,EPL,,"1,88m",,,Goalkeeper,right,,,,,,,,,,,"Jun 30, 2027",€11.00m,,,,,,,,,,,,,,,,,,,,,,,,,,,,,,,,,,,,,,,,,,,,,,,
604,Joachim Kayi Sanda,Southampton FC,EPL,,"1,86m",,,Centre-Back,right,,,,,,,,,,,"Jun 30, 2029",€1.50m,,,,,,,,,,,,,,,,,,,,,,,,,,,,,,,,,,,,,,,,,,,,,,,
605,Juan Larios,Southampton FC,EPL,,"1,70m",,,Left-Back,left,,,,,,,,,,,"Jun 30, 2027",€4.50m,,,,,,,,,,,,,,,,,,,,,,,,,,,,,,,,,,,,,,,,,,,,,,,
606,Alfie Whiteman,Tottenham Hotspur,EPL,,"1,88m",,,Goalkeeper,right,,,,,,,,,,,"Jun 30, 2025",€500k,,,,,,,,,,,,,,,,,,,,,,,,,,,,,,,,,,,,,,,,,,,,,,,
607,Radu Drăgușin,Tottenham Hotspur,EPL,,"1,91m",,,Centre-Back,right,,,,,,,,,,,"Jun 30, 2030",€25.00m,,,,,,,,,,,,,,,,,,,,,,,,,,,,,,,,,,,,,,,,,,,,,,,
608,Wes Foderingham,West Ham United,EPL,,"1,85m",,,Goalkeeper,left,,,,,,,,,,,"Jun 30, 2026",€900k,,,,,,,,,,,,,,,,,,,,,,,,,,,,,,,,,,,,,,,,,,,,,,,
609,Andrew Irving,West Ham United,EPL,,"1,90m",,,Central Midfield,left,,,,,,,,,,,"Jun 30, 2026",€5.00m,,,,,,,,,,,,,,,,,,,,,,,,,,,,,,,,,,,,,,,,,,,,,,,
610,Daniel Bentley,Wolverhampton Wanderers,EPL,,"1,93m",,,Goalkeeper,,,,,,,,,,,,"Jun 30, 2027",€2.00m,,,,,,,,,,,,,,,,,,,,,,,,,,,,,,,,,,,,,,,,,,,,,,,
611,Tom King,Wolverhampton Wanderers,EPL,,"1,94m",,,Goalkeeper,right,,,,,,,,,,,"Jun 30, 2027",€200k,,,,,,,,,,,,,,,,,,,,,,,,,,,,,,,,,,,,,,,,,,,,,,,
612,Nathan Fraser,Wolverhampton Wanderers,EPL,,"1,88m",,,Centre-Forward,right,,,,,,,,,,,"Jun 30, 2028",€600k,,,,,,,,,,,,,,,,,,,,,,,,,,,,,,,,,,,,,,,,,,,,,,,
613,Sasa Kalajdzic,Wolverhampton Wanderers,EPL,,"2,00m",,,Centre-Forward,right,,,,,,,,,,,"Jun 30, 2027",€5.00m,,,,,,,,,,,,,,,,,,,,,,,,,,,,,,,,,,,,,,,,,,,,,,,
614,Enso González,Wolverhampton Wanderers,EPL,,"1,69m",,,Left Winger,left,,,,,,,,,,,"Jun 30, 2029",€4.00m,,,,,,,,,,,,,,,,,,,,,,,,,,,,,,,,,,,,,,,,,,,,,,,
615,Bastien Meupiyou,Wolverhampton Wanderers,EPL,,"1,91m",,,Centre-Back,left,,,,,,,,,,,"Jun 30, 2029",€2.50m,,,,,,,,,,,,,,,,,,,,,,,,,,,,,,,,,,,,,,,,,,,,,,,
616,Lamine Yamal,FC Barcelona,Laliga,17 years old (13-07-2007),"1,80m",Spain,Attacking Midfielder (Right),Right Winger,left,27(3),2452.0,6,12,3,-,78.3,-,9,7.94,"Jun 30, 2026",€180.00m,3.8,0.2,-,0.1,0.1,3.8,2,1.6,0.1,8.8,4.4,4.4,3,1.4,0.1,-,-,1.3,0.6,1.9,0.4,1.8,0.9,0.4,0.1,-,-,0.4,-,-,-,-,38.6,0.8,0.8,29.4,7.6,1.9,0.2,1.7,0.4,0.1,-,0.2,-,-,0.1
617,Sergio Arribas,Real Betis Balompié,Laliga,22 years old (10-02-2003),185cm,Spain,Defender,,,1,90.0,-,-,-,-,68.3,1,-,7.78,,,-,-,-,-,-,-,-,-,-,-,-,-,-,-,1,1,-,7,1,8,3,-,-,-,4,2,-,-,-,-,-,-,41,-,2,28,11,-,-,-,-,-,-,-,-,-,-
618,Aitor Fernández,CA Osasuna,Laliga,33 years old (03-05-1991),"1,82m",Spain,Goalkeeper,Goalkeeper,right,1,90.0,-,-,-,-,61,-,-,7.77,"Jun 30, 2027",€1.50m,-,-,-,-,-,-,-,-,-,-,-,-,-,-,-,-,-,-,-,-,-,-,-,-,2,-,-,-,5,1,2,2,41,19,16,6,-,-,-,-,-,-,-,-,-,-,-
619,Raphinha,FC Barcelona,Laliga,28 years old (14-12-1996),"1,76m",Brazil,"Attacking Midfielder (Centre, Left, Right), Forward",Left Winger,left,28(3),2466.0,15,9,4,-,78.6,0.3,10,7.7,"Jun 30, 2027",€80.00m,3.1,0.5,0.1,0.4,0.1,3.1,1.7,1.3,0.1,3.1,1.5,1.5,1.5,0.9,0.4,0.3,0.2,1.1,0.5,1.6,0.3,1.1,0.3,0.3,0.7,0.1,0.1,0.8,-,-,-,-,34.5,1.4,0.9,25.7,6.5,2.7,0.5,2.1,0.3,0.1,-,-,-,-,0.2
620,Kylian Mbappé,Real Madrid,Laliga,26 years old (20-12-1998),"1,78m",France,"Attacking Midfielder (Centre, Left, Right), Forward",Centre-Forward,right,29,2467.0,22,3,3,1,85,0.1,7,7.65,"Jun 30, 2029",€170.00m,4.4,0.8,-,0.6,0.1,4.4,3,1.1,0.3,5.6,3.1,2.4,2.4,1.4,0.3,0.1,0.2,0.3,0.1,0.4,-,1.1,0.8,1.3,-,-,-,0.1,-,-,-,-,32,1.4,0.4,25.7,4.4,1.4,0.1,1.3,0.1,-,-,0.1,-,-,-
621,Cucho Hernández,Real Betis Balompié,Laliga,26 years old (20-04-1999),"1,76m",,"Attacking Midfielder (Centre, Left, Right), Forward",Centre-Forward,right,10,797.0,3,1,-,-,74.9,2.5,2,7.38,"Jun 30, 2030",€18.00m,2.9,0.3,-,0.3,-,2.9,2.1,0.6,0.2,2.1,0.8,1.3,3.3,0.8,5.1,2.5,2.6,1.2,0.4,1.6,0.6,0.7,0.9,0.3,0.3,0.1,-,1.1,-,-,-,-,21.5,1.6,0.3,14.5,5.1,0.9,0.2,0.7,0.1,-,-,-,-,-,0.1
622,Robert Lewandowski,FC Barcelona,Laliga,36 years old (21-08-1988),"1,85m",Poland,Forward,Centre-Forward,right,29(2),2454.0,25,2,1,-,74.5,1.1,4,7.31,"Jun 30, 2026",€15.00m,3.5,0.8,0.2,0.5,-,3.5,2.2,0.6,0.6,1,0.4,0.6,2.3,1.4,2.4,1.1,1.3,0.3,0.2,0.5,0.1,1.1,0.9,0.5,0.8,0.1,-,0.4,-,-,-,-,15.5,0.4,0.3,11.2,3.6,0.6,-,0.6,0.1,-,-,-,-,-,0.1
623,Jude Bellingham,Real Madrid,Laliga,21 years old (29-06-2003),"1,86m",England,"Midfielder (Centre, Left, Right), Forward",Attacking Midfield,right,25(2),2135.0,8,7,3,1,87.8,0.9,4,7.26,"Jun 30, 2029",€180.00m,2,0.3,0.1,0.2,-,2,1.2,0.6,0.2,2.4,1.1,1.3,1.7,1.2,1.8,0.9,1,2,0.5,2.4,0.9,2.1,1,0.2,0.6,0.1,0.1,1.1,-,-,-,-,47.5,2,0.8,39.6,5,1.3,-,1.3,0.3,-,-,0.1,-,-,0.1
624,Vinícius Júnior,Real Madrid,Laliga,24 years old (12-07-2000),"1,76m",Brazil,"Attacking Midfielder (Left), Forward",Left Winger,right,22(5),2046.0,11,5,8,1,78.9,-,4,7.24,"Jun 30, 2027",€200.00m,2.9,0.4,0.1,0.3,-,2.9,1.8,0.9,0.2,6.6,3.8,2.9,2.3,1.6,0.3,-,0.3,0.7,0.5,1.2,0.1,2.4,1,0.4,-,-,-,0.2,-,-,-,-,27.3,1.3,0.6,20.3,5.1,2,0.3,1.7,0.2,0.1,-,-,-,-,0.1
625,Álex Baena,Villarreal CF,Laliga,23 years old (20-07-2001),"1,74m",Spain,"Attacking Midfielder (Centre, Left), Forward",Left Winger,right,26(1),2261.0,6,7,8,-,73.8,0.6,3,7.22,"Jun 30, 2028",€50.00m,2.2,0.2,0.1,0.1,-,2.2,1,1.1,0.1,1.9,1.2,0.7,1.4,1.1,1.3,0.6,0.7,1,0.9,1.9,0.8,1.4,1.4,0.1,0.4,0.1,0.3,1,-,-,-,-,34.3,2.1,1.9,23.1,7.1,3.1,1,2.1,0.3,0.1,-,-,-,-,0.1
626,Isco,Real Betis Balompié,Laliga,33 years old (21-04-1992),"1,76m",Spain,"Midfielder (Centre, Left, Right), Forward",Attacking Midfield,right,15(2),1289.0,8,5,5,-,86.7,0.7,3,7.21,"Jun 30, 2027",€6.00m,2.2,0.5,-,0.5,-,2.2,1,1.1,0.1,2.6,1.4,1.2,2.6,1.4,1.8,0.7,1.1,0.9,1.1,2.1,0.5,2.2,1.2,0.2,0.3,-,0.1,0.5,-,-,-,-,51.6,3.2,1.2,41.5,5.7,2.7,0.9,1.8,0.3,0.1,0.1,0.1,-,-,0.1
627,Pedri,FC Barcelona,Laliga,22 years old (25-11-2002),"1,74m",Spain,"Midfielder (Centre, Left)",Central Midfield,right,30(2),2544.0,4,4,2,-,88.5,0.2,-,7.19,"Jun 30, 2030",€120.00m,0.8,0.1,-,0.1,-,0.8,0.3,0.4,-,1.8,0.6,1.2,1.4,1,0.3,0.2,0.2,1.7,1.2,2.9,0.8,1.4,0.3,0.1,0.4,0.1,0.3,1.2,-,-,-,-,69.2,3.8,1.7,57.5,6.3,1.8,0.3,1.6,0.1,-,-,-,-,-,0.1
628,Federico Valverde,Real Madrid,Laliga,26 years old (22-07-1998),"1,82m",Uruguay,"Defender (Right), Midfielder (Centre, Left, Right)",Central Midfield,right,29(2),2584.0,6,4,3,-,90.6,0.8,4,7.19,"Jun 30, 2029",€130.00m,1.5,0.2,-,-,0.2,1.5,0.2,1.2,0.1,0.7,0.3,0.4,1,-,1.2,0.8,0.5,1.3,0.4,1.7,1.6,0.5,0.3,-,1.5,0.2,-,0.9,-,-,-,-,59.2,4.1,1.5,49.6,4,1.1,0.2,0.9,0.1,-,-,-,-,-,0.1
629,Antony,Real Betis Balompié,Laliga,25 years old (24-02-2000),"1,72m",Brazil,Attacking Midfielder (Right),Right Winger,left,12,1017.0,3,2,1,1,83.4,0.3,-,7.17,"Jun 30, 2025",€20.00m,2.6,0.3,-,0.3,-,2.6,1.6,1,-,3.5,2,1.5,3.3,1.3,1.3,0.3,1,1.3,1,2.3,0.6,1.4,0.8,-,0.4,-,0.3,0.8,-,-,-,-,45.2,1,1,36.7,6.5,2.7,0.5,2.2,0.2,-,-,-,-,-,0.2
630,Rodrygo,Real Madrid,Laliga,24 years old (09-01-2001),"1,74m",Brazil,"Attacking Midfielder (Centre, Left, Right), Forward",Right Winger,right,22(8),1938.0,6,5,-,-,90.9,0.2,3,7.13,"Jun 30, 2028",€100.00m,1.8,0.2,-,0.2,-,1.8,1.2,0.5,0.1,3.7,2.1,1.6,1.6,0.5,0.8,0.2,0.5,0.7,0.5,1.2,0.4,1.2,0.3,-,0.2,-,0.1,0.6,-,-,-,-,33,0.4,0.3,29.6,2.7,1.6,0.4,1.3,0.2,-,-,-,-,-,0.1
631,Dani Olmo,FC Barcelona,Laliga,26 years old (07-05-1998),"1,79m",Spain,"Attacking Midfielder (Centre, Left, Right), Forward",Attacking Midfield,right,11(9),1004.0,9,2,-,-,81.6,0.5,1,7.11,"Jun 30, 2030",€60.00m,1.9,0.5,-,0.4,0.1,1.9,1.2,0.6,0.1,1.9,0.9,1,1.7,1.1,0.8,0.5,0.4,0.7,0.4,1.1,0.2,1,0.8,0.1,0.5,0.2,-,0.2,-,-,-,-,25.3,1,0.4,19.7,4.3,1.1,0.1,1,0.1,-,-,-,-,-,0.1
632,Ayoze Pérez,Villarreal CF,Laliga,31 years old (29-07-1993),"1,78m",Spain,"Attacking Midfielder (Centre, Left, Right), Forward",Centre-Forward,right,18(8),1678.0,14,2,3,-,77.2,0.5,3,7.03,"Jun 30, 2028",€10.00m,2.6,0.5,0.1,0.4,-,2.6,1.8,0.5,0.2,2.7,1.4,1.3,2.1,1.1,1.5,0.5,1,0.9,0.6,1.5,0.3,1.5,0.8,0.2,0.3,-,0.1,0.5,-,-,-,-,13.3,0.2,0.3,10.1,2.8,1,0.1,0.9,0.1,-,-,-,-,-,-
633,Leo Román,RCD Mallorca,Laliga,24 years old (06-07-2000),"1,89m",Spain,Goalkeeper,Goalkeeper,right,6,540.0,-,-,-,-,54.7,0.2,2,7.03,"Jun 30, 2026",€2.50m,-,-,-,-,-,-,-,-,-,0.2,-,0.2,-,-,0.2,0.2,-,-,-,-,-,0.2,-,-,1,-,-,-,4.8,0.2,2.3,2.3,31.7,8.7,14.2,8.7,0.2,-,-,-,-,-,-,-,-,-,-
634,Éder Militão,Real Madrid,Laliga,27 years old (18-01-1998),"1,86m",Brazil,"Defender (Centre, Right)",Centre-Back,right,11(1),940.0,1,1,2,-,89.8,1.8,1,7.02,"Jun 30, 2028",€40.00m,0.8,0.1,-,0.1,-,0.8,0.6,0.2,0.1,0.7,0.3,0.4,0.5,0.3,2.8,1.8,1,1.6,0.4,2,1,0.7,1.5,-,2.8,0.7,0.1,0.4,-,-,-,-,58.8,4,3,48.8,3,0.5,0.2,0.3,0.1,-,-,-,-,-,0.1
635,Dodi Lukébakio,Sevilla FC,Laliga,27 years old (24-09-1997),"1,87m",Belgium,"Attacking Midfielder (Centre, Left, Right), Forward",Right Winger,left,32(1),2743.0,11,2,2,1,81.7,0.5,4,7.0,"Jun 30, 2028",€25.00m,2.4,0.3,-,0.3,-,2.4,1.4,1,-,4.8,2.4,2.5,3.1,1.6,1,0.5,0.6,0.6,0.4,1,0.2,1.5,1,0.6,0.4,-,0.1,0.5,-,-,-,-,24.4,0.9,0.7,19,3.8,1.5,0.3,1.2,0.1,-,-,-,-,-,0.1
636,Pelayo Fernández,Rayo Vallecano,Laliga,22 years old (29-04-2003),"1,93m",Spain,Defender,Centre-Back,right,1,90.0,-,-,1,-,83.3,3,-,7.0,"Jun 30, 2028",€500k,-,-,-,-,-,-,-,-,-,-,-,-,-,1,5,3,2,-,-,-,1,-,2,-,7,-,1,-,-,-,-,-,24,2,-,18,4,-,-,-,-,-,-,-,-,-,-
637,Juan Foyth,Villarreal CF,Laliga,27 years old (12-01-1998),"1,87m",Argentina,"Defender (Centre, Right), Defensive Midfielder (C)",Right-Back,right,13(2),1171.0,1,-,4,-,86.5,2.3,-,7.0,"Jun 30, 2026",€10.00m,0.8,0.1,0.1,-,-,0.8,0.3,0.2,0.3,0.5,0.3,0.2,0.5,0.1,3.9,2.3,1.7,1.5,0.3,1.9,1.1,0.2,0.9,-,5.7,0.7,0.5,0.6,-,-,-,-,48.1,3.3,2.9,38.3,3.6,0.5,-,0.5,-,-,-,-,-,-,-
638,Nico Williams,Athletic Bilbao,Laliga,22 years old (12-07-2002),"1,81m",Spain,"Attacking Midfielder (Left, Right)",Left Winger,right,21(7),1921.0,5,5,1,-,79.6,0.4,1,6.99,"Jun 30, 2027",€70.00m,1.9,0.2,-,0.1,-,1.9,1.4,0.5,-,6.3,4,2.3,2.1,1.6,1,0.4,0.6,1,0.8,1.7,0.2,1.3,0.6,0.4,0.1,-,0.2,0.6,-,-,-,-,20.1,0.5,0.4,15.5,3.8,1.4,0.3,1.1,0.2,0.1,0.1,-,-,-,0.1
639,Giovani Lo Celso,Real Betis Balompié,Laliga,29 years old (09-04-1996),"1,77m",Argentina,"Midfielder (Centre, Right), Forward",Central Midfield,left,12(9),1219.0,7,2,4,-,84.1,0.2,3,6.99,"Jun 30, 2028",€20.00m,1.3,0.3,-,0.2,0.1,1.3,0.6,0.7,-,2.2,1.4,0.9,1.7,1.4,0.8,0.2,0.5,1.5,0.3,1.9,0.2,2.6,0.6,-,0.1,0.1,-,0.6,-,-,-,-,33.2,1.9,0.9,26,4.4,1.8,0.3,1.4,0.1,-,-,-,-,-,-
640,Ramon Terrats,Getafe CF,Laliga,24 years old (18-10-2000),"1,81m",Spain,"Midfielder (Centre, Right)",Central Midfield,left,10,827.0,4,-,1,-,72.7,1.1,2,6.99,"Jun 30, 2025",€4.00m,1.3,0.4,-,0.3,0.1,1.3,0.4,0.7,0.2,3.3,1.9,1.4,2.2,0.8,2,1.1,0.9,1.4,1.7,3.1,0.4,1.4,0.9,0.2,1,0.1,0.2,0.4,-,-,-,-,21.6,0.8,1.8,14.9,4.1,1.1,0.1,1,-,-,-,-,-,-,-
641,Iñigo Martínez,FC Barcelona,Laliga,33 years old (17-05-1991),"1,82m",Spain,Defender (Centre),Centre-Back,left,26,2313.0,-,4,4,-,91.4,2.3,1,6.98,"Jun 30, 2026",€5.00m,0.5,-,-,-,-,0.5,0.3,0.1,0.1,0.1,-,0.1,0.4,0.1,3.5,2.3,1.2,0.9,0.2,1.1,0.7,1,0.6,-,3.8,0.3,0.2,0.4,-,-,-,-,88.1,4.8,3,75.8,4.6,0.6,0.2,0.5,0.2,-,-,-,-,-,0.1
642,Yeray Álvarez,Athletic Bilbao,Laliga,30 years old (24-01-1995),"1,82m",Spain,Defender (Centre),Centre-Back,right,18(1),1601.0,1,-,4,-,84.5,2.2,3,6.98,"Jun 30, 2026",€7.50m,0.4,0.1,-,0.1,-,0.4,0.3,0.1,-,0.4,0.2,0.3,0.5,0.3,3.9,2.2,1.7,1.3,0.3,1.6,1.7,0.7,0.6,-,5.4,0.3,0.1,0.2,-,-,-,-,54.6,4,4.6,42.2,3.8,0.2,0.1,0.1,-,-,-,-,-,-,-
643,Marc Bartra,Real Betis Balompié,Laliga,34 years old (15-01-1991),"1,84m",Spain,"Defender (Centre, Right), Defensive Midfielder (C)",Centre-Back,right,19(2),1758.0,2,1,1,-,81,2,-,6.97,"Jun 30, 2027",€1.00m,0.8,0.1,-,-,-,0.8,0.5,0.2,0.1,0.6,0.3,0.3,0.4,0.2,3.8,2,1.8,1.2,0.4,1.6,1.4,0.6,0.5,-,6.4,1,0.1,0.6,-,-,-,-,46.7,4,5.7,33.8,3.2,0.1,-,0.1,-,-,-,-,-,-,-
644,Joan García,RCD Espanyol Barcelona,Laliga,23 years old (04-05-2001),"1,91m",Spain,Goalkeeper,Goalkeeper,right,33,2970.0,-,-,2,-,66,0.7,6,6.97,"Jun 30, 2028",€20.00m,-,-,-,-,-,-,-,-,-,-,-,-,0.1,-,0.7,0.7,-,-,-,-,-,0.2,-,-,1.2,-,-,-,3.8,0.2,2.2,1.4,27.4,5.9,9.1,12.2,0.2,-,-,-,-,-,-,-,-,-,-
645,Ante Budimir,CA Osasuna,Laliga,33 years old (22-07-1991),"1,90m",Croatia,Forward,Centre-Forward,left,29(4),2555.0,18,3,3,-,55.5,3.8,5,6.97,"Jun 30, 2027",€5.00m,2.5,0.5,-,0.5,-,2.5,2,0.2,0.3,1.1,0.8,0.3,2.3,1.2,7.6,3.8,3.8,0.6,0.3,0.8,0.1,0.9,1.1,0.4,0.5,0.1,-,0.4,-,-,-,-,11.4,0.1,0.1,6.2,4.9,0.5,-,0.5,0.1,-,-,-,-,-,0.1
646,Iñaki Williams,Athletic Bilbao,Laliga,30 years old (15-06-1994),"1,86m",Ghana,"Attacking Midfielder (Centre, Left, Right), Forward",Right Winger,right,28(4),2556.0,6,8,1,-,69.8,0.9,4,6.96,"Jun 30, 2028",€20.00m,2,0.2,0.1,0.1,-,2,1.2,0.5,0.2,3.1,2.1,1,2,1.2,1.6,0.9,0.7,0.5,0.3,0.9,0.4,1.2,0.7,0.5,0.9,0.1,0.1,0.9,-,-,-,-,20.6,0.3,0.6,14.2,5.7,1.3,-,1.3,0.3,0.1,-,-,-,-,0.1
647,Ángel Ortiz,Real Betis Balompié,Laliga,20 years old (25-07-2004),"1,67m",Spain,Forward,Right-Back,right,4,345.0,-,1,-,-,78.2,1.3,1,6.95,"Jun 30, 2025",€2.50m,0.3,-,-,-,-,0.3,-,0.3,-,1.8,0.8,1,1.8,0.5,3,1.3,1.8,2.5,2.3,4.8,1.3,1.5,1.5,-,1.3,-,0.5,1.5,-,-,-,-,39,1,2.8,29.5,5.8,0.8,-,0.8,0.3,0.3,-,-,-,-,-
648,Lucas Ocampos,Monterrey,Laliga,30 years old (11-07-1994),187cm,Argentina,"Midfielder (Centre, Left, Right), Forward",,,2,176.0,-,1,-,-,73.2,1.5,-,6.95,,,2,-,-,-,-,2,0.5,1.5,-,4,3,1,2.5,1.5,3.5,1.5,2,1.5,0.5,2,-,1,1.5,-,0.5,-,0.5,1,-,-,-,-,41,2,2.5,28,8.5,1.5,1,0.5,0.5,-,-,-,-,-,0.5
649,Nayef Aguerd,Real Sociedad,Laliga,29 years old (30-03-1996),"1,90m",Morocco,Defender (Centre),Centre-Back,left,20,1675.0,-,-,5,-,87.9,3,-,6.94,"Jun 30, 2025",€25.00m,0.8,-,-,-,-,0.8,0.5,0.1,0.2,0.5,0.3,0.3,0.4,0.2,4.6,3,1.6,1.5,0.3,1.8,0.7,1,0.6,-,4.3,0.8,0.1,0.3,-,-,-,-,64.2,4.1,4.2,52.4,3.7,0.3,0.2,0.1,-,-,-,-,-,-,-
650,Johnny Cardoso,Real Betis Balompié,Laliga,23 years old (20-09-2001),"1,86m",USA,Midfielder (Centre),Defensive Midfield,right,22(3),1952.0,3,1,5,-,85.5,1.1,-,6.94,"Jun 30, 2030",€20.00m,0.8,0.1,-,0.1,-,0.8,0.4,0.2,0.1,1.6,0.6,1,1.4,0.9,1.8,1.1,0.6,2,1.2,3.2,1.8,1,1.3,-,2.3,0.5,-,0.6,-,-,-,-,39.4,1.2,1.1,32.5,4.6,0.3,-,0.3,-,-,-,-,-,-,-
651,Unai Núñez,Athletic Bilbao,Laliga,28 years old (30-01-1997),"1,86m",Spain,Defender (Centre),Centre-Back,right,6(2),582.0,-,-,4,-,87.4,1.6,-,6.93,"Jun 30, 2025",€3.00m,0.1,-,-,-,-,0.1,-,-,0.1,0.3,0.1,0.1,0.8,-,3.1,1.6,1.5,1.1,0.4,1.5,2.1,0.6,1.1,-,5.3,0.5,-,-,-,-,-,-,38.8,3.5,2.8,30.4,2.1,0.1,0.1,-,-,-,-,-,-,-,-
652,Eduardo Camavinga,Real Madrid,Laliga,22 years old (10-11-2002),"1,82m",France,"Defender (Left), Defensive Midfielder (C)",Central Midfield,left,11(8),1098.0,1,2,2,-,89,1.2,1,6.93,"Jun 30, 2029",€70.00m,0.4,0.1,-,-,0.1,0.4,0.3,0.1,-,1.6,0.8,0.8,0.4,0.6,2.1,1.2,0.9,2.2,0.7,2.9,0.9,1.6,1.1,0.1,1,0.4,0.2,0.8,-,-,-,-,40.1,1.5,0.8,34.2,3.6,0.6,0.1,0.5,0.1,-,-,-,-,-,0.1
653,Omar Alderete,Getafe CF,Laliga,28 years old (26-12-1996),"1,88m",Paraguay,Defender (Centre),Centre-Back,left,30,2651.0,1,-,7,-,67.8,2.9,2,6.93,"Jun 30, 2028",€8.00m,1.1,-,-,-,-,1.1,0.5,0.5,0.1,0.8,0.3,0.5,0.9,0.3,4.5,2.9,1.6,1.3,0.4,1.7,1.1,0.3,1,0.2,6.3,0.7,0.1,0.4,-,-,-,-,33.4,4.5,6.2,18.1,4.5,0.4,0.1,0.2,-,-,-,-,-,-,-
654,Sergi Cardona,Villarreal CF,Laliga,25 years old (08-07-1999),"1,86m",Spain,Defender (Left),Left-Back,both,31,2684.0,1,7,11,-,79.3,1.3,3,6.91,"Jun 30, 2027",€8.00m,0.6,-,-,-,-,0.6,0.4,0.1,0.1,0.9,0.6,0.3,0.7,0.4,2.1,1.3,0.8,2,0.9,2.9,1,0.8,1.2,0.1,2.7,0.2,0.7,1.2,-,-,-,-,32.8,1.1,2.3,25,4.5,1.4,0.1,1.3,0.2,0.2,-,-,-,-,-
655,Oihan Sancet,Athletic Bilbao,Laliga,25 years old (25-04-2000),"1,88m",Spain,"Midfielder (Centre), Forward",Attacking Midfield,right,18(7),1480.0,15,1,2,-,84.3,0.4,4,6.91,"Jun 30, 2032",€60.00m,1.8,0.6,0.1,0.4,0.1,1.8,1,0.6,0.2,1.9,1,0.9,2.1,1.6,0.9,0.4,0.5,0.5,0.3,0.8,0.2,0.8,0.5,0.1,0.2,-,-,0.4,-,-,-,-,19.9,0.8,0.4,16,2.8,0.7,-,0.7,-,-,-,-,-,-,-
656,Ronald Araujo,FC Barcelona,Laliga,26 years old (07-03-1999),"1,92m",Uruguay,"Defender (Centre, Right)",Centre-Back,right,8(1),554.0,1,1,1,-,91.1,2.8,-,6.91,"Jun 30, 2031",€50.00m,0.4,0.1,0.1,-,-,0.4,-,0.1,0.3,0.1,0.1,-,0.2,0.1,4.7,2.8,1.9,1.3,-,1.3,0.8,0.2,0.9,-,1.8,0.4,0.3,-,-,-,-,-,56,2.3,1.8,48.7,3.2,0.4,-,0.4,0.1,-,-,-,-,-,0.1
657,Andrei Ratiu,Rayo Vallecano,Laliga,26 years old (20-06-1998),"1,83m",Romania,"Defender (Right), Midfielder (Right)",Right-Back,right,30(1),2719.0,2,3,5,-,84.6,0.5,3,6.91,"Jun 30, 2028",€12.00m,0.9,0.1,-,-,0.1,0.9,0.5,0.4,-,4.1,1.9,2.2,1.8,1.5,1.4,0.5,0.9,2.1,0.8,2.9,0.8,0.5,0.7,0.2,1.8,0.1,0.4,1.1,-,-,-,-,40.5,0.9,1.6,33.4,4.6,1,0.1,0.9,0.1,-,-,-,-,-,-
658,Julián Alvarez,Atlético de Madrid,Laliga,25 years old (31-01-2000),"1,70m",Argentina,"Attacking Midfielder (Centre, Left, Right), Forward",Centre-Forward,right,26(7),2187.0,15,2,4,-,78.9,0.4,4,6.91,"Jun 30, 2030",€90.00m,2,0.5,0.1,0.4,-,2,1.2,0.7,0.2,1.5,0.7,0.8,1.5,1.1,1.4,0.4,1,0.7,0.6,1.3,-,0.2,0.8,0.2,0.2,-,-,0.4,-,-,-,-,23,0.8,0.5,17.3,4.4,0.9,0.1,0.8,0.1,-,-,-,-,-,0.1
659,Dani Raba,CD Leganés,Laliga,29 years old (29-10-1995),"1,85m",Spain,"Attacking Midfielder (Centre, Right), Forward",Right Winger,left,19(5),1554.0,7,4,5,-,71.7,0.2,1,6.9,"Jun 30, 2025",€1.80m,1.3,0.3,-,0.3,-,1.3,0.6,0.7,-,3.1,1.7,1.4,2,1.4,0.7,0.2,0.5,1.4,0.8,2.3,0.6,2.1,1.5,0.4,0.5,0.1,0.1,0.9,-,-,-,-,18.4,0.7,1.4,12.5,3.8,1.5,0.4,1,0.2,-,-,-,-,-,0.1
660,Aurélien Tchouaméni,Real Madrid,Laliga,25 years old (27-01-2000),"1,88m",France,"Defender (Centre), Defensive Midfielder (C)",Defensive Midfield,right,27(1),2365.0,-,-,4,-,92.9,2.5,-,6.9,"Jun 30, 2028",€80.00m,0.5,-,-,-,-,0.5,0.3,0.2,-,0.6,0.2,0.4,0.8,0.3,3.3,2.5,0.9,1.5,0.7,2.1,1.5,0.8,0.9,-,2.7,0.7,-,0.3,-,-,-,-,65.3,2.1,1.1,58.6,3.5,0.1,-,0.1,-,-,-,-,-,-,-
661,Antoine Griezmann,Atlético de Madrid,Laliga,34 years old (21-03-1991),"1,76m",France,"Attacking Midfielder (Centre, Left, Right), Forward",Centre-Forward,left,27(6),2291.0,8,6,2,-,80,0.6,2,6.9,"Jun 30, 2026",€22.00m,1.4,0.2,-,0.2,0.1,1.4,0.8,0.5,0.1,0.9,0.5,0.4,1.2,0.6,1.2,0.6,0.6,0.9,0.7,1.5,0.2,0.7,0.3,0.4,0.7,-,-,0.5,-,-,-,-,36,1.8,0.5,27,6.7,1.4,0.3,1.1,0.2,-,-,-,-,-,0.1
662,Marcos Llorente,Atlético de Madrid,Laliga,30 years old (30-01-1995),"1,84m",Spain,"Defender (Right), Midfielder (Centre, Right), Forward",Right Midfield,right,23(5),2066.0,2,4,-,1,88,0.4,2,6.89,"Jun 30, 2027",€28.00m,0.5,0.1,-,-,-,0.5,0.3,0.3,-,1,0.5,0.4,0.9,0.3,0.9,0.4,0.5,2,0.5,2.6,0.8,0.7,0.6,0.1,1.5,0.3,0.1,0.6,-,-,-,-,39,0.9,1,33.4,3.6,0.9,0.1,0.8,0.1,-,-,-,-,-,0.1
663,Dani Carvajal,Real Madrid,Laliga,33 years old (11-01-1992),"1,73m",Spain,Defender (Right),Right-Back,right,7(1),611.0,1,-,2,-,88.1,0.9,-,6.89,"Jun 30, 2026",€10.00m,0.4,0.1,0.1,-,-,0.4,-,-,0.4,0.6,0.4,0.3,1,0.8,1.5,0.9,0.6,1.5,0.4,1.9,1.3,0.8,0.4,-,1.8,0.4,0.6,0.6,-,-,-,-,50.3,1.5,0.6,42.8,5.4,0.6,-,0.6,-,-,-,-,-,-,-
664,Pablo Maffeo,RCD Mallorca,Laliga,27 years old (12-07-1997),"1,72m",Spain,"Defender (Left, Right), Midfielder (Right)",Right-Back,right,25(1),2124.0,-,1,5,-,75.3,0.7,1,6.89,"Jun 30, 2027",€5.00m,0.3,-,-,-,-,0.3,0.2,0.1,-,2.8,1.5,1.3,1.6,1.1,1.3,0.7,0.6,2.2,0.4,2.6,0.8,1.3,0.7,-,2.8,0.4,0.6,0.8,-,-,-,-,24.4,1.4,2.3,17,3.7,1,0.5,0.6,-,-,-,-,-,-,-
665,Jules Koundé,FC Barcelona,Laliga,26 years old (12-11-1998),"1,80m",France,"Defender (Centre, Right)",Right-Back,right,29(3),2606.0,2,3,4,-,88.6,0.9,3,6.89,"Jun 30, 2027",€60.00m,0.6,0.1,-,-,-,0.6,0.4,0.1,0.1,1.6,0.9,0.7,1.3,0.4,1.7,0.9,0.8,2,0.7,2.7,0.6,0.6,0.7,0.2,1.8,0.2,0.3,0.9,-,-,-,-,56.4,1.7,1.5,48.4,4.9,1,0.1,0.9,0.1,-,-,-,-,-,0.1
666,José Gayà,Valencia CF,Laliga,29 years old (25-05-1995),"1,72m",Spain,"Defender (Left), Midfielder (Left)",Left-Back,left,18(1),1487.0,-,1,6,-,81.2,0.5,-,6.88,"Jun 30, 2027",€15.00m,0.6,-,-,-,-,0.6,0.2,0.3,0.1,0.9,0.6,0.3,0.7,0.2,1,0.5,0.5,2.6,0.8,3.4,1.1,0.6,1.4,0.1,2.5,0.1,0.2,0.6,-,-,-,-,32.7,1.8,2.3,24.7,3.9,1.2,0.4,0.8,0.1,0.1,-,-,-,-,-
667,Juan Musso,Atlético de Madrid,Laliga,30 years old (06-05-1994),"1,91m",Argentina,Goalkeeper,Goalkeeper,right,1,90.0,-,-,-,-,78.3,1,-,6.88,"Jun 30, 2025",€4.00m,-,-,-,-,-,-,-,-,-,-,-,-,-,-,1,1,-,-,-,-,-,1,-,-,-,-,-,-,1,-,-,1,23,1,5,17,-,-,-,-,-,-,-,-,-,-,-
668,Dani Vivian,Athletic Bilbao,Laliga,25 years old (05-07-1999),"1,84m",Spain,Defender (Centre),Centre-Back,right,24(3),2217.0,3,-,3,-,87.4,1.3,2,6.88,"Jun 30, 2032",€40.00m,0.6,0.1,-,0.1,-,0.6,0.4,0.1,-,0.5,0.2,0.3,0.6,0.4,2.3,1.3,1.1,1.4,0.3,1.7,1.3,0.5,1,-,4.1,0.3,0.1,0.5,-,-,-,-,55,3.8,3.4,44.3,3.5,0.4,-,0.4,-,-,-,-,-,-,-
669,Lucas Torró,CA Osasuna,Laliga,30 years old (19-07-1994),"1,90m",Spain,Defensive Midfielder (C),Defensive Midfield,right,30,2560.0,3,-,10,-,76.5,5,1,6.88,"Jun 30, 2027",€3.50m,0.8,0.1,-,0.1,-,0.8,0.4,0.3,0.1,0.2,0.1,0.2,1.3,0.7,6.8,5,1.8,2.2,0.9,3,1.4,1.2,2.4,-,1.8,0.3,-,0.8,-,-,-,-,40.5,2.2,2.6,28.8,7,0.3,-,0.3,-,-,-,-,-,-,-
670,Antonio Raíllo,RCD Mallorca,Laliga,33 years old (08-10-1991),"1,87m",Spain,Defender (Centre),Centre-Back,,31,2759.0,2,-,5,1,88.5,3.6,2,6.87,"Jun 30, 2026",€2.00m,1,0.1,-,-,-,1,0.9,0.1,0.1,0.1,-,0.1,0.2,0.2,6.1,3.6,2.5,0.9,0.1,1,0.9,0.3,1.4,0.1,6,1,-,0.3,-,-,-,-,47.3,2.3,2.1,39.5,3.4,0.4,-,0.4,-,-,-,-,-,-,-
671,Diego Llorente,Real Betis Balompié,Laliga,31 years old (16-08-1993),"1,86m",Spain,"Defender (Centre), Defensive Midfielder (C)",Centre-Back,right,29(1),2522.0,2,-,4,-,86.9,2.6,1,6.87,"Jun 30, 2028",€6.00m,0.4,0.1,-,-,-,0.4,0.3,-,0.1,0.3,0.1,0.2,0.4,0.1,4.1,2.6,1.5,1.2,0.4,1.6,1.4,0.8,0.7,-,5.1,0.7,0.1,0.3,-,-,-,-,52.9,2.9,3.9,43,3.1,0.2,0.1,0.1,-,-,-,-,-,-,-
672,Fábio Silva,UD Las Palmas,Laliga,22 years old (19-07-2002),"1,85m",Portugal,"Attacking Midfielder (Left), Forward",Centre-Forward,right,22(2),1877.0,10,3,7,-,68.6,2.2,2,6.87,"Jun 30, 2025",€20.00m,2,0.4,0.1,0.3,-,2,1.7,0.2,0.2,2.2,1.3,0.9,2.4,1.3,4.4,2.2,2.3,0.5,0.4,0.9,0.2,1.8,1.6,0.8,1.1,-,-,0.5,-,-,-,-,18.3,0.4,0.3,12.2,5.5,0.7,-,0.7,0.1,-,-,-,-,-,0.1
673,Luis Milla,Getafe CF,Laliga,30 years old (07-10-1994),"1,75m",Spain,Midfielder (Centre),Central Midfield,right,28(1),2518.0,1,4,4,-,81.7,1,2,6.85,"Jun 30, 2027",€3.50m,1.1,-,-,-,-,1.1,0.1,0.9,-,1.3,0.6,0.7,1.6,0.5,2.3,1,1.3,1.8,1.1,2.9,0.7,1.4,1.2,-,0.9,-,-,0.8,-,-,-,-,41.6,2.7,2.7,31.2,4.9,2.1,0.6,1.5,0.1,0.1,-,-,-,-,-
674,Martín Zubimendi,Real Sociedad,Laliga,26 years old (02-02-1999),"1,81m",Spain,Defensive Midfielder (C),Defensive Midfield,right,29(2),2600.0,2,1,5,-,84.4,1.5,1,6.85,"Jun 30, 2027",€60.00m,0.6,0.1,-,0.1,-,0.6,0.4,0.2,-,0.9,0.3,0.6,1.1,0.5,2.5,1.5,1,2.1,0.5,2.6,1.2,0.6,1.2,-,2.3,0.5,-,0.7,-,-,-,-,49.8,2.8,2.3,39.2,5.5,0.5,-,0.5,-,-,-,-,-,-,-
675,Arnaut Danjuma,Girona FC,Laliga,28 years old (31-01-1997),"1,78m",Netherlands,"Attacking Midfielder (Left), Forward",Left Winger,right,3,203.0,2,-,1,-,76.7,0.7,-,6.84,"Jun 30, 2025",€5.00m,2,0.7,-,0.7,-,2,2,-,-,1.3,1.3,-,1,-,0.7,0.7,-,0.7,0.3,1,-,0.3,0.3,1,-,-,-,0.3,-,-,-,-,10,0.3,0.3,7.3,2,0.3,0.3,-,-,-,-,-,-,-,-
676,Nahuel Tenaglia,Deportivo Alavés,Laliga,29 years old (21-02-1996),"1,81m",Argentina,"Defender (Centre, Right)",Right-Back,right,29,2546.0,2,1,11,-,74.8,1.4,2,6.84,"Jun 30, 2027",€3.00m,0.8,0.1,-,0.1,-,0.8,0.5,0.2,0.1,1.1,0.6,0.6,1.1,0.4,3,1.4,1.6,2.9,1,3.9,1.2,1.4,1.1,0.1,3.4,0.2,0.3,0.7,-,-,-,-,29.2,1.6,2.6,20.2,4.7,0.6,0.1,0.4,-,-,-,-,-,-,-
677,Nabil Fekir,Real Betis Balompié,Laliga,31 years old (18-07-1993),173cm,France,"Attacking Midfielder (Centre, Left, Right), Forward",,,2,180.0,-,1,-,-,86.1,-,1,6.84,,,3.5,-,-,-,-,3.5,1,2.5,-,2.5,2.5,-,2,3,1,-,1,1.5,0.5,2,-,3.5,1.5,-,-,-,-,1,-,-,-,-,36,1,-,30,5,3,0.5,2.5,0.5,0.5,0.5,-,-,-,-
678,Unai Marrero,Real Sociedad,Laliga,23 years old (09-10-2001),"1,89m",Spain,Goalkeeper,Goalkeeper,right,1,90.0,-,-,-,-,70.8,-,-,6.84,"Jun 30, 2027",€600k,-,-,-,-,-,-,-,-,-,-,-,-,-,-,-,-,-,-,-,-,-,-,-,-,1,-,-,-,3,-,3,-,24,5,6,12,1,-,-,-,-,-,-,-,-,-,-
679,Alex Berenguer,Athletic Bilbao,Laliga,29 years old (04-07-1995),"1,75m",Spain,"Defender (Left, Right), Midfielder (Centre, Left, Right), Forward",Left Winger,right,24(8),1994.0,5,7,4,-,78.5,0.7,1,6.84,"Jun 30, 2027",€12.00m,1.5,0.2,-,0.1,-,1.5,0.8,0.6,0.1,2.2,1.3,0.9,1.4,1.2,2.1,0.7,1.4,0.9,0.3,1.2,0.3,0.8,0.8,0.1,0.4,0.1,0.1,0.5,-,-,-,-,20.5,0.6,0.8,15.6,3.6,1.3,0.3,1,0.2,0.1,-,-,-,-,0.1
680,Omar El Hilali,RCD Espanyol Barcelona,Laliga,21 years old (12-09-2003),"1,83m",Morocco,Defender (Right),Right-Back,right,32,2831.0,-,2,9,-,80.5,1.1,1,6.84,"Jun 30, 2027",€10.00m,0.1,-,-,-,-,0.1,-,0.1,-,0.8,0.4,0.4,0.5,0.2,1.9,1.1,0.8,3.3,0.9,4.3,1.4,0.8,1.5,0.1,3.9,0.4,0.5,1.1,-,-,-,-,34.6,2.5,3.1,25.4,3.6,0.3,-,0.2,0.1,0.1,-,-,-,-,-
681,Gerard Moreno,Villarreal CF,Laliga,33 years old (07-04-1992),"1,80m",Spain,"Attacking Midfielder (Centre, Right), Forward",Centre-Forward,left,6(8),649.0,3,1,-,-,78.8,1.1,-,6.84,"Jun 30, 2027",€5.00m,1.9,0.2,-,0.2,-,1.9,1.4,0.4,-,1.7,0.8,0.9,1.1,0.6,1.4,1.1,0.3,0.5,0.6,1.1,0.1,0.6,0.7,0.1,0.4,-,0.1,-,-,-,-,-,18.2,1.3,0.6,13.1,3.3,1.1,0.1,1,0.1,-,-,-,-,-,0.1
682,Rubén García,CA Osasuna,Laliga,31 years old (14-07-1993),"1,72m",Spain,"Attacking Midfielder (Centre, Left, Right), Forward",Right Winger,left,26(6),2152.0,4,5,2,-,79.4,0.8,2,6.84,"Jun 30, 2026",€2.00m,0.7,0.1,0.1,-,0.1,0.7,0.5,0.1,0.1,1,0.7,0.3,1.1,0.6,2,0.8,1.2,1.4,0.8,2.2,0.4,0.9,1,0.3,0.8,0.1,0.2,0.9,-,-,-,-,28.9,1.8,0.9,21.2,5.1,1.3,0.4,0.8,0.2,0.1,-,-,-,-,0.1
683,Leandro Cabrera,RCD Espanyol Barcelona,Laliga,33 years old (17-06-1991),"1,90m",Uruguay,"Defender (Centre, Left)",Centre-Back,left,28(1),2521.0,3,2,3,-,76.7,2.4,2,6.83,"Jun 30, 2025",€1.00m,0.6,0.1,-,0.1,-,0.6,0.5,0.1,-,-,-,-,0.3,-,3.9,2.4,1.5,1.2,0.4,1.6,1,0.2,0.7,-,6.1,0.8,0.1,0.3,-,-,-,-,43.3,3.7,5.7,29.5,4.4,0.3,0.1,0.2,0.1,-,-,-,-,-,0.1
684,Yangel Herrera,Girona FC,Laliga,27 years old (07-01-1998),"1,84m",Venezuela,Midfielder (Centre),Central Midfield,right,23(2),1927.0,4,3,9,1,84.2,1.8,4,6.83,"Jun 30, 2027",€20.00m,1.3,0.2,-,0.2,-,1.3,0.9,0.4,0.1,1.7,1,0.7,1.8,1.2,3.4,1.8,1.6,2.2,1,3.2,1.1,2.4,2.4,0.2,1.6,0.1,-,0.6,-,-,-,-,35.4,1.2,1.2,28.6,4.4,0.7,-,0.6,0.1,-,-,-,-,-,0.1
685,Sergio Gómez,Real Sociedad,Laliga,24 years old (04-09-2000),"1,71m",Spain,"Defender (Left), Midfielder (Centre, Left, Right)",Right Winger,left,28(4),2484.0,2,5,4,-,84.6,0.4,2,6.81,"Jun 30, 2030",€20.00m,0.5,0.1,-,-,-,0.5,0.1,0.4,-,1.5,0.8,0.7,1.3,0.4,1.1,0.4,0.7,2,0.8,2.8,0.5,0.4,0.9,0.3,0.6,0.1,0.2,1.2,-,-,-,-,33.7,1.2,1.3,27.3,3.9,1.5,0.6,0.9,0.2,0.1,-,-,-,-,0.1
686,Thibaut Courtois,Real Madrid,Laliga,32 years old (11-05-1992),"2,00m",Belgium,Goalkeeper,Goalkeeper,left,27,2430.0,-,-,1,-,80.9,0.3,1,6.81,"Jun 30, 2026",€25.00m,-,-,-,-,-,-,-,-,-,-,-,-,-,-,0.3,0.3,-,-,-,-,-,-,-,-,0.8,-,-,-,2.4,0.2,1.4,0.9,29,2.7,5.3,20.8,0.3,-,-,-,-,-,-,-,-,-,-
687,Urko González,RCD Espanyol Barcelona,Laliga,24 years old (20-03-2001),"1,89m",Spain,Defensive Midfielder (C),Defensive Midfield,right,11(1),951.0,-,1,1,-,77.1,1.3,-,6.81,"Jun 30, 2025",€1.50m,-,-,-,-,-,-,-,-,-,1,0.7,0.3,1.3,0.7,2.3,1.3,1,2.8,0.8,3.5,0.6,0.8,0.9,-,2.2,0.7,0.3,1,-,-,-,-,23.7,1.3,0.8,16.9,4.7,0.5,-,0.5,0.1,-,-,-,-,-,0.1
688,Abdul Mumin,Rayo Vallecano,Laliga,26 years old (06-06-1998),"1,88m",Ghana,Defender (Centre),Centre-Back,right,24,2020.0,2,1,6,1,83.6,1.3,1,6.81,"Jun 30, 2026",€5.00m,0.4,0.1,-,-,-,0.4,0.2,0.1,0.1,0.4,0.2,0.2,0.7,0.2,2.4,1.3,1.1,1.5,0.4,2,1,0.5,0.9,-,5.1,1.2,0.1,0.5,-,-,-,-,44.8,2.1,4.5,35.4,2.8,-,-,-,-,-,-,-,-,-,-
689,Carlos Vicente,Deportivo Alavés,Laliga,26 years old (23-04-1999),"1,79m",Spain,Attacking Midfielder (Right),Right Winger,right,30(2),2649.0,4,5,2,-,74.9,0.9,2,6.81,"Jun 30, 2027",€8.00m,0.9,0.1,-,0.1,-,0.9,0.7,0.3,-,2.9,2,0.9,2.2,1.2,2.4,0.9,1.5,1.3,0.9,2.2,0.4,1.6,0.9,0.3,0.7,0.1,0.3,0.8,-,-,-,-,21.3,0.5,0.9,15.4,4.4,1.8,0.5,1.3,0.2,0.1,-,-,-,-,0.1
690,Alexander Sørloth,Atlético de Madrid,Laliga,29 years old (05-12-1995),"1,95m",Norway,"Attacking Midfielder (Right), Forward",Centre-Forward,left,12(18),1293.0,13,2,4,-,64.9,2.9,1,6.81,"Jun 30, 2028",€25.00m,1.9,0.4,0.2,0.3,-,1.9,1.4,0.2,0.3,1,0.6,0.4,1.9,0.9,4.4,2.9,1.5,0.3,0.1,0.3,-,0.4,0.7,0.2,0.7,-,-,0.1,-,-,-,-,10,0.1,-,6.4,3.5,0.4,-,0.4,0.1,-,-,-,-,-,0.1
691,Luka Modric,Real Madrid,Laliga,39 years old (09-09-1985),"1,72m",Croatia,Midfielder (Centre),Central Midfield,right,14(16),1492.0,2,4,7,-,91.2,0.2,1,6.8,"Jun 30, 2025",€5.00m,0.6,0.1,-,-,-,0.6,0.1,0.4,-,0.5,0.2,0.3,0.7,0.3,0.5,0.2,0.4,0.9,0.5,1.5,0.8,0.5,0.6,0.1,0.4,0.2,0.1,0.3,-,-,-,-,49.4,3.4,1.1,41.7,3.2,1.8,0.6,1.2,0.1,-,-,-,-,-,0.1
692,Loïc Badé,Sevilla FC,Laliga,25 years old (11-04-2000),"1,91m",France,Defender (Centre),Centre-Back,right,27(1),2450.0,1,1,6,-,86.6,2.1,1,6.8,"Jun 30, 2029",€30.00m,0.5,-,-,-,-,0.5,0.3,0.1,-,0.7,0.2,0.5,0.6,0.3,3.1,2.1,1,1.5,0.3,1.8,1,0.3,0.8,-,5,0.4,0.1,0.3,-,-,-,-,60.1,4.1,4.8,48,3.3,0.1,0.1,-,-,-,-,-,-,-,-
693,Marash Kumbulla,RCD Espanyol Barcelona,Laliga,25 years old (08-02-2000),"1,91m",Albania,Defender (Centre),Centre-Back,right,30(1),2616.0,3,-,8,-,85.1,1.9,1,6.8,"Jun 30, 2025",€6.00m,0.4,0.1,-,0.1,-,0.4,0.3,-,0.1,0.3,0.1,0.1,0.5,-,3.4,1.9,1.4,1.5,0.5,2,1,0.9,1,-,6.4,1,0.1,0.4,-,-,-,-,39.1,2.2,3.4,31.1,2.4,-,-,-,-,-,-,-,-,-,-
694,Valentin Rosier,CD Leganés,Laliga,28 years old (19-08-1996),"1,75m",France,"Defender (Left, Right), Midfielder (Left, Right)",Right-Back,right,26(4),2440.0,1,2,8,-,79.5,0.8,-,6.79,"Jun 30, 2025",€3.00m,0.5,-,-,-,-,0.5,0.3,0.2,-,1.5,0.8,0.7,0.9,0.7,1.4,0.8,0.6,2.3,0.8,3.1,1.7,0.6,1.4,0.3,4.2,0.5,0.6,0.8,-,-,-,-,29.2,1.1,2.6,22.1,3.4,0.4,0.1,0.3,0.1,-,-,-,-,-,-
695,Alejandro Catena,CA Osasuna,Laliga,30 years old (28-10-1994),"1,94m",Spain,Defender (Centre),Centre-Back,right,31,2717.0,-,2,10,-,83.9,1.9,2,6.79,"Jun 30, 2028",€4.00m,0.5,-,-,-,-,0.5,0.4,-,0.1,0.3,-,0.3,0.3,-,2.8,1.9,0.9,1.4,0.5,1.9,1,0.4,1,-,6.2,0.7,-,0.5,-,-,-,-,43.6,3.9,4.5,32.6,2.5,0.2,0.1,0.1,0.1,-,-,-,-,-,0.1
696,Javi Galán,Atlético de Madrid,Laliga,30 years old (19-11-1994),"1,72m",Spain,"Defender (Left), Midfielder (Left)",Left-Back,left,17(4),1479.0,-,2,8,-,85.8,1,2,6.79,"Jun 30, 2026",€4.00m,0.4,-,-,-,-,0.4,0.1,0.3,-,3.1,2.1,1,0.9,0.6,2,1,1,2,1,3,0.4,1.4,1.5,0.2,1.7,0.1,0.2,0.4,-,-,-,-,31.8,0.9,0.9,26.4,3.6,0.6,0.1,0.4,0.1,-,-,-,-,-,-
697,Vedat Muriqi,RCD Mallorca,Laliga,31 years old (24-04-1994),"1,94m",Kosovo,Forward,Centre-Forward,left,20(4),1752.0,7,2,1,2,63,5.1,2,6.78,"Jun 30, 2027",€8.00m,2.1,0.3,0.1,0.2,-,2.1,1.7,0.1,0.3,1,0.7,0.3,2,0.9,8.6,5.1,3.5,0.3,0.1,0.4,0.3,1.5,1,0.8,1.4,-,-,0.2,-,-,-,-,16.7,0.4,0.2,10.1,6,1,-,1,0.1,-,-,-,-,-,0.1
698,Diego Rico,Getafe CF,Laliga,32 years old (23-02-1993),"1,83m",Spain,"Defender (Centre, Left), Midfielder (Left)",Left-Back,left,28(1),2460.0,-,3,7,1,69.7,0.8,-,6.78,"Jun 30, 2026",€1.30m,0.5,-,-,-,-,0.5,-,0.5,-,0.4,0.2,0.2,1.4,0.4,1.5,0.8,0.7,2.6,1.2,3.7,1,1.7,1.2,0.1,2.7,0.1,0.4,1.2,-,-,-,-,30.8,1.7,3.3,19.8,6,1,0.3,0.7,0.1,0.1,-,-,-,-,-
699,Jon Aramburu,Real Sociedad,Laliga,22 years old (23-07-2002),"1,76m",Venezuela,Defender (Right),Right-Back,right,26(4),2213.0,1,1,8,-,80.5,1.2,1,6.78,"Jun 30, 2030",€12.00m,0.4,-,-,-,-,0.4,0.2,0.2,-,1.2,1,0.2,1,0.3,2.3,1.2,1.1,3,1,4,0.9,1.3,1.5,0.1,2.9,0.3,0.2,0.9,-,-,-,-,35.6,0.9,1.7,27.8,5.2,0.4,-,0.3,-,-,-,-,-,-,-
700,Thierno Barry,Villarreal CF,Laliga,22 years old (21-10-2002),"1,95m",,Forward,Centre-Forward,right,23(9),2120.0,10,3,4,-,62.2,3,4,6.78,"Jun 30, 2029",€14.00m,2.1,0.3,0.1,0.2,-,2.1,1.4,0.3,0.5,1.3,0.9,0.4,2.4,0.7,4.5,3,1.6,0.3,0.2,0.5,-,1.3,1.4,0.5,0.5,0.1,-,0.4,-,-,-,-,9.3,0.2,0.1,5.7,3.4,0.7,-,0.7,0.1,-,-,-,-,-,0.1
701,Mikel Jauregizar,Athletic Bilbao,Laliga,21 years old (13-11-2003),"1,77m",Spain,Defensive Midfielder (C),Central Midfield,right,22(7),1936.0,2,1,4,1,82.6,0.9,1,6.78,"Jun 30, 2027",€20.00m,0.7,0.1,-,-,-,0.7,0.2,0.5,-,1.1,0.6,0.5,0.9,0.7,2.1,0.9,1.1,2.6,1.2,3.8,0.9,1.2,1.3,-,0.8,0.1,0.1,0.6,-,-,-,-,33.8,2.3,1.2,25.6,4.7,0.8,0.1,0.7,-,-,-,-,-,-,-
702,Raúl Asencio,Real Madrid,Laliga,22 years old (13-02-2003),"1,84m",Spain,Defender (Centre),Centre-Back,right,14(5),1363.0,-,1,2,-,93.7,1.5,1,6.78,"Jun 30, 2026",€30.00m,0.1,-,-,-,-,0.1,0.1,0.1,-,0.5,0.2,0.3,0.3,0.3,2.1,1.5,0.6,0.9,0.2,1.1,0.6,0.9,0.4,0.1,3.7,0.2,0.2,0.1,-,-,-,-,45.1,1.4,1.1,40.8,1.8,0.2,0.1,0.2,0.1,-,-,0.1,-,-,-
703,Pablo Barrios,Atlético de Madrid,Laliga,21 years old (15-06-2003),"1,81m",,Midfielder (Centre),Central Midfield,right,25(2),2147.0,1,3,4,1,87.5,1.1,-,6.77,"Jun 30, 2028",€50.00m,1,-,-,-,-,1,0.3,0.8,-,1.5,0.6,0.9,1.6,0.8,1.8,1.1,0.7,1.4,0.8,2.2,1.2,0.9,1,-,1,0.1,0.1,0.3,-,-,-,-,50.9,2.2,1.4,42.3,4.9,0.9,0.1,0.8,0.1,-,-,-,-,-,-
704,Alejandro Balde,FC Barcelona,Laliga,21 years old (18-10-2003),"1,75m",Spain,"Defender (Left, Right), Midfielder (Left)",Left-Back,left,25(3),2088.0,-,4,2,-,91,0.5,-,6.77,"Jun 30, 2028",€60.00m,0.4,-,-,-,-,0.4,0.3,0.2,-,3.8,2.3,1.5,1.5,0.9,0.8,0.5,0.3,0.6,0.2,0.8,0.2,1.3,0.5,-,0.7,0.1,0.2,0.7,-,-,-,-,39.3,0.6,0.6,35.1,3,0.9,0.1,0.8,0.1,0.1,-,-,-,-,-
705,Samú Costa,RCD Mallorca,Laliga,24 years old (27-11-2000),"1,85m",,Defensive Midfielder (C),Defensive Midfield,left,26(1),2217.0,-,2,6,1,81.5,2.3,-,6.77,"Jun 30, 2028",€15.00m,1,-,-,-,-,1,0.5,0.4,-,1,0.6,0.3,1.3,1.1,3.4,2.3,1.1,2.7,1.4,4.1,1.1,2,1.7,0.1,2.6,0.4,0.1,1,-,-,-,-,43.3,2.6,2.1,32.7,5.9,0.4,0.1,0.4,0.1,-,-,-,-,-,-
706,Marcos Alonso,Celta de Vigo,Laliga,34 years old (28-12-1990),"1,88m",Spain,"Defender (Centre, Left), Midfielder (Left)",Left-Back,left,25(2),2341.0,2,-,8,1,90.1,2.3,2,6.77,"Jun 30, 2025",€1.80m,0.9,0.1,-,0.1,-,0.9,0.4,0.5,-,0.9,0.3,0.5,0.6,0.3,3.8,2.3,1.6,1.1,0.6,1.8,1.1,0.9,1,0.1,4,0.3,0.3,0.5,-,-,-,-,75.3,3.6,3.1,64.2,4.3,0.6,0.1,0.4,-,-,-,-,-,-,-
707,Roberto Fernández,RCD Espanyol Barcelona,Laliga,22 years old (03-07-2002),"1,86m",,Forward,Centre-Forward,right,13(1),1095.0,5,-,1,-,71.4,1.9,-,6.77,"Jun 30, 2025",€4.00m,1.3,0.4,0.1,0.2,-,1.3,1,0.1,0.1,1.6,1.1,0.6,3.1,0.9,4.4,1.9,2.5,0.3,0.1,0.4,0.2,1.6,1.8,0.4,1.5,0.1,-,0.3,-,-,-,-,13,0.1,0.3,9.2,3.4,0.2,-,0.2,-,-,-,-,-,-,-
708,Clément Lenglet,Atlético de Madrid,Laliga,29 years old (17-06-1995),"1,86m",France,Defender (Centre),Centre-Back,left,20,1706.0,1,1,9,-,87.3,1.6,1,6.77,"Jun 30, 2025",€7.50m,0.4,0.1,0.1,-,-,0.4,0.3,0.1,0.1,0.2,-,0.2,0.3,0.1,3.4,1.6,1.8,1,0.2,1.1,1,0.9,1.3,0.1,4.3,0.9,0.1,0.3,-,-,-,-,57.7,4.2,4.2,46.1,3.2,0.2,-,0.2,0.1,-,-,-,-,-,0.1
709,Ilias Akhomach,Villarreal CF,Laliga,21 years old (16-04-2004),"1,75m",Spain,Attacking Midfielder (Right),Right Winger,left,7(4),589.0,1,-,1,-,79.9,0.6,-,6.76,"Jun 30, 2026",€15.00m,1.5,0.1,-,0.1,-,1.5,0.5,1.1,-,3.9,2.2,1.7,1.4,0.9,1.2,0.6,0.5,1.1,0.5,1.6,0.3,1.9,0.8,0.1,0.8,-,0.4,0.7,-,-,-,-,14.9,0.6,0.1,11.3,2.9,0.8,0.1,0.7,-,-,-,-,-,-,-
710,Enzo Barrenechea,Valencia CF,Laliga,23 years old (22-05-2001),"1,86m",Argentina,Defensive Midfielder (C),Defensive Midfield,right,23(3),1926.0,1,2,6,-,86.4,1.3,2,6.76,"Jun 30, 2025",€7.50m,0.5,-,-,-,-,0.5,0.2,0.2,0.1,1.1,0.7,0.4,0.7,0.6,2.2,1.3,0.9,2,0.5,2.5,1,1.4,0.8,-,1.7,0.3,0.1,0.7,-,-,-,-,44.4,2.7,1.8,35.7,4.2,0.5,0.1,0.5,0.1,-,-,-,-,-,-
711,Carl Starfelt,Celta de Vigo,Laliga,29 years old (01-06-1995),"1,87m",Sweden,Defender (Centre),Centre-Back,right,26(2),2273.0,1,-,5,-,93.7,2.3,-,6.76,"Jun 30, 2027",€6.00m,0.2,-,-,-,-,0.2,0.1,-,-,-,-,-,0.3,-,4.1,2.3,1.9,1.4,0.3,1.8,1.1,0.4,0.8,-,4.6,0.8,-,0.3,-,-,-,-,58.7,1.7,1,53.3,2.7,0.2,-,0.2,-,-,-,-,-,-,-
712,Raúl Moro,Real Valladolid CF,Laliga,22 years old (05-12-2002),"1,69m",Spain,Attacking Midfielder (Left),Left Winger,right,21(7),1915.0,4,3,2,-,74.1,0.3,3,6.76,"Jun 30, 2028",€5.00m,1.4,0.1,-,0.1,-,1.4,0.8,0.6,0.1,4,2.2,1.8,1.3,0.3,0.6,0.3,0.4,0.6,0.6,1.2,0.4,0.5,0.1,0.4,0.5,-,-,0.2,-,-,-,-,17.9,1.1,0.6,12.1,4,1.4,0.2,1.2,0.1,-,-,-,-,-,0.1
713,Dani Ceballos,Real Madrid,Laliga,28 years old (07-08-1996),"1,79m",Spain,"Midfielder (Centre, Left)",Central Midfield,right,11(7),906.0,-,-,4,-,95,0.1,-,6.75,"Jun 30, 2027",€10.00m,0.3,-,-,-,-,0.3,0.1,0.2,-,0.7,0.3,0.4,0.5,0.3,0.2,0.1,0.1,1.9,0.6,2.4,0.7,1.3,0.7,-,0.5,0.2,-,0.7,-,-,-,-,55.7,1.9,0.7,51,2.1,0.8,0.2,0.6,-,-,-,-,-,-,-
714,Héctor Bellerín,Real Betis Balompié,Laliga,30 years old (19-03-1995),"1,78m",Spain,"Defender (Right), Midfielder (Right)",Right-Back,right,6(2),569.0,-,1,1,-,83.1,0.8,-,6.75,"Jun 30, 2028",€3.00m,0.1,-,-,-,-,0.1,0.1,-,-,1,0.3,0.8,0.6,0.1,1.8,0.8,1,1.6,0.9,2.5,0.8,-,0.8,-,2,0.4,0.6,0.1,-,-,-,-,33.3,1.5,1.3,26.1,4.4,0.9,0.3,0.6,0.1,-,-,-,-,-,0.1
715,Pau Cubarsí,FC Barcelona,Laliga,18 years old (22-01-2007),"1,84m",Spain,Defender (Centre),Centre-Back,right,26(5),2345.0,-,3,3,-,93.6,1.9,-,6.75,"Jun 30, 2029",€70.00m,0.2,-,-,-,-,0.2,0.1,-,0.1,0.2,-,0.2,0.2,-,3.1,1.9,1.2,0.9,0.3,1.2,0.4,0.3,0.6,-,2.4,0.3,-,0.1,-,-,-,-,78.5,2.8,1.9,70.7,3.1,0.3,0.1,0.2,0.1,-,-,0.1,-,-,-
716,Takefusa Kubo,Real Sociedad,Laliga,23 years old (04-06-2001),"1,73m",Japan,"Attacking Midfielder (Centre, Left, Right), Forward",Right Winger,left,22(9),1984.0,5,-,5,-,76.3,0.3,2,6.75,"Jun 30, 2029",€40.00m,1.2,0.2,-,0.2,-,1.2,1,0.2,-,4.2,2.3,1.9,2.5,1.4,0.8,0.3,0.5,0.9,0.6,1.5,0.4,1.9,0.5,0.2,0.3,-,0.1,1,-,-,-,-,23,0.6,0.5,16.9,5,1.4,0.2,1.2,-,-,-,-,-,-,-
717,Bryan Zaragoza,CA Osasuna,Laliga,23 years old (09-09-2001),"1,64m",Spain,"Attacking Midfielder (Left, Right)",Left Winger,right,18(4),1489.0,1,5,4,-,72.5,-,2,6.75,"Jun 30, 2025",€12.00m,1.5,-,-,-,-,1.5,1,0.5,-,4.8,2.9,2,1.4,0.4,0.5,-,0.4,0.6,0.6,1.2,-,1.3,0.6,0.3,0.4,-,-,0.4,-,-,-,-,15.2,0.9,0.7,10.1,3.5,1.2,0.1,1.1,0.2,0.1,-,-,-,-,0.1
718,Marc Casadó,FC Barcelona,Laliga,21 years old (14-09-2003),"1,72m",Spain,Defensive Midfielder (C),Defensive Midfield,right,20(3),1618.0,1,3,2,1,89.9,0.4,-,6.75,"Jun 30, 2028",€30.00m,0.6,-,-,-,-,0.6,0.2,0.4,-,0.4,0.2,0.2,0.7,0.4,1.4,0.4,1,1.9,0.9,2.8,1,1.6,1.1,-,0.7,0.2,0.3,0.7,-,-,-,-,58.9,1.5,1.1,51.5,4.8,0.4,-,0.3,0.1,-,-,0.1,-,-,-
719,Rubén Vargas,Sevilla FC,Laliga,26 years old (05-08-1998),"1,79m",Switzerland,"Attacking Midfielder (Centre, Left, Right), Forward",Left Winger,right,9(2),677.0,2,1,-,-,73.6,0.6,-,6.75,"Jun 30, 2029",€7.00m,1.5,0.2,0.1,0.1,-,1.5,1.1,0.2,0.3,3,1.9,1.1,2.8,0.5,1.2,0.6,0.5,0.6,0.5,1.1,0.3,0.8,1,0.3,0.9,-,-,0.8,-,-,-,-,18.3,0.7,1,12.7,3.8,1.2,0.4,0.8,0.1,0.1,-,-,-,-,-
720,Sergio Herrera,CA Osasuna,Laliga,31 years old (05-06-1993),"1,92m",Spain,Goalkeeper,Goalkeeper,right,32,2880.0,-,-,5,-,66.6,0.2,1,6.74,"Jun 30, 2026",€4.00m,-,-,-,-,-,-,-,-,-,-,-,-,0.1,-,0.2,0.2,-,0.1,0.1,0.2,-,0.1,-,-,1.1,-,-,-,3.5,0.4,2,1.1,29.9,8.4,9.9,11.6,0.1,-,-,-,-,-,-,-,-,-,-
721,Santi Comesaña,Villarreal CF,Laliga,28 years old (05-10-1996),"1,88m",Spain,Midfielder (Centre),Central Midfield,both,27(4),2269.0,3,2,7,-,85.5,0.9,3,6.74,"Jun 30, 2028",€8.00m,1.1,0.1,-,0.1,-,1.1,0.8,0.2,0.1,0.9,0.5,0.5,1.1,1.3,2.3,0.9,1.4,2.5,1,3.5,0.5,0.9,1.2,-,1.3,0.5,0.1,1,-,-,-,-,39.9,1.8,1.1,32.3,4.6,0.8,0.1,0.7,0.1,-,-,-,-,-,0.1
722,Ramón Martínez,Sevilla FC,Laliga,22 years old (22-10-2002),185cm,Spain,Defender,,,1(1),95.0,-,-,-,-,89.8,1.5,-,6.74,,,-,-,-,-,-,-,-,-,-,0.5,-,0.5,-,0.5,2,1.5,0.5,1,-,1,1,-,-,-,7,-,-,-,-,-,-,-,24.5,3.5,1.5,18.5,1,-,-,-,-,-,-,-,-,-,-
723,José Ángel Carmona,Sevilla FC,Laliga,23 years old (29-01-2002),"1,84m",Spain,"Defender (Centre, Right), Midfielder (Right)",Right-Back,right,31,2665.0,-,-,9,-,82.3,1,-,6.74,"Jun 30, 2028",€12.00m,0.6,-,-,-,-,0.6,0.1,0.5,-,1.4,0.9,0.5,1.1,0.5,1.7,1,0.6,2.5,1,3.5,2,1.2,1.2,-,2.5,0.3,0.3,0.7,-,-,-,-,42.7,1.2,1.8,34,5.7,0.5,0.1,0.4,-,-,-,-,-,-,-
724,Kike Salas,Sevilla FC,Laliga,23 years old (23-04-2002),"1,88m",Spain,"Defender (Centre, Left)",Centre-Back,left,20(6),1833.0,1,2,5,-,79.7,2.5,1,6.74,"Jun 30, 2029",€8.00m,0.6,-,-,-,-,0.6,0.4,0.1,0.1,0.2,0.1,0.1,0.3,-,3.5,2.5,1,1.5,0.5,2,1.1,0.5,0.6,-,4.7,0.4,0.1,0.4,-,-,-,-,44.2,2.2,4.6,33.1,4.3,0.2,0.1,0.2,0.1,-,-,-,-,-,-
725,Saúl Ñíguez,Sevilla FC,Laliga,30 years old (21-11-1994),"1,84m",Spain,"Defender (Centre, Left), Midfielder (Centre, Left, Right)",Central Midfield,left,15(6),1402.0,1,6,7,1,80,1.7,2,6.74,"Jun 30, 2025",€3.50m,1.9,-,-,-,-,1.9,1,0.7,0.1,1.3,0.8,0.6,1.2,0.6,3.2,1.7,1.5,2,0.8,2.8,0.9,0.5,1.9,-,1.2,0.1,0.2,1,-,-,-,-,26.7,0.9,1.1,20.4,4.2,1,0.1,0.9,0.3,-,-,0.1,-,-,0.2
726,César Tárrega,Valencia CF,Laliga,23 years old (26-02-2002),"1,94m",Spain,Defender (Centre),Centre-Back,right,30,2667.0,2,-,5,-,84.2,2.8,2,6.74,"Jun 30, 2028",€6.00m,0.6,0.1,-,0.1,-,0.6,0.5,-,0.1,0.4,0.1,0.3,0.5,0.1,4.6,2.8,1.8,1.5,0.3,1.8,0.7,0.4,1.7,-,6.7,0.6,0.1,0.6,-,-,-,-,47,2.4,3.9,37.2,3.5,0.1,-,0.1,-,-,-,-,-,-,-
727,Kike García,Deportivo Alavés,Laliga,35 years old (25-11-1989),"1,86m",Spain,Forward,Centre-Forward,right,25(6),2221.0,12,-,3,1,67.5,3.2,1,6.73,"Jun 30, 2025",€900k,1.6,0.4,0.1,0.3,-,1.6,1.2,0.3,0.2,1,0.6,0.4,2.7,1.1,6.1,3.2,2.9,0.5,0.2,0.6,-,1.7,1.5,0.6,0.7,0.1,-,0.2,-,-,-,-,16.1,0.4,0.4,10.4,4.9,0.4,-,0.4,-,-,-,-,-,-,-
728,Florian Lejeune,Rayo Vallecano,Laliga,33 years old (20-05-1991),"1,90m",France,Defender (Centre),Centre-Back,right,32,2876.0,-,2,6,-,84.4,2.2,-,6.73,"Jun 30, 2027",€2.80m,1.5,-,-,-,-,1.5,0.5,0.9,0.1,0.2,-,0.1,0.4,0.1,3.8,2.2,1.6,1.3,0.6,1.9,0.9,0.5,1.4,-,4.6,0.9,0.1,0.2,-,-,-,-,55.4,4.6,5.2,42.2,3.4,0.3,0.1,0.3,0.1,-,-,-,-,-,0.1
729,Luis Rioja,Valencia CF,Laliga,31 years old (16-10-1993),"1,76m",Spain,"Midfielder (Left, Right)",Left Winger,left,29(2),2502.0,5,3,5,-,77.7,0.4,3,6.73,"Jun 30, 2026",€2.00m,0.9,0.2,-,0.1,-,0.9,0.5,0.4,-,2.6,1.5,1.2,1.1,1.1,1.1,0.4,0.7,0.9,0.8,1.7,0.7,1.1,0.5,0.3,0.9,-,0.4,0.9,-,-,-,-,26.8,1.1,1.1,19.7,4.9,1,0.3,0.7,0.1,-,-,-,-,-,0.1
730,Augusto Batalla,Rayo Vallecano,Laliga,28 years old (30-04-1996),"1,86m",Argentina,Goalkeeper,Goalkeeper,right,28,2520.0,-,-,5,-,63.9,0.2,1,6.73,"Jun 30, 2025",€6.00m,-,-,-,-,-,-,-,-,-,0.2,-,0.2,-,-,0.2,0.2,-,0.1,0.1,0.2,-,0.2,-,-,0.7,-,-,-,3,0.1,1.9,1,32.8,6.7,11.7,14.3,0.1,-,-,-,-,-,-,-,-,-,-
731,Jon Martín,Real Sociedad,Laliga,19 years old (23-04-2006),"1,87m",,Defender,Centre-Back,right,3(7),630.0,-,1,2,-,85.6,4.1,-,6.73,"Jun 30, 2030",€2.00m,0.8,-,-,-,-,0.8,0.7,-,0.1,-,-,-,0.4,-,5.2,4.1,1.1,0.8,0.3,1.1,0.6,-,1.6,-,5.1,0.7,0.1,0.3,-,-,-,-,36.1,1.6,1.8,29.3,3.4,0.3,-,0.3,0.1,-,-,-,-,-,0.1
732,Juan Iglesias,Getafe CF,Laliga,26 years old (03-07-1998),"1,87m",Spain,"Defender (Left, Right), Midfielder (Right)",Right-Back,right,27(5),2458.0,-,1,4,-,60.8,1,1,6.72,"Jun 30, 2026",€3.50m,0.6,-,-,-,-,0.6,0.1,0.4,0.1,1,0.6,0.4,0.9,0.4,2,1,1,2.3,1.2,3.5,1.3,1.2,1.3,-,3.4,0.2,0.2,1.1,-,-,-,-,21.8,1.4,3.6,11.9,5,0.6,0.2,0.4,-,-,-,-,-,-,-
733,Alberto Moleiro,UD Las Palmas,Laliga,21 years old (30-09-2003),"1,71m",Spain,Attacking Midfielder (Left),Attacking Midfield,right,28(3),2386.0,6,1,5,-,83.5,0.2,2,6.72,"Jun 30, 2026",€25.00m,2,0.2,0.1,0.1,-,2,1.1,0.7,0.1,4.2,2.5,1.8,2.2,1.3,0.8,0.2,0.6,0.8,1,1.8,0.5,1.2,0.9,0.1,0.2,-,0.1,0.7,-,-,-,-,28,0.6,0.6,22.8,4,1.1,0.1,1,-,-,-,-,-,-,-
734,Jorge Sáenz,CD Leganés,Laliga,28 years old (17-11-1996),"1,88m",Spain,Defender (Centre),Centre-Back,right,14(4),1243.0,1,-,3,1,83.4,1.8,2,6.72,"Jun 30, 2025",€1.20m,0.2,0.1,-,0.1,-,0.2,0.2,-,-,0.2,0.1,0.1,0.3,0.1,3.2,1.8,1.4,1.4,0.3,1.8,1.1,0.5,1.1,-,6.5,0.6,0.2,0.4,-,-,-,-,37.2,2.3,4.1,28.7,2.1,0.1,0.1,-,-,-,-,-,-,-,-
735,Arda Güler,Real Madrid,Laliga,20 years old (25-02-2005),"1,75m",Turkey,"Attacking Midfielder (Centre, Right)",Right Winger,left,9(14),863.0,2,3,1,-,89.1,0.3,-,6.72,"Jun 30, 2029",€45.00m,1.2,0.1,-,-,-,1.2,0.6,0.5,-,1.4,0.8,0.6,0.7,0.3,0.7,0.3,0.3,0.9,0.4,1.3,0.2,1.2,0.5,0.2,0.3,-,-,0.6,-,-,-,-,23.6,1.3,0.3,19.7,2.3,1.2,0.2,1,0.1,-,-,-,-,-,0.1
736,Santiago Mouriño,Deportivo Alavés,Laliga,23 years old (13-02-2002),"1,86m",Uruguay,Defender (Centre),Centre-Back,right,16(5),1487.0,-,1,5,-,78.4,1.4,-,6.72,"Jun 30, 2029",€2.00m,0.5,-,-,-,-,0.5,0.2,0.2,0.1,0.5,0.3,0.2,0.2,0.4,2.6,1.4,1.2,1.5,0.6,2.1,1.1,0.8,1.3,-,4.5,0.5,-,0.6,-,-,-,-,26.4,1.3,2.5,19.4,3.2,0.3,0.1,0.2,-,-,-,-,-,-,-
737,Fran García,Real Madrid,Laliga,25 years old (14-08-1999),"1,69m",,Defender (Left),Left-Back,left,19(7),1737.0,-,2,-,-,88.7,0.6,-,6.72,"Jun 30, 2027",€15.00m,0.5,-,-,-,-,0.5,0.3,0.1,0.1,0.7,0.5,0.3,0.6,0.3,1.3,0.6,0.7,1.4,0.5,1.9,0.9,0.6,0.4,0.1,1.8,0.2,0.6,0.7,-,-,-,-,39.2,0.9,1.2,33.9,3.2,0.7,-,0.7,0.1,-,-,-,-,-,0.1
738,Sergi Darder,RCD Mallorca,Laliga,31 years old (22-12-1993),"1,80m",Spain,"Midfielder (Centre, Left, Right)",Central Midfield,right,29(4),2331.0,1,5,3,-,82.4,0.3,4,6.72,"Jun 30, 2028",€4.00m,0.9,-,-,-,-,0.9,0.3,0.6,-,1.9,1,0.9,0.9,0.7,0.6,0.3,0.3,1.1,0.7,1.8,0.4,1,0.6,0.1,0.5,-,0.1,0.5,-,-,-,-,27.8,2.2,1.4,20.8,3.5,1.4,0.8,0.7,0.2,0.1,-,-,-,-,-
739,Miguel Gutiérrez,Girona FC,Laliga,23 years old (27-07-2001),"1,80m",Spain,"Defender (Left), Midfielder (Left)",Left-Back,left,29,2465.0,1,5,4,-,88.4,0.2,3,6.71,"Jun 30, 2027",€25.00m,1,-,-,-,-,1,0.4,0.6,-,1.9,0.9,1,1.3,0.9,0.7,0.2,0.6,1.3,0.7,2,0.6,1.2,1,0.2,1,0.2,0.1,0.3,-,-,-,-,39.4,1.2,1,33.7,3.6,1.4,0.3,1.1,0.2,0.1,-,-,-,-,0.1
740,Abde Ezzalzouli,Real Betis Balompié,Laliga,23 years old (17-12-2001),"1,77m",Morocco,Attacking Midfielder (Left),Left Winger,right,20(7),1743.0,2,2,2,-,75.1,0.7,1,6.71,"Jun 30, 2029",€12.00m,2.1,0.1,-,-,-,2.1,1.5,0.5,0.1,3.5,1.9,1.6,1.9,1.7,2,0.7,1.3,1.3,0.4,1.7,0.2,1.3,0.8,0.1,0.2,0.1,0.3,0.6,-,-,-,-,22.2,0.4,0.3,16.3,5.2,1,-,1,0.1,-,-,-,-,-,-
741,Bryan Gil,Girona FC,Laliga,24 years old (11-02-2001),"1,75m",Spain,"Midfielder (Centre, Left, Right)",Left Winger,left,21(4),1733.0,3,3,4,-,89.7,-,1,6.71,"Jun 30, 2025",€15.00m,1.3,0.1,0.1,-,-,1.3,0.7,0.5,0.1,4.2,2.5,1.6,2.2,1.6,0.2,-,0.2,1.4,0.6,2,0.4,1.6,0.9,0.2,0.3,-,0.1,1,-,-,-,-,26.7,0.4,0.2,23.5,2.6,0.8,0.2,0.7,0.1,0.1,-,-,-,-,-
742,Sandro Ramírez,UD Las Palmas,Laliga,29 years old (09-07-1995),"1,74m",Spain,"Attacking Midfielder (Left, Right), Forward",Centre-Forward,right,23(5),1880.0,8,3,6,-,74.7,0.4,2,6.71,"Jun 30, 2026",€2.50m,1.6,0.3,-,0.2,0.1,1.6,0.8,0.9,-,1.5,1,0.5,1.5,0.9,1,0.4,0.5,0.9,0.6,1.4,0.6,1.4,0.8,0.2,0.7,-,0.1,0.6,-,-,-,-,17.7,0.5,0.4,12.7,4,0.8,0.2,0.6,0.1,0.1,-,-,-,-,-
743,Wojciech Szczesny,FC Barcelona,Laliga,35 years old (18-04-1990),"1,95m",Poland,Goalkeeper,Goalkeeper,right,13,1170.0,-,-,-,-,88.1,0.1,-,6.71,"Jun 30, 2025",€1.00m,-,-,-,-,-,-,-,-,-,0.1,-,0.1,-,-,0.1,0.1,-,0.1,-,0.1,-,0.1,-,-,1.2,-,-,-,1.4,0.1,1.1,0.2,26.5,2,3,21.3,0.2,-,-,-,-,-,-,-,-,-,-
744,Axel Witsel,Atlético de Madrid,Laliga,36 years old (12-01-1989),"1,86m",Belgium,"Defender (Centre), Midfielder (Centre)",Centre-Back,right,8(4),757.0,-,1,1,-,90.2,1.9,-,6.7,"Jun 30, 2025",€2.50m,0.1,-,-,-,-,0.1,0.1,-,-,0.1,-,0.1,0.6,-,3.1,1.9,1.2,1.1,0.2,1.3,0.8,0.3,0.3,0.1,2.6,0.7,0.1,0.6,-,-,-,-,40.8,1.9,0.7,34.9,3.3,0.2,-,0.2,0.1,-,-,-,-,-,0.1
745,Aimar Oroz,CA Osasuna,Laliga,23 years old (27-11-2001),"1,77m",Spain,"Attacking Midfielder (Centre), Forward",Attacking Midfield,right,30(2),2535.0,4,2,7,-,83.9,0.4,3,6.7,"Jun 30, 2029",€15.00m,1.3,0.1,-,0.1,-,1.3,0.4,0.8,0.1,2.7,1.5,1.3,1.6,1.2,1.1,0.4,0.6,1,0.9,1.9,0.6,1.8,0.8,0.2,0.2,0.1,-,0.8,-,-,-,-,28,1.1,0.5,22.4,4,1,-,0.9,0.1,-,-,-,-,-,-
746,Iago Aspas,Celta de Vigo,Laliga,37 years old (01-08-1987),"1,76m",Spain,"Attacking Midfielder (Centre, Right), Forward",Centre-Forward,left,17(9),1580.0,9,3,3,1,75.6,0.3,3,6.7,"Jun 30, 2026",€2.50m,1.8,0.3,-,0.3,-,1.8,1.1,0.7,-,0.9,0.4,0.5,1.3,0.6,0.6,0.3,0.3,0.5,0.4,0.9,0.3,1.2,0.6,0.2,0.1,-,0.1,0.6,-,-,-,-,29,1.7,0.9,20.2,6.2,1.2,0.2,1,0.1,-,-,-,-,-,-
747,Lucas Vázquez,Real Madrid,Laliga,33 years old (01-07-1991),"1,73m",Spain,"Defender (Right), Midfielder (Right)",Right-Back,right,22(6),1929.0,1,4,4,-,89.8,0.3,-,6.7,"Jun 30, 2025",€3.50m,0.5,-,-,-,-,0.5,0.3,0.2,-,1.2,0.5,0.6,1.1,0.4,0.8,0.3,0.5,1.8,0.8,2.6,0.6,1.1,0.9,0.1,1,0.1,0.1,0.5,-,-,-,-,45,1,0.8,39.4,3.8,1.1,0.1,1,0.1,-,-,-,-,-,0.1
748,Edu Expósito,RCD Espanyol Barcelona,Laliga,28 years old (01-08-1996),"1,78m",Spain,Midfielder (Centre),Central Midfield,right,7(7),644.0,-,2,2,-,72.4,0.4,1,6.69,"Jun 30, 2027",€1.50m,0.8,-,-,-,-,0.8,0.3,0.5,-,1.4,0.7,0.7,1.1,0.6,1.2,0.4,0.8,1,0.8,1.8,0.7,1.1,0.9,-,1.1,-,-,0.2,-,-,-,-,17.9,0.8,1.6,12.1,3.4,1.3,0.8,0.5,0.1,0.1,0.1,-,0.1,-,-
749,Arsen Zakharyan,Real Sociedad,Laliga,21 years old (26-05-2003),"1,83m",Russia,"Midfielder (Centre, Left, Right)",Attacking Midfield,right,1(2),72.0,1,-,-,-,84.4,-,-,6.69,"Jun 30, 2029",€15.00m,1.3,0.3,-,-,0.3,1.3,0.3,1,-,0.3,-,0.3,0.3,-,-,-,-,0.3,-,0.3,0.3,-,0.3,-,-,0.3,-,-,-,-,-,-,10.7,0.7,0.7,8.3,1,0.3,0.3,-,-,-,-,-,-,-,-
750,Eric García,FC Barcelona,Laliga,24 years old (09-01-2001),"1,82m",Spain,"Defender (Centre, Right), Defensive Midfielder (C)",Centre-Back,right,10(14),1214.0,1,2,3,-,92.8,1.1,-,6.69,"Jun 30, 2026",€15.00m,0.5,-,-,-,-,0.5,0.3,-,0.2,0.3,0.2,0.2,0.5,0.2,2,1.1,0.9,1.2,0.3,1.4,0.4,0.2,0.7,-,1.5,0.3,-,0.5,-,-,-,-,42.6,0.9,0.7,38.6,2.4,0.2,-,0.2,0.1,-,-,-,-,-,0.1
751,Mario Maroto,Real Valladolid CF,Laliga,21 years old (28-11-2003),176cm,Spain,Midfielder,,,0(1),18.0,-,1,-,-,73.3,1,-,6.69,,,-,-,-,-,-,-,-,-,-,1,-,1,-,-,2,1,1,-,1,1,2,-,-,-,1,-,-,-,-,-,-,-,15,-,-,11,4,1,-,1,1,-,-,-,-,-,1
752,Mauro Arambarri,Getafe CF,Laliga,29 years old (30-09-1995),"1,75m",Uruguay,Midfielder (Centre),Central Midfield,right,27(4),2336.0,9,-,9,-,76.2,1.7,1,6.69,"Jun 30, 2028",€7.00m,1.5,0.3,0.1,0.2,-,1.5,0.8,0.4,0.2,1,0.5,0.5,1.8,0.9,3.4,1.7,1.7,1.4,0.6,2,0.4,1.5,1.4,0.1,1.3,0.2,-,0.8,-,-,-,-,22.6,1,1.8,16.2,3.6,0.5,-,0.5,-,-,-,-,-,-,-
753,Jesús Rodriguez,Real Betis Balompié,Laliga,19 years old (21-11-2005),"1,85m",Spain,Attacking Midfielder (Left),Left Winger,right,12(5),923.0,2,-,-,-,75.9,0.2,-,6.69,"Jun 30, 2029",€10.00m,1.3,0.1,-,0.1,0.1,1.3,0.8,0.5,-,4.5,2.9,1.6,1.6,0.9,0.5,0.2,0.4,0.9,0.4,1.2,0.4,2,0.6,0.1,0.1,-,0.1,0.8,-,-,-,-,14.9,0.2,0.1,11.1,3.5,0.4,-,0.4,-,-,-,-,-,-,-
754,Andoni Gorosabel,Athletic Bilbao,Laliga,28 years old (04-08-1996),"1,74m",Spain,"Defender (Right), Midfielder (Right)",Right-Back,right,15(3),1313.0,-,2,4,-,84.8,0.8,-,6.69,"Jun 30, 2028",€5.00m,0.1,-,-,-,-,0.1,0.1,0.1,-,0.6,0.3,0.2,0.8,0.8,1.9,0.8,1.1,2.2,0.8,3,0.8,0.2,1.2,0.1,2.4,0.1,0.3,0.8,-,-,-,-,33.3,0.5,0.9,27.7,4.1,0.7,0.1,0.7,0.1,0.1,-,-,-,-,-
755,Giuliano Simeone,Atlético de Madrid,Laliga,22 years old (18-12-2002),"1,73m",Argentina,"Attacking Midfielder (Left, Right)",Right Winger,right,22(6),1661.0,2,6,4,-,78.9,0.4,-,6.69,"Jun 30, 2028",€25.00m,0.7,0.1,-,0.1,-,0.7,0.6,0.1,-,2.3,1.3,1,1.8,0.6,1.2,0.4,0.8,0.8,0.5,1.3,0.4,1.3,0.7,0.3,0.5,0.1,0.2,0.5,-,-,-,-,22.4,0.1,0.3,17.6,4.4,0.7,0.1,0.6,0.2,0.1,-,-,-,-,0.1
756,Juan Cruz,CD Leganés,Laliga,25 years old (25-04-2000),"1,80m",Spain,"Midfielder (Left, Right)",Left Winger,left,23(8),2022.0,4,3,2,-,74.5,0.5,1,6.69,"Jun 30, 2028",€4.00m,1,0.1,-,-,0.1,1,0.4,0.5,-,2.4,1.2,1.2,1.1,0.6,1,0.5,0.6,1,0.5,1.5,0.4,0.6,0.4,0.2,0.8,0.1,0.1,0.4,-,-,-,-,16.3,0.5,0.9,11.6,3.3,0.7,0.2,0.5,0.1,0.1,-,-,-,-,-
757,Marc Roca,Real Betis Balompié,Laliga,28 years old (26-11-1996),"1,84m",Spain,"Defender (Centre), Defensive Midfielder (C)",Defensive Midfield,left,11(3),910.0,2,2,4,-,87.6,0.4,1,6.68,"Jun 30, 2029",€8.00m,0.9,0.1,0.1,-,0.1,0.9,0.4,0.4,0.1,0.4,0.1,0.3,0.6,0.5,1.3,0.4,0.9,1.4,0.6,2,1,0.4,1.1,-,0.9,0.4,0.1,0.9,-,-,-,-,37.6,1.9,2,31.1,2.6,0.9,0.1,0.7,0.1,-,-,-,-,-,0.1
758,Marc Bernal,FC Barcelona,Laliga,17 years old (26-05-2007),"1,91m",Spain,Midfielder,Defensive Midfield,left,3,244.0,-,-,2,-,92.5,0.3,-,6.68,"Jun 30, 2026",€5.00m,0.7,-,-,-,-,0.7,-,0.7,-,1,0.3,0.7,0.7,0.7,2.3,0.3,2,2.7,0.3,3,0.3,1,1.3,-,1.3,0.3,-,1.3,-,-,-,-,53.3,3,0.3,46.3,3.7,0.3,-,0.3,-,-,-,-,-,-,-
759,Dani Rodríguez,RCD Mallorca,Laliga,36 years old (06-06-1988),"1,78m",Spain,"Attacking Midfielder (Centre, Left, Right), Forward",Attacking Midfield,right,23(9),1909.0,4,7,5,-,76.4,0.8,1,6.68,"Jun 30, 2026",€900k,0.9,0.1,0.1,0.1,-,0.9,0.5,0.3,0.1,1,0.5,0.5,1.4,1.3,1.9,0.8,1.1,1.3,0.4,1.7,0.4,1.1,1.4,0.3,0.6,0.1,0.1,0.5,-,-,-,-,16.4,0.6,0.5,12,3.3,0.9,0.5,0.4,0.2,0.1,0.1,-,-,-,0.1
760,Íñigo Ruíz de Galarreta,Athletic Bilbao,Laliga,31 years old (06-08-1993),"1,75m",Spain,Defensive Midfielder (C),Central Midfield,right,14(7),1197.0,-,4,5,-,84.4,0.2,-,6.68,"Jun 30, 2025",€4.00m,0.4,-,-,-,-,0.4,0.1,0.3,-,0.9,0.3,0.6,0.8,0.7,0.7,0.2,0.4,1.6,0.5,2,0.5,0.6,1.6,-,0.4,0.1,-,0.2,-,-,-,-,31.4,1.8,1.3,24.8,3.6,1.1,-,1,0.2,0.1,-,-,-,-,-
761,Adrià Pedrosa,Sevilla FC,Laliga,26 years old (13-05-1998),"1,72m",Spain,"Defender (Left), Midfielder (Left)",Left-Back,left,24(3),2034.0,1,1,6,-,77.3,0.4,1,6.67,"Jun 30, 2028",€7.00m,0.7,-,-,-,-,0.7,0.1,0.6,-,1.3,0.7,0.6,1.2,0.5,1.4,0.4,1,2,0.8,2.9,0.7,0.6,1.2,-,2.5,0.3,0.4,1.1,-,-,-,-,28.6,1,3,21,3.5,0.6,0.1,0.4,-,-,-,-,-,-,-
762,Ferran Torres,FC Barcelona,Laliga,25 years old (29-02-2000),"1,84m",Spain,"Attacking Midfielder (Left, Right), Forward",Right Winger,right,11(15),1015.0,10,3,1,1,77.3,0.2,-,6.67,"Jun 30, 2027",€28.00m,1.7,0.4,-,0.3,0.1,1.7,0.9,0.5,0.3,0.7,0.3,0.4,1,0.3,0.5,0.2,0.3,0.3,0.2,0.5,0.2,0.5,0.2,0.2,0.2,-,-,0.2,-,-,-,-,12.2,0.2,0.2,9.3,2.5,0.6,-,0.6,0.1,-,-,-,-,-,0.1
763,Dani Parejo,Villarreal CF,Laliga,36 years old (16-04-1989),"1,82m",Spain,Midfielder (Centre),Central Midfield,right,23(8),2016.0,3,2,7,-,89.2,0.7,2,6.67,"Jun 30, 2026",€2.00m,0.4,0.1,-,0.1,-,0.4,0.2,0.2,-,0.3,0.1,0.2,0.5,0.4,1,0.7,0.3,1.5,0.7,2.2,0.7,0.9,0.6,-,0.9,0.2,0.1,0.5,-,-,-,-,44.4,2.8,1.4,36.7,3.4,0.6,0.2,0.5,0.1,-,-,-,-,-,-
764,Andrii Lunin,Real Madrid,Laliga,26 years old (11-02-1999),"1,91m",Ukraine,Goalkeeper,Goalkeeper,right,5,450.0,-,1,-,-,84.3,0.4,-,6.67,"Jun 30, 2030",€20.00m,-,-,-,-,-,-,-,-,-,-,-,-,-,-,0.4,0.4,-,-,-,-,-,0.2,-,-,1.4,-,-,-,2.2,-,1,1.2,28,4.8,4.2,18.8,0.2,0.2,0.2,-,0.2,-,-,-,-,-,0.2
765,Nemanja Gudelj,Sevilla FC,Laliga,33 years old (16-11-1991),"1,87m",Serbia,"Defender (Centre), Midfielder (Centre)",Defensive Midfield,right,24(2),2161.0,-,1,5,-,88.3,1.5,1,6.67,"Jun 30, 2026",€3.50m,0.6,-,-,-,-,0.6,-,0.6,-,0.2,0.1,0.2,0.7,0.1,2.5,1.5,1,1.4,0.4,1.8,1,0.5,0.9,-,3,0.4,0.1,0.6,-,-,-,-,45,1.5,2.2,38.2,3,0.5,0.1,0.4,-,-,-,-,-,-,-
766,Unai Simón,Athletic Bilbao,Laliga,27 years old (11-06-1997),"1,90m",Spain,Goalkeeper,Goalkeeper,right,16,1440.0,-,-,-,-,65.7,0.3,-,6.67,"Jun 30, 2029",€28.00m,-,-,-,-,-,-,-,-,-,-,-,-,0.1,0.1,0.3,0.3,-,-,-,-,0.1,0.1,-,-,0.8,-,-,0.1,2.5,0.1,1.6,0.8,25.7,5.6,8.8,11.3,0.1,-,-,-,-,-,-,-,-,-,-
767,Julen Agirrezabala,Athletic Bilbao,Laliga,24 years old (26-12-2000),"1,87m",Spain,Goalkeeper,Goalkeeper,left,14,1208.0,-,-,1,1,64.9,0.4,-,6.67,"Jun 30, 2027",€15.00m,-,-,-,-,-,-,-,-,-,-,-,-,0.1,-,0.4,0.4,-,-,0.1,0.1,-,0.1,0.2,-,0.8,-,-,-,1.8,0.2,1.1,0.5,25.4,4.9,8.9,11.6,-,-,-,-,-,-,-,-,-,-,-
768,Conor Gallagher,Atlético de Madrid,Laliga,25 years old (06-02-2000),"1,82m",England,"Midfielder (Centre, Left)",Central Midfield,right,18(9),1487.0,3,2,2,-,86.6,0.3,3,6.67,"Jun 30, 2029",€40.00m,0.7,0.1,-,0.1,-,0.7,0.3,0.4,-,1.4,0.9,0.6,0.8,0.8,1,0.3,0.7,1.6,1,2.5,0.7,1.3,0.9,-,0.7,0.1,0.2,0.6,-,-,-,-,26.6,0.4,0.6,22.6,2.9,0.4,-,0.4,0.1,-,-,-,-,-,0.1
769,Óscar Mingueza,Celta de Vigo,Laliga,25 years old (13-05-1999),"1,84m",Spain,"Defender (Centre, Right), Midfielder (Left, Right)",Right-Back,right,26(3),2310.0,3,6,6,1,81.1,0.3,-,6.67,"Jun 30, 2026",€20.00m,1,0.1,-,0.1,-,1,0.3,0.6,-,1.9,1.1,0.8,1.2,0.4,0.7,0.3,0.3,1.1,1.2,2.3,0.7,0.8,0.7,0.1,1,0.1,0.2,0.8,-,-,-,-,51.8,2.9,2.9,39.1,6.9,0.9,0.2,0.7,0.2,0.1,-,-,-,-,0.1
770,Kiko Femenía,Villarreal CF,Laliga,34 years old (02-02-1991),"1,74m",Spain,"Defender (Left, Right), Midfielder (Right)",Right-Back,right,26(1),2186.0,-,1,7,-,90.3,0.2,-,6.67,"Jun 30, 2025",€1.20m,0.1,-,-,-,-,0.1,-,0.1,-,0.9,0.3,0.6,0.8,0.4,0.6,0.2,0.4,1.8,0.9,2.7,1.5,0.5,0.7,-,2,0.4,0.3,0.4,-,-,-,-,45.5,1.6,1,39.5,3.4,0.6,0.1,0.5,-,-,-,-,-,-,-
771,Juma Bah,RC Lens,Laliga,19 years old (11-04-2006),195cm,,Defender (Centre),,,10(2),865.0,-,-,1,-,81.5,2.6,1,6.66,,,0.3,-,-,-,-,0.3,0.2,-,0.1,0.3,0.1,0.3,0.3,0.4,3.7,2.6,1.1,0.8,0.2,1,1,0.5,0.5,-,4.9,0.7,0.1,0.6,-,-,-,-,33.8,1.9,3.6,25.6,2.7,0.1,0.1,-,-,-,-,-,-,-,-
772,Pau López,Toluca,Laliga,30 years old (13-12-1994),189cm,Spain,Goalkeeper,,,0(1),45.0,-,-,-,-,72.7,1,-,6.66,,,-,-,-,-,-,-,-,-,-,-,-,-,-,-,1,1,-,-,-,-,-,1,-,-,1,-,-,-,1,-,-,1,22,4,6,12,-,-,-,-,-,-,-,-,-,-,-
773,Yeremy Pino,Villarreal CF,Laliga,22 years old (20-10-2002),"1,72m",Spain,"Attacking Midfielder (Left, Right)",Right Winger,right,21(9),1672.0,3,5,10,-,77.8,0.4,1,6.66,"Jun 30, 2027",€30.00m,0.8,0.1,-,0.1,-,0.8,0.7,-,0.1,1.6,0.9,0.6,1.6,0.7,0.8,0.4,0.4,1.7,0.9,2.6,0.3,0.9,1.5,0.5,0.5,0.1,-,1.1,-,-,-,-,18.5,0.4,0.3,14,3.8,1.1,0.1,1,0.2,-,-,-,-,-,0.1
774,Carles Aleñá,Deportivo Alavés,Laliga,27 years old (05-01-1998),"1,80m",Spain,"Attacking Midfielder (Centre, Left, Right)",Central Midfield,left,8(1),675.0,-,2,1,-,79.9,0.8,-,6.66,"Jun 30, 2025",€2.50m,1,-,-,-,-,1,0.4,0.6,-,2,1.1,0.9,1.4,0.7,1.3,0.8,0.6,1.7,0.8,2.4,-,1.9,0.7,-,0.1,-,-,0.7,-,-,-,-,34.2,1,0.6,26.3,6.3,1.2,0.3,0.9,0.2,-,-,-,0.1,-,0.1
775,José María Giménez,Atlético de Madrid,Laliga,30 years old (20-01-1995),"1,85m",Uruguay,"Defender (Centre, Right)",Centre-Back,right,19(7),1817.0,-,1,5,-,91.3,1.3,2,6.66,"Jun 30, 2028",€20.00m,0.2,-,-,-,-,0.2,0.2,-,-,0.1,-,0.1,0.2,0.1,2.7,1.3,1.3,0.8,0.4,1.3,1,0.5,0.5,-,4,0.6,-,0.4,-,-,-,-,46.6,3.5,1.9,39.1,2.2,0.1,-,-,-,-,-,-,-,-,-
776,Pablo Torre,FC Barcelona,Laliga,22 years old (03-04-2003),"1,73m",Spain,Attacking Midfielder (Centre),Attacking Midfield,right,4(6),309.0,3,1,-,-,85.4,0.1,-,6.66,"Jun 30, 2026",€7.50m,0.6,0.3,-,0.1,0.2,0.6,0.1,0.5,-,0.6,0.4,0.2,0.5,0.6,0.7,0.1,0.6,0.5,0.2,0.7,0.3,0.8,0.4,0.1,0.4,-,0.1,-,-,-,-,-,20.6,0.3,0.2,17.3,2.8,0.8,0.1,0.7,0.1,-,-,0.1,-,-,-
777,Robin Le Normand,Atlético de Madrid,Laliga,28 years old (11-11-1996),"1,87m",Spain,Defender (Centre),Centre-Back,right,20(3),1790.0,-,-,8,-,90.2,2,-,6.66,"Jun 30, 2029",€40.00m,0.3,-,-,-,-,0.3,0.2,-,0.1,0.2,0.1,0.1,0.5,0.3,3.5,2,1.5,1,0.3,1.3,0.3,1,1.4,0.1,4,0.3,-,0.3,-,-,-,-,46.1,1.2,2.3,40.4,2.2,0.2,-,0.1,-,-,-,-,-,-,-
778,Pape Gueye,Villarreal CF,Laliga,26 years old (24-01-1999),"1,89m",Senegal,Midfielder (Centre),Defensive Midfield,left,22(7),1919.0,2,-,3,2,81.6,1,1,6.65,"Jun 30, 2028",€10.00m,1.5,0.1,-,-,0.1,1.5,0.8,0.6,0.1,1,0.7,0.3,1.1,0.6,1.8,1,0.8,1.8,0.2,2,0.8,1.9,1,0.1,1.4,0.3,0.1,0.6,-,-,-,-,32.7,2.6,2.2,24.1,3.8,0.6,-,0.6,-,-,-,-,-,-,-
779,Martin Valjent,RCD Mallorca,Laliga,29 years old (11-12-1995),"1,87m",Slovakia,Defender (Centre),Centre-Back,right,27,2405.0,2,-,4,-,85.8,1.5,-,6.65,"Jun 30, 2029",€6.00m,0.4,0.1,-,0.1,-,0.4,0.3,-,-,0.3,0.1,0.2,0.4,-,2.8,1.5,1.3,1,0.1,1.1,0.6,0.4,0.5,-,5.9,0.7,0.3,0.4,-,-,-,-,40.6,2.6,3.1,32.2,2.6,0.1,-,0.1,-,-,-,-,-,-,-
780,Rodrigo De Paul,Atlético de Madrid,Laliga,30 years old (24-05-1994),"1,80m",Argentina,"Attacking Midfielder (Centre, Left, Right), Forward",Central Midfield,right,18(11),1735.0,3,4,6,-,84,0.1,1,6.65,"Jun 30, 2026",€25.00m,0.5,0.1,-,-,0.1,0.5,0.1,0.3,-,1,0.6,0.3,0.9,0.7,0.4,0.1,0.2,0.8,0.6,1.4,0.2,1.2,0.5,-,0.4,0.1,-,0.7,-,-,-,-,46.4,2.8,2.2,36.2,5.2,1.2,0.2,1,0.1,-,-,0.1,-,-,-
781,Jan Oblak,Atlético de Madrid,Laliga,32 years old (07-01-1993),"1,88m",Slovenia,Goalkeeper,Goalkeeper,right,32,2880.0,-,-,-,-,74.7,0.1,1,6.65,"Jun 30, 2028",€25.00m,-,-,-,-,-,-,-,-,-,0.1,-,0.1,-,-,0.1,0.1,-,-,-,-,-,0.1,-,-,0.7,-,-,-,2.4,0.1,1.5,0.8,21.3,4.1,5.3,11.8,0.1,-,-,-,-,-,-,-,-,-,-
782,Luiz Júnior,Villarreal CF,Laliga,24 years old (14-01-2001),"1,92m",Brazil,Goalkeeper,Goalkeeper,left,12(1),1097.0,-,-,2,-,67.9,0.4,1,6.65,"Jun 30, 2030",€5.00m,-,-,-,-,-,-,-,-,-,-,-,-,0.1,-,0.5,0.4,0.1,-,-,-,-,0.2,-,-,1.8,-,-,-,2.5,0.2,1.1,1.2,23,4.4,7.2,11.2,0.2,-,-,-,-,-,-,-,-,-,-
783,César Azpilicueta,Atlético de Madrid,Laliga,35 years old (28-08-1989),"1,78m",Spain,"Defender (Centre, Left, Right), Midfielder (Right)",Centre-Back,right,9(3),743.0,1,-,-,-,86.9,0.9,1,6.65,"Jun 30, 2025",€1.80m,0.4,0.1,-,-,0.1,0.4,0.3,0.2,-,0.2,0.1,0.1,0.5,-,1.9,0.9,1,1.9,0.5,2.4,0.3,0.4,0.6,0.2,2,0.2,0.3,0.3,-,-,-,-,42.1,1.3,2.3,35.3,3.3,0.2,0.1,0.1,-,-,-,-,-,-,-
784,Chidera Ejuke,Sevilla FC,Laliga,27 years old (02-01-1998),"1,76m",Nigeria,"Attacking Midfielder (Centre, Left, Right), Forward",Left Winger,right,9(13),946.0,2,1,-,-,83.9,0.2,2,6.65,"Jun 30, 2027",€6.00m,0.9,0.1,-,0.1,-,0.9,0.5,0.4,-,3.7,1.7,2,1.5,1,0.6,0.2,0.4,0.9,0.5,1.3,0.2,0.7,0.3,0.2,0.3,-,-,0.5,-,-,-,-,18,0.9,0.3,14.3,2.6,0.8,0.1,0.7,-,-,-,-,-,-,-
785,Dinko Horkas,UD Las Palmas,Laliga,26 years old (10-03-1999),"1,89m",Croatia,Goalkeeper,Goalkeeper,right,6(2),634.0,-,-,1,-,76.1,-,-,6.65,"Jun 30, 2028",€1.20m,-,-,-,-,-,-,-,-,-,-,-,-,-,-,-,-,-,-,-,-,-,-,0.1,-,0.9,-,-,-,2.9,0.4,1.3,1.3,36.1,7.4,8.5,20.1,0.1,-,-,-,-,-,-,-,-,-,-
786,Marko Dmitrovic,CD Leganés,Laliga,33 years old (24-01-1992),"1,89m",Serbia,Goalkeeper,Goalkeeper,left,27,2430.0,-,-,-,-,37,0.4,-,6.64,"Jun 30, 2025",€800k,-,-,-,-,-,-,-,-,-,-,-,-,-,-,0.4,0.4,-,-,-,0.1,-,0.2,-,-,1.5,-,-,-,3.1,0.2,1.7,1.2,29.7,6.2,18.7,4.8,-,-,-,-,-,-,-,-,-,-,-
787,Sergio Carreira,Celta de Vigo,Laliga,24 years old (13-10-2000),"1,70m",Spain,Midfielder (Right),Right-Back,right,16(4),1424.0,-,4,-,-,79.2,0.2,-,6.64,"Jun 30, 2025",€3.00m,0.6,-,-,-,-,0.6,0.5,0.1,-,1.4,0.8,0.6,0.8,0.7,0.8,0.2,0.7,1.4,0.5,1.8,0.8,0.3,0.8,0.1,1.4,0.1,0.4,0.8,-,-,-,-,29.3,1,1.6,22.2,4.5,0.8,0.2,0.6,0.2,0.1,-,0.1,-,-,0.1
788,Enzo Boyomo,CA Osasuna,Laliga,23 years old (07-10-2001),"1,84m",Cameroon,Defender (Centre),Centre-Back,right,28(1),2538.0,2,-,5,-,87.1,0.8,1,6.64,"May 30, 2029",€20.00m,0.3,0.1,-,-,-,0.3,0.3,-,-,0.4,0.2,0.2,0.6,0.3,2,0.8,1.2,2,0.2,2.2,1.1,0.2,1.3,-,3.6,0.7,0.2,0.4,-,-,-,-,40.5,1.8,2.4,33.5,2.8,0.1,0.1,-,-,-,-,-,-,-,-
789,Johan Mojica,RCD Mallorca,Laliga,32 years old (21-08-1992),"1,85m",Colombia,"Defender (Left), Midfielder (Left)",Left-Back,left,27(4),2459.0,1,2,5,-,77.1,0.3,1,6.64,"Jun 30, 2027",€2.20m,0.5,-,-,-,-,0.5,0.2,0.3,-,2.6,1.7,1,1.5,0.8,0.8,0.3,0.5,1.1,0.6,1.7,0.8,0.7,0.6,-,1.9,0.1,0.5,0.2,-,-,-,-,32.4,2.6,3.3,22.4,4.1,1.2,0.2,1,0.1,0.1,-,-,-,-,-
790,Viktor Tsygankov,Girona FC,Laliga,27 years old (15-11-1997),"1,78m",Ukraine,"Midfielder (Centre, Left, Right)",Right Winger,left,18(4),1499.0,2,4,1,-,83,0.3,1,6.64,"Jun 30, 2027",€22.00m,1.2,0.1,-,-,-,1.2,0.7,0.5,-,1.1,0.7,0.5,1.1,1,1,0.3,0.7,0.7,0.4,1.1,0.5,1.1,0.5,0.1,0.5,-,-,0.2,-,-,-,-,26.5,0.4,0.3,21.5,4.2,1.2,0.5,0.7,0.2,0.2,0.1,-,-,-,-
791,Christantus Uche,Getafe CF,Laliga,21 years old (19-05-2003),"1,90m",Nigeria,"Attacking Midfielder (Centre), Forward",Attacking Midfield,both,27(3),2247.0,3,5,6,2,67.8,2.8,2,6.63,"Jun 30, 2028",€8.00m,1.5,0.1,-,0.1,-,1.5,1.2,0.4,-,2.8,1.8,1,3.5,2.1,6.8,2.8,4,0.9,0.3,1.2,0.3,2.2,1.7,0.6,0.6,0.1,-,0.5,-,-,-,-,17.1,0.2,0.6,11.4,4.9,0.8,-,0.8,0.2,-,-,-,-,-,0.2
792,Joan Jordán,Deportivo Alavés,Laliga,30 years old (06-07-1994),"1,85m",Spain,Midfielder (Centre),Central Midfield,right,15(7),1348.0,4,2,3,-,82,0.7,1,6.63,"Jun 30, 2025",€2.50m,0.7,0.2,-,0.1,-,0.7,0.3,0.4,-,0.3,-,0.3,0.7,0.3,1.3,0.7,0.5,1.4,0.6,2,0.4,0.5,1.2,-,0.8,-,-,0.5,-,-,-,-,35.4,3.1,2.5,26,3.9,1.3,0.5,0.7,0.1,-,-,-,-,-,-
793,Carlos Romero,RCD Espanyol Barcelona,Laliga,23 years old (29-10-2001),"1,74m",Spain,Defender (Left),Left-Back,left,23(6),2107.0,2,1,6,-,76,0.4,1,6.63,"Jun 30, 2025",€3.00m,0.8,0.1,-,0.1,-,0.8,0.4,0.3,-,1.2,0.7,0.5,1,0.3,1.2,0.4,0.8,2,1.1,3.1,0.8,0.4,0.8,-,2.6,0.4,0.4,0.9,-,-,-,-,21.4,0.7,1.5,15.6,3.7,0.8,0.1,0.7,-,-,-,-,-,-,-
794,Umar Sadiq,Valencia CF,Laliga,28 years old (02-02-1997),"1,91m",Nigeria,Forward,Centre-Forward,right,7(5),653.0,5,-,4,-,72.2,1.8,1,6.63,"Jun 30, 2025",€5.00m,1.6,0.4,0.2,0.3,-,1.6,1.2,0.3,0.2,1.7,0.8,0.8,2.8,1.8,3.4,1.8,1.7,0.6,0.2,0.7,0.1,1,2.2,0.7,0.4,-,-,0.4,-,-,-,-,12,0.2,0.1,8.5,3.3,0.4,-,0.4,-,-,-,-,-,-,-
795,Yuri Berchiche,Athletic Bilbao,Laliga,35 years old (10-02-1990),"1,81m",Spain,"Defender (Left), Midfielder (Left)",Left-Back,left,18(8),1681.0,-,2,4,-,86,0.8,-,6.63,"Jun 30, 2025",€1.50m,0.5,-,-,-,-,0.5,-,0.5,-,0.5,0.3,0.2,0.4,0.1,1.5,0.8,0.6,1.2,0.4,1.7,0.8,0.6,0.5,0.1,1.8,0.1,-,0.7,-,-,-,-,35.9,1.6,1.5,29.2,3.5,0.7,-,0.6,0.1,-,-,-,-,-,-
796,David Soria,Getafe CF,Laliga,32 years old (04-04-1993),"1,92m",Spain,Goalkeeper,Goalkeeper,right,33,2970.0,-,-,1,-,47.4,0.2,1,6.63,"Jun 30, 2026",€4.00m,-,-,-,-,-,-,-,-,-,-,-,-,0.1,-,0.2,0.2,-,0.1,-,0.2,-,-,-,-,1,-,-,-,2.2,0.1,1.3,0.7,25.1,8.1,13.2,3.8,-,-,-,-,-,-,-,-,-,-,-
797,Domingos Duarte,Getafe CF,Laliga,30 years old (10-03-1995),"1,92m",Portugal,Defender (Centre),Centre-Back,right,17(1),1531.0,1,-,1,1,78.1,1.3,-,6.62,"Jun 30, 2026",€800k,0.2,0.1,-,0.1,-,0.2,0.2,-,-,-,-,-,0.1,0.1,2.2,1.3,0.9,1.3,0.2,1.5,0.7,0.7,1.1,-,6.8,0.8,0.1,0.6,-,-,-,-,30.2,2.7,3.8,20.9,2.8,0.1,0.1,0.1,-,-,-,-,-,-,-
798,Sergio González,CD Leganés,Laliga,33 years old (20-04-1992),"1,89m",Spain,Defender (Centre),Centre-Back,right,31(1),2754.0,2,-,2,1,84,1.8,2,6.62,"Jun 30, 2025",€1.50m,0.4,0.1,-,-,-,0.4,0.3,-,0.1,0.1,-,0.1,0.2,0.1,3.5,1.8,1.8,1.1,0.4,1.5,1.2,0.3,0.9,0.2,5.3,0.9,0.1,0.2,-,-,-,-,44.3,3,4.3,34.2,2.7,0.2,-,0.2,-,-,-,-,-,-,-
799,Beñat Prados,Athletic Bilbao,Laliga,24 years old (08-02-2001),"1,80m",Spain,Defensive Midfielder (C),Central Midfield,right,19(8),1545.0,1,-,7,-,81.9,1.1,1,6.62,"Jun 30, 2031",€18.00m,0.6,-,-,-,-,0.6,0.3,0.3,-,0.9,0.5,0.4,0.8,0.6,1.9,1.1,0.8,1.7,1,2.7,1,0.5,1.2,-,0.7,0.1,0.2,0.7,-,-,-,-,26.3,0.5,1.2,21.1,3.6,0.4,-,0.4,-,-,-,-,-,-,-
800,Arnau Martínez,Girona FC,Laliga,22 years old (25-04-2003),"1,82m",Spain,"Defender (Right), Midfielder (Right)",Right-Back,right,25(2),2222.0,2,2,2,-,88.1,1,-,6.62,"Jun 30, 2027",€10.00m,0.7,0.1,-,0.1,-,0.7,0.4,0.2,0.1,1.2,0.6,0.6,0.8,0.4,1.7,1,0.7,1.4,1,2.4,0.9,1.3,0.6,0.1,1.9,0.2,0.4,0.3,-,-,-,-,50.8,1.3,1.6,43.4,4.5,0.6,0.1,0.5,0.1,-,-,-,-,-,0.1
801,Antonio Rüdiger,Real Madrid,Laliga,32 years old (03-03-1993),"1,90m",Germany,"Defender (Centre, Left, Right)",Centre-Back,right,26(3),2292.0,-,-,3,-,92.2,1.2,-,6.62,"Jun 30, 2026",€24.00m,0.8,-,-,-,-,0.8,0.4,0.3,0.1,0.2,0.1,0.1,0.2,0.1,2.1,1.2,0.9,0.7,0.1,0.8,0.3,0.5,0.5,0.1,3.2,0.5,0.1,0.3,-,-,-,-,63.4,3.9,2.3,54.6,2.6,0.2,0.1,0.1,-,-,-,-,-,-,-
802,Óscar De Marcos,Athletic Bilbao,Laliga,36 years old (14-04-1989),"1,82m",Spain,"Defender (Left, Right), Midfielder (Centre, Right)",Right-Back,right,15(8),1380.0,-,4,-,-,79.3,0.3,-,6.62,"Jun 30, 2025",€1.50m,0.3,-,-,-,-,0.3,0.1,0.1,-,0.7,0.6,0.1,0.4,0.3,0.8,0.3,0.5,1.2,0.7,1.9,0.6,0.2,0.6,-,1.1,-,0.2,0.6,-,-,-,-,29.7,1.8,1.9,21.7,4.3,0.8,0.2,0.6,0.2,-,-,-,-,-,0.1
803,Samuel Lino,Atlético de Madrid,Laliga,25 years old (23-12-1999),"1,77m",Brazil,"Defender (Left), Midfielder (Centre, Left, Right), Forward",Left Winger,right,18(8),1276.0,3,2,3,-,80.9,0.5,1,6.62,"Jun 30, 2027",€25.00m,1.3,0.1,-,-,-,1.3,1,0.3,0.1,1.4,0.8,0.7,1,0.6,0.9,0.5,0.4,0.9,1,2,0.3,1,0.5,0.1,0.4,0.2,-,0.6,-,-,-,-,23.8,1.3,0.7,17.9,3.9,0.6,-,0.5,0.1,-,-,-,-,-,-
804,Pathé Ciss,Rayo Vallecano,Laliga,31 years old (16-03-1994),"1,86m",Senegal,Defensive Midfielder (C),Central Midfield,right,21(8),1845.0,4,1,9,-,85.8,1.5,2,6.62,"Jun 30, 2027",€2.00m,0.7,0.1,0.1,0.1,-,0.7,0.4,0.2,0.1,0.7,0.3,0.4,0.5,0.7,2.4,1.5,0.9,1.5,0.7,2.2,1.2,0.8,1.4,-,1.8,0.2,0.1,0.7,-,-,-,-,35.2,1.7,1.4,28.5,3.6,0.6,-,0.5,-,-,-,-,-,-,-
805,Kirian Rodríguez,UD Las Palmas,Laliga,29 years old (05-03-1996),"1,78m",Spain,Midfielder (Centre),Attacking Midfield,right,21,1768.0,-,3,2,-,86.8,0.6,1,6.62,"Jun 30, 2028",€12.00m,1,-,-,-,-,1,0.3,0.6,-,0.8,0.2,0.5,1,0.7,1.4,0.6,0.8,1.6,1,2.6,0.5,0.9,0.4,-,1,0.2,-,0.9,-,-,-,-,56,2.1,1.6,46.6,5.8,0.8,0.1,0.7,0.1,-,-,-,-,-,0.1
806,Luka Sucic,Real Sociedad,Laliga,22 years old (08-09-2002),"1,85m",Croatia,Attacking Midfielder (Centre),Central Midfield,left,19(5),1579.0,1,1,3,-,84.5,1,1,6.62,"Jun 30, 2029",€18.00m,1.5,-,-,-,-,1.5,0.5,1,-,2,1.1,1,1.2,0.6,1.9,1,0.9,1,0.6,1.6,0.5,0.6,0.5,0.1,0.6,0.1,-,1,-,-,-,-,31.2,1.1,0.8,25.3,4.1,0.9,-,0.9,-,-,-,-,-,-,-
807,Álex Muñoz,UD Las Palmas,Laliga,30 years old (30-07-1994),"1,87m",Spain,Defender (Left),Left-Back,left,16(3),1306.0,3,-,3,-,81.8,1.2,2,6.61,"Jun 30, 2026",€1.20m,0.4,0.2,-,0.2,-,0.4,0.3,0.1,0.1,0.4,0.4,0.1,0.4,0.1,2.3,1.2,1.1,1.9,0.9,2.8,0.8,0.6,1.4,0.1,3.1,0.6,0.4,0.8,-,-,-,-,30.4,0.8,1.7,24.1,3.8,0.4,-,0.4,-,-,-,-,-,-,-
808,Robert Navarro,RCD Mallorca,Laliga,23 years old (12-04-2002),"1,78m",Spain,"Attacking Midfielder (Left, Right)",Attacking Midfield,right,15(8),1286.0,1,-,3,-,80,0.2,-,6.61,"Jun 30, 2025",€6.00m,0.8,-,-,-,-,0.8,0.5,0.2,0.1,2.9,1.4,1.5,2,1.5,0.6,0.2,0.4,1.3,0.4,1.7,0.8,0.9,0.6,0.1,0.3,-,0.2,0.7,-,-,-,-,18.9,0.5,0.6,14.6,3.2,0.6,-,0.6,-,-,-,-,-,-,-
809,Daley Blind,Girona FC,Laliga,35 years old (09-03-1990),"1,80m",Netherlands,"Defender (Centre, Left), Defensive Midfielder (C), Midfielder (Left)",Centre-Back,left,26(3),2329.0,-,2,2,-,90.6,0.6,1,6.61,"Jun 30, 2026",€2.00m,0.2,-,-,-,-,0.2,0.1,0.1,-,0.8,0.4,0.4,0.4,0.3,1.3,0.6,0.7,1.4,0.4,1.8,0.8,0.4,0.6,-,2.5,0.3,0.2,0.7,-,-,-,-,74.1,4.5,2.7,62.7,4.3,0.6,0.1,0.4,0.1,-,-,-,-,-,-
810,Nicolas Pépé,Villarreal CF,Laliga,29 years old (29-05-1995),"1,83m",Ivory Coast,"Attacking Midfielder (Centre, Left, Right), Forward",Right Winger,left,11(12),1133.0,1,3,3,-,83,0.7,-,6.61,"Jun 30, 2026",€6.00m,1.4,-,-,-,-,1.4,1,0.4,-,2.1,1.3,0.9,1.8,0.6,1.3,0.7,0.6,0.5,0.3,0.8,0.2,0.7,0.7,0.3,0.3,-,-,0.4,-,-,-,-,20.2,0.5,0.2,16.3,3.2,0.9,-,0.9,0.1,-,-,-,-,-,0.1
811,Brahim Díaz,Real Madrid,Laliga,25 years old (03-08-1999),"1,70m",Morocco,"Attacking Midfielder (Centre, Left, Right), Forward",Right Winger,both,15(13),1275.0,4,2,-,-,88.5,0.1,-,6.61,"Jun 30, 2027",€45.00m,0.9,0.1,-,0.1,-,0.9,0.6,0.1,0.2,1.6,0.8,0.8,1.4,0.8,0.6,0.1,0.5,0.8,0.4,1.2,0.1,1.1,0.4,-,-,-,-,0.5,-,-,-,-,20.9,0.2,0.2,18.3,2.2,0.7,-,0.7,0.1,-,-,-,-,-,0.1
812,Viti Rozada,UD Las Palmas,Laliga,27 years old (16-09-1997),"1,72m",,Defender (Right),Right-Back,right,19(6),1665.0,-,2,5,-,84,0.6,-,6.61,"Jun 30, 2027",€2.50m,0.1,-,-,-,-,0.1,-,0.1,-,0.7,0.4,0.3,1,0.2,1.4,0.6,0.8,2.6,0.5,3.1,1,1.1,1,-,1.6,0.2,0.4,0.8,-,-,-,-,23,0.9,1.2,18.5,2.5,0.4,0.1,0.4,0.1,-,-,-,-,-,0.1
813,Javi Puado,RCD Espanyol Barcelona,Laliga,26 years old (25-05-1998),"1,77m",Spain,"Attacking Midfielder (Centre, Left, Right), Forward",Left Winger,right,30,2580.0,11,3,5,-,78.6,0.3,1,6.61,"Jun 30, 2025",€8.00m,2,0.4,0.1,0.2,-,2,1.1,0.8,0.1,1.9,1.2,0.7,2.1,0.9,1.1,0.3,0.9,0.6,0.2,0.8,0.1,0.8,0.6,0.2,0.5,0.1,-,0.3,-,-,-,-,18.1,0.6,0.6,13.6,3.3,0.7,-,0.7,0.1,-,-,0.1,-,-,-
814,Hugo Álvarez,Celta de Vigo,Laliga,21 years old (02-07-2003),"1,76m",Spain,"Midfielder (Left, Right)",Left Winger,right,15(8),1442.0,4,3,6,-,79,0.3,1,6.61,"Jun 30, 2028",€7.50m,1,0.2,-,0.1,-,1,0.8,0.2,-,2.9,1.7,1.2,1.3,0.5,0.6,0.3,0.3,1,0.3,1.3,0.3,0.6,1,0.1,0.7,-,0.4,0.7,-,-,-,-,34,0.7,1,26.2,6.1,0.7,-,0.7,0.1,-,-,-,-,-,0.1
815,Jasper Cillessen,UD Las Palmas,Laliga,36 years old (22-04-1989),"1,87m",Netherlands,Goalkeeper,Goalkeeper,right,27,2337.0,-,-,1,-,63.4,0.1,-,6.61,"Jun 30, 2026",€900k,-,-,-,-,-,-,-,-,-,-,-,-,0.1,-,0.2,0.1,0.1,-,0.1,0.1,-,0.2,-,-,0.6,-,-,-,3.3,0.1,2.2,1,31.7,5.5,11.6,14.6,0.1,-,-,-,-,-,-,-,-,-,-
816,Enzo Boyomo,CA Osasuna,Laliga,23 years old (07-10-2001),"1,84m",Cameroon,Defender (Centre),Centre-Back,right,3,270.0,-,-,-,-,91.6,1,-,6.61,"May 30, 2029",€20.00m,0.7,-,-,-,-,0.7,0.7,-,-,0.3,-,0.3,-,-,2.7,1,1.7,2,-,2,0.3,-,1,-,2,1,0.3,0.3,-,-,-,-,63.3,1,2.7,57,2.7,-,-,-,-,-,-,-,-,-,-
817,Tanguy Nianzou,Sevilla FC,Laliga,22 years old (07-06-2002),"1,91m",France,Defender (Centre),Centre-Back,right,6,519.0,-,-,1,1,90.8,3,-,6.61,"Jun 30, 2027",€3.00m,0.3,-,-,-,-,0.3,0.3,-,-,0.5,-,0.5,0.5,-,3.5,3,0.5,1.2,0.2,1.3,1.3,0.8,1.7,-,4.3,-,0.2,0.2,-,-,-,-,52.3,1,1.5,46.5,3.3,-,-,-,-,-,-,-,-,-,-
818,Álvaro García,Rayo Vallecano,Laliga,32 years old (27-10-1992),"1,67m",Spain,"Attacking Midfielder (Centre, Left)",Left Winger,both,24(7),2192.0,3,5,4,-,70.8,0.2,2,6.6,"Jun 30, 2028",€2.50m,1.8,0.1,-,0.1,-,1.8,1.3,0.5,0.1,0.8,0.5,0.3,1.6,0.4,0.7,0.2,0.5,1,0.5,1.5,1,0.6,0.5,0.4,1,-,0.3,1,-,-,-,-,20.8,0.7,1.2,14,4.9,1.4,-,1.4,0.2,-,-,-,-,-,0.2
819,Álex Remiro,Real Sociedad,Laliga,30 years old (24-03-1995),"1,91m",Spain,Goalkeeper,Goalkeeper,right,32,2880.0,-,-,-,-,70.4,0.3,1,6.6,"Jun 30, 2027",€25.00m,-,-,-,-,-,-,-,-,-,-,-,-,0.1,-,0.3,0.3,-,-,-,0.1,-,0.2,-,-,0.9,-,-,-,2.5,0.1,1.5,0.8,31.9,6.4,9.1,16.1,0.3,-,-,-,-,-,-,-,-,-,-
820,Diego López,Valencia CF,Laliga,22 years old (13-05-2002),"1,72m",,"Attacking Midfielder (Left, Right), Forward",Right Winger,right,30(3),2429.0,7,5,2,-,75.7,0.4,1,6.6,"Jun 30, 2027",€10.00m,1.2,0.2,0.1,0.1,-,1.2,0.7,0.3,0.2,2.2,1.5,0.7,1.7,0.7,1.9,0.4,1.5,0.8,0.9,1.7,0.4,0.9,0.5,0.4,0.3,-,-,0.7,-,-,-,-,21.9,0.6,0.2,16,5.1,1,-,0.9,0.2,-,-,-,-,-,0.1
821,Dário Essugo,UD Las Palmas,Laliga,20 years old (14-03-2005),"1,78m",Portugal,Defensive Midfielder (C),Defensive Midfield,right,21(1),1658.0,1,-,6,2,84.8,1.2,-,6.6,"Jun 30, 2025",€15.00m,1,-,-,-,-,1,0.2,0.7,-,0.7,0.2,0.5,1.5,0.9,2.5,1.2,1.3,2.4,0.7,3.1,1.9,1.3,1.4,-,1.7,0.4,0.2,0.7,-,-,-,-,36.6,1.6,1.4,29.4,4.1,0.5,-,0.5,-,-,-,-,-,-,-
822,Yvan Neyou,CD Leganés,Laliga,28 years old (03-01-1997),"1,80m",Cameroon,Defensive Midfielder (C),Defensive Midfield,right,25(2),2170.0,1,1,13,-,87,0.9,1,6.6,"Jun 30, 2025",€2.50m,0.5,-,-,-,-,0.5,0.1,0.4,-,1.4,0.7,0.7,1,0.8,1.6,0.9,0.7,2,0.8,2.7,0.9,1.8,1.2,-,1.3,0.2,0.1,1,-,-,-,-,36.9,1.5,1,30.6,3.8,0.4,-,0.4,-,-,-,-,-,-,-
823,Igor Zubeldia,Real Sociedad,Laliga,28 years old (30-03-1997),"1,81m",Spain,"Defender (Centre), Defensive Midfielder (C)",Centre-Back,right,25,2049.0,-,-,6,1,85.8,2.4,2,6.6,"Jun 30, 2029",€18.00m,0.4,-,-,-,-,0.4,0.3,0.1,-,0.1,-,0.1,0.3,-,5.7,2.4,3.3,1.3,0.4,1.7,1,0.4,1.4,-,3.6,0.7,0.1,0.5,-,-,-,-,52.2,2.4,4,42.4,3.4,0.2,-,0.1,-,-,-,-,-,-,-
824,Álvaro Rodríguez,Getafe CF,Laliga,20 years old (14-07-2004),"1,93m",,Forward,Centre-Forward,left,5(14),704.0,2,-,5,-,51.4,4.3,1,6.6,"Jun 30, 2025",€2.50m,1.2,0.1,-,0.1,-,1.2,0.9,0.3,-,1.6,0.8,0.7,1.7,0.9,8.1,4.3,3.8,0.5,0.2,0.7,0.2,0.9,1.4,0.3,0.6,-,-,1.1,-,-,-,-,9.7,-,0.3,5,4.5,0.2,-,0.2,-,-,-,-,-,-,-
825,Juan Soriano,CD Leganés,Laliga,27 years old (23-08-1997),"1,85m",Spain,Goalkeeper,Goalkeeper,right,7,541.0,-,-,1,1,47.3,-,-,6.6,"Jun 30, 2027",€1.20m,-,-,-,-,-,-,-,-,-,-,-,-,-,-,-,-,-,0.1,-,0.1,-,0.4,-,-,0.6,-,-,-,2.7,-,2.3,0.4,23.6,5.1,12.4,6,-,-,-,-,-,-,-,-,-,-,-
826,Selvi Clua,Almeria,Laliga,20 years old (29-01-2005),189cm,Spain,Midfielder,,,2(2),163.0,-,-,-,-,80.6,1.5,-,6.6,,,0.5,-,-,-,-,0.5,-,0.5,-,1,0.5,0.5,0.3,-,2.3,1.5,0.8,2,0.5,2.5,0.5,-,1.3,-,1.5,-,-,0.3,-,-,-,-,23.3,1,1.3,17.8,3.3,0.3,-,0.3,-,-,-,-,-,-,-
827,Yarek Gasiorowski,Valencia CF,Laliga,20 years old (12-01-2005),"1,92m",,"Defender (Centre, Left)",Centre-Back,left,9(5),940.0,-,-,1,-,81.5,1.7,-,6.6,"Jun 30, 2027",€12.00m,0.2,-,-,-,-,0.2,0.1,-,0.1,-,-,-,0.1,-,2.6,1.7,0.9,1.4,0.3,1.7,1.8,0.1,0.4,-,3.6,0.4,0.2,0.8,-,-,-,-,32.9,2.1,2.7,24.6,3.4,0.2,0.1,0.1,-,-,-,-,-,-,-
828,Ladislav Krejcí,Girona FC,Laliga,26 years old (20-04-1999),"1,91m",Czech Republic,Defender (Centre),Centre-Back,left,24(1),2080.0,2,-,9,-,90.5,2.1,-,6.59,"Jun 30, 2029",€12.00m,0.6,0.1,-,-,-,0.6,0.3,0.2,0.2,0.4,0.2,0.2,0.6,0.3,3,2.1,0.9,0.8,0.5,1.3,1.2,0.6,0.9,-,3.2,0.8,0.1,0.2,-,-,-,-,74.4,2.5,3.1,64.8,4,0.2,-,0.2,-,-,-,-,-,-,-
829,Jonathan Bamba,Chicago Fire FC,Laliga,29 years old (26-03-1996),175cm,Ivory Coast,"Attacking Midfielder (Centre, Left, Right), Forward",,,10(2),815.0,-,1,1,-,82.8,0.5,-,6.59,,,1.1,-,-,-,-,1.1,0.6,0.5,-,3.2,1.9,1.3,1.7,1.1,1.3,0.5,0.8,1,0.6,1.6,0.4,1.4,0.6,0.3,0.4,-,0.1,0.5,-,-,-,-,27.1,0.5,0.5,21.9,4.2,1,0.1,0.9,0.1,0.1,-,-,-,-,-
830,Mouctar Diakhaby,Valencia CF,Laliga,28 years old (19-12-1996),"1,92m",Guinea,"Defender (Centre), Defensive Midfielder (C)",Centre-Back,right,3(5),274.0,2,-,-,-,78.7,0.9,-,6.59,"Jun 30, 2027",€2.00m,0.9,0.3,0.1,0.1,-,0.9,0.6,-,0.3,0.1,-,0.1,0.3,0.1,1.1,0.9,0.3,0.6,0.1,0.8,0.4,0.1,0.3,-,2.4,0.4,0.3,0.1,-,-,-,-,11.8,1,1.5,8.3,1,0.1,-,0.1,-,-,-,-,-,-,-
831,Isi Palazón,Rayo Vallecano,Laliga,30 years old (27-12-1994),"1,69m",Spain,"Attacking Midfielder (Centre, Right), Forward",Second Striker,left,20(10),1720.0,3,3,4,-,83.5,0.4,1,6.59,"Jun 30, 2028",€4.00m,1.5,0.1,0.1,-,-,1.5,0.4,1,0.1,1.9,1.2,0.7,1.1,1.2,1.4,0.4,1,0.7,0.7,1.5,0.3,1.3,1.2,0.1,0.4,-,-,0.6,-,-,-,-,23.7,1,0.6,18.8,3.3,1.1,0.3,0.8,0.1,0.1,0.1,-,-,-,-
832,Nahuel Molina,Atlético de Madrid,Laliga,27 years old (06-04-1998),"1,75m",Argentina,"Defender (Right), Midfielder (Right)",Right-Back,right,16(9),1422.0,-,3,-,-,82.4,0.4,-,6.58,"Jun 30, 2027",€25.00m,0.3,-,-,-,-,0.3,0.2,0.2,-,1.1,0.6,0.6,0.8,0.1,0.8,0.4,0.5,1.6,0.9,2.5,0.4,0.2,0.4,-,1.5,0.1,0.3,0.5,-,-,-,-,34.5,1,1.4,27.4,4.7,0.5,0.1,0.4,0.1,0.1,-,-,-,-,-
833,Natan,Real Betis Balompié,Laliga,24 years old (06-02-2001),"1,88m",Brazil,"Defender (Centre, Left)",Centre-Back,left,18(8),1722.0,1,1,3,1,88.5,2,-,6.58,"Jun 30, 2025",€9.00m,0.3,-,-,-,-,0.3,0.3,-,-,-,-,-,0.4,0.3,3,2,1,1.2,0.1,1.3,0.8,0.4,0.5,-,3.7,0.5,-,0.3,-,-,-,-,37.9,1.7,2,31.8,2.4,0.2,0.1,0.1,-,-,-,-,-,-,-
834,Aritz Arambarri,Eibar,Laliga,27 years old (31-01-1998),186cm,Spain,Defender,,,2,178.0,-,-,-,-,73.1,3,-,6.58,,,0.5,-,-,-,-,0.5,0.5,-,-,-,-,-,0.5,-,7,3,4,0.5,-,0.5,1.5,-,-,-,4,1,-,-,-,-,-,-,33.5,0.5,7,24,2,-,-,-,-,-,-,-,-,-,-
835,Coba da Costa,Getafe CF,Laliga,22 years old (26-07-2002),"1,82m",,Midfielder (Left),Left Winger,right,11(5),894.0,1,1,4,-,69.1,1.1,-,6.58,"Jun 30, 2026",€3.00m,1.3,0.1,0.1,-,-,1.3,0.8,0.4,0.1,3,2,1,1.6,1.2,2.1,1.1,1.1,1.7,0.8,2.4,0.4,0.6,0.5,-,0.4,-,-,1.3,-,-,-,-,13.8,0.3,0.5,9.3,3.8,0.6,0.1,0.5,0.1,-,-,-,-,-,0.1
836,Matija Nastasic,CD Leganés,Laliga,32 years old (28-03-1993),"1,87m",Serbia,Defender (Centre),Centre-Back,left,23(2),2035.0,1,-,3,-,82.7,1.4,1,6.58,"Jun 30, 2026",€1.00m,0.1,-,-,-,-,0.1,0.1,-,-,-,-,-,0.2,-,2.1,1.4,0.7,1,0.3,1.3,0.8,0.2,0.6,0.1,6.2,1.2,-,0.4,-,-,-,-,33.1,2,3.5,25.4,2.2,0.1,-,0.1,-,-,-,-,-,-,-
837,Pablo Fornals,Real Betis Balompié,Laliga,29 years old (22-02-1996),"1,78m",Spain,"Midfielder (Centre, Left, Right)",Attacking Midfield,right,19(3),1548.0,1,-,2,-,82.5,0.9,-,6.58,"Jun 30, 2029",€6.00m,0.9,-,-,-,-,0.9,0.5,0.4,-,1,0.8,0.2,0.9,0.5,1.6,0.9,0.8,0.7,0.8,1.5,0.9,0.5,0.5,0.1,0.5,-,0.1,0.8,-,-,-,-,39.1,1.7,0.9,30.5,6,1.5,0.4,1.2,-,-,-,-,-,-,-
838,Ricardo Rodríguez,Real Betis Balompié,Laliga,32 years old (25-08-1992),"1,82m",Switzerland,"Defender (Centre, Left), Midfielder (Left)",Left-Back,left,12(3),1024.0,-,-,-,-,83.9,1.4,-,6.57,"Jun 30, 2026",€2.50m,0.3,-,-,-,-,0.3,-,0.3,-,0.3,0.1,0.2,0.2,0.1,2.4,1.4,1,1.7,0.5,2.2,0.4,0.3,0.7,-,2.3,0.1,0.1,0.5,-,-,-,-,33.1,0.6,1.5,27.2,3.9,0.3,0.1,0.3,-,-,-,-,-,-,-
839,Yáser Asprilla,Girona FC,Laliga,21 years old (19-11-2003),"1,76m",Colombia,"Attacking Midfielder (Centre, Left, Right), Forward",Right Winger,left,12(10),1122.0,3,-,2,-,80.2,0.2,1,6.57,"Jun 30, 2030",€18.00m,1.5,0.1,-,-,0.1,1.5,0.6,0.9,-,2.5,1.4,1.2,1.6,0.6,0.2,0.2,-,0.6,0.4,1,0.2,0.9,0.5,-,0.1,-,-,0.5,-,-,-,-,20.9,1.1,0.6,15.6,3.5,0.9,0.3,0.6,-,-,-,-,-,-,-
840,Rui Silva,Sporting CP,Laliga,31 years old (07-02-1994),191cm,Portugal,Goalkeeper,,,15,1350.0,-,-,1,-,75.7,0.1,-,6.57,,,-,-,-,-,-,-,-,-,-,-,-,-,0.1,-,0.1,0.1,-,-,0.1,0.1,-,0.1,0.1,-,0.5,-,-,0.1,2.5,0.3,1.4,0.7,30.1,3.8,7.1,19,0.2,0.1,0.1,-,-,-,-,-,-,-,-
841,Adnan Januzaj,UD Las Palmas,Laliga,30 years old (05-02-1995),"1,86m",Belgium,"Attacking Midfielder (Centre, Left, Right)",Right Winger,left,3(10),376.0,2,1,4,-,81.3,0.1,1,6.56,"Jun 30, 2025",€1.20m,0.9,0.2,-,0.1,0.1,0.9,0.2,0.7,-,1.8,1.2,0.6,1.5,0.3,0.7,0.1,0.6,0.5,0.2,0.7,-,0.9,0.2,-,0.1,-,0.1,0.3,-,-,-,-,13.2,0.9,0.5,9.8,1.9,0.8,0.3,0.5,0.1,-,-,0.1,-,-,-
842,Fermín López,FC Barcelona,Laliga,21 years old (11-05-2003),"1,74m",Spain,"Attacking Midfielder (Centre, Left)",Attacking Midfield,right,9(14),939.0,3,4,3,1,86.2,0.3,1,6.56,"Jun 30, 2029",€50.00m,1.3,0.1,-,0.1,-,1.3,0.7,0.6,0.1,2,1,1,1.3,0.6,1.2,0.3,0.8,0.8,0.8,1.6,0.2,0.7,0.8,0.2,0.1,-,-,0.3,-,-,-,-,20.4,0.9,0.3,16.7,2.5,0.8,0.1,0.7,0.2,-,-,-,-,-,0.2
843,Stefan Bajcetic,UD Las Palmas,Laliga,20 years old (22-10-2004),"1,85m",Spain,Defensive Midfielder (C),Defensive Midfield,right,9(2),766.0,1,-,3,-,73,0.9,-,6.56,"Jun 30, 2025",€9.00m,0.3,0.1,-,0.1,-,0.3,0.1,0.2,-,1.5,0.8,0.7,1.5,0.4,1.7,0.9,0.8,2.3,1.3,3.5,1.1,0.9,1.5,-,2.1,0.4,-,1.6,-,-,-,-,30.3,2.4,3.6,19.7,4.5,0.5,0.2,0.4,-,-,-,-,-,-,-
844,Renato Tapia,CD Leganés,Laliga,29 years old (28-07-1995),"1,85m",Peru,"Defender (Centre), Defensive Midfielder (C)",Defensive Midfield,right,23(6),2008.0,1,-,6,-,78.5,0.8,-,6.56,"Jun 30, 2026",€3.50m,0.3,-,-,-,-,0.3,0.1,0.2,-,1,0.5,0.6,0.9,0.4,1.5,0.8,0.7,1.8,0.7,2.4,0.8,1.1,1.1,-,2.2,0.7,0.2,1,-,-,-,-,28.3,1.7,2.7,20.6,3.4,0.2,-,0.1,-,-,-,-,-,-,-
845,Dominik Greif,RCD Mallorca,Laliga,28 years old (06-04-1997),"1,97m",Slovakia,Goalkeeper,Goalkeeper,right,27,2430.0,-,-,1,-,65.8,0.3,-,6.56,"Jun 30, 2026",€6.00m,-,-,-,-,-,-,-,-,-,0.1,-,0.1,-,-,0.4,0.3,0.1,-,-,-,-,0.1,-,-,0.7,-,-,-,2.3,0.1,1.5,0.7,29.7,7.3,10.1,12.2,-,-,-,-,-,-,-,-,-,-,-
846,Hugo Duro,Valencia CF,Laliga,25 years old (10-11-1999),"1,77m",Spain,"Attacking Midfielder (Left), Forward",Centre-Forward,left,22(4),1895.0,8,2,3,-,71.3,2.2,1,6.56,"Jun 30, 2028",€10.00m,1.7,0.3,0.1,0.2,-,1.7,1.4,0.1,0.2,0.8,0.5,0.3,2,1.2,5.9,2.2,3.7,0.5,0.3,0.7,0.4,1.6,1.2,0.3,0.3,0.1,-,0.3,-,-,-,-,14.1,0.2,0.3,9.9,3.8,0.5,-,0.5,0.1,-,-,-,-,-,0.1
847,Javi Muñoz,UD Las Palmas,Laliga,30 years old (28-02-1995),"1,77m",Spain,Midfielder (Centre),Central Midfield,right,26(6),2421.0,1,3,5,-,80.1,0.4,1,6.55,"Jun 30, 2025",€2.50m,0.7,-,-,-,-,0.7,0.3,0.4,-,1.1,0.4,0.7,0.8,0.4,1.2,0.4,0.8,1.3,0.9,2.2,0.9,0.8,0.8,0.1,0.9,0.1,0.2,0.6,-,-,-,-,32,1.8,1.9,23.9,4.5,0.9,0.3,0.7,0.1,-,-,-,-,-,-
848,Jon Moncayola,CA Osasuna,Laliga,26 years old (13-05-1998),"1,82m",Spain,"Defender (Right), Midfielder (Centre, Right)",Central Midfield,right,26(4),2077.0,-,-,8,-,80.3,0.5,-,6.55,"Jun 30, 2031",€7.00m,0.7,-,-,-,-,0.7,0.5,0.2,-,0.4,0.3,0.1,0.8,0.3,1.1,0.5,0.6,2.3,1,3.2,0.4,0.3,1.1,-,0.6,0.1,-,1,-,-,-,-,28.5,1.7,1.8,21.2,3.8,1,0.4,0.6,-,-,-,-,-,-,-
849,Alex Král,RCD Espanyol Barcelona,Laliga,26 years old (19-05-1998),"1,86m",Czech Republic,Midfielder (Centre),Central Midfield,right,28(5),2584.0,-,1,1,-,74.7,1.1,-,6.55,"Jun 30, 2025",€6.00m,0.6,-,-,-,-,0.6,0.4,0.2,-,1.6,0.8,0.8,1.5,0.9,2,1.1,0.9,1.6,0.4,2,0.8,0.7,0.8,-,1.3,0.4,0.1,0.6,-,-,-,-,23,1.1,1.2,16.1,4.7,0.4,0.1,0.3,-,-,-,-,-,-,-
850,Manu Morlanes,RCD Mallorca,Laliga,26 years old (12-01-1999),"1,78m",Spain,Defensive Midfielder (C),Central Midfield,right,15(6),1304.0,-,-,6,-,90,0.5,-,6.55,"Jun 30, 2028",€2.50m,0.5,-,-,-,-,0.5,0.1,0.4,-,0.4,0.2,0.1,0.4,0.5,1.3,0.5,0.8,2.1,0.6,2.7,1.1,0.6,0.7,-,0.8,0.3,-,0.5,-,-,-,-,31.1,1.1,0.8,26.9,2.3,0.5,-,0.5,-,-,-,-,-,-,-
851,Hamari Traoré,Real Sociedad,Laliga,33 years old (27-01-1992),"1,75m",Mali,"Defender (Right), Midfielder (Right)",Right-Back,right,6(2),506.0,-,1,1,-,87.3,0.6,-,6.55,"Jun 30, 2026",€3.00m,0.1,-,-,-,-,0.1,0.1,-,-,0.5,0.3,0.3,0.5,0.1,1.8,0.6,1.1,1.8,0.6,2.4,0.8,0.4,1,-,2,0.1,-,0.4,-,-,-,-,34.4,1.5,1.1,28.5,3.3,0.3,-,0.3,0.1,-,-,-,-,-,0.1
852,Pep Chavarría,Rayo Vallecano,Laliga,27 years old (10-04-1998),"1,74m",Spain,"Defender (Left), Midfielder (Left)",Left-Back,left,24(5),2196.0,-,1,3,-,83.4,0.7,-,6.55,"Jun 30, 2027",€3.50m,0.3,-,-,-,-,0.3,0.1,0.1,0.1,1,0.7,0.3,1.2,0.2,1.5,0.7,0.8,1.3,0.5,1.8,0.9,0.8,0.8,0.1,2.7,0.3,0.5,0.8,-,-,-,-,35.4,1.3,2,28.2,3.9,0.7,-,0.6,-,-,-,-,-,-,-
853,Aitor Paredes,Athletic Bilbao,Laliga,25 years old (29-04-2000),"1,85m",Spain,Defender (Centre),Centre-Back,right,18(2),1545.0,3,-,2,1,84.7,1.4,1,6.55,"Jun 30, 2029",€22.00m,0.3,0.2,0.2,-,-,0.3,-,-,0.3,0.1,0.1,-,0.4,0.1,2.7,1.4,1.3,0.6,0.4,0.9,1.1,0.3,0.9,-,5.2,0.5,0.1,0.5,-,-,-,-,41.4,3.3,3.9,31.8,2.5,0.1,-,0.1,-,-,-,-,-,-,-
854,Iñaki Peña,FC Barcelona,Laliga,26 years old (02-03-1999),"1,84m",Spain,Goalkeeper,Goalkeeper,right,14(1),1304.0,-,-,1,-,87,0.1,-,6.54,"Jun 30, 2026",€10.00m,-,-,-,-,-,-,-,-,-,-,-,-,-,-,0.1,0.1,-,-,0.1,0.1,-,-,-,-,1.7,-,-,-,2.3,-,1.5,0.8,34.3,2.7,4.4,27.1,0.1,-,-,-,-,-,-,-,-,-,-
855,Oliver McBurnie,UD Las Palmas,Laliga,28 years old (04-06-1996),"1,88m",Scotland,"Attacking Midfielder (Centre, Left), Forward",Centre-Forward,right,16(13),1478.0,2,6,1,-,66.7,2.5,-,6.54,"Jun 30, 2027",€2.50m,0.9,0.1,-,-,-,0.9,0.8,-,0.1,0.9,0.5,0.4,1.1,0.7,4.9,2.5,2.4,0.4,0.2,0.6,0.1,0.6,0.9,0.2,0.7,0.2,-,0.3,-,-,-,-,12.6,0.1,0.1,8.3,4.1,0.8,-,0.8,0.2,-,-,-,-,-,0.2
856,André Almeida,Valencia CF,Laliga,24 years old (30-05-2000),"1,76m",Portugal,"Midfielder (Centre, Left), Forward",Attacking Midfield,right,21(9),1742.0,-,3,2,-,89.5,0.1,-,6.54,"Jun 30, 2028",€8.00m,0.5,-,-,-,-,0.5,0.2,0.3,-,1.7,1,0.7,1.1,1.2,0.6,0.1,0.5,1.5,0.6,2.1,0.3,1,0.8,0.1,0.4,-,0.1,0.5,-,-,-,-,24.7,0.9,0.4,21.2,2.2,1.2,0.3,0.9,0.1,-,-,-,-,-,0.1
857,Iván Villar,Celta de Vigo,Laliga,27 years old (09-07-1997),"1,86m",Spain,Goalkeeper,Goalkeeper,right,4,360.0,-,-,-,-,78.4,0.3,-,6.54,"Jun 30, 2027",€900k,-,-,-,-,-,-,-,-,-,-,-,-,-,-,0.5,0.3,0.3,-,-,-,-,-,-,-,1.3,-,-,-,2.8,-,2,0.8,25.5,1.3,5,18.8,0.5,-,-,-,-,-,-,-,-,-,-
858,Copete,RCD Mallorca,Laliga,25 years old (10-10-1999),"1,90m",,Defender (Centre),Centre-Back,left,14(9),1373.0,-,-,6,-,83.3,1.2,2,6.54,"Jun 30, 2026",€2.80m,0.3,-,-,-,-,0.3,0.2,-,-,0.2,-,0.2,0.3,0.1,1.8,1.2,0.6,1.1,-,1.2,0.7,0.5,1.1,-,4.8,0.7,0.1,0.3,-,-,-,-,29.4,2,2.3,22.5,2.6,-,-,-,-,-,-,-,-,-,-
859,Alfonso Espino,Rayo Vallecano,Laliga,33 years old (05-01-1992),"1,72m",Uruguay,Defender (Left),Left-Back,left,8(4),731.0,-,-,4,-,76.6,1,-,6.54,"Jun 30, 2026",€1.50m,0.7,-,-,-,-,0.7,0.2,0.4,0.1,0.8,0.4,0.4,0.6,0.7,1.8,1,0.8,3,1.6,4.6,0.8,1,1.3,-,1.8,0.5,0.3,0.7,-,-,-,-,27.8,0.9,2.5,20.4,4,0.2,0.1,0.1,-,-,-,-,-,-,-
860,Javi Rodríguez,Celta de Vigo,Laliga,21 years old (26-06-2003),"1,78m",,Defender (Centre),Centre-Back,right,22(9),2109.0,2,2,7,-,86.1,1.2,1,6.54,"Jun 30, 2028",€10.00m,0.3,0.1,-,-,-,0.3,0.2,0.1,0.1,0.4,0.2,0.2,0.6,0.1,2.1,1.2,0.9,1.5,0.4,1.8,1,0.5,1,-,2.4,0.3,0.4,0.6,-,-,-,-,44.2,1.8,2.3,36.2,3.9,0.4,-,0.3,0.1,-,-,-,-,-,0.1
861,Marc-André ter Stegen,FC Barcelona,Laliga,32 years old (30-04-1992),"1,87m",Germany,Goalkeeper,Goalkeeper,right,6,497.0,-,-,-,-,90.1,0.3,-,6.54,"Jun 30, 2028",€15.00m,-,-,-,-,-,-,-,-,-,-,-,-,-,-,0.3,0.3,-,-,0.2,0.2,-,0.3,-,-,0.7,-,-,-,1.7,-,1.3,0.3,28.7,3.5,2.5,22.3,0.3,-,-,-,-,-,-,-,-,-,-
862,Iker Almena,Al Qadasiya,Laliga,20 years old (04-05-2004),177cm,Spain,Forward,,,0(2),46.0,-,1,-,-,80.8,-,-,6.54,,,0.5,-,-,-,-,0.5,-,0.5,-,1.5,0.5,1,0.5,-,-,-,-,-,0.5,0.5,-,0.5,-,-,1,-,-,0.5,-,-,-,-,13,-,-,10.5,2.5,1,-,1,0.5,-,-,-,-,-,0.5
863,Koke,Atlético de Madrid,Laliga,33 years old (08-01-1992),"1,76m",Spain,"Midfielder (Centre, Left, Right)",Central Midfield,right,16(11),1590.0,1,1,4,-,87.5,0.3,2,6.53,"Jun 30, 2025",€10.00m,0.3,-,-,-,-,0.3,0.1,0.1,-,0.7,0.4,0.3,0.5,0.2,0.7,0.3,0.4,1.6,0.7,2.2,0.7,0.4,0.7,-,0.9,0.1,-,0.7,-,-,-,-,46.7,1.9,2,39,3.9,0.4,-,0.4,-,-,-,-,-,-,-
864,Diego Conde,Villarreal CF,Laliga,26 years old (28-10-1998),"1,88m",Spain,Goalkeeper,Goalkeeper,right,21,1873.0,-,1,2,-,76.4,0.1,1,6.53,"Jun 30, 2029",€10.00m,-,-,-,-,-,-,-,-,-,-,-,-,-,-,0.1,0.1,-,0.1,0.1,0.2,-,-,-,-,0.8,-,-,-,2.8,0.3,1.5,0.9,23.8,4,5.2,14.1,0.4,0.1,0.1,-,-,-,-,-,-,-,-
865,Mika Mármol,UD Las Palmas,Laliga,23 years old (01-07-2001),"1,81m",Spain,"Defender (Centre, Left)",Centre-Back,left,23(3),2041.0,-,1,4,-,80.3,0.7,-,6.53,"Jun 30, 2026",€12.00m,0.3,-,-,-,-,0.3,0.1,0.2,-,0.4,0.2,0.2,0.5,0.1,1.3,0.7,0.7,1.9,0.5,2.5,1.4,0.2,1,0.1,3.4,0.5,0.2,1,-,-,-,-,40.7,2.3,4,30.3,4,0.5,0.1,0.4,-,-,-,-,-,-,-
866,Jorge de Frutos,Rayo Vallecano,Laliga,28 years old (20-02-1997),"1,73m",Spain,"Attacking Midfielder (Left, Right)",Right Winger,right,26(5),2170.0,4,3,2,1,73.9,0.4,2,6.53,"Jun 30, 2028",€4.00m,1.4,0.1,-,0.1,-,1.4,0.9,0.4,0.1,2.9,2,0.9,2.1,1.1,1,0.4,0.6,1.1,0.9,2,0.5,0.9,1.1,0.1,0.4,-,0.3,0.5,-,-,-,-,17.2,0.3,0.5,12.5,4,0.9,0.1,0.8,0.1,0.1,-,-,-,-,-
867,Óscar Rodríguez,CD Leganés,Laliga,26 years old (28-06-1998),"1,74m",Spain,"Attacking Midfielder (Centre, Left, Right), Forward",Attacking Midfield,right,12(13),1221.0,1,4,6,1,77.3,0.4,2,6.53,"Jun 30, 2026",€2.00m,1.1,-,-,-,-,1.1,0.3,0.8,-,2,1.2,0.8,1.3,0.4,1.3,0.4,0.9,1.2,0.6,1.8,0.7,0.9,0.7,-,0.7,-,-,0.3,-,-,-,-,18,0.9,1,13,3.1,0.7,0.2,0.5,0.2,-,-,-,-,-,0.1
868,Abdel Abqar,Deportivo Alavés,Laliga,26 years old (10-03-1999),"1,88m",Morocco,Defender (Centre),Centre-Back,right,29,2468.0,-,1,13,-,76.9,1.4,-,6.53,"Jun 30, 2025",€7.50m,0.4,-,-,-,-,0.4,0.2,-,0.2,0.1,-,0.1,0.6,0.1,2.7,1.4,1.2,1.2,0.5,1.7,1.3,1.1,1.6,0.1,5,0.6,0.1,0.3,-,-,-,-,31.9,2.9,5.2,21.7,2.2,0.3,0.1,0.2,-,-,-,-,-,-,-
869,Adrián Pica,Deportivo Alavés,Laliga,23 years old (25-04-2002),"1,90m",,Defender (Centre),Centre-Back,,5(3),485.0,-,-,1,-,77.8,2.1,-,6.53,"Jun 30, 2026",€1.50m,0.5,-,-,-,-,0.5,0.5,-,-,0.1,-,0.1,0.3,0.1,3.5,2.1,1.4,1.1,0.6,1.8,1,0.4,0.8,-,2.6,0.8,0.3,0.1,-,-,-,-,24.3,2.4,2.3,16.5,3.1,0.1,-,0.1,-,-,-,-,-,-,-
870,Abel Bretones,CA Osasuna,Laliga,24 years old (21-08-2000),"1,88m",Spain,Defender (Left),Left-Back,left,19(12),1926.0,2,-,3,-,75.7,0.6,-,6.53,"Jun 30, 2029",€3.00m,0.4,0.1,-,-,-,0.4,0.2,0.2,-,1.1,0.5,0.6,0.8,0.5,1.1,0.6,0.5,1.8,0.7,2.5,0.5,0.9,0.7,0.1,1.6,0.1,0.4,0.8,-,-,-,-,22.7,1,2,16.2,3.5,0.5,0.1,0.4,-,-,-,-,-,-,-
871,Alfon González,Celta de Vigo,Laliga,25 years old (04-05-1999),"1,72m",Spain,Attacking Midfielder (Left),Left Winger,,11(11),1147.0,4,2,1,1,78.9,0.1,2,6.53,"Jun 30, 2025",€2.00m,1.9,0.2,-,0.1,-,1.9,1.3,0.6,-,2.5,1.5,1,1.1,0.9,0.7,0.1,0.5,0.3,0.4,0.6,0.2,1.2,0.7,0.3,0.1,-,0.1,0.3,-,-,-,-,13.1,0.1,0.4,10.2,2.4,1,-,0.9,0.1,-,-,-,-,-,0.1
872,Jesús Areso,CA Osasuna,Laliga,25 years old (02-07-1999),"1,82m",Spain,Defender (Right),Right-Back,right,30(1),2641.0,-,3,7,-,80,0.7,1,6.53,"Jun 30, 2026",€8.00m,0.2,-,-,-,-,0.2,0.1,0.1,-,1.8,1.2,0.6,1.9,0.6,1.2,0.7,0.5,1.5,0.5,2,0.2,0.5,0.9,0.2,2.4,0.1,0.2,0.6,-,-,-,-,28.3,1.1,1.3,21.6,4.4,0.8,0.1,0.6,0.1,-,-,-,-,-,0.1
873,Vicente Guaita,Celta de Vigo,Laliga,38 years old (10-01-1987),"1,90m",Spain,Goalkeeper,Goalkeeper,right,29,2610.0,-,-,-,-,79,0.3,1,6.53,"Jun 30, 2025",€800k,-,-,-,-,-,-,-,-,-,-,-,-,0.1,-,0.3,0.3,-,-,-,-,-,0.1,-,-,1.3,-,-,-,2.2,0.1,1.3,0.8,22.2,2.8,4.6,14.8,0.1,-,-,-,-,-,-,-,-,-,-
874,David López,Girona FC,Laliga,35 years old (09-10-1989),"1,85m",Spain,"Defender (Centre), Defensive Midfielder (C)",Centre-Back,right,24(2),2161.0,1,-,4,-,92,1.2,1,6.52,"Jun 30, 2026",€2.00m,0.4,-,-,-,-,0.4,0.3,0.1,-,0.3,0.1,0.2,0.4,0.2,2.2,1.2,1,1.1,0.5,1.6,0.5,0.5,0.3,-,3.6,0.4,-,0.4,-,-,-,-,70.2,2.8,3,61.7,2.7,0.1,-,0.1,-,-,-,-,-,-,-
875,Aritz Elustondo,Real Sociedad,Laliga,31 years old (28-03-1994),"1,80m",Spain,"Defender (Centre, Right)",Centre-Back,right,13(6),1185.0,-,-,2,1,85.5,1.5,1,6.52,"Jun 30, 2026",€4.00m,0.2,-,-,-,-,0.2,0.2,-,0.1,0.4,0.3,0.2,0.7,0.3,2.7,1.5,1.3,0.9,0.4,1.3,0.5,0.9,1.1,-,4.1,0.6,0.2,0.2,-,-,-,-,36.7,2.2,2.4,29.3,2.9,0.2,0.1,0.1,-,-,-,-,-,-,-
876,Thierry Correia,Valencia CF,Laliga,26 years old (09-03-1999),"1,76m",Portugal,"Defender (Right), Midfielder (Right)",Right-Back,right,9(2),771.0,-,-,1,-,73.4,0.4,-,6.52,"Jun 30, 2026",€6.00m,0.6,-,-,-,-,0.6,0.4,0.3,-,2.1,1.3,0.8,1.5,-,1.1,0.4,0.7,2.5,0.9,3.4,0.4,1.3,1.4,-,1.5,0.1,0.2,0.8,-,-,-,-,30.7,1.2,3.1,21.4,5.1,0.5,0.2,0.3,-,-,-,-,-,-,-
877,Borja Iglesias,Celta de Vigo,Laliga,32 years old (17-01-1993),"1,87m",Spain,Forward,Centre-Forward,right,21(11),1739.0,9,3,2,-,72.8,0.3,1,6.52,"Jun 30, 2025",€3.00m,1.3,0.3,-,0.3,-,1.3,1,0.1,0.2,0.8,0.6,0.3,1.6,0.9,1.1,0.3,0.8,0.3,0.3,0.5,0.2,0.9,1.2,0.4,0.2,0.1,-,0.2,-,-,-,-,13.1,0.5,0.2,9.1,3.3,0.5,0.1,0.4,0.1,-,-,-,-,-,0.1
878,Logan Costa,Villarreal CF,Laliga,24 years old (01-04-2001),"1,90m",France,Defender (Centre),Centre-Back,right,23(4),2136.0,2,-,3,-,87.4,1.4,-,6.52,"Jun 30, 2030",€15.00m,0.4,0.1,-,-,-,0.4,0.3,0.1,-,-,-,-,0.3,-,2.7,1.4,1.3,1.3,0.1,1.4,0.6,0.1,0.6,0.1,3.1,0.4,0.1,0.3,-,-,-,-,47.1,3.1,3.1,38.1,2.9,0.1,-,0.1,-,-,-,-,-,-,-
879,Javi Guerra,Valencia CF,Laliga,21 years old (13-05-2003),"1,87m",Spain,Midfielder (Centre),Central Midfield,right,27(5),2256.0,3,3,3,-,80.2,0.5,1,6.52,"Jun 30, 2027",€20.00m,1.3,0.1,-,0.1,-,1.3,0.5,0.8,-,2.1,1.3,0.8,1.4,1.5,1,0.5,0.5,1.4,0.8,2.2,0.5,0.8,0.9,-,1.2,-,-,0.3,-,-,-,-,32.7,1.5,1.7,24.7,4.8,0.7,0.2,0.5,0.1,-,-,-,-,-,0.1
880,Youssouf Sabaly,Real Betis Balompié,Laliga,32 years old (05-03-1993),"1,73m",Senegal,"Defender (Left, Right), Midfielder (Right)",Right-Back,right,18(2),1485.0,-,1,1,-,87.8,0.5,-,6.52,"Jun 30, 2026",€2.00m,0.2,-,-,-,-,0.2,0.2,0.1,-,0.9,0.5,0.4,1.3,0.6,1.1,0.5,0.7,1.8,0.4,2.2,0.7,0.6,0.8,0.1,1.7,0.2,0.2,0.8,-,-,-,-,36.5,0.5,1.1,31.6,3.4,0.5,-,0.5,0.1,-,-,-,-,-,0.1
881,Lucien Agoumé,Sevilla FC,Laliga,23 years old (09-02-2002),"1,85m",France,Defensive Midfielder (C),Defensive Midfield,right,19(11),1669.0,1,1,5,1,83.3,1.1,2,6.51,"Jun 30, 2028",€7.00m,0.3,-,-,-,-,0.3,0.2,0.1,-,0.7,0.2,0.5,0.7,0.2,2.3,1.1,1.1,1.7,0.2,1.9,1,0.2,1.3,0.1,1,0.3,-,0.4,-,-,-,-,31.2,1,1.3,24.9,3.9,0.5,-,0.5,-,-,-,-,-,-,-
882,Seydouba Cissé,CD Leganés,Laliga,24 years old (10-02-2001),"1,78m",Guinea,Midfielder (Centre),Central Midfield,right,27(3),2107.0,2,-,3,1,85.2,0.8,1,6.51,"Jun 30, 2026",€3.00m,0.5,0.1,-,0.1,-,0.5,0.1,0.4,-,1.4,0.4,0.9,1,0.8,1.9,0.8,1.1,1.6,0.7,2.2,0.4,0.8,1.2,-,1.2,-,0.1,0.7,-,-,-,-,31.9,1.3,1.4,25.9,3.3,0.3,-,0.3,-,-,-,-,-,-,-
883,Toni Martínez,Deportivo Alavés,Laliga,27 years old (30-06-1997),"1,87m",Spain,Forward,Centre-Forward,right,8(17),907.0,4,-,1,-,61.2,2.9,-,6.51,"Jun 30, 2028",€2.80m,1.8,0.2,-,0.1,0.1,1.8,1.2,0.5,0.1,0.4,0.2,0.3,1.3,0.4,5.4,2.9,2.4,0.4,-,0.5,-,0.5,0.6,0.3,0.4,0.1,-,0.2,-,-,-,-,8.2,-,0.2,5,3,0.4,-,0.4,-,-,-,-,-,-,-
884,Frenkie de Jong,FC Barcelona,Laliga,27 years old (12-05-1997),"1,81m",Netherlands,"Defender (Centre), Defensive Midfielder (C)",Central Midfield,right,7(14),861.0,2,2,3,-,95,0.3,-,6.51,"Jun 30, 2026",€45.00m,0.2,0.1,-,0.1,-,0.2,0.1,0.1,-,0.4,0.1,0.2,0.1,0.2,0.6,0.3,0.2,0.7,0.3,1,0.2,0.6,0.5,-,0.2,-,-,0.3,-,-,-,-,39.9,1,0.4,36.9,1.6,0.9,-,0.9,0.1,-,-,-,-,-,0.1
885,Lucas Rosa,Ajax,Laliga,25 years old (03-04-2000),176cm,Brazil,"Defender (Left, Right)",,,21,1890.0,-,1,6,-,79.9,0.9,1,6.51,,,0.4,-,-,-,-,0.4,0.2,0.1,-,1.5,0.9,0.7,1.3,0.5,1.3,0.9,0.5,2.6,0.8,3.3,1.3,0.9,1.7,-,2.4,0.4,0.9,0.7,-,-,-,-,30.6,1,1.8,23.4,4.4,0.6,-,0.6,-,-,-,-,-,-,-
886,Brais Méndez,Real Sociedad,Laliga,28 years old (07-01-1997),"1,84m",Spain,"Attacking Midfielder (Centre, Right), Forward",Attacking Midfield,left,16(7),1337.0,3,1,4,-,82.4,0.8,1,6.51,"Jun 30, 2028",€28.00m,1,0.1,-,0.1,-,1,0.4,0.5,0.1,1.7,1.2,0.5,1.4,1.3,1.9,0.8,1.1,0.8,0.6,1.4,0.3,1.7,1.5,0.3,0.7,-,-,0.5,-,-,-,-,28.2,1,0.8,22.3,4.1,0.9,0.1,0.8,-,-,-,-,-,-,-
887,Sergi Altimira,Real Betis Balompié,Laliga,23 years old (25-08-2001),"1,88m",Spain,Defensive Midfielder (C),Central Midfield,right,18(10),1673.0,-,1,3,-,88.8,0.4,-,6.51,"Jun 30, 2029",€10.00m,0.6,-,-,-,-,0.6,0.2,0.4,-,0.7,0.3,0.5,0.8,0.6,1,0.4,0.6,1.9,0.8,2.7,0.6,1.1,1.1,-,1.2,-,-,0.9,-,-,-,-,37,1.3,0.8,31.6,3.3,0.7,-,0.6,-,-,-,-,-,-,-
888,Gorka Guruzeta,Athletic Bilbao,Laliga,28 years old (12-09-1996),"1,88m",Spain,Forward,Centre-Forward,right,18(14),1576.0,6,2,2,-,73.3,1.1,1,6.5,"Jun 30, 2028",€12.00m,1.6,0.2,-,0.2,-,1.6,1.3,0.2,0.2,0.5,0.2,0.3,1.2,0.5,3,1.1,1.9,0.5,0.7,1.1,0.2,0.6,1.1,0.2,0.5,0.1,0.1,0.7,-,-,-,-,10.8,0.3,0.2,7.6,2.7,0.4,-,0.4,0.1,-,-,-,-,-,0.1
889,Alejandro Francés,Girona FC,Laliga,22 years old (01-08-2002),"1,82m",Spain,Defender (Right),Right-Back,right,11(3),961.0,-,-,2,-,85.3,0.4,-,6.5,"Jun 30, 2029",€2.50m,0.4,-,-,-,-,0.4,0.1,0.2,0.1,0.9,0.4,0.4,0.6,0.1,1.1,0.4,0.8,2.1,0.6,2.7,1.1,1,1.1,0.1,2.4,0.4,0.3,0.5,-,-,-,-,39.4,2.1,2.6,31.4,3.1,0.1,-,0.1,-,-,-,-,-,-,-
890,Kike Pérez,Venezia FC,Laliga,28 years old (14-02-1997),184cm,Spain,Midfielder (Centre),,,14(5),1199.0,2,-,6,-,82.1,0.7,-,6.5,,,1.1,0.1,0.1,0.1,-,1.1,0.4,0.5,0.1,1.2,0.7,0.4,1.3,0.7,1.5,0.7,0.8,1.9,0.6,2.5,0.4,1.1,1.7,0.1,0.9,0.2,0.1,0.6,-,-,-,-,27.4,1.8,1.4,20.7,3.5,0.9,0.3,0.6,-,-,-,-,-,-,-
891,Maroan Sannadi,Athletic Bilbao,Laliga,24 years old (01-02-2001),"1,92m",,Forward,Centre-Forward,right,4(7),479.0,1,1,-,-,77.6,0.9,-,6.5,"Jun 30, 2029",€5.00m,1.3,0.1,-,0.1,-,1.3,0.8,0.3,0.2,1.8,1.3,0.5,2,0.9,1.9,0.9,1,0.1,0.3,0.4,-,1.5,1.3,0.3,0.1,-,-,0.1,-,-,-,-,8.9,0.3,0.4,6.6,1.6,0.6,-,0.6,0.1,-,-,-,-,-,0.1
892,Jofre Carreras,RCD Espanyol Barcelona,Laliga,23 years old (17-06-2001),"1,75m",Spain,"Attacking Midfielder (Left, Right)",Right Winger,right,24(8),2000.0,3,3,5,-,72.2,0.1,1,6.5,"Jun 30, 2029",€4.00m,1.1,0.1,-,-,0.1,1.1,0.5,0.6,-,3.4,2.2,1.2,1.8,1.2,0.5,0.1,0.4,0.7,0.3,0.9,0.5,1.8,0.8,0.1,0.7,-,0.2,0.4,-,-,-,-,12.9,0.3,0.6,9,3,0.7,-,0.6,0.1,-,-,-,-,-,0.1
893,Paulo Gazzaniga,Girona FC,Laliga,33 years old (02-01-1992),"1,95m",Argentina,Goalkeeper,Goalkeeper,right,33,2926.0,-,-,4,-,79.1,-,-,6.5,"Jun 30, 2027",€3.50m,-,-,-,-,-,-,-,-,-,0.1,-,0.1,-,-,0.1,-,0.1,-,-,-,-,0.1,-,-,0.5,-,-,-,2.5,0.2,1.6,0.8,30,3.6,6.1,20.2,0.2,-,-,-,-,-,-,-,-,-,-
894,Juanlu Sánchez,Sevilla FC,Laliga,21 years old (15-08-2003),"1,86m",Spain,"Defender (Right), Midfielder (Centre)",Right-Back,right,14(13),1349.0,4,3,3,1,85.1,0.7,1,6.49,"Jun 30, 2029",€12.00m,0.4,0.1,0.1,0.1,-,0.4,0.4,-,0.1,0.8,0.5,0.3,0.7,0.4,1.3,0.7,0.7,1.3,0.5,1.8,0.4,0.3,0.4,-,0.4,-,0.2,0.6,-,-,-,-,16.1,0.1,0.3,13.6,2.1,0.7,-,0.7,0.1,-,-,-,-,-,0.1
895,Cristhian Mosquera,Valencia CF,Laliga,20 years old (27-06-2004),"1,91m",Spain,Defender (Centre),Centre-Back,right,32,2870.0,1,-,6,-,92,1.1,1,6.49,"Jun 30, 2026",€30.00m,0.2,-,-,-,-,0.2,0.2,-,-,0.3,0.1,0.2,0.5,0.3,2.5,1.1,1.3,1.3,0.3,1.6,1,0.7,0.4,-,3.1,0.6,0.1,0.3,-,-,-,-,54,2,1.3,47.6,3,-,-,-,-,-,-,-,-,-,-
896,Giorgi Mamardashvili,Valencia CF,Laliga,24 years old (29-09-2000),"1,97m",Georgia,Goalkeeper,Goalkeeper,left,29,2610.0,-,-,1,-,61.8,0.2,2,6.49,"Jun 30, 2025",€30.00m,-,-,-,-,-,-,-,-,-,-,-,-,-,-,0.2,0.2,-,-,-,0.1,-,0.2,-,-,0.8,-,-,-,2.7,0.2,1.3,1.2,26.9,5.1,10.1,11.5,0.2,0.1,0.1,-,-,-,-,-,-,-,-
897,Ilaix Moriba,Celta de Vigo,Laliga,22 years old (19-01-2003),"1,85m",Guinea,Defensive Midfielder (C),Central Midfield,right,18(10),1739.0,-,1,5,1,87.2,0.7,-,6.49,"Jun 30, 2025",€4.00m,0.9,-,-,-,-,0.9,0.5,0.4,-,1.3,0.9,0.4,1.6,0.8,1.5,0.7,0.8,2,0.7,2.6,0.4,1.8,0.9,0.1,0.8,0.1,0.2,0.6,-,-,-,-,29.5,1.4,0.5,24.3,3.3,0.7,0.1,0.6,-,-,-,-,-,-,-
898,Fran Vieites,Real Betis Balompié,Laliga,25 years old (07-05-1999),"1,96m",,Goalkeeper,Goalkeeper,left,4,360.0,-,-,-,-,58.3,0.5,-,6.49,"Jun 30, 2026",€800k,0.3,-,-,-,-,0.3,0.3,-,-,-,-,-,-,-,0.5,0.5,-,-,-,-,-,0.5,-,-,0.5,-,-,-,1.5,-,1,0.5,25.8,4.5,10.8,10.5,-,-,-,-,-,-,-,-,-,-,-
899,Djibril Sow,Sevilla FC,Laliga,28 years old (06-02-1997),"1,84m",Switzerland,Midfielder (Centre),Central Midfield,right,21(6),1868.0,1,1,5,-,89.7,0.9,-,6.49,"Jun 30, 2028",€7.50m,0.7,-,-,-,-,0.7,0.4,0.3,-,0.8,0.5,0.3,1.2,0.3,1.7,0.9,0.8,0.8,0.3,1.1,0.8,1.4,0.8,-,0.9,0.1,-,0.5,-,-,-,-,33,0.9,0.5,28.7,2.9,0.8,-,0.8,-,-,-,-,-,-,-
900,Omar Mascarell,RCD Mallorca,Laliga,32 years old (02-02-1993),"1,81m",Spain,"Defender (Centre), Defensive Midfielder (C)",Defensive Midfield,right,18(9),1683.0,-,-,4,1,85.3,1.4,1,6.49,"Jun 30, 2026",€900k,0.2,-,-,-,-,0.2,-,0.1,0.1,0.5,0.2,0.3,0.3,0.3,2.1,1.4,0.7,0.9,0.6,1.5,1.7,0.5,0.9,-,1.7,0.7,0.1,0.3,-,-,-,-,27.3,1.9,1.7,21.4,2.3,0.1,-,0.1,-,-,-,-,-,-,-
901,Albert Sambi Lokonga,Sevilla FC,Laliga,25 years old (22-10-1999),"1,83m",Belgium,Defensive Midfielder (C),Central Midfield,right,15(5),1403.0,-,2,4,-,89.7,1.4,-,6.48,"Jun 30, 2025",€9.00m,0.5,-,-,-,-,0.5,0.1,0.3,0.1,0.5,0.3,0.2,0.8,0.6,2,1.4,0.6,1.1,0.2,1.2,0.5,1.1,1,-,1.2,0.1,0.1,0.6,-,-,-,-,42.7,1.8,1.2,36.5,3.2,0.9,0.2,0.8,0.1,-,-,-,-,-,0.1
902,Dani Cárdenas,Rayo Vallecano,Laliga,28 years old (28-03-1997),"1,86m",Spain,Goalkeeper,Goalkeeper,right,5,450.0,-,-,-,-,47.6,0.2,-,6.48,"Jun 30, 2027",€1.80m,-,-,-,-,-,-,-,-,-,-,-,-,-,-,0.2,0.2,-,-,-,-,-,0.2,-,-,1,-,-,-,2.6,-,1.8,0.8,24.8,4.6,12.8,7.2,0.2,-,-,-,-,-,-,-,-,-,-
903,Sergio Camello,Rayo Vallecano,Laliga,24 years old (10-02-2001),"1,82m",Spain,Forward,Centre-Forward,right,14(9),1140.0,3,2,2,-,80.6,0.5,-,6.48,"Jun 30, 2027",€3.50m,1.4,0.1,-,0.1,-,1.4,0.9,0.4,0.1,1,0.4,0.6,1.7,1,1.6,0.5,1.1,0.4,0.1,0.5,0.2,0.4,0.5,0.1,0.7,-,-,0.3,-,-,-,-,11,0.1,-,8.7,2.1,0.8,-,0.8,0.1,-,-,-,-,-,0.1
904,Aitor Ruibal,Real Betis Balompié,Laliga,29 years old (22-03-1996),"1,76m",Spain,"Defender (Right), Midfielder (Left, Right)",Right-Back,right,10(15),984.0,1,3,5,-,84.7,0.2,1,6.48,"Jun 30, 2028",€3.50m,0.5,-,-,-,-,0.5,0.3,0.2,-,0.8,0.4,0.4,0.9,0.5,0.7,0.2,0.5,0.8,0.4,1.3,0.4,0.6,0.4,0.1,1,0.2,0.1,0.4,-,-,-,-,13.8,0.6,0.8,11.2,1.3,0.8,0.1,0.7,0.1,-,-,-,-,-,0.1
905,Juan Bernat,Getafe CF,Laliga,32 years old (01-03-1993),"1,70m",Spain,"Defender (Left), Midfielder (Centre, Left)",Left-Back,left,7(4),574.0,-,1,-,-,74.5,0.7,-,6.48,"Jun 30, 2025",€2.50m,0.3,-,-,-,-,0.3,0.1,0.2,-,1.7,0.8,0.9,1.3,0.9,1.6,0.7,0.9,1.3,0.4,1.6,0.1,0.5,0.7,0.1,0.6,0.3,0.1,0.3,-,-,-,-,12.8,0.1,0.2,9.5,3.1,0.5,0.2,0.4,0.1,0.1,-,-,-,-,-
906,Romain Perraud,Real Betis Balompié,Laliga,27 years old (22-09-1997),"1,73m",France,"Defender (Left), Midfielder (Left)",Left-Back,left,20(5),1806.0,2,2,7,1,81.7,0.4,1,6.48,"Jun 30, 2029",€5.00m,0.7,0.1,-,-,-,0.7,0.4,0.3,-,1.3,0.9,0.4,1.1,0.6,1,0.4,0.6,1.4,1,2.4,0.8,1.5,1,0.2,2.3,0.1,0.3,0.5,-,-,-,-,31.3,0.6,2,25,3.8,0.6,0.1,0.5,0.1,-,-,-,-,-,-
907,Fran Beltrán,Celta de Vigo,Laliga,26 years old (03-02-1999),"1,65m",Spain,Defensive Midfielder (C),Central Midfield,right,25(4),2062.0,2,-,3,-,89.1,0.7,-,6.48,"Jun 30, 2026",€6.00m,0.7,0.1,-,-,0.1,0.7,0.1,0.5,-,0.6,0.3,0.3,0.6,0.8,1.4,0.7,0.8,1.4,1,2.4,0.8,0.3,0.9,-,0.9,0.2,-,0.6,-,-,-,-,43.9,2.4,1.2,36.7,3.6,0.5,0.1,0.4,-,-,-,-,-,-,-
908,Antonio Blanco,Deportivo Alavés,Laliga,24 years old (23-07-2000),"1,76m",Spain,Defensive Midfielder (C),Defensive Midfield,right,27(3),2310.0,-,1,8,1,81.4,0.9,1,6.47,"Jun 30, 2027",€7.50m,0.8,-,-,-,-,0.8,0.1,0.6,-,0.6,0.2,0.4,0.8,0.8,1.9,0.9,1,1.9,1.3,3.2,1.3,0.8,2,-,1.3,0.2,0.1,0.7,-,-,-,-,35.2,2.7,2.1,26,4.5,0.4,0.2,0.2,-,-,-,-,-,-,-
909,Vitor Roque,Palmeiras,Laliga,20 years old (28-02-2005),174cm,Brazil,Forward,,,14(8),1238.0,4,-,4,-,73.4,0.7,1,6.47,,,1.9,0.2,-,0.1,-,1.9,1.3,0.4,0.2,1.8,1.3,0.5,1.9,1.5,2.1,0.7,1.5,0.5,0.2,0.7,0.3,1.4,1.4,0.2,0.2,-,-,0.2,-,-,-,-,8.5,0.2,0.2,6.1,2.1,0.5,-,0.5,-,-,-,-,-,-,-
910,Pau Navarro,Villarreal CF,Laliga,20 years old (25-04-2005),"1,85m",,Defender,Centre-Back,right,4(8),600.0,-,-,-,-,90.1,0.3,-,6.47,"Jun 30, 2030",€1.00m,0.1,-,-,-,-,0.1,-,0.1,-,0.4,0.2,0.3,0.3,-,1.2,0.3,0.9,1.6,0.8,2.4,0.3,0.6,0.5,-,1.9,0.4,0.4,0.5,-,-,-,-,27.8,1.3,1.1,23.8,1.7,-,-,-,-,-,-,-,-,-,-
911,Carles Pérez,Getafe CF,Laliga,27 years old (16-02-1998),"1,73m",Spain,"Midfielder (Centre, Right), Forward",Right Winger,left,15(11),1405.0,3,-,2,-,74.4,0.5,-,6.47,"Jun 30, 2025",€2.50m,1.3,0.1,-,0.1,-,1.3,0.5,0.8,-,1.9,1.1,0.8,1.4,0.7,1.5,0.5,1,1.3,1,2.3,0.2,0.4,1.5,-,0.7,-,0.2,0.6,-,-,-,-,11,0.2,0.5,7.9,2.3,0.7,0.1,0.6,-,-,-,-,-,-,-
912,Pablo Durán,Celta de Vigo,Laliga,23 years old (25-05-2001),"1,76m",Spain,Forward,Centre-Forward,right,13(9),1153.0,4,4,3,-,73.4,0.5,2,6.47,"Jun 30, 2027",€3.50m,0.9,0.2,-,-,0.1,0.9,0.5,0.3,0.1,1.7,1.2,0.5,1.7,0.8,1.5,0.5,1.1,0.5,0.4,1,0.4,0.7,1.3,0.2,0.4,0.1,-,0.3,-,-,-,-,14.5,0.4,0.5,10.2,3.3,0.6,-,0.6,0.2,-,-,-,-,-,0.1
913,Mikel Oyarzabal,Real Sociedad,Laliga,28 years old (21-04-1997),"1,81m",Spain,"Attacking Midfielder (Centre, Left, Right), Forward",Centre-Forward,left,24(6),1931.0,8,2,4,1,74.4,0.9,2,6.46,"Jun 30, 2028",€30.00m,1.1,0.3,-,0.2,-,1.1,1,0.1,0.1,0.5,0.3,0.2,1.7,0.8,3.3,0.9,2.4,0.6,0.3,0.9,0.1,0.7,0.4,0.5,0.4,-,0.1,0.5,-,-,-,-,14.2,0.2,0.2,10.4,3.4,0.4,-,0.4,0.1,-,-,-,-,-,0.1
914,Ørjan Nyland,Sevilla FC,Laliga,34 years old (10-09-1990),"1,92m",Norway,Goalkeeper,Goalkeeper,right,26,2314.0,-,-,2,-,60.5,0.2,2,6.46,"Jun 30, 2026",€1.00m,-,-,-,-,-,-,-,-,-,-,-,-,-,-,0.2,0.2,-,0.1,-,0.2,-,-,-,-,0.8,-,-,-,2.5,0.1,1.6,0.8,29.9,4.5,11.7,13.7,0.2,0.1,0.1,-,-,-,-,-,-,-,-
915,Carlos Martín,Deportivo Alavés,Laliga,23 years old (22-04-2002),"1,80m",Spain,Attacking Midfielder (Left),Left Winger,right,16(8),1312.0,2,2,3,-,68.7,0.7,-,6.46,"Jun 30, 2025",€3.00m,1.1,0.1,-,-,-,1.1,0.7,0.3,-,1.5,1.1,0.3,1.2,0.8,1.4,0.7,0.8,1.6,1.5,3.1,0.2,1.2,1.3,0.3,0.7,-,0.1,1.2,-,-,-,-,15,0.3,0.6,10.1,4.1,0.5,-,0.5,0.1,-,-,-,-,-,-
916,Scott McKenna,UD Las Palmas,Laliga,28 years old (12-11-1996),"1,89m",Scotland,Defender (Centre),Centre-Back,left,26(1),2287.0,-,-,5,1,86.9,2.8,-,6.46,"Jun 30, 2027",€5.00m,0.2,-,-,-,-,0.2,0.2,-,-,0.1,-,0.1,0.3,0.1,4.4,2.8,1.6,0.7,0.1,0.8,0.3,0.3,0.4,-,5.3,1,0.1,0.3,-,-,-,-,49.4,1.7,2.9,41.2,3.6,0.1,-,0.1,-,-,-,-,-,-,-
917,Adam Aznou,Real Valladolid CF,Laliga,18 years old (02-06-2006),"1,78m",Spain,Defender (Left),Left-Back,left,7(2),582.0,-,-,2,-,73.1,0.8,-,6.46,"Jun 30, 2025",€3.00m,0.1,-,-,-,-,0.1,0.1,-,-,2.9,1.4,1.4,2.3,1,1,0.8,0.2,2.6,1.4,4,0.8,1.1,1.1,-,1.3,0.6,0.2,1.4,-,-,-,-,21.4,0.8,1.2,14.9,4.6,0.3,-,0.3,-,-,-,-,-,-,-
918,Djené Dakonam,Getafe CF,Laliga,33 years old (31-12-1991),"1,78m",Togo,"Defender (Centre, Right), Defensive Midfielder (C)",Centre-Back,right,29,2386.0,-,-,9,-,78.1,1.5,-,6.46,"Jun 30, 2025",€2.00m,0.2,-,-,-,-,0.2,0.1,-,-,0.6,0.3,0.2,0.7,0.6,2.5,1.5,1,0.8,0.7,1.4,0.7,0.8,1.3,-,3.2,0.3,0.2,0.3,-,-,-,-,26,1.8,2.2,18.5,3.5,0.3,-,0.3,-,-,-,-,-,-,-
919,Fernando López,Celta de Vigo,Laliga,20 years old (24-05-2004),188cm,,Midfielder,,,4(9),438.0,2,-,2,-,84.9,0.2,-,6.46,,,1,0.2,0.1,0.1,-,1,0.5,0.5,0.1,1.8,1,0.8,1.7,1.1,0.6,0.2,0.5,0.5,0.4,0.8,0.1,0.4,0.9,-,0.5,-,-,0.5,-,-,-,-,13.2,0.4,0.2,10.8,1.8,0.8,0.1,0.8,-,-,-,-,-,-,-
920,Unai López,Rayo Vallecano,Laliga,29 years old (30-10-1995),"1,70m",Spain,"Midfielder (Centre, Right)",Central Midfield,right,19(8),1437.0,3,1,8,1,86.5,0.4,-,6.46,"Jun 30, 2026",€2.80m,0.7,0.1,-,0.1,-,0.7,0.3,0.4,-,0.4,0.1,0.3,0.9,0.6,0.9,0.4,0.5,0.9,0.5,1.4,0.7,0.6,0.6,-,0.6,0.1,-,0.4,-,-,-,-,37.1,1.7,2.3,30.3,2.7,0.6,0.1,0.4,-,-,-,-,-,-,-
921,Álvaro Tejero,RCD Espanyol Barcelona,Laliga,28 years old (20-07-1996),"1,74m",Spain,Defender (Right),Right-Back,both,13(12),1157.0,1,4,2,-,78.8,0.4,1,6.46,"Jun 30, 2025",€2.00m,0.7,-,-,-,-,0.7,0.1,0.6,-,0.6,0.4,0.1,0.7,0.2,0.8,0.4,0.4,0.5,0.6,1,0.4,0.8,0.5,-,1,-,0.2,0.3,-,-,-,-,16.2,0.7,1.4,12,2.1,1.2,0.3,0.9,0.2,0.1,-,-,-,-,0.1
922,Juanpe,Girona FC,Laliga,33 years old (30-04-1991),"1,90m",Spain,Defender (Centre),Centre-Back,right,7(3),609.0,-,-,2,-,87.3,2,-,6.46,"Jun 30, 2025",€900k,0.1,-,-,-,-,0.1,-,0.1,-,-,-,-,0.3,0.1,2.9,2,0.9,0.8,0.2,1,0.8,0.2,0.3,-,4.6,0.9,-,0.5,-,-,-,-,49.8,3.9,3.3,39.6,3,0.2,0.1,0.1,-,-,-,-,-,-,-
923,Jorge Herrando,CA Osasuna,Laliga,24 years old (28-02-2001),"1,92m",Spain,Defender (Centre),Centre-Back,left,14(3),1274.0,1,-,3,-,86.3,1.5,1,6.46,"Jun 30, 2027",€4.00m,0.7,0.1,0.1,-,-,0.7,0.6,-,0.1,0.1,-,0.1,0.1,0.1,2.1,1.5,0.6,0.7,0.3,1,0.7,0.1,1.3,-,3.5,0.8,0.2,0.3,-,-,-,-,39.1,1.4,2.8,32.4,2.5,-,-,-,-,-,-,-,-,-,-
924,Adama Boiro,Athletic Bilbao,Laliga,22 years old (22-06-2002),"1,83m",Spain,Defender (Left),Left-Back,left,12(3),1000.0,-,-,2,-,83.9,1.1,-,6.45,"Jun 30, 2029",€2.50m,0.2,-,-,-,-,0.2,0.2,-,-,1.3,0.8,0.5,1.3,0.9,1.5,1.1,0.4,1.3,0.3,1.6,0.8,0.5,0.7,-,1.5,0.2,0.3,0.3,-,-,-,-,23.1,0.3,1.1,19.1,2.6,0.3,0.1,0.2,-,-,-,-,-,-,-
925,Donny van de Beek,Girona FC,Laliga,28 years old (18-04-1997),"1,84m",Netherlands,Midfielder (Centre),Central Midfield,right,16(10),1426.0,2,2,5,-,83.7,0.4,-,6.45,"Jun 30, 2028",€7.50m,0.7,0.1,-,-,-,0.7,0.5,0.2,0.1,0.5,0.3,0.2,0.5,0.6,0.7,0.4,0.3,1.1,0.5,1.6,0.4,0.3,0.8,0.1,0.5,0.1,-,0.6,-,-,-,-,16.8,0.4,0.2,13.6,2.5,0.7,-,0.7,0.1,-,-,-,-,-,0.1
926,Pedro Díaz,Rayo Vallecano,Laliga,26 years old (05-06-1998),"1,80m",Spain,Midfielder (Centre),Central Midfield,right,11(10),1010.0,3,-,2,-,84.5,0.2,-,6.45,"Jun 30, 2028",€2.50m,1.1,0.1,-,-,0.1,1.1,0.3,0.9,-,1.1,0.4,0.7,0.8,0.3,0.5,0.2,0.3,1,1.1,2.1,0.3,0.3,0.3,-,0.2,-,-,0.6,-,-,-,-,20.9,0.8,0.8,16.8,2.5,0.9,0.3,0.6,-,-,-,-,-,-,-
927,Pepelu,Valencia CF,Laliga,26 years old (11-08-1998),"1,86m",Spain,Defensive Midfielder (C),Defensive Midfield,right,15(15),1469.0,1,2,7,1,83.8,0.7,-,6.45,"Jun 30, 2028",€12.00m,0.4,-,-,-,-,0.4,0.1,0.3,-,0.3,0.1,0.2,0.4,0.3,1.3,0.7,0.6,1.2,0.4,1.6,0.5,0.5,0.8,-,0.9,0.2,-,0.4,-,-,-,-,32.4,2.6,1.8,24.6,3.5,1,0.5,0.5,0.1,-,-,-,-,-,0.1
928,Duk,CD Leganés,Laliga,25 years old (16-02-2000),"1,82m",,"Attacking Midfielder (Left), Forward",Left Winger,right,0(6),74.0,-,-,1,-,69.2,0.2,-,6.44,"Jun 30, 2025",€1.20m,0.2,-,-,-,-,0.2,-,0.2,-,2.5,1,1.5,0.8,0.5,0.3,0.2,0.2,0.7,0.2,0.8,-,1.3,0.3,-,-,-,-,0.3,-,-,-,-,4.3,-,0.2,3,1.2,0.7,-,0.7,-,-,-,-,-,-,-
929,Karl Hein,Real Valladolid CF,Laliga,23 years old (13-04-2002),"1,93m",Estonia,Goalkeeper,Goalkeeper,right,28,2520.0,-,-,-,-,70.1,0.3,1,6.44,"Jun 30, 2025",€3.00m,-,-,-,-,-,-,-,-,-,-,-,-,0.1,-,0.3,0.3,-,-,0.1,0.1,-,0.1,-,-,0.8,-,-,-,3.1,0.2,1.8,1.1,33.6,6.1,9.9,17.4,0.1,-,-,-,-,-,-,-,-,-,-
930,Andy Pelmard,UD Las Palmas,Laliga,25 years old (12-03-2000),"1,80m",France,"Defender (Centre, Right)",Right-Back,right,2(2),205.0,-,-,1,-,88.8,0.3,-,6.44,"Jun 30, 2025",€2.50m,0.3,-,-,-,-,0.3,-,0.3,-,0.5,0.3,0.3,0.8,-,0.5,0.3,0.3,1.3,0.3,1.5,0.5,0.8,0.5,-,4.3,0.3,0.8,0.5,-,-,-,-,24.5,1.3,1.5,20.5,1.3,0.3,-,0.3,-,-,-,-,-,-,-
931,Juan Herzog,UD Las Palmas,Laliga,20 years old (13-05-2004),"1,86m",Spain,Defender (Centre),Centre-Back,right,11(4),966.0,-,-,1,-,86.7,1.9,-,6.44,"Jun 30, 2025",€1.50m,0.5,-,-,-,-,0.5,0.4,-,0.1,0.1,0.1,-,0.1,-,2.9,1.9,1,0.7,0.3,1.1,0.9,0.5,0.2,-,3.6,0.5,-,0.3,-,-,-,-,30,1.5,1.7,24.5,2.3,-,-,-,-,-,-,-,-,-,-
932,Gavi,FC Barcelona,Laliga,20 years old (05-08-2004),"1,73m",Spain,"Midfielder (Centre, Left)",Central Midfield,right,11(10),817.0,1,1,4,-,89.9,0.9,-,6.43,"Jun 30, 2030",€70.00m,0.4,-,-,-,-,0.4,0.2,0.1,-,0.7,0.4,0.3,0.7,0.4,1.9,0.9,1,0.8,0.4,1.2,0.4,0.9,1.5,-,0.2,-,-,0.6,-,-,-,-,25.4,0.8,0.2,22,2.3,0.6,-,0.6,-,-,-,-,-,-,-
933,Pol Lozano,RCD Espanyol Barcelona,Laliga,25 years old (06-10-1999),"1,76m",Spain,Defensive Midfielder (C),Central Midfield,right,23(3),1753.0,-,-,12,-,84.9,0.3,-,6.43,"Jun 30, 2027",€4.00m,0.3,-,-,-,-,0.3,-,0.3,-,0.7,0.5,0.2,0.6,0.5,0.9,0.3,0.6,1.9,1,3,0.8,0.5,1.9,-,1,0.2,0.2,0.8,-,-,-,-,27.8,1.8,0.7,21.8,3.5,0.6,0.2,0.4,-,-,-,-,-,-,-
934,Pablo Marín,Real Sociedad,Laliga,21 years old (03-07-2003),"1,78m",Spain,Midfielder (Centre),Attacking Midfield,right,9(9),857.0,-,2,2,-,79.4,0.7,1,6.43,"Jun 30, 2028",€3.00m,0.7,-,-,-,-,0.7,0.3,0.4,-,1.4,0.6,0.9,1.7,0.7,1.9,0.7,1.2,1.1,0.4,1.5,0.2,0.7,0.8,-,0.7,0.2,-,0.4,-,-,-,-,16.7,0.6,0.6,12.7,2.9,0.6,0.1,0.5,0.1,0.1,-,-,-,-,0.1
935,Selim Amallah,Real Valladolid CF,Laliga,28 years old (15-11-1996),"1,85m",Morocco,"Attacking Midfielder (Centre, Left), Forward",Attacking Midfield,right,15(6),1196.0,3,1,6,-,83.5,0.2,-,6.43,"Jun 30, 2027",€1.80m,0.9,0.1,-,0.1,-,0.9,0.4,0.5,-,2.7,1.4,1.3,1.6,1.1,0.9,0.2,0.7,1.1,0.3,1.4,0.5,1,1.4,-,0.1,-,-,0.9,-,-,-,-,15.3,0.8,0.7,12,1.8,0.5,0.1,0.4,-,-,-,-,-,-,-
936,Antonio Sivera,Deportivo Alavés,Laliga,28 years old (11-08-1996),"1,85m",Spain,Goalkeeper,Goalkeeper,right,27,2362.0,-,-,6,1,53.7,0.2,-,6.43,"Jun 30, 2027",€6.00m,-,-,-,-,-,-,-,-,-,-,-,-,-,-,0.3,0.2,-,0.1,-,0.1,-,0.1,0.1,-,1.1,-,-,-,2.3,-,1.4,0.9,27.9,9.6,12.9,5.3,-,-,-,-,-,-,-,-,-,-,-
937,Enric Franquesa,CD Leganés,Laliga,28 years old (26-02-1997),"1,75m",Spain,"Defender (Left), Midfielder (Left)",Left-Back,left,7(5),615.0,1,-,1,-,73,0.4,-,6.43,"Jun 30, 2026",€1.50m,0.3,0.1,-,0.1,-,0.3,0.2,0.1,-,1.8,1,0.8,1.8,0.2,0.8,0.4,0.4,1.4,0.3,1.7,0.4,0.5,0.7,-,0.8,0.1,0.2,0.5,-,-,-,-,13.6,0.6,0.9,9.3,2.8,0.2,-,0.2,-,-,-,-,-,-,-
938,Raúl Albiol,Villarreal CF,Laliga,39 years old (04-09-1985),"1,90m",Spain,Defender (Centre),Centre-Back,right,14(1),1189.0,-,-,4,-,89.6,2,-,6.42,"Jun 30, 2025",€1.30m,0.1,-,-,-,-,0.1,0.1,-,0.1,-,-,-,0.2,0.1,3,2,1,0.7,0.3,0.9,0.4,0.4,0.7,-,4.5,0.6,0.1,0.1,-,-,-,-,54.1,2.9,3.4,45.5,2.2,-,-,-,-,-,-,-,-,-,-
939,Aihen Muñoz,Real Sociedad,Laliga,27 years old (16-08-1997),"1,75m",Spain,Defender (Left),Left-Back,left,10(8),843.0,-,-,4,-,77.9,1,-,6.42,"Jun 30, 2027",€5.00m,0.3,-,-,-,-,0.3,-,0.3,-,0.5,0.3,0.2,0.3,0.2,1.9,1,0.9,1.2,0.7,1.8,0.6,0.6,0.6,-,2.1,0.3,0.3,0.2,-,-,-,-,19.1,0.4,2.1,14.5,2.1,0.1,-,0.1,-,-,-,-,-,-,-
940,Isaac Romero,Sevilla FC,Laliga,24 years old (18-05-2000),"1,83m",Spain,Forward,Centre-Forward,left,26(2),2087.0,3,2,8,-,73.3,1,-,6.42,"Jun 30, 2028",€10.00m,1.8,0.1,-,-,-,1.8,1.2,0.5,0.1,2,1.3,0.7,2.7,2.1,2.9,1,1.8,0.4,0.5,0.9,0.3,1.2,1.3,0.4,0.8,-,0.1,0.5,-,-,-,-,13.9,0.6,0.3,9.6,3.4,0.7,-,0.6,0.1,-,-,-,-,-,0.1
941,Iván Sánchez,Real Valladolid CF,Laliga,32 years old (23-09-1992),"1,69m",Spain,"Attacking Midfielder (Centre, Right)",Right Winger,left,10(18),1178.0,1,1,4,-,83.7,0.5,-,6.42,"Jun 30, 2025",€600k,0.4,-,-,-,-,0.4,0.3,0.2,-,1.4,0.7,0.8,0.8,0.6,0.9,0.5,0.4,1.1,0.5,1.6,0.5,1.4,0.5,0.1,0.3,0.1,0.1,0.5,-,-,-,-,13.6,1,0.5,10.4,1.8,0.6,0.2,0.4,-,-,-,-,-,-,-
942,José Campaña,UD Las Palmas,Laliga,31 years old (31-05-1993),"1,79m",Spain,"Midfielder (Centre, Left, Right)",Central Midfield,right,14(8),1095.0,-,2,3,-,87.3,0.8,-,6.42,"Jun 30, 2025",€1.00m,0.2,-,-,-,-,0.2,-,0.2,-,0.7,0.4,0.3,0.7,0.5,1,0.8,0.2,0.8,0.3,1.1,0.8,0.9,0.3,-,0.9,-,-,0.4,-,-,-,-,31.9,1.9,0.8,26,3.2,0.5,0.1,0.4,0.1,-,-,-,-,-,0.1
943,Jon Guridi,Deportivo Alavés,Laliga,30 years old (28-02-1995),"1,79m",Spain,Midfielder (Centre),Central Midfield,left,22(6),1746.0,3,1,6,-,76.9,1.4,-,6.42,"Jun 30, 2026",€3.00m,0.7,0.1,-,0.1,-,0.7,0.5,0.1,0.1,0.7,0.5,0.2,1.1,0.5,3.2,1.4,1.8,1.1,0.8,2,0.4,0.4,1,0.2,0.4,-,-,0.6,-,-,-,-,21.6,0.7,0.3,15.9,4.7,0.6,-,0.5,-,-,-,-,-,-,-
944,Aridane Hernández,Rayo Vallecano,Laliga,36 years old (23-03-1989),"1,88m",Spain,Defender (Centre),Centre-Back,right,7(3),664.0,-,-,1,-,87,2.3,-,6.42,"Jun 30, 2025",€400k,0.5,-,-,-,-,0.5,0.2,-,0.3,0.3,0.2,0.1,0.4,0.1,3.2,2.3,0.9,0.8,0.2,1,0.3,0.6,0.4,-,5.8,0.4,0.1,0.2,-,-,-,-,34.6,2.3,2,27.8,2.5,0.1,-,0.1,-,-,-,-,-,-,-
945,Carlos Domínguez,Celta de Vigo,Laliga,24 years old (11-02-2001),"1,87m",Spain,Defender (Centre),Centre-Back,left,10(5),906.0,-,-,1,-,87.3,1.7,-,6.42,"Jun 30, 2026",€2.50m,0.2,-,-,-,-,0.2,0.2,-,-,0.2,0.1,0.1,0.3,-,2.3,1.7,0.6,1.3,0.3,1.7,0.5,0.5,0.5,-,3.1,0.4,0.3,0.2,-,-,-,-,51.3,1.6,3.2,43.2,3.3,0.1,-,0.1,-,-,-,-,-,-,-
946,Justin Smith,RCD Espanyol Barcelona,Laliga,22 years old (04-02-2003),"1,89m",France,Midfielder,Central Midfield,right,3(2),210.0,-,-,-,-,67.8,0.6,-,6.42,"Jun 30, 2026",€300k,-,-,-,-,-,-,-,-,-,0.6,0.4,0.2,0.8,0.2,0.8,0.6,0.2,1.8,0.4,2.2,0.8,0.4,1,-,0.2,0.2,0.4,0.8,-,-,-,-,11.8,-,1,8,2.8,0.2,-,0.2,-,-,-,-,-,-,-
947,Anuar Tuhami,Real Valladolid CF,Laliga,30 years old (15-01-1995),"1,73m",Spain,"Attacking Midfielder (Centre, Left, Right)",Right Winger,right,17(4),1441.0,2,-,6,-,83.5,1,1,6.42,"Jun 30, 2025",€900k,0.4,0.1,-,0.1,-,0.4,0.3,0.1,-,1,0.7,0.3,1.1,0.5,2.2,1,1.2,1.5,0.6,2,0.7,1.7,1.3,0.4,0.6,0.3,0.1,0.7,-,-,-,-,17.6,0.2,0.3,14.5,2.6,0.3,-,0.3,-,-,-,-,-,-,-
948,Arthur,Girona FC,Laliga,28 years old (12-08-1996),"1,72m",Brazil,Defensive Midfielder (C),Defensive Midfield,right,6(4),569.0,-,-,2,-,95.1,-,-,6.41,"Jun 30, 2025",€5.00m,0.4,-,-,-,-,0.4,-,0.4,-,0.9,0.3,0.6,0.5,0.4,0.3,-,0.3,2,0.9,2.9,0.5,1.6,0.8,-,0.6,0.1,-,0.2,-,-,-,-,44.9,2.1,0.5,40.6,1.7,0.2,-,0.2,-,-,-,-,-,-,-
949,Óscar Valentín,Rayo Vallecano,Laliga,30 years old (20-08-1994),"1,77m",Spain,Defensive Midfielder (C),Central Midfield,right,17(14),1637.0,-,-,3,-,83.1,0.9,-,6.41,"Jun 30, 2027",€3.50m,0.1,-,-,-,-,0.1,0.1,-,-,0.3,0.2,0.2,0.6,0.2,2,0.9,1.1,1.7,1.2,2.9,0.7,0.9,1.6,-,1.4,0.2,0.1,0.9,-,-,-,-,23.7,0.9,1.1,18.7,2.9,0.3,0.1,0.3,-,-,-,-,-,-,-
950,Bertug Yildirim,Getafe CF,Laliga,22 years old (12-07-2002),191cm,Turkey,Forward,,,13(5),979.0,1,-,7,-,55.3,3.6,-,6.41,,,1,0.1,0.1,-,-,1,0.8,0.1,0.1,0.7,0.4,0.3,1.9,0.7,6.7,3.6,3.1,0.4,0.3,0.7,0.1,0.8,1.6,0.7,0.8,0.1,-,0.5,-,-,-,-,8.4,0.2,0.2,4.5,3.6,0.3,-,0.3,-,-,-,-,-,-,-
951,Javi Hernández,CD Leganés,Laliga,26 years old (02-05-1998),"1,80m",Spain,"Defender (Centre, Left)",Left-Back,left,23(4),2031.0,-,1,4,-,76.1,0.7,1,6.41,"Jun 30, 2027",€2.00m,0.4,-,-,-,-,0.4,0.1,0.3,-,0.9,0.4,0.5,0.6,0.9,1.5,0.7,0.8,0.9,0.9,1.8,0.8,0.5,1.4,0.1,2.9,0.1,0.1,0.7,-,-,-,-,24.8,1.1,2.1,17.8,3.8,0.6,-,0.5,-,-,-,-,-,-,-
952,Cenk Özkacar,Real Valladolid CF,Laliga,24 years old (06-10-2000),"1,90m",Turkey,"Defender (Centre, Left)",Centre-Back,left,4(2),351.0,-,-,-,-,83.3,1,-,6.41,"Jun 30, 2025",€1.50m,0.2,-,-,-,-,0.2,0.2,-,-,-,-,-,0.5,-,2.7,1,1.7,0.7,0.7,1.3,1.8,-,0.2,-,4.8,0.5,0.2,0.3,-,-,-,-,34,1.8,3.7,26.5,2,-,-,-,-,-,-,-,-,-,-
953,Daley Sinkgraven,Fortuna Sittard,Laliga,29 years old (04-07-1995),179cm,Netherlands,"Defender (Left), Midfielder (Centre, Left)",,,1(1),91.0,-,-,-,-,78.9,0.5,-,6.41,,,-,-,-,-,-,-,-,-,-,0.5,-,0.5,0.5,0.5,0.5,0.5,-,2.5,1,3.5,0.5,1,1,-,0.5,-,0.5,0.5,-,-,-,-,28.5,0.5,1.5,22,4.5,0.5,-,0.5,-,-,-,-,-,-,-
954,Javi Sánchez,Real Valladolid CF,Laliga,28 years old (14-03-1997),"1,89m",Spain,Defender (Centre),Centre-Back,right,25,2033.0,2,-,6,-,87.8,1.4,-,6.41,"Jun 30, 2026",€1.80m,0.4,0.1,-,-,0.1,0.4,0.2,0.3,-,0.1,-,0.1,0.3,-,2.6,1.4,1.2,1,0.4,1.4,0.9,0.1,0.8,-,4.4,1.1,-,0.4,-,-,-,-,46,2.7,3.5,37.6,2.1,0.2,0.1,0.2,-,-,-,-,-,-,-
955,Facundo Garcés,Deportivo Alavés,Laliga,25 years old (05-09-1999),"1,89m",Argentina,Defender (Centre),Centre-Back,right,2(3),226.0,-,-,-,-,81.5,1.6,-,6.4,"Jun 30, 2028",€1.20m,0.2,-,-,-,-,0.2,0.2,-,-,-,-,-,0.2,-,2.4,1.6,0.8,0.2,0.2,0.4,0.4,0.2,0.2,-,4.2,0.8,-,-,-,-,-,-,13,1,1.2,9.6,1.2,0.4,-,0.4,-,-,-,-,-,-,-
956,Javi López,Real Sociedad,Laliga,23 years old (25-03-2002),"1,83m",Spain,Defender (Left),Left-Back,left,19(7),1755.0,-,-,4,-,83.6,0.4,-,6.4,"Jun 30, 2030",€7.50m,0.2,-,-,-,-,0.2,-,0.2,-,1.4,0.8,0.6,0.9,0.8,1.1,0.4,0.7,1.5,0.5,2,0.3,1,1.1,-,1.8,0.3,0.3,0.5,-,-,-,-,25.6,1.3,1.5,20.1,2.7,0.2,-,0.2,-,-,-,-,-,-,-
957,Franco Cervi,Celta de Vigo,Laliga,30 years old (26-05-1994),"1,66m",Argentina,"Defender (Left), Midfielder (Centre, Left, Right)",Left Winger,left,4(2),260.0,-,-,1,-,66.4,0.7,1,6.4,"Jun 30, 2026",€900k,-,-,-,-,-,-,-,-,-,0.2,-,0.2,0.5,0.3,1.3,0.7,0.7,1.3,0.7,2,1.3,0.2,0.7,-,0.8,-,0.2,0.7,-,-,-,-,17.8,0.5,2.3,11.3,3.7,0.8,0.2,0.7,-,-,-,-,-,-,-
958,Manu Sánchez,Deportivo Alavés,Laliga,24 years old (24-08-2000),"1,71m",Spain,"Defender (Left), Midfielder (Left)",Left-Back,left,25(3),2209.0,1,-,6,1,72.8,0.3,1,6.4,"Jun 30, 2025",€6.00m,0.4,-,-,-,-,0.4,0.3,0.1,-,1.1,0.9,0.3,1.2,0.5,1.2,0.3,0.9,2.4,0.8,3.2,1,0.6,1.7,-,1.8,0.3,0.3,1.3,-,-,-,-,23.8,0.8,2.6,16.6,3.9,0.4,0.1,0.3,-,-,-,-,-,-,-
959,Williot Swedberg,Celta de Vigo,Laliga,21 years old (01-02-2004),"1,87m",Sweden,Attacking Midfielder (Left),Left Winger,right,13(14),1147.0,3,3,1,-,75.3,0.3,1,6.4,"Jun 30, 2027",€5.00m,1,0.1,-,0.1,-,1,0.7,0.2,-,1.4,1.1,0.3,1.6,0.5,0.8,0.3,0.5,0.7,0.2,0.9,0.1,1,0.6,0.3,0.3,-,-,0.4,-,-,-,-,11.3,0.3,0.3,8.2,2.5,0.4,-,0.4,0.1,-,-,-,-,-,0.1
960,Bojan Miovski,Girona FC,Laliga,25 years old (24-06-1999),"1,89m",Macedonia,Forward,Centre-Forward,left,12(3),858.0,2,1,-,-,77.1,0.9,-,6.4,"Jun 30, 2028",€3.00m,0.9,0.1,0.1,0.1,-,0.9,0.7,0.1,0.1,0.5,0.3,0.2,1.1,0.4,2.3,0.9,1.4,0.5,0.3,0.8,0.1,0.7,0.9,0.5,0.5,-,-,0.3,-,-,-,-,7,0.1,-,5.3,1.6,0.2,0.1,0.1,0.1,-,-,-,-,-,0.1
961,Luis Pérez,Real Valladolid CF,Laliga,30 years old (04-02-1995),"1,73m",Spain,"Defender (Right), Midfielder (Right)",Right-Back,right,27(1),2423.0,-,-,2,-,80,0.6,1,6.4,"Jun 30, 2025",€1.50m,0.1,-,-,-,-,0.1,-,0.1,-,0.6,0.3,0.3,1,0.2,1.7,0.6,1.1,1.4,0.6,1.9,1,0.9,0.4,0.1,2.3,0.3,0.4,0.6,-,-,-,-,29.6,2,2.4,21.7,3.5,0.9,0.3,0.6,-,-,-,-,-,-,-
962,Arnaut Danjuma,Girona FC,Laliga,28 years old (31-01-1997),"1,78m",Netherlands,"Attacking Midfielder (Left), Forward",Left Winger,right,15(8),1313.0,2,-,2,-,82,-,-,6.4,"Jun 30, 2025",€5.00m,1.3,0.1,-,0.1,-,1.3,1,0.3,0.1,2.9,1.8,1,1.4,0.4,0.2,-,0.1,0.3,0.2,0.6,0.1,0.7,0.6,0.6,0.1,-,0.1,0.2,-,-,-,-,15,0.5,0.2,11.7,2.5,0.9,0.3,0.6,-,-,-,-,-,-,-
963,Hugo Sotelo,Celta de Vigo,Laliga,21 years old (19-12-2003),"1,80m",Spain,Midfielder (Centre),Central Midfield,right,14(7),1182.0,-,-,4,-,88.3,0.1,-,6.4,"Jun 30, 2028",€5.00m,0.2,-,-,-,-,0.2,0.1,0.1,-,0.9,0.5,0.4,0.5,0.6,0.6,0.1,0.5,1.3,0.8,2,0.2,0.4,0.9,-,0.3,-,-,0.4,-,-,-,-,44.1,2.8,2.1,36.2,3,0.8,0.4,0.3,-,-,-,-,-,-,-
964,Mikel Vesga,Athletic Bilbao,Laliga,32 years old (08-04-1993),"1,91m",Spain,Defensive Midfielder (C),Defensive Midfield,left,9(12),860.0,-,-,1,-,82.4,0.9,-,6.39,"Jun 30, 2027",€3.00m,0.3,-,-,-,-,0.3,0.2,0.1,-,0.3,0.2,0.1,0.5,0.3,1.3,0.9,0.5,1,0.8,1.7,0.6,0.1,0.6,-,0.9,-,-,0.4,-,-,-,-,21.9,1.3,1.1,16.8,2.8,0.5,0.2,0.3,-,-,-,-,-,-,-
965,Héctor Fort,FC Barcelona,Laliga,18 years old (02-08-2006),"1,85m",Spain,Defender (Right),Right-Back,right,4(9),447.0,-,-,2,-,91.8,0.2,-,6.39,"Jun 30, 2026",€10.00m,0.3,-,-,-,-,0.3,0.2,0.2,-,0.5,0.4,0.2,0.2,0.2,0.6,0.2,0.4,0.7,0.3,1,0.5,0.1,0.3,-,0.8,-,0.1,0.7,-,-,-,-,25.2,0.4,0.1,22.8,2,0.5,-,0.5,-,-,-,-,-,-,-
966,Manu Fuster,UD Las Palmas,Laliga,27 years old (22-10-1997),"1,69m",,Midfielder,Left Winger,right,6(17),751.0,2,1,2,-,85.3,0.1,-,6.39,"Jun 30, 2028",€1.50m,0.7,0.1,-,-,-,0.7,0.2,0.4,-,0.6,0.4,0.2,0.7,0.5,0.5,0.1,0.4,0.7,0.5,1.2,0.2,1.1,0.5,-,0.5,0.1,0.1,0.4,-,-,-,-,16.8,0.8,0.5,13.6,2,1,0.3,0.7,-,-,-,-,-,-,-
967,Assane Diao,Como 1907,Laliga,19 years old (07-09-2005),185cm,,"Attacking Midfielder (Left, Right)",,,2(8),271.0,1,2,-,-,75,0.8,-,6.39,,,0.7,0.1,-,0.1,-,0.7,0.6,0.1,-,1.1,0.9,0.2,1.4,0.2,1.4,0.8,0.6,0.5,0.5,1,-,0.4,0.4,0.2,0.3,-,-,0.3,-,-,-,-,6,0.1,-,4.4,1.5,0.8,-,0.8,0.2,0.1,-,-,-,-,0.1
968,Reinildo,Atlético de Madrid,Laliga,31 years old (21-01-1994),"1,80m",Mozambique,"Defender (Centre, Left), Midfielder (Left)",Left-Back,left,10(9),936.0,-,-,4,-,84,0.5,-,6.39,"Jun 30, 2025",€8.00m,0.1,-,-,-,-,0.1,0.1,-,-,0.9,0.7,0.2,0.4,0.2,1.3,0.5,0.8,0.9,0.4,1.4,0.8,0.9,1,0.1,1.7,0.3,0.2,0.3,-,-,-,-,27.4,0.8,1.6,22.2,2.7,0.1,-,0.1,-,-,-,-,-,-,-
969,Antoniu Roca,RCD Espanyol Barcelona,Laliga,22 years old (05-09-2002),"1,80m",Spain,Attacking Midfielder (Right),Right Winger,right,10(12),816.0,-,1,3,-,74.7,0.3,-,6.39,"Jun 30, 2026",€1.50m,0.5,-,-,-,-,0.5,0.3,0.1,-,2,0.9,1.2,0.9,0.5,0.8,0.3,0.5,0.8,0.4,1.2,0.3,0.9,0.8,0.2,0.4,0.1,-,0.5,-,-,-,-,7.7,0.1,0.2,5.7,1.8,0.3,-,0.3,-,-,-,-,-,-,-
970,Yoel Lago,Celta de Vigo,Laliga,21 years old (25-03-2004),"1,85m",Spain,Defender,Centre-Back,right,4,301.0,-,1,-,-,93.1,0.5,-,6.39,"Jun 30, 2027",€200k,-,-,-,-,-,-,-,-,-,0.5,0.3,0.3,0.8,0.3,1.3,0.5,0.8,1.5,0.3,1.8,0.5,1,2.5,-,2.8,0.5,-,0.3,-,-,-,-,58,2,1.5,52,2.5,0.3,0.3,-,0.3,-,-,-,-,-,0.3
971,José Gragera,RCD Espanyol Barcelona,Laliga,24 years old (14-05-2000),"1,86m",Spain,Defensive Midfielder (C),Central Midfield,right,7(3),572.0,-,-,-,-,88,1.1,-,6.39,"Jun 30, 2028",€2.00m,0.2,-,-,-,-,0.2,0.1,0.1,-,0.2,0.2,-,0.3,0.1,1.7,1.1,0.6,2.4,0.8,3.2,0.5,0.8,1.8,-,1.3,0.1,-,0.8,-,-,-,-,21.6,0.5,0.7,18.5,1.9,0.1,-,0.1,-,-,-,-,-,-,-
972,Jon Pacheco,Real Sociedad,Laliga,24 years old (08-01-2001),"1,84m",Spain,Defender (Centre),Centre-Back,left,8(5),764.0,-,-,3,-,83,1.5,-,6.38,"Jun 30, 2030",€7.50m,0.1,-,-,-,-,0.1,0.1,-,-,0.2,0.1,0.1,0.3,-,2.8,1.5,1.3,1,0.2,1.2,0.6,0.4,1.4,-,3.4,0.5,0.1,0.2,-,-,-,-,35.2,1.9,3.1,27.3,2.9,-,-,-,-,-,-,-,-,-,-
973,Ferland Mendy,Real Madrid,Laliga,29 years old (08-06-1995),"1,80m",France,"Defender (Left), Midfielder (Left)",Left-Back,left,12(2),1008.0,-,1,1,1,94.3,0.3,-,6.38,"Jun 30, 2028",€18.00m,-,-,-,-,-,-,-,-,-,0.4,0.2,0.2,0.7,0.6,0.4,0.3,0.1,1.2,0.2,1.4,0.6,0.5,0.4,-,0.4,0.3,0.1,0.5,-,-,-,-,42.8,1.4,0.4,39,2.1,0.2,-,0.2,0.1,-,-,-,-,-,0.1
974,Gerard Martín,FC Barcelona,Laliga,23 years old (26-02-2002),"1,86m",Spain,Defender (Left),Left-Back,left,7(16),785.0,1,2,2,-,85,0.4,-,6.38,"Jun 30, 2028",€7.50m,0.2,-,-,-,-,0.2,0.1,-,-,0.3,0.2,0.1,0.2,0.1,0.6,0.4,0.2,0.7,0.2,1,0.3,0.2,0.4,-,1,0.1,-,0.5,-,-,-,-,21.7,0.6,0.7,17.9,2.6,0.3,-,0.3,0.1,-,-,-,-,-,0.1
975,Adrián,Real Betis Balompié,Laliga,38 years old (03-01-1987),"1,90m",Spain,Goalkeeper,Goalkeeper,right,16,1262.0,-,-,3,-,71.2,0.3,-,6.38,"Jun 30, 2026",€500k,-,-,-,-,-,-,-,-,-,-,-,-,-,-,0.3,0.3,0.1,-,0.1,0.1,-,0.2,-,-,1.3,-,-,-,1.8,-,1.1,0.8,23.7,4.4,6.6,12.5,0.2,-,-,-,-,-,-,-,-,-,-
976,Rodrigo Riquelme,Atlético de Madrid,Laliga,25 years old (02-04-2000),"1,74m",Spain,"Defender (Left), Midfielder (Centre, Left)",Left Winger,right,4(12),509.0,-,1,-,-,87.2,0.2,-,6.38,"Jun 30, 2028",€18.00m,0.9,-,-,-,-,0.9,0.6,0.3,-,1.5,1.1,0.4,0.7,0.4,0.4,0.2,0.3,0.7,0.3,1,0.1,0.5,0.5,0.3,0.1,-,0.1,0.2,-,-,-,-,14.2,0.2,-,12.2,1.8,0.9,-,0.9,0.1,-,-,-,-,-,0.1
977,Darko Brasanac,CD Leganés,Laliga,33 years old (12-02-1992),"1,78m",Serbia,"Midfielder (Centre, Right)",Central Midfield,right,14(12),1469.0,1,2,3,-,75.7,0.8,-,6.38,"Jun 30, 2025",€600k,0.5,-,-,-,-,0.5,0.4,-,-,0.3,0.2,0.1,0.5,0.2,2.3,0.8,1.5,1,0.3,1.2,0.5,0.5,1.3,0.2,1.2,0.4,-,0.5,-,-,-,-,16.3,0.3,0.9,12,3.1,0.3,-,0.3,0.1,-,-,-,-,-,0.1
978,Adri Embarba,Rayo Vallecano,Laliga,32 years old (07-05-1992),"1,73m",Spain,"Attacking Midfielder (Centre, Left, Right), Forward",Right Winger,right,15(16),1422.0,1,1,4,-,74.7,0.4,-,6.37,"Jun 30, 2025",€1.50m,1,-,-,-,-,1,0.5,0.6,-,1.4,0.8,0.5,1.6,0.6,1.3,0.4,0.9,1.2,0.8,1.9,0.4,0.7,0.7,0.4,0.4,-,-,0.5,-,-,-,-,13.4,0.5,0.7,9.5,2.7,0.6,0.1,0.5,-,-,-,-,-,-,-
979,Iván Martín,Girona FC,Laliga,26 years old (14-02-1999),"1,78m",Spain,"Midfielder (Centre, Right)",Attacking Midfield,left,21(6),1759.0,1,1,1,-,91.1,0.1,-,6.37,"Jun 30, 2028",€10.00m,0.3,-,-,-,-,0.3,0.1,0.1,-,1.6,0.7,0.8,1.4,0.9,0.7,0.1,0.6,1,0.7,1.7,0.4,0.5,0.7,0.1,0.4,0.1,0.1,0.5,-,-,-,-,45.1,1.1,0.4,40,3.6,0.8,-,0.8,-,-,-,-,-,-,-
980,Toni Lato,RCD Mallorca,Laliga,27 years old (21-11-1997),"1,71m",Spain,"Defender (Left), Midfielder (Left)",Left-Back,left,5(6),457.0,-,-,-,1,75.8,0.5,-,6.37,"Jun 30, 2027",€2.00m,-,-,-,-,-,-,-,-,-,0.3,0.3,-,0.5,0.2,1.1,0.5,0.5,1.5,0.3,1.7,0.4,0.2,0.8,0.1,2.2,0.2,0.3,0.4,-,-,-,-,16.5,0.7,1.3,11.8,2.7,0.5,0.2,0.3,-,-,-,-,-,-,-
981,James Rodríguez,Leon,Laliga,33 years old (12-07-1991),180cm,Colombia,"Attacking Midfielder (Centre, Left, Right), Forward",,,1(5),136.0,-,-,1,-,89.2,0.3,-,6.37,,,0.7,-,-,-,-,0.7,0.3,0.3,-,1.2,0.3,0.8,0.8,-,0.8,0.3,0.5,0.5,0.3,0.8,0.2,0.2,0.3,0.5,-,-,-,0.3,-,-,-,-,13.8,1.5,0.2,10.8,1.3,0.3,0.2,0.2,-,-,-,-,-,-,-
982,Luken Beitia,Real Sociedad,Laliga,20 years old (30-06-2004),191cm,Spain,Defender,,,0(1),7.0,-,-,-,-,100,1,-,6.37,,,-,-,-,-,-,-,-,-,-,-,-,-,-,-,1,1,-,1,-,1,-,-,-,-,2,-,-,-,-,-,-,-,5,1,-,4,-,-,-,-,-,-,-,-,-,-,-
983,Jailson,Celta de Vigo,Laliga,29 years old (07-09-1995),"1,87m",Brazil,"Defender (Centre), Defensive Midfielder (C)",Defensive Midfield,right,6(7),613.0,-,-,2,-,90.6,1.4,-,6.37,"Jun 30, 2025",€1.50m,0.3,-,-,-,-,0.3,0.2,0.1,0.1,0.3,0.1,0.2,0.1,0.4,2.7,1.4,1.3,1,0.2,1.2,0.7,0.3,0.3,-,2,0.3,0.2,0.2,-,-,-,-,36.8,0.7,1.1,32.7,2.4,0.1,-,0.1,-,-,-,-,-,-,-
984,Adrià Alti,CD Leganés,Laliga,24 years old (28-03-2001),170cm,Spain,"Defender (Right), Midfielder (Right)",,,15(3),1276.0,-,-,5,-,79.8,0.5,1,6.36,,,0.3,-,-,-,-,0.3,0.1,0.2,-,1.2,0.8,0.4,1.3,0.3,1.4,0.5,0.9,1.8,0.8,2.6,0.8,1.2,1.3,0.2,1.9,0.3,0.4,0.3,-,-,-,-,20.6,1.1,1.1,15.3,3.1,0.3,-,0.3,-,-,-,-,-,-,-
985,Fernando Calero,RCD Espanyol Barcelona,Laliga,29 years old (14-09-1995),"1,84m",Spain,"Defender (Centre), Defensive Midfielder (C)",Centre-Back,right,3(13),455.0,1,-,-,-,84.3,0.4,-,6.36,"Jun 30, 2026",€1.50m,0.1,0.1,-,0.1,-,0.1,0.1,-,-,-,-,-,0.3,-,1,0.4,0.6,0.6,0.1,0.7,0.8,0.3,0.3,-,1.8,0.4,0.1,0.3,-,-,-,-,12.3,1.3,0.9,9.1,1,0.1,-,0.1,-,-,-,-,-,-,-
986,Stanis Idumbo,Sevilla FC,Laliga,19 years old (29-06-2005),"1,71m",Belgium,Midfielder,Attacking Midfield,right,3(11),280.0,1,1,-,-,83.3,0.1,-,6.36,"Jun 30, 2028",€2.50m,0.3,0.1,-,0.1,-,0.3,0.1,0.1,-,1.4,0.7,0.6,0.9,0.8,0.1,0.1,-,0.6,0.1,0.8,0.3,0.5,0.1,-,0.1,0.1,-,0.1,-,-,-,-,5.1,0.1,0.1,4.1,0.7,0.4,0.1,0.4,0.1,-,-,-,-,-,0.1
987,Gerard Gumbau,Rayo Vallecano,Laliga,30 years old (18-12-1994),"1,88m",Spain,Defensive Midfielder (C),Defensive Midfield,left,7(11),765.0,-,1,4,-,80.1,0.8,-,6.36,"Jun 30, 2025",€2.00m,0.7,-,-,-,-,0.7,0.3,0.3,-,0.2,0.1,0.1,0.3,0.1,2,0.8,1.2,0.9,0.4,1.3,0.3,0.6,1.1,0.1,0.5,0.2,0.1,0.3,-,-,-,-,18.7,0.8,1.4,14.1,2.3,0.9,0.3,0.6,0.1,-,-,-,-,-,0.1
988,Chimy Ávila,Real Betis Balompié,Laliga,31 years old (06-02-1994),"1,72m",Argentina,"Attacking Midfielder (Left, Right), Forward",Centre-Forward,right,6(13),672.0,2,-,5,1,76.1,0.4,1,6.36,"Jun 30, 2027",€2.50m,1.1,0.1,0.1,-,0.1,1.1,0.6,0.4,0.1,0.6,0.3,0.3,1.2,0.4,0.8,0.4,0.4,0.4,0.3,0.7,0.1,0.9,0.7,0.3,0.4,-,-,0.2,-,-,-,-,10.4,0.6,0.4,7.3,2.1,0.8,0.2,0.7,-,-,-,-,-,-,-
989,Jon Olasagasti,Real Sociedad,Laliga,24 years old (16-08-2000),"1,76m",Spain,Midfielder (Centre),Central Midfield,left,7(13),789.0,1,1,2,-,77.7,0.6,-,6.36,"Jun 30, 2027",€2.50m,0.6,0.1,-,0.1,-,0.6,0.3,0.3,0.1,0.6,0.5,0.2,0.5,0.2,1.7,0.6,1.1,1,0.5,1.5,0.7,0.4,0.7,-,0.5,0.1,-,0.3,-,-,-,-,18.2,0.9,0.8,13.3,3.3,0.3,-,0.3,0.1,-,-,-,-,-,0.1
990,Aleksandar Sedlar,Deportivo Alavés,Laliga,33 years old (13-12-1991),"1,80m",Serbia,Defender (Centre),Centre-Back,right,6(2),515.0,-,-,1,1,82,1,-,6.36,"Jun 30, 2025",€400k,0.1,-,-,-,-,0.1,0.1,-,-,0.1,0.1,-,-,-,1.8,1,0.8,2.1,0.3,2.4,1.1,0.6,1.1,-,2.1,0.1,0.1,0.1,-,-,-,-,25.6,2,1.8,19,2.9,-,-,-,-,-,-,-,-,-,-
991,Ander Guevara,Deportivo Alavés,Laliga,27 years old (07-07-1997),"1,80m",Spain,Defensive Midfielder (C),Central Midfield,right,16(13),1607.0,-,1,1,-,78.3,0.9,-,6.36,"Jun 30, 2027",€4.00m,0.3,-,-,-,-,0.3,0.1,0.3,-,0.5,0.2,0.3,0.6,0.5,2,0.9,1.2,1.3,0.8,2.2,0.3,0.5,0.9,-,1.3,0.2,-,0.4,-,-,-,-,28.1,1.6,1.4,20.4,4.7,0.3,-,0.3,-,-,-,-,-,-,-
992,Marcos André,Real Valladolid CF,Laliga,28 years old (20-10-1996),"1,85m",,Forward,Centre-Forward,right,14(7),1185.0,1,2,5,-,66.8,2.3,-,6.36,"Jun 30, 2029",€1.20m,1,-,-,-,-,1,0.7,0.2,0.1,2,1.1,0.8,1.9,1.1,4.4,2.3,2.1,0.5,0.4,0.9,0.1,1.3,0.6,0.2,0.5,0.1,-,0.8,-,-,-,-,9.8,0.6,0.1,6,3.1,0.4,-,0.4,0.1,-,-,-,-,-,0.1
993,Abel Ruiz,Girona FC,Laliga,25 years old (28-01-2000),"1,82m",Spain,Forward,Centre-Forward,right,16(3),1239.0,4,-,3,-,89.5,0.4,-,6.36,"Jun 30, 2029",€6.00m,1.2,0.2,0.1,0.2,-,1.2,1,0.1,0.1,0.8,0.6,0.3,1.7,0.9,1.4,0.4,1,0.3,0.2,0.5,0.2,0.7,0.3,0.3,0.4,0.1,-,0.3,-,-,-,-,12.5,0.4,0.2,10.8,1.1,0.4,0.1,0.3,-,-,-,-,-,-,-
994,Stanko Juric,Real Valladolid CF,Laliga,28 years old (16-08-1996),"1,88m",Croatia,Defensive Midfielder (C),Defensive Midfield,right,18(7),1650.0,-,-,5,1,84.8,1.8,-,6.36,"Jun 30, 2027",€1.50m,0.3,-,-,-,-,0.3,0.2,0.1,-,0.4,0.2,0.2,0.8,0.5,2.6,1.8,0.8,1.8,1,2.9,0.9,0.3,1.5,-,2,0.3,-,0.9,-,-,-,-,29.2,0.7,1.2,24.1,3.2,0.2,-,0.2,-,-,-,-,-,-,-
995,Cristhian Stuani,Girona FC,Laliga,38 years old (12-10-1986),"1,84m",Uruguay,"Attacking Midfielder (Centre, Left, Right), Forward",Centre-Forward,right,2(25),721.0,8,2,3,-,70.3,0.5,1,6.36,"Jun 30, 2026",€1.20m,1,0.3,0.1,0.2,-,1,0.9,-,0.1,0.1,0.1,0.1,0.6,0.2,1.1,0.5,0.6,0.3,-,0.3,0.2,0.1,0.9,0.3,0.3,-,-,0.1,-,-,-,-,3.7,-,0.1,2.6,1,0.2,-,0.2,0.1,-,-,-,-,-,0.1
996,Cyle Larin,RCD Mallorca,Laliga,30 years old (17-04-1995),"1,88m",Canada,"Attacking Midfielder (Left, Right), Forward",Centre-Forward,right,19(8),1562.0,6,2,4,-,68.3,2.1,1,6.35,"Jun 30, 2028",€3.50m,1.3,0.2,0.1,0.1,-,1.3,1.1,0.1,0.2,0.9,0.7,0.2,2.3,2,5.1,2.1,3,0.4,0.2,0.6,-,1.1,0.9,0.8,0.5,0.1,-,0.3,-,-,-,-,9.9,0.2,0.1,6.6,3,0.3,-,0.3,0.1,-,-,-,-,-,0.1
997,Jesús Vázquez,Valencia CF,Laliga,22 years old (02-01-2003),"1,82m",Spain,Defender (Left),Left-Back,left,9(7),802.0,-,-,3,-,76.5,0.6,-,6.35,"Jun 30, 2026",€3.00m,0.3,-,-,-,-,0.3,0.2,0.1,-,1.9,1.1,0.8,0.8,0.4,1.3,0.6,0.7,1.3,0.6,1.8,0.4,0.6,0.9,0.1,1.3,0.3,0.3,0.6,-,-,-,-,17.3,0.4,0.9,12.9,3.1,0.2,-,0.2,-,-,-,-,-,-,-
998,Ander Barrenetxea,Real Sociedad,Laliga,23 years old (27-12-2001),"1,75m",Spain,"Midfielder (Left, Right)",Left Winger,right,12(13),1075.0,1,3,5,-,76.9,0.3,-,6.35,"Jun 30, 2030",€18.00m,0.8,-,-,-,-,0.8,0.7,0.1,-,2.3,1.4,0.9,1.7,0.9,0.8,0.3,0.5,0.9,0.6,1.5,0.4,0.4,1,0.1,0.4,-,0.1,0.6,-,-,-,-,16.3,1.1,0.7,11.4,3.1,0.6,0.1,0.5,0.1,-,-,-,-,-,0.1
999,Siebe Van der Heyden,FC St. Pauli,Laliga,26 years old (30-05-1998),185cm,Belgium,Defender (Centre),,,1(1),96.0,-,-,-,-,90.5,1,-,6.35,,,0.5,-,-,-,-,0.5,0.5,-,-,1.5,1,0.5,-,1,1.5,1,0.5,0.5,-,0.5,1,-,1,-,1.5,-,-,0.5,-,-,-,-,31.5,1.5,0.5,27,2.5,0.5,-,0.5,-,-,-,-,-,-,-
1000,Florian Grillitsch,Real Valladolid CF,Laliga,29 years old (07-08-1995),"1,87m",Austria,"Defender (Centre), Midfielder (Centre, Left)",Defensive Midfield,right,6(3),464.0,-,-,1,-,82.7,0.3,-,6.34,"Jun 30, 2025",€3.00m,0.3,-,-,-,-,0.3,0.1,0.2,-,1.4,0.3,1.1,0.3,0.4,0.4,0.3,0.1,0.7,0.8,1.4,0.4,1,0.2,-,0.6,0.1,-,0.9,-,-,-,-,29.6,2.4,1.6,22,3.6,0.8,0.2,0.6,-,-,-,-,-,-,-
1001,Valentín Barco,RC Strasbourg Alsace,Laliga,20 years old (23-07-2004),170cm,Argentina,"Defender (Left), Midfielder (Centre, Left)",,,3(4),287.0,-,-,-,-,79.3,-,-,6.34,,,1,-,-,-,-,1,-,1,-,1.9,1.4,0.4,0.9,0.6,0.4,-,0.4,2.1,0.4,2.6,0.3,0.7,1,-,0.3,-,0.4,-,-,-,-,-,19.3,1,1.1,14.3,2.9,0.9,0.3,0.6,-,-,-,-,-,-,-
1002,Randy Nteka,Rayo Vallecano,Laliga,27 years old (06-12-1997),"1,89m",Spain,"Attacking Midfielder (Centre), Forward",Attacking Midfield,left,16(8),1138.0,3,-,6,-,66.1,1.7,-,6.34,"Jun 30, 2028",€1.50m,0.7,0.1,-,0.1,-,0.7,0.5,0.1,0.1,0.6,0.4,0.2,1.3,0.7,3.9,1.7,2.2,0.7,0.3,1,0.2,0.6,1.6,0.7,0.8,0.1,-,0.5,-,-,-,-,9.1,0.1,-,5.9,3,0.4,-,0.4,-,-,-,-,-,-,-
1003,Dimitri Foulquier,Valencia CF,Laliga,32 years old (23-03-1993),"1,83m",France,"Defender (Centre, Left, Right), Midfielder (Right)",Right-Back,right,23(7),2151.0,-,1,6,-,81.4,0.3,-,6.34,"Jun 30, 2025",€2.00m,0.4,-,-,-,-,0.4,0.3,0.2,-,1,0.8,0.3,0.9,0.5,1,0.3,0.6,1.5,0.4,1.9,0.5,0.9,0.8,-,2.2,0.2,0.3,0.5,-,-,-,-,30.8,0.9,1.8,24.1,4,0.3,-,0.3,-,-,-,-,-,-,-
1004,Brian Oliván,RCD Espanyol Barcelona,Laliga,31 years old (01-04-1994),"1,75m",Spain,"Defender (Centre, Left)",Left-Back,left,12(5),1017.0,-,1,2,-,75.4,0.2,-,6.34,"Jun 30, 2025",€2.00m,0.4,-,-,-,-,0.4,0.1,0.2,-,0.2,0.2,0.1,0.6,0.1,0.8,0.2,0.6,0.8,0.5,1.3,0.6,0.4,0.8,0.2,1.2,0.1,0.2,0.2,-,-,-,-,19.4,1.4,2.2,13.2,2.5,0.9,0.3,0.6,0.1,-,-,-,0.1,-,-
1005,William Carvalho,Real Betis Balompié,Laliga,33 years old (07-04-1992),"1,87m",Portugal,Midfielder (Centre),Defensive Midfield,right,4(5),327.0,-,-,-,-,86.1,0.7,1,6.34,"Jun 30, 2026",€2.00m,0.3,-,-,-,-,0.3,-,0.2,0.1,0.4,0.1,0.3,0.3,0.7,1,0.7,0.3,0.4,0.2,0.7,0.3,0.2,0.6,-,0.4,0.1,-,0.3,-,-,-,-,27.2,1.2,1.2,22.2,2.6,0.3,-,0.3,-,-,-,-,-,-,-
1006,Oriol Romeu,Girona FC,Laliga,33 years old (24-09-1991),"1,83m",Spain,Defensive Midfielder (C),Defensive Midfield,right,16(5),1242.0,-,-,5,-,90.6,0.6,-,6.34,"Jun 30, 2025",€1.80m,0.2,-,-,-,-,0.2,-,0.1,-,0.3,0.2,0.1,0.5,0.6,1.3,0.6,0.7,1.5,0.5,2,0.5,0.7,1.2,-,0.8,0.3,-,0.6,-,-,-,-,38.5,1.8,0.8,33.1,2.9,0.4,0.1,0.3,-,-,-,-,-,-,-
1007,Pau Cabanes,Deportivo Alavés,Laliga,20 years old (17-02-2005),"1,79m",Spain,Forward,Centre-Forward,right,0(10),156.0,1,-,-,-,76.9,0.1,-,6.34,"Jun 30, 2025",€800k,0.4,0.1,-,0.1,-,0.4,0.4,-,-,1.2,0.7,0.5,0.8,0.3,0.3,0.1,0.2,0.4,0.1,0.5,0.3,0.7,0.4,-,0.1,-,0.1,0.5,-,-,-,-,7.8,0.1,0.1,5.9,1.7,0.4,-,0.4,-,-,-,-,-,-,-
1008,Tasos Douvikas,Como 1907,Laliga,25 years old (02-08-1999),186cm,Greece,"Attacking Midfielder (Right), Forward",,,6(14),692.0,3,1,2,-,71.4,0.8,-,6.33,,,0.9,0.2,0.2,-,-,0.9,0.5,0.1,0.3,0.7,0.5,0.2,1.2,1,1.9,0.8,1.2,0.5,0.2,0.6,0.2,1.4,0.5,0.5,0.3,0.1,-,0.2,-,-,-,-,5.3,0.1,-,3.7,1.5,0.2,-,0.2,0.1,-,-,-,-,-,0.1
1009,Damián Rodríguez,Celta de Vigo,Laliga,22 years old (17-03-2003),"1,80m",Spain,Midfielder (Centre),Defensive Midfield,left,9(7),880.0,-,-,3,-,91.6,-,-,6.33,"Jun 30, 2028",€3.00m,0.3,-,-,-,-,0.3,-,0.3,-,0.1,0.1,-,0.3,0.4,0.3,-,0.3,0.9,0.6,1.5,0.4,0.5,0.8,-,0.6,0.1,0.1,0.3,-,-,-,-,46.8,1.9,0.9,41,3.1,0.9,0.4,0.6,-,-,-,-,-,-,-
1010,Jesús Navas,Sevilla FC,Laliga,39 years old (21-11-1985),172cm,Spain,"Defender (Right), Midfielder (Right)",,,3(12),416.0,1,-,-,-,83.3,0.4,-,6.33,,,0.2,0.1,-,0.1,-,0.2,0.1,0.1,-,0.4,0.1,0.3,0.3,0.3,0.7,0.4,0.3,0.3,0.2,0.5,0.3,0.3,0.1,0.2,0.3,-,0.1,0.1,-,-,-,-,13.9,0.5,0.7,11.1,1.7,0.7,0.1,0.5,-,-,-,-,-,-,-
1011,Antonio Sánchez,RCD Mallorca,Laliga,28 years old (22-04-1997),"1,79m",Spain,"Defender (Right), Midfielder (Centre, Right)",Central Midfield,right,9(19),1154.0,-,-,2,-,75.8,0.2,-,6.33,"Jun 30, 2027",€2.50m,0.5,-,-,-,-,0.5,0.3,0.2,-,0.7,0.3,0.4,0.6,0.2,0.6,0.2,0.4,0.9,0.5,1.4,0.6,0.4,0.8,0.1,0.9,0.1,0.1,0.4,-,-,-,-,14.5,0.9,1.4,10,2.1,0.2,0.1,0.1,-,-,-,-,-,-,-
1012,Juanmi,Getafe CF,Laliga,31 years old (20-05-1993),"1,72m",Spain,"Attacking Midfielder (Centre, Left, Right), Forward",Left Winger,right,8(4),667.0,-,-,2,-,75.9,0.5,-,6.33,"Jun 30, 2025",€2.80m,1.1,-,-,-,-,1.1,0.7,0.2,0.3,0.8,0.5,0.3,2.3,0.7,1.2,0.5,0.7,1.2,0.8,2,0.2,0.8,1.5,0.5,0.2,-,0.1,0.5,-,-,-,-,11.1,0.4,0.1,8,2.6,0.3,-,0.3,-,-,-,-,-,-,-
1013,Juan Bernat,Getafe CF,Laliga,32 years old (01-03-1993),"1,70m",Spain,"Defender (Left), Midfielder (Centre, Left)",Left-Back,left,1(9),205.0,-,1,-,-,81.9,0.5,-,6.33,"Jun 30, 2025",€2.50m,0.2,-,-,-,-,0.2,0.1,0.1,-,0.8,0.5,0.3,0.3,0.2,0.7,0.5,0.2,0.9,0.1,1,0.1,0.2,-,0.1,0.4,0.1,-,0.2,-,-,-,-,10.5,-,0.1,8.6,1.8,0.4,-,0.4,0.1,-,-,-,-,-,0.1
1014,Borja Mayoral,Getafe CF,Laliga,28 years old (05-04-1997),"1,82m",Spain,"Attacking Midfielder (Right), Forward",Centre-Forward,right,3(16),742.0,4,1,-,-,81.4,0.8,-,6.33,"Jun 30, 2027",€9.00m,0.8,0.2,0.1,0.2,-,0.8,0.7,0.1,0.1,0.8,0.6,0.3,1,0.8,2.4,0.8,1.6,0.1,0.2,0.3,-,0.6,0.4,0.4,0.2,-,0.1,0.2,-,-,-,-,8.8,0.4,0.1,6.8,1.6,0.3,-,0.3,0.1,-,-,-,-,-,0.1
1015,Ansu Fati,FC Barcelona,Laliga,22 years old (31-10-2002),"1,78m",Spain,"Attacking Midfielder (Left), Forward",Left Winger,right,2(3),187.0,-,-,1,-,85.6,0.4,-,6.33,"Jun 30, 2027",€5.00m,1.8,-,-,-,-,1.8,1.4,0.4,-,1.6,1.2,0.4,1.6,0.4,1.8,0.4,1.4,0.2,0.2,0.4,0.2,0.4,0.4,0.4,-,-,-,0.2,-,-,-,-,20.8,-,0.2,17.8,2.8,0.8,-,0.8,-,-,-,-,-,-,-
1016,Carlos Benavídez,Deportivo Alavés,Laliga,27 years old (30-03-1998),185cm,Uruguay,Defensive Midfielder (C),,,6(8),370.0,1,1,2,-,73.3,0.4,-,6.33,,,0.2,0.1,-,-,0.1,0.2,-,0.2,-,0.4,0.1,0.2,0.2,-,0.7,0.4,0.3,0.9,0.3,1.1,0.6,0.4,1,0.1,0.5,0.1,0.1,0.1,-,-,-,-,11.8,1,1.4,7.6,1.7,0.1,-,0.1,0.1,-,-,-,-,-,0.1
1017,Kike Barja,CA Osasuna,Laliga,28 years old (01-04-1997),"1,79m",Spain,"Attacking Midfielder (Left, Right)",Right Winger,right,3(8),259.0,-,-,3,-,78,0.5,-,6.32,"Jun 30, 2026",€1.80m,0.4,-,-,-,-,0.4,0.2,0.2,-,1,0.5,0.5,1.4,0.4,1,0.5,0.5,0.5,0.1,0.5,0.3,0.4,0.8,0.1,0.3,-,0.1,0.5,-,-,-,-,5.4,-,0.1,4.2,1.1,0.5,0.3,0.3,-,-,-,-,-,-,-
1018,Nabil Aberdin,PFC Sochi,Laliga,22 years old (23-08-2002),180cm,France,Defender,,,4(3),263.0,-,-,1,-,60,1.4,-,6.32,,,0.3,-,-,-,-,0.3,-,0.3,-,0.4,0.1,0.3,0.1,0.1,1.9,1.4,0.4,0.9,-,0.9,-,0.9,1,-,0.7,-,-,0.4,-,-,-,-,8.6,1,1.1,4.1,2.3,0.1,-,0.1,-,-,-,-,-,-,-
1019,Alfonso Pedraza,Villarreal CF,Laliga,29 years old (09-04-1996),"1,84m",Spain,"Defender (Left), Midfielder (Left)",Left-Back,left,2(7),275.0,-,-,-,-,75,0.4,-,6.32,"Jun 30, 2026",€2.50m,0.3,-,-,-,-,0.3,0.3,-,-,1.3,0.8,0.6,0.6,0.1,0.6,0.4,0.1,0.3,0.2,0.6,0.4,0.2,0.2,-,1,0.1,-,0.1,-,-,-,-,11.6,0.2,1.3,8.4,1.6,0.6,0.1,0.4,-,-,-,-,-,-,-
1020,Pablo Ibáñez,CA Osasuna,Laliga,26 years old (20-09-1998),"1,79m",Spain,Defensive Midfielder (C),Central Midfield,right,9(15),1023.0,1,1,3,-,76.8,0.7,-,6.32,"Jun 30, 2025",€2.30m,0.7,-,-,-,-,0.7,0.3,0.4,-,0.8,0.5,0.4,0.7,0.4,1.7,0.7,1,0.8,1.2,1.9,0.6,0.9,1,-,0.8,0.3,-,0.5,-,-,-,-,16.3,0.4,0.7,12.1,3.1,0.2,-,0.2,-,-,-,-,-,-,-
1021,Tomás Conechny,Deportivo Alavés,Laliga,27 years old (30-03-1998),"1,76m",Argentina,"Attacking Midfielder (Left), Forward",Left Winger,left,9(9),793.0,1,-,6,-,67.4,1.1,-,6.32,"Jun 30, 2028",€2.00m,1.2,0.1,0.1,-,-,1.2,0.5,0.4,0.2,0.6,0.3,0.2,1.7,0.5,2.3,1.1,1.2,0.7,0.9,1.6,0.3,0.6,1.4,0.2,0.4,0.1,-,0.6,-,-,-,-,14.5,0.2,0.5,9.6,4.2,0.4,-,0.4,-,-,-,-,-,-,-
1022,Álex Sola,Getafe CF,Laliga,25 years old (09-06-1999),"1,78m",Spain,"Defender (Right), Midfielder (Left, Right)",Right Winger,right,13(6),1037.0,-,1,4,-,68.8,1,-,6.31,"Jun 30, 2027",€3.00m,0.8,-,-,-,-,0.8,0.4,0.3,0.1,3.2,2.1,1.1,2.8,1.2,2.5,1,1.5,1.1,0.8,1.9,0.4,1.4,1.3,0.4,0.6,-,-,0.4,-,-,-,-,11.6,0.3,0.6,7.7,3,0.5,0.1,0.4,0.1,0.1,-,-,-,-,-
1023,Takuma Asano,RCD Mallorca,Laliga,30 years old (10-11-1994),"1,73m",Japan,"Attacking Midfielder (Centre, Left, Right), Forward",Right Winger,right,12(7),963.0,2,-,-,-,72.2,0.3,-,6.31,"Jun 30, 2026",€2.50m,1.3,0.1,-,0.1,-,1.3,1,0.1,0.2,1.2,0.9,0.3,1.2,0.6,1.7,0.3,1.4,0.7,0.3,0.9,0.3,0.7,0.2,0.3,0.4,-,0.1,0.3,-,-,-,-,9.3,0.1,0.4,6.6,2.2,0.3,-,0.3,-,-,-,-,-,-,-
1024,David Alaba,Real Madrid,Laliga,32 years old (24-06-1992),"1,80m",Austria,"Defender (Centre, Left), Midfielder (Centre, Left)",Centre-Back,left,4(3),317.0,-,-,1,-,91.9,0.6,-,6.31,"Jun 30, 2026",€10.00m,-,-,-,-,-,-,-,-,-,-,-,-,0.1,-,0.7,0.6,0.1,0.1,-,0.1,0.9,-,0.3,-,1,0.7,-,-,-,-,-,-,31.7,1.1,2,28,0.6,0.1,-,0.1,-,-,-,-,-,-,-
1025,Tajon Buchanan,Villarreal CF,Laliga,26 years old (08-02-1999),"1,83m",Canada,"Defender (Right), Midfielder (Centre, Left, Right)",Right Winger,right,3(6),276.0,-,1,1,-,77,0.3,-,6.31,"Jun 30, 2025",€6.00m,0.6,-,-,-,-,0.6,0.2,0.3,-,1.9,0.9,1,1.2,0.6,0.6,0.3,0.2,0.8,0.3,1.1,0.1,1.6,1,0.4,0.1,-,-,0.4,-,-,-,-,9.7,0.2,0.3,7.2,1.9,0.3,-,0.3,0.1,-,-,-,-,-,0.1
1026,Ander Herrera,Boca Juniors,Laliga,35 years old (14-08-1989),182cm,Spain,Midfielder (Centre),,,2(6),268.0,-,-,2,-,90.9,0.4,-,6.31,,,1,-,-,-,-,1,0.3,0.6,0.1,0.6,0.4,0.3,0.4,0.3,0.6,0.4,0.3,1,0.4,1.4,0.3,0.4,0.8,-,1.3,-,-,0.1,-,-,-,-,24.8,0.8,0.5,21.8,1.8,0.3,-,0.3,-,-,-,-,-,-,-
1027,Moussa Diarra,Deportivo Alavés,Laliga,24 years old (10-11-2000),"1,85m",France,"Defender (Centre, Left)",Centre-Back,left,19(6),1773.0,-,-,6,-,84.1,1.3,-,6.3,"Jun 30, 2028",€2.00m,-,-,-,-,-,-,-,-,-,0.6,0.3,0.3,0.7,0.4,2.3,1.3,1,1.5,0.4,2,0.8,0.8,1,-,1.5,0.2,0.1,0.4,-,-,-,-,27.5,1.4,2,21.7,2.4,0.1,-,0.1,-,-,-,-,-,-,-
1028,Irvin Cardona,AS Saint-Étienne,Laliga,27 years old (08-08-1997),185cm,France,"Attacking Midfielder (Left, Right), Forward",,,5(11),600.0,1,1,1,-,65.5,0.6,-,6.3,,,0.6,0.1,-,-,0.1,0.6,0.4,0.3,-,0.8,0.6,0.2,1.4,0.3,1.3,0.6,0.7,0.5,0.6,1.1,0.3,0.5,0.5,0.3,0.5,0.1,0.1,0.3,-,-,-,-,8.9,0.2,0.5,5.6,2.6,0.6,0.1,0.5,0.1,-,-,-,-,-,0.1
1029,Allan Nyom,Getafe CF,Laliga,36 years old (10-05-1988),"1,89m",Cameroon,"Defender (Left, Right), Midfielder (Right)",Right-Back,right,9(7),689.0,1,1,4,-,79.9,0.4,1,6.3,"Jun 30, 2025",€400k,0.5,0.1,-,0.1,-,0.5,0.3,0.2,-,0.6,0.3,0.3,0.9,0.2,1.4,0.4,0.9,0.8,0.1,0.9,0.1,0.4,1.1,-,0.8,0.1,0.2,0.1,-,-,-,-,14,0.5,1.1,10.7,1.7,0.3,-,0.3,0.1,-,-,-,-,-,0.1
1030,Ángel Correa,Atlético de Madrid,Laliga,30 years old (09-03-1995),"1,71m",Argentina,"Attacking Midfielder (Centre, Left, Right), Forward",Right Winger,right,3(23),695.0,3,1,3,1,78.6,-,-,6.3,"Jun 30, 2026",€15.00m,1.2,0.1,-,0.1,-,1.2,1,0.1,0.1,1.2,0.8,0.5,1,0.5,0.3,-,0.3,0.3,0.4,0.7,0.2,0.4,0.5,0.2,0.2,-,-,0.3,-,-,-,-,8.5,0.2,0.1,6.5,1.7,0.3,-,0.3,-,-,-,-,-,-,-
1031,Álex Suárez,UD Las Palmas,Laliga,32 years old (18-03-1993),"1,80m",Spain,"Defender (Centre, Right)",Centre-Back,right,27,2240.0,-,-,12,-,86.3,0.9,-,6.3,"Jun 30, 2026",€1.00m,0.1,-,-,-,-,0.1,0.1,-,-,0.1,0.1,-,0.3,-,2.5,0.9,1.6,1.4,0.3,1.7,0.4,0.8,0.9,-,3.5,0.8,0.1,0.5,-,-,-,-,45,2.2,3.6,36.7,2.6,0.1,-,0.1,-,-,-,-,-,-,-
1032,Jon Magunazelaia,Cordoba,Laliga,23 years old (13-07-2001),181cm,Spain,Midfielder,,,0(2),6.0,-,-,-,-,53.8,1.5,-,6.3,,,-,-,-,-,-,-,-,-,-,-,-,-,-,-,1.5,1.5,-,0.5,-,0.5,-,0.5,0.5,-,-,-,-,-,-,-,-,-,6.5,-,0.5,3.5,2.5,-,-,-,-,-,-,-,-,-,-
1033,Manu Bueno,Sevilla FC,Laliga,20 years old (27-07-2004),"1,78m",Spain,Midfielder,Central Midfield,left,1(6),110.0,1,-,-,-,91.1,-,-,6.3,"Jun 30, 2026",€1.50m,0.6,0.1,-,-,0.1,0.6,-,0.6,-,0.3,0.1,0.1,0.3,0.3,0.1,-,0.1,0.6,0.1,0.7,-,0.4,0.3,-,0.3,-,-,-,-,-,-,-,8,0.3,0.1,7,0.6,-,-,-,-,-,-,-,-,-,-
1034,Álvaro Djaló,Athletic Bilbao,Laliga,25 years old (16-08-1999),"1,75m",Spain,"Attacking Midfielder (Left, Right), Forward",Left Winger,right,6(9),574.0,1,-,1,-,68.5,0.6,-,6.3,"Jun 30, 2029",€8.00m,0.9,0.1,-,0.1,-,0.9,0.5,0.4,-,2,1.2,0.8,1.6,0.7,1.7,0.6,1.1,0.5,0.1,0.6,0.1,0.8,1.1,0.3,0.2,-,0.1,0.2,-,-,-,-,5.9,0.3,0.1,3.8,1.7,0.3,0.1,0.2,-,-,-,-,-,-,-
1035,Iván Jaime,Valencia CF,Laliga,24 years old (26-09-2000),"1,80m",Spain,"Attacking Midfielder (Centre, Left), Forward",Attacking Midfield,right,2(3),191.0,-,-,-,-,86.3,0.8,-,6.3,"Jun 30, 2025",€7.00m,1,-,-,-,-,1,0.4,0.6,-,2.4,1.8,0.6,1.6,0.8,1.4,0.8,0.6,0.8,0.2,1,0.4,1.2,0.8,0.2,-,-,-,0.2,-,-,-,-,14.6,0.4,-,12.2,2,0.6,-,0.6,-,-,-,-,-,-,-
1036,Sheraldo Becker,Real Sociedad,Laliga,30 years old (09-02-1995),"1,80m",Netherlands,"Attacking Midfielder (Centre, Left, Right), Forward",Left Winger,right,11(10),988.0,2,1,1,1,76.9,0.3,-,6.29,"Jun 30, 2026",€4.00m,1,0.1,-,0.1,-,1,0.7,0.3,-,0.5,0.3,0.2,0.8,0.2,1.1,0.3,0.8,0.1,0.1,0.2,-,0.7,0.4,0.4,0.5,-,-,0.2,-,-,-,-,11.5,0.4,0.3,8.5,2.4,0.4,-,0.4,-,-,-,-,-,-,-
1037,Papa Dame Ba,Girona FC,Laliga,20 years old (12-09-2004),180cm,Senegal,Forward,,,0(1),47.0,-,-,-,-,41.7,-,-,6.29,,,1,-,-,-,-,1,1,-,-,2,1,1,1,1,-,-,-,1,-,1,-,4,1,-,-,-,1,1,-,-,-,-,12,-,1,5,6,-,-,-,-,-,-,-,-,-,-
1038,Rodri,Real Betis Balompié,Laliga,24 years old (16-05-2000),168cm,Spain,"Attacking Midfielder (Centre, Left, Right)",,,1(2),117.0,-,-,-,-,86.4,-,-,6.29,,,0.7,-,-,-,-,0.7,0.3,0.3,-,2,1.3,0.7,1.7,0.7,0.7,-,0.7,0.7,0.3,1,0.3,0.7,0.7,0.3,0.3,0.3,-,0.3,-,-,-,-,19.7,0.7,1,16.3,1.7,0.7,-,0.7,-,-,-,-,-,-,-
1039,Mateu Morey,RCD Mallorca,Laliga,25 years old (02-03-2000),"1,73m",Spain,"Defender (Right), Midfielder (Right)",Right-Back,right,6(6),483.0,-,-,1,-,81.7,0.6,-,6.29,"Jun 30, 2025",€800k,0.1,-,-,-,-,0.1,-,0.1,-,1,0.3,0.7,0.4,0.4,0.9,0.6,0.3,1.2,0.6,1.8,0.8,0.5,0.8,0.1,1.3,-,-,0.7,-,-,-,-,16.8,0.6,0.9,13.2,2.2,0.3,0.1,0.3,-,-,-,-,-,-,-
1040,Willy Kambwala,Villarreal CF,Laliga,20 years old (25-08-2004),"1,92m",France,Defender (Centre),Centre-Back,right,11(3),924.0,-,-,1,1,87.8,1,-,6.29,"Jun 30, 2029",€4.00m,0.3,-,-,-,-,0.3,0.3,-,-,0.2,-,0.2,0.5,0.2,2.1,1,1.1,0.9,0.1,1,0.5,-,0.4,-,2.9,0.4,0.1,0.1,-,-,-,-,32.7,2.6,2.8,26.1,1.2,0.1,-,0.1,-,-,-,-,-,-,-
1041,Yan Diomande,CD Leganés,Laliga,18 years old (14-11-2006),,,Forward,,,3(2),207.0,-,-,-,-,84.8,0.2,-,6.29,,,0.6,-,-,-,-,0.6,0.6,-,-,2.2,1.2,1,1.8,1.4,2,0.2,1.8,0.2,1,1.2,0.6,1.8,0.4,0.2,0.2,-,0.2,1.2,-,-,-,-,9.2,-,-,7.8,1.4,0.6,-,0.6,-,-,-,-,-,-,-
1042,Álvaro Fernández,Sevilla FC,Laliga,27 years old (13-04-1998),"1,85m",Spain,Goalkeeper,Goalkeeper,right,7(1),656.0,-,-,2,-,60.1,0.1,-,6.29,"Jun 30, 2025",€2.50m,-,-,-,-,-,-,-,-,-,-,-,-,-,-,0.1,0.1,-,-,0.1,0.1,-,0.3,-,-,1.1,-,-,-,2.1,-,1.5,0.6,33.5,6.1,13.3,14,0.1,0.1,0.1,-,-,-,-,-,-,-,-
1043,Pau Víctor,FC Barcelona,Laliga,23 years old (26-11-2001),"1,84m",Spain,Forward,Centre-Forward,right,1(17),230.0,2,1,2,-,83.2,0.2,-,6.29,"Jun 30, 2029",€5.00m,0.7,0.1,0.1,-,0.1,0.7,0.4,0.2,0.1,0.6,0.2,0.4,0.3,0.4,0.2,0.2,0.1,0.1,0.2,0.3,0.1,0.2,0.3,-,0.2,0.1,0.1,0.3,-,-,-,-,5.9,0.1,0.1,4.8,0.9,0.4,-,0.4,0.1,-,-,-,-,-,0.1
1044,Stoichkov,Deportivo Alavés,Laliga,31 years old (05-11-1993),178cm,,Forward,,,6(10),697.0,-,1,1,-,65.5,0.4,-,6.28,,,1.1,-,-,-,-,1.1,0.6,0.5,-,1.1,0.8,0.4,1.3,0.4,1.3,0.4,0.9,0.9,0.3,1.2,0.1,1,0.6,0.3,0.4,-,-,0.1,-,-,-,-,12.5,0.6,0.4,7.6,3.9,0.4,-,0.4,0.1,0.1,-,-,-,-,-
1045,Unai Gómez,Athletic Bilbao,Laliga,21 years old (25-05-2003),"1,83m",Spain,Attacking Midfielder (Centre),Attacking Midfield,left,11(16),1019.0,1,2,1,-,74.8,0.9,-,6.28,"Jun 30, 2028",€6.00m,0.6,-,-,-,-,0.6,0.4,0.2,-,0.8,0.4,0.3,0.7,0.7,1.8,0.9,0.9,0.3,0.1,0.4,0.1,0.5,0.4,-,0.3,-,-,0.3,-,-,-,-,8.4,0.3,0.3,6,1.8,0.3,-,0.3,0.1,-,-,-,-,-,0.1
1046,Suso,Sevilla FC,Laliga,31 years old (19-11-1993),"1,77m",Spain,"Attacking Midfielder (Centre, Left, Right), Forward",Right Winger,left,0(11),218.0,-,-,2,-,86.6,0.2,-,6.28,"Jun 30, 2025",€2.50m,0.6,-,-,-,-,0.6,0.2,0.5,-,1.6,0.9,0.7,0.5,0.5,0.4,0.2,0.2,0.2,0.4,0.5,0.1,0.5,0.2,0.1,-,-,-,0.1,-,-,-,-,12.2,0.4,0.2,10.2,1.5,0.9,0.3,0.6,-,-,-,-,-,-,-
1047,Peque Fernández,Sevilla FC,Laliga,22 years old (04-10-2002),"1,72m",,Attacking Midfielder (Centre),Second Striker,right,12(10),972.0,1,1,1,-,79.7,0.4,-,6.27,"Jun 30, 2028",€3.50m,0.5,-,-,-,-,0.5,0.4,0.1,-,0.8,0.5,0.3,1,1,1.4,0.4,1,0.6,0.4,1,0.3,1.1,0.8,0.1,0.2,-,-,0.6,-,-,-,-,12.8,0.4,0.2,9.8,2.4,0.5,-,0.5,-,-,-,-,-,-,-
1048,Beñat Turrientes,Real Sociedad,Laliga,23 years old (31-01-2002),"1,81m",Spain,Defensive Midfielder (C),Central Midfield,right,10(8),819.0,-,-,4,-,91.3,0.6,-,6.27,"Jun 30, 2030",€16.00m,0.3,-,-,-,-,0.3,0.1,0.2,-,1.1,0.6,0.4,0.9,0.4,1.6,0.6,1,0.7,0.5,1.2,0.3,1.2,0.6,-,0.6,0.1,0.1,0.7,-,-,-,-,19.2,1.1,0.4,16.4,1.3,0.2,-,0.2,-,-,-,-,-,-,-
1049,Íñigo Lekue,Athletic Bilbao,Laliga,31 years old (04-05-1993),"1,80m",Spain,"Defender (Left, Right), Midfielder (Left, Right)",Right-Back,right,6(6),588.0,-,-,1,-,78.8,0.4,-,6.27,"Jun 30, 2025",€2.50m,0.2,-,-,-,-,0.2,0.2,-,-,0.8,0.3,0.5,0.3,0.3,0.6,0.4,0.2,1.1,0.4,1.5,0.4,0.2,0.3,-,1.6,0.1,0.1,0.4,-,-,-,-,22.8,0.9,1.8,17.1,3,0.5,-,0.5,-,-,-,-,-,-,-
1050,Juanmi Latasa,Real Valladolid CF,Laliga,24 years old (23-03-2001),"1,92m",Spain,Forward,Centre-Forward,left,10(13),1049.0,3,-,6,1,60.2,3.3,1,6.27,"Jun 30, 2029",€2.50m,1.4,0.1,-,0.1,-,1.4,1.3,-,-,0.5,0.3,0.2,0.8,0.7,5.4,3.3,2.2,0.1,0.1,0.2,-,1.2,1.4,0.2,0.4,-,-,-,-,-,-,-,8.7,0.2,0.1,5,3.3,0.4,-,0.4,-,-,-,-,-,-,-
1051,Marvin Park,UD Las Palmas,Laliga,24 years old (03-07-2000),"1,77m",Spain,"Defender (Right), Midfielder (Right)",Right-Back,right,7(11),785.0,-,-,3,-,77.9,0.5,-,6.27,"Jun 30, 2028",€1.50m,0.2,-,-,-,-,0.2,0.1,-,0.1,0.8,0.7,0.1,1.1,0.3,1.2,0.5,0.7,1.2,0.7,1.9,0.5,0.8,0.7,-,0.9,0.3,0.4,0.5,-,-,-,-,15.6,0.8,0.6,11.4,2.9,0.3,0.2,0.1,-,-,-,-,-,-,-
1052,Denis Suárez,Villarreal CF,Laliga,31 years old (06-01-1994),"1,76m",Spain,"Midfielder (Centre, Left, Right)",Attacking Midfield,right,6(13),514.0,1,1,-,-,82,0.1,-,6.27,"Jun 30, 2026",€1.30m,0.5,0.1,-,0.1,-,0.5,0.4,0.1,-,0.8,0.3,0.5,0.7,0.4,0.4,0.1,0.3,0.5,0.2,0.7,0.1,0.3,0.1,-,0.1,0.1,-,0.2,-,-,-,-,10.5,0.4,0.5,8.3,1.4,0.7,0.2,0.5,0.1,-,-,-,-,-,0.1
1053,Carles Aleñá,Deportivo Alavés,Laliga,27 years old (05-01-1998),"1,80m",Spain,"Attacking Midfielder (Centre, Left, Right)",Central Midfield,left,5(5),451.0,-,-,1,-,81.8,1,-,6.26,"Jun 30, 2025",€2.50m,0.5,-,-,-,-,0.5,0.5,-,-,0.4,0.1,0.3,0.3,0.6,1.9,1,0.9,0.6,0.9,1.5,-,1.1,0.8,0.2,0.6,0.1,0.1,0.8,-,-,-,-,11,0.5,0.4,8.5,1.6,0.3,-,0.3,-,-,-,-,-,-,-
1054,Cédric Bakambu,Real Betis Balompié,Laliga,34 years old (11-04-1991),"1,82m",DR Congo,"Attacking Midfielder (Left, Right), Forward",Centre-Forward,right,6(16),601.0,2,2,4,-,68.4,0.5,-,6.26,"Jun 30, 2026",€1.80m,1,0.1,-,-,-,1,0.6,0.2,0.2,0.2,0.2,-,1,0.4,1.8,0.5,1.3,0.3,0.2,0.5,-,0.3,1,0.5,0.2,-,-,0.4,-,-,-,-,4.5,-,-,3,1.4,0.4,-,0.4,0.1,-,-,-,-,-,0.1
1055,Sergi Gómez,RCD Espanyol Barcelona,Laliga,33 years old (28-03-1992),"1,85m",Spain,"Defender (Centre, Right)",Centre-Back,right,6(5),651.0,-,-,1,-,89,1,-,6.26,"Jun 30, 2025",€900k,0.2,-,-,-,-,0.2,0.1,-,0.1,-,-,-,0.1,-,2.8,1,1.8,0.7,0.1,0.8,0.6,0.1,0.5,-,3.3,0.7,-,0.4,-,-,-,-,31.5,0.8,1.9,27.3,1.5,-,-,-,-,-,-,-,-,-,-
1056,Max Aarons,Valencia CF,Laliga,25 years old (04-01-2000),"1,77m",England,Defender (Right),Right-Back,right,1(1),106.0,-,-,1,-,72.7,1,-,6.26,"Jun 30, 2025",€12.00m,-,-,-,-,-,-,-,-,-,2,1.5,0.5,1,0.5,1.5,1,0.5,1.5,-,1.5,-,0.5,-,-,1.5,-,-,0.5,-,-,-,-,16.5,0.5,1.5,11.5,3,0.5,-,0.5,-,-,-,-,-,-,-
1057,Juan Cruz,CA Osasuna,Laliga,32 years old (28-07-1992),"1,80m",Spain,"Defender (Centre, Left)",Left Winger,left,15(6),1180.0,-,-,4,-,80.7,0.3,-,6.25,"Jun 30, 2028",€4.00m,0.1,-,-,-,-,0.1,-,-,-,0.2,0.1,-,0.4,0.1,0.5,0.3,0.2,1,0.4,1.3,0.4,0.1,0.6,0.1,1.9,0.2,0.2,0.5,-,-,-,-,18.5,0.6,1.2,14.3,2.3,0.1,-,-,-,-,-,-,-,-,-
1058,Mamadou Sylla,Real Valladolid CF,Laliga,31 years old (20-03-1994),"1,80m",Spain,"Attacking Midfielder (Left), Forward",Centre-Forward,right,15(11),1422.0,5,2,4,-,65.5,1.5,-,6.25,"Jun 30, 2026",€1.50m,0.8,0.2,-,0.2,-,0.8,0.7,0.1,0.1,0.6,0.4,0.2,1.6,0.7,3.6,1.5,2,0.3,0.2,0.5,0.1,1.2,0.6,0.5,0.4,-,-,0.2,-,-,-,-,9,0.2,0.1,5.7,3,0.5,-,0.5,0.1,-,-,-,-,-,0.1
1059,Gonzalo Montiel,River Plate,Laliga,28 years old (01-01-1997),175cm,Argentina,"Defender (Centre, Right), Midfielder (Right)",,,1(5),111.0,-,-,1,-,92.2,0.2,-,6.25,,,0.2,-,-,-,-,0.2,0.2,-,-,0.2,0.2,-,0.3,-,0.2,0.2,-,0.7,0.2,0.8,0.3,0.2,0.5,-,1.7,-,0.2,-,-,-,-,-,10.7,0.7,0.2,9.2,0.7,-,-,-,-,-,-,-,-,-,-
1060,Alberto Risco,Getafe CF,Laliga,19 years old (30-08-2005),-,Spain,Midfielder,Attacking Midfield,,0(5),66.0,-,-,-,-,74.2,0.2,-,6.25,"Jun 30, 2026",€200k,0.8,-,-,-,-,0.8,0.2,0.6,-,1.2,1,0.2,1,0.8,0.8,0.2,0.6,0.8,1,1.8,-,0.4,0.2,-,-,-,-,0.2,-,-,-,-,6.2,0.2,0.4,4.4,1.2,0.8,-,0.8,-,-,-,-,-,-,-
1061,Hugo Novoa,Deportivo Alavés,Laliga,22 years old (24-01-2003),"1,82m",Spain,Forward,Right-Back,right,2(3),234.0,-,-,-,-,78.8,0.2,-,6.25,"Jun 30, 2029",€2.00m,0.2,-,-,-,-,0.2,0.2,-,-,2,1.4,0.6,1.2,0.4,1.8,0.2,1.6,1.6,-,1.6,-,0.2,0.2,0.4,1,0.2,0.2,0.2,-,-,-,-,10.4,0.6,0.2,7.6,2,0.4,-,0.4,-,-,-,-,-,-,-
1062,Raúl Chasco,Real Valladolid CF,Laliga,21 years old (13-09-2003),179cm,Spain,Defender,,,1(1),129.0,-,-,-,-,66.7,0.5,-,6.25,,,-,-,-,-,-,-,-,-,-,1,1,-,1.5,0.5,0.5,0.5,-,2,1,3,1,-,1.5,-,0.5,-,0.5,0.5,-,-,-,-,19.5,2.5,3,10.5,3.5,0.5,0.5,-,-,-,-,-,-,-,-
1063,Óscar Trejo,Rayo Vallecano,Laliga,37 years old (26-04-1988),"1,80m",Argentina,"Midfielder (Centre, Left, Right), Forward",Attacking Midfield,right,6(10),478.0,1,-,1,-,86.6,0.3,-,6.25,"Jun 30, 2025",€800k,0.3,0.1,-,0.1,-,0.3,0.3,0.1,-,1.2,0.7,0.5,1.4,1.3,0.7,0.3,0.4,0.4,0.4,0.8,0.3,0.7,1.1,0.1,0.3,-,0.1,0.5,-,-,-,-,17.3,0.3,0.4,14.6,1.9,0.4,0.1,0.4,-,-,-,-,-,-,-
1064,Rafa Mir,Valencia CF,Laliga,27 years old (18-06-1997),"1,91m",Spain,"Attacking Midfielder (Right), Forward",Centre-Forward,right,3(12),518.0,-,2,1,-,77.6,0.6,-,6.25,"Jun 30, 2025",€800k,1.3,-,-,-,-,1.3,0.7,0.5,0.1,0.8,0.7,0.1,0.5,0.4,1.7,0.6,1.1,0.7,0.4,1.1,0.3,0.3,0.3,0.3,0.5,-,-,0.1,-,-,-,-,7.7,0.2,0.1,5.8,1.6,0.1,-,0.1,0.1,0.1,-,-,-,-,0.1
1065,Mario Martín,Real Valladolid CF,Laliga,21 years old (05-03-2004),"1,77m",Spain,Defensive Midfielder (C),Defensive Midfield,right,18(9),1613.0,-,1,5,3,86.1,1,-,6.24,"Jun 30, 2025",€1.50m,0.9,-,-,-,-,0.9,0.3,0.6,-,1.3,0.6,0.7,1.3,0.8,2.1,1,1.1,2.1,0.9,3,0.7,1.4,1.6,-,1.4,0.2,-,0.8,-,-,-,-,26.7,1.2,0.8,21.8,2.9,0.4,0.1,0.3,-,-,-,-,-,-,-
1066,Gabriel Misehouy,Girona FC,Laliga,19 years old (18-07-2005),"1,73m",Netherlands,Midfielder,Attacking Midfield,right,1(8),252.0,1,-,-,-,92.6,-,-,6.24,"Jun 30, 2028",€1.00m,0.7,0.1,-,0.1,-,0.7,0.3,0.3,-,1.2,0.4,0.8,0.8,0.8,0.3,-,0.3,0.1,0.1,0.2,-,0.6,0.1,0.2,-,-,-,-,-,-,-,-,10.6,-,0.3,9.8,0.4,0.4,-,0.4,-,-,-,-,-,-,-
1067,Juan Berrocal,Getafe CF,Laliga,26 years old (05-02-1999),"1,87m",Spain,Defender (Centre),Centre-Back,both,9(6),863.0,-,-,4,1,76.4,1.8,-,6.24,"Jun 30, 2027",€1.80m,0.3,-,-,-,-,0.3,0.3,-,-,-,-,-,0.2,-,2.7,1.8,0.9,0.9,0.2,1.1,0.7,0.1,1,-,2.7,0.1,0.1,-,-,-,-,-,20.9,1.4,2.6,14.6,2.3,0.1,-,0.1,-,-,-,-,-,-,-
1068,Borna Barisic,CD Leganés,Laliga,32 years old (10-11-1992),"1,86m",Croatia,Defender (Left),Left-Back,left,1,10.0,-,-,-,-,100,-,-,6.24,"Jun 30, 2025",€1.00m,-,-,-,-,-,-,-,-,-,-,-,-,-,-,-,-,-,-,-,-,-,-,-,-,-,-,-,-,-,-,-,-,2,-,-,2,-,-,-,-,-,-,-,-,-,-,-
1069,Luis Rioja,Valencia CF,Laliga,31 years old (16-10-1993),"1,76m",Spain,"Midfielder (Left, Right)",Left Winger,left,0(1),22.0,-,-,-,-,100,-,-,6.24,"Jun 30, 2026",€2.00m,-,-,-,-,-,-,-,-,-,-,-,-,-,-,-,-,-,2,1,3,-,1,1,-,-,-,-,2,-,-,-,-,4,-,-,4,-,1,-,1,-,-,-,-,-,-,-
1070,García Pascual,Sevilla FC,Laliga,23 years old (01-01-2002),191cm,,Forward,,,0(3),114.0,-,-,1,-,63,1.7,-,6.24,,,1.7,-,-,-,-,1.7,1.7,-,-,0.7,0.3,0.3,3,0.3,2.7,1.7,1,0.3,0.3,0.7,0.7,1.3,1.3,-,0.7,-,-,-,-,-,-,-,9,0.7,-,5,3.3,-,-,-,-,-,-,-,-,-,-
1071,Alejo Véliz,RCD Espanyol Barcelona,Laliga,21 years old (19-09-2003),"1,86m",Argentina,Forward,Centre-Forward,right,10(13),1006.0,1,-,3,-,65.9,2,-,6.23,"Jun 30, 2025",€2.80m,0.7,-,-,-,-,0.7,0.7,-,-,0.2,0.2,-,1.3,0.5,4.2,2,2.2,-,0.2,0.3,0.2,1.1,0.7,0.2,0.9,0.1,-,0.4,-,-,-,-,7.3,0.2,-,4.6,2.4,0.1,-,0.1,-,-,-,-,-,-,-
1072,Munir El Haddadi,CD Leganés,Laliga,29 years old (01-09-1995),"1,77m",Morocco,"Attacking Midfielder (Centre, Left, Right), Forward",Right Winger,left,6(14),571.0,3,-,1,1,73.7,0.4,-,6.23,"Jun 30, 2026",€1.50m,0.6,0.2,-,0.1,0.1,0.6,0.2,0.4,-,0.8,0.6,0.2,0.8,0.8,1.4,0.4,1,0.6,0.3,0.9,-,1.2,0.7,0.3,0.1,0.1,-,0.3,-,-,-,-,7.6,-,0.3,5.6,1.8,0.2,-,0.2,-,-,-,-,-,-,-
1073,Iker Losada,Celta de Vigo,Laliga,23 years old (01-08-2001),"1,75m",Spain,Midfielder,Second Striker,right,4(6),341.0,1,-,2,-,78.4,0.2,-,6.23,"Jun 30, 2025",€1.80m,0.3,0.1,-,0.1,-,0.3,0.3,-,-,0.5,0.3,0.2,0.8,0.3,0.7,0.2,0.5,0.3,0.4,0.7,0.1,-,0.3,-,0.6,-,0.1,0.3,-,-,-,-,11.6,0.2,0.2,8.9,2.3,0.5,-,0.5,-,-,-,-,-,-,-
1074,Javier Manquillo,Celta de Vigo,Laliga,30 years old (05-05-1994),"1,78m",Spain,"Defender (Centre, Left, Right), Midfielder (Right)",Right-Back,right,7(3),520.0,-,-,1,-,90.4,0.5,-,6.23,"Jun 30, 2025",€1.80m,-,-,-,-,-,-,-,-,-,0.1,0.1,-,0.1,-,1.4,0.5,0.9,0.7,0.8,1.5,0.7,0.1,0.9,-,1.3,0.3,0.1,0.2,-,-,-,-,36.4,0.2,1,32.7,2.5,-,-,-,-,-,-,-,-,-,-
1075,Arkaitz Mariezkurrena,Real Sociedad,Laliga,20 years old (05-04-2005),-,Spain,Forward,Left Winger,,0(5),108.0,1,-,1,-,65.8,0.6,-,6.22,"Jun 30, 2029",€500k,1,0.2,-,0.2,-,1,0.4,0.4,0.2,0.6,0.4,0.2,1.4,0.8,1,0.6,0.4,0.2,0.6,0.8,0.2,0.2,1.4,-,0.6,-,-,0.2,-,-,-,-,7.6,0.2,0.2,4.8,2.4,0.2,-,0.2,-,-,-,-,-,-,-
1076,Diego García,CD Leganés,Laliga,25 years old (18-04-2000),"1,88m",Spain,Forward,Centre-Forward,right,10(13),915.0,3,-,2,-,69.5,1.6,-,6.22,"Jun 30, 2027",€1.50m,1,0.1,-,0.1,-,1,0.9,-,-,0.3,0.2,0.1,1.7,0.4,4.4,1.6,2.8,-,0.2,0.2,0.1,0.8,0.8,0.3,0.4,-,-,-,-,-,-,-,6.1,0.2,-,4.1,1.8,0.2,-,0.2,-,-,-,-,-,-,-
1077,Peio Canales,Athletic Bilbao,Laliga,20 years old (17-01-2005),"1,75m",Spain,Midfielder,Attacking Midfield,right,1(6),188.0,-,-,-,-,85.1,-,-,6.22,"Jun 30, 2027",€500k,0.4,-,-,-,-,0.4,0.1,0.3,-,1,0.6,0.4,0.3,0.4,0.3,-,0.3,0.3,-,0.3,0.3,0.3,0.1,0.1,0.1,-,-,0.1,-,-,-,-,10.6,0.3,0.4,8.7,1.1,0.3,-,0.3,-,-,-,-,-,-,-
1078,Orri Óskarsson,Real Sociedad,Laliga,20 years old (29-08-2004),"1,86m",Iceland,Forward,Centre-Forward,right,9(14),939.0,3,-,1,-,55.7,1.3,-,6.22,"Jun 30, 2030",€18.00m,0.8,0.1,0.1,-,-,0.8,0.6,0.1,0.1,0.3,0.3,0.1,0.7,0.5,3.7,1.3,2.4,0.3,0.3,0.5,0.1,0.3,0.3,0.4,0.5,-,-,0.4,-,-,-,-,8,-,0.1,4.4,3.4,0.2,-,0.2,-,-,-,-,-,-,-
1079,Etienne Eto'o Pineda,Rayo Vallecano,Laliga,22 years old (18-08-2002),191cm,,Forward,,,0(2),38.0,-,-,-,-,20,3,-,6.22,,,-,-,-,-,-,-,-,-,-,1,1,-,1,-,4,3,1,-,0.5,0.5,-,-,-,0.5,0.5,-,-,-,-,-,-,-,2.5,-,-,0.5,2,-,-,-,-,-,-,-,-,-,-
1080,Marc Domenech,RCD Mallorca,Laliga,18 years old (01-12-2006),182cm,,Forward,,,2(4),183.0,-,-,-,-,70,1.2,-,6.22,,,0.8,-,-,-,-,0.8,0.5,0.3,-,0.3,0.2,0.2,1,0.5,2.2,1.2,1,0.3,0.3,0.7,-,-,0.7,-,-,-,-,0.3,-,-,-,-,5,-,-,3.5,1.5,0.7,-,0.7,-,-,-,-,-,-,-
1081,Darwin Machís,Real Valladolid CF,Laliga,32 years old (07-02-1993),"1,71m",Venezuela,"Attacking Midfielder (Left, Right)",Left Winger,right,7(10),625.0,-,1,-,-,72.9,0.4,-,6.22,"Jun 30, 2026",€1.00m,0.8,-,-,-,-,0.8,0.2,0.5,0.1,1.1,0.8,0.3,0.3,0.2,0.5,0.4,0.1,0.3,0.4,0.6,0.3,0.7,0.2,0.1,0.5,-,0.2,0.2,-,-,-,-,11.1,0.4,0.6,7.7,2.4,0.5,0.3,0.2,0.1,0.1,-,-,-,-,-
1082,Raúl García,CA Osasuna,Laliga,24 years old (03-11-2000),"1,92m",Spain,Forward,Centre-Forward,right,5(22),662.0,2,-,-,-,70.6,0.7,-,6.21,"Jun 30, 2028",€3.50m,0.7,0.1,-,-,-,0.7,0.5,0.2,-,0.6,0.2,0.4,0.8,0.5,1.2,0.7,0.5,0.4,0.2,0.6,-,0.4,0.3,0.2,0.2,-,-,0.1,-,-,-,-,5.3,-,0.3,3.7,1.3,0.1,-,0.1,-,-,-,-,-,-,-
1083,Dani Gómez,Valencia CF,Laliga,26 years old (30-07-1998),178cm,,Forward,,,5(9),526.0,2,-,-,-,74.1,0.5,1,6.21,,,1,0.1,-,0.1,0.1,1,0.8,0.1,0.1,0.7,0.5,0.2,0.8,0.6,2.2,0.5,1.7,0.2,-,0.2,0.1,0.6,0.5,0.7,0.3,-,-,0.1,-,-,-,-,5.8,-,-,4.3,1.5,0.1,-,0.1,-,-,-,-,-,-,-
1084,Tamás Nikitscher,Real Valladolid CF,Laliga,25 years old (03-11-1999),"1,93m",Hungary,Defensive Midfielder (C),Central Midfield,right,6(3),567.0,-,-,2,-,92.4,1,-,6.21,"Jun 30, 2028",€1.00m,0.1,-,-,-,-,0.1,-,0.1,-,0.4,0.2,0.2,0.4,0.4,1.6,1,0.6,1.6,0.3,1.9,1,0.6,1.3,-,1,0.2,-,0.9,-,-,-,-,23.4,1.2,0.3,20.4,1.4,0.1,-,0.1,-,-,-,-,-,-,-
1085,Valery Fernández,RCD Mallorca,Laliga,25 years old (23-11-1999),"1,82m",Spain,"Defender (Right), Midfielder (Left)",Right Winger,right,1(16),285.0,2,-,1,-,89,0.1,-,6.21,"Jun 30, 2025",€2.50m,0.2,0.1,-,0.1,-,0.2,0.2,-,-,0.4,0.3,0.1,0.3,0.2,0.3,0.1,0.2,0.5,0.1,0.6,-,0.1,0.2,0.1,0.1,0.1,-,0.1,-,-,-,-,4.8,0.1,-,4.2,0.5,0.1,-,0.1,-,-,-,-,-,-,-
1086,Juanmi,Getafe CF,Laliga,31 years old (20-05-1993),"1,72m",Spain,"Attacking Midfielder (Centre, Left, Right), Forward",Left Winger,right,2(9),238.0,-,-,2,-,83.6,0.5,-,6.21,"Jun 30, 2025",€2.80m,0.5,-,-,-,-,0.5,0.5,0.1,-,0.7,0.4,0.4,0.6,0.4,0.6,0.5,0.1,0.6,0.2,0.8,0.1,0.6,0.5,0.1,0.3,-,0.1,0.4,-,-,-,-,6.1,0.1,-,5,1,0.4,-,0.4,-,-,-,-,-,-,-
1087,Adrián Rodríguez,Deportivo Alavés,Laliga,24 years old (12-12-2000),"1,95m",Spain,Goalkeeper,Goalkeeper,right,1(1),121.0,-,-,1,-,38,0.5,-,6.21,"Jun 30, 2027",€100k,-,-,-,-,-,-,-,-,-,-,-,-,-,-,0.5,0.5,-,-,0.5,0.5,-,1.5,-,-,1.5,-,-,-,2,-,2,-,25,9,15.5,0.5,-,-,-,-,-,-,-,-,-,-,-
1088,Fran Pérez,Valencia CF,Laliga,22 years old (09-09-2002),"1,76m",Spain,Attacking Midfielder (Right),Right Winger,right,3(18),440.0,-,-,1,-,82.3,0.2,-,6.2,"Jun 30, 2026",€4.00m,0.2,-,-,-,-,0.2,0.1,0.1,-,0.9,0.5,0.4,0.7,0.4,0.5,0.2,0.2,0.6,0.3,0.9,0.1,0.5,0.2,-,0.1,-,0.2,0.3,-,-,-,-,7,0.3,0.1,5.5,1.1,0.3,0.1,0.2,-,-,-,-,-,-,-
1089,Miguel de la Fuente,CD Leganés,Laliga,25 years old (03-09-1999),"1,82m",Spain,Forward,Centre-Forward,right,17(13),1676.0,1,3,3,-,59,1,-,6.2,"Jun 30, 2028",€2.00m,1.2,-,-,-,-,1.2,0.9,0.2,0.1,1.2,0.9,0.3,2.4,0.8,4,1,3.1,0.5,0.3,0.9,0.1,1,0.7,0.4,0.7,0.1,-,0.3,-,-,-,-,7.1,0.1,0.2,4,2.7,0.2,-,0.2,0.1,-,-,-,-,-,0.1
1090,Carlos Guirao,Real Betis Balompié,Laliga,22 years old (27-04-2003),175cm,Spain,Midfielder,,,2,112.0,-,-,-,-,80,1,-,6.2,,,-,-,-,-,-,-,-,-,-,0.5,-,0.5,0.5,1,1.5,1,0.5,2.5,1,3.5,1.5,-,2,-,1,0.5,-,-,-,-,-,-,22.5,0.5,0.5,17.5,4,-,-,-,-,-,-,-,-,-,-
1091,Sébastien Haller,FC Utrecht,Laliga,30 years old (22-06-1994),190cm,Ivory Coast,Forward,,,5(3),406.0,-,-,-,-,60,3.3,-,6.2,,,0.5,-,-,-,-,0.5,0.5,-,-,0.4,0.3,0.1,2.1,0.8,5.4,3.3,2.1,0.3,0.1,0.4,-,0.6,0.5,0.9,0.9,-,-,0.1,-,-,-,-,11.3,0.1,-,6.6,4.5,0.1,-,0.1,-,-,-,-,-,-,-
1092,Abdoulaye Keita,Getafe CF,Laliga,22 years old (01-09-2002),186cm,Spain,Forward,,,1(2),94.0,-,-,-,-,56,1,-,6.2,,,0.7,-,-,-,-,0.7,-,0.7,-,1,0.7,0.3,1,1,2.3,1,1.3,0.7,0.7,1.3,-,-,2,-,1,-,-,0.3,-,-,-,-,8.3,0.3,1,4.3,2.7,-,-,-,-,-,-,-,-,-,-
1093,Iker Losada,Celta de Vigo,Laliga,23 years old (01-08-2001),"1,75m",Spain,Midfielder,Second Striker,right,3(7),334.0,-,-,-,-,76.8,0.3,-,6.2,"Jun 30, 2025",€1.80m,0.5,-,-,-,-,0.5,0.3,0.2,-,0.6,0.4,0.2,0.6,0.5,0.7,0.3,0.4,1,0.5,1.5,0.3,0.2,0.1,-,0.2,-,-,0.2,-,-,-,-,13.8,0.1,0.7,10.5,2.5,0.6,-,0.6,-,-,-,-,-,-,-
1094,Mateo Mejía,Sevilla FC,Laliga,22 years old (31-03-2003),181cm,,Forward,,,0(1),10.0,-,-,-,-,-,1,-,6.19,,,-,-,-,-,-,-,-,-,-,1,1,-,-,-,1,1,-,-,-,-,-,1,-,-,-,-,-,-,-,-,-,-,1,-,-,-,1,-,-,-,-,-,-,-,-,-,-
1095,Mihailo Ristic,Celta de Vigo,Laliga,29 years old (31-10-1995),"1,80m",Serbia,"Defender (Left), Midfielder (Left)",Left-Back,left,4(2),250.0,-,1,1,-,78.1,-,-,6.19,"Jun 30, 2026",€900k,-,-,-,-,-,-,-,-,-,2,1.7,0.3,1,0.5,1.3,-,1.3,0.5,0.3,0.8,0.2,0.3,1,-,0.8,-,0.2,-,-,-,-,-,19,0.8,1.3,14,2.8,0.3,-,0.3,0.2,-,-,-,-,-,0.2
1096,Jesús Owono,Deportivo Alavés,Laliga,24 years old (01-03-2001),"1,86m",Equatorial Guinea,Goalkeeper,Goalkeeper,both,5(1),486.0,-,-,-,-,58,0.2,-,6.19,"Jun 30, 2026",€1.00m,-,-,-,-,-,-,-,-,-,0.2,-,0.2,-,-,0.2,0.2,-,0.2,-,0.2,-,0.3,0.2,-,0.5,-,-,-,1.2,-,0.7,0.5,25,8.2,10.5,6.3,-,-,-,-,-,-,-,-,-,-,-
1097,Peter Federico,Getafe CF,Laliga,22 years old (25-07-2002),"1,80m",Dominican Rep.,Forward,Right Winger,left,1(13),372.0,-,-,1,-,75.6,0.6,-,6.19,"Jun 30, 2028",€1.50m,0.7,-,-,-,-,0.7,0.3,0.4,0.1,0.9,0.7,0.1,1.2,0.8,1.6,0.6,1,0.6,0.2,0.8,0.1,0.6,0.5,0.1,0.3,-,-,0.4,-,-,-,-,5.9,0.2,0.1,4.2,1.3,0.3,0.1,0.2,-,-,-,-,-,-,-
1098,Moi Gómez,CA Osasuna,Laliga,30 years old (23-06-1994),"1,76m",Spain,"Midfielder (Centre, Left, Right)",Left Winger,right,5(19),732.0,-,-,1,-,82.1,0.3,-,6.19,"Jun 30, 2027",€3.00m,0.3,-,-,-,-,0.3,0.2,0.1,-,1.1,0.5,0.6,0.4,0.3,0.8,0.3,0.5,0.5,0.2,0.7,0.2,0.3,0.5,-,0.3,0.1,-,0.1,-,-,-,-,17.9,0.7,0.8,14,2.4,0.5,0.1,0.4,-,-,-,-,-,-,-
1099,Walid Cheddira,RCD Espanyol Barcelona,Laliga,27 years old (22-01-1998),"1,87m",Morocco,Forward,Centre-Forward,right,5(15),608.0,1,1,2,-,72.3,0.7,-,6.19,"Jun 30, 2025",€3.00m,0.5,0.1,-,0.1,-,0.5,0.4,-,0.1,0.9,0.7,0.2,1.3,0.5,2,0.7,1.3,0.3,0.1,0.3,0.1,1.2,1.4,0.4,0.3,-,-,0.2,-,-,-,-,4.7,0.1,0.1,3.4,1.2,0.3,-,0.3,0.1,-,-,-,-,-,0.1
1100,Portu,Girona FC,Laliga,32 years old (21-05-1992),"1,67m",Spain,"Midfielder (Centre, Left, Right), Forward",Right Winger,right,2(20),462.0,-,2,4,-,79.2,0.3,-,6.18,"Jun 30, 2027",€2.50m,0.1,-,-,-,-,0.1,-,-,-,0.3,0.1,0.2,0.2,-,0.7,0.3,0.4,0.5,0.1,0.6,-,0.4,0.5,0.3,-,-,-,0.3,-,-,-,-,6.5,-,0.2,5.1,1.2,0.5,0.1,0.4,0.1,-,-,-,-,-,-
1101,David López,RCD Mallorca,Laliga,22 years old (03-02-2003),"1,85m",Spain,Defender,Centre-Back,right,1,80.0,-,-,-,-,91.2,-,-,6.18,"Jun 30, 2026",€2.00m,-,-,-,-,-,-,-,-,-,-,-,-,-,-,3,-,3,1,-,1,1,-,-,-,3,-,-,-,-,-,-,-,34,2,2,29,1,-,-,-,-,-,-,-,-,-,-
1102,Pau Cabanes,Deportivo Alavés,Laliga,20 years old (17-02-2005),"1,79m",Spain,Forward,Centre-Forward,right,2(3),184.0,-,-,1,-,83.3,0.2,-,6.18,"Jun 30, 2025",€800k,0.4,-,-,-,-,0.4,-,0.4,-,2.4,1.6,0.8,2,0.6,0.8,0.2,0.6,1.4,1.2,2.6,-,1,1,-,0.2,-,-,0.2,-,-,-,-,13.2,-,0.4,11,1.8,0.2,-,0.2,-,-,-,-,-,-,-
1103,Naci Ünüvar,Twente,Laliga,21 years old (13-06-2003),168cm,Netherlands,Midfielder,,,0(2),30.0,-,-,-,-,75,-,-,6.18,,,0.5,-,-,-,-,0.5,0.5,-,-,1,1,-,-,-,-,-,-,1,0.5,1.5,-,0.5,-,0.5,-,-,-,-,-,-,-,-,8,0.5,1,5.5,1,0.5,-,0.5,-,-,-,-,-,-,-
1104,Akor Adams,Sevilla FC,Laliga,25 years old (29-01-2000),"1,90m",Nigeria,Forward,Centre-Forward,right,1(3),130.0,-,-,-,-,74.1,1.5,-,6.17,"Jun 30, 2029",€7.50m,0.5,-,-,-,-,0.5,0.3,0.3,-,0.3,-,0.3,0.5,-,4,1.5,2.5,-,-,-,-,-,0.3,0.3,0.3,-,-,0.3,-,-,-,-,6.8,0.3,0.3,4.8,1.5,-,-,-,-,-,-,-,-,-,-
1105,David Torres,Real Valladolid CF,Laliga,22 years old (05-03-2003),"1,82m",Spain,Defender (Centre),Centre-Back,left,15(3),1386.0,-,-,5,-,83,1.1,-,6.17,"Jun 30, 2026",€1.40m,0.2,-,-,-,-,0.2,0.1,-,0.1,0.1,0.1,0.1,0.1,0.2,2.2,1.1,1.1,0.8,0.2,1,0.6,0.2,0.7,-,3.8,0.9,0.3,0.1,-,-,-,-,38.8,2,3.4,30.2,3.2,0.1,0.1,-,-,-,-,-,-,-,-
1106,Abde Rebbach,Granada,Laliga,26 years old (11-08-1998),176cm,Algeria,Attacking Midfielder (Left),,,4(4),385.0,-,-,1,-,69.7,0.3,-,6.17,,,0.8,-,-,-,-,0.8,0.5,0.3,-,1.8,1.4,0.4,1.1,0.6,1.6,0.3,1.4,0.4,0.8,1.1,-,0.8,0.6,0.3,0.8,-,-,0.5,-,-,-,-,12.4,0.6,0.5,8,3.3,0.8,0.1,0.6,-,-,-,-,-,-,-
1107,Endrick,Real Madrid,Laliga,18 years old (21-07-2006),"1,73m",,Forward,Centre-Forward,left,1(18),218.0,1,-,1,-,80,0.3,-,6.17,"Jun 30, 2030",€40.00m,0.9,0.1,-,0.1,-,0.9,0.6,0.3,0.1,0.4,0.3,0.2,0.4,0.1,0.5,0.3,0.2,0.1,0.1,0.2,0.2,0.4,0.5,0.1,0.1,-,-,-,-,-,-,-,2.6,0.1,-,2.1,0.5,0.1,-,0.1,-,-,-,-,-,-,-
1108,Iván Balliu,Rayo Vallecano,Laliga,33 years old (01-01-1992),"1,72m",Albania,"Defender (Left, Right), Midfielder (Right)",Right-Back,right,7(13),795.0,-,-,2,-,76.2,0.5,-,6.16,"Jun 30, 2027",€1.50m,-,-,-,-,-,-,-,-,-,0.2,0.1,0.1,0.4,0.1,1.6,0.5,1.1,0.5,0.4,0.9,0.4,0.3,0.7,-,1,0.1,0.2,0.4,-,-,-,-,15.3,0.6,1.5,11.1,2.2,0.3,0.1,0.2,-,-,-,-,-,-,-
1109,Rubén Peña,CA Osasuna,Laliga,33 years old (18-07-1991),"1,70m",Spain,"Defender (Left, Right), Midfielder (Left, Right), Forward",Right-Back,right,6(16),658.0,-,-,1,-,66.5,0.2,-,6.16,"Jun 30, 2025",€1.80m,0.5,-,-,-,-,0.5,0.4,-,-,1.2,0.8,0.5,0.9,0.5,0.8,0.2,0.6,0.4,0.7,1,0.2,0.3,0.5,-,0.5,-,-,0.4,-,-,-,-,9,0.3,0.5,5.6,2.5,0.5,0.1,0.4,-,-,-,-,-,-,-
1110,Eric Bailly,Villarreal CF,Laliga,31 years old (12-04-1994),"1,87m",Ivory Coast,"Defender (Centre, Right)",Centre-Back,right,8(4),620.0,-,-,2,1,87.7,0.9,-,6.16,"Jun 30, 2025",€2.50m,0.3,-,-,-,-,0.3,0.2,-,0.2,0.3,-,0.3,0.5,0.1,1.5,0.9,0.6,1,0.1,1.1,0.5,0.1,0.6,-,2.3,0.5,0.2,0.5,-,-,-,-,26.4,1.2,1.8,22,1.4,-,-,-,-,-,-,-,-,-,-
1111,Joseph Aidoo,Real Valladolid CF,Laliga,29 years old (29-09-1995),"1,81m",Ghana,Defender (Centre),Centre-Back,right,0(1),1.0,-,-,-,-,85.7,-,-,6.16,"Jun 30, 2025",€1.40m,-,-,-,-,-,-,-,-,-,-,-,-,-,1,-,-,-,1,-,1,-,-,-,-,-,-,-,-,-,-,-,-,7,-,-,6,1,-,-,-,-,-,-,-,-,-,-
1112,Thomas Lemar,Atlético de Madrid,Laliga,29 years old (12-11-1995),"1,71m",France,"Attacking Midfielder (Centre, Left, Right)",Attacking Midfield,left,0(4),58.0,-,-,-,-,83.7,-,-,6.16,"Jun 30, 2027",€5.00m,0.3,-,-,-,-,0.3,0.3,-,-,0.8,0.8,-,0.3,-,0.3,-,0.3,0.5,0.5,1,-,0.5,0.3,-,-,-,-,-,-,-,-,-,10.8,0.5,0.5,8.5,1.3,0.5,0.3,0.3,-,-,-,-,-,-,-
1113,Benito Ramírez,UD Las Palmas,Laliga,29 years old (11-07-1995),"1,79m",,Midfielder,Left Winger,left,1(16),376.0,-,-,2,1,84.6,0.2,-,6.16,"Jun 30, 2025",€800k,0.4,-,-,-,-,0.4,0.2,0.2,-,0.5,0.4,0.1,0.5,0.3,0.7,0.2,0.5,0.6,0.4,1,0.1,0.4,0.2,-,0.8,0.2,0.1,0.2,-,-,-,-,12.2,0.4,0.6,10,1.2,0.6,-,0.6,-,-,-,-,-,-,-
1114,Umar Sadiq,Valencia CF,Laliga,28 years old (02-02-1997),"1,91m",Nigeria,Forward,Centre-Forward,right,2(5),224.0,-,-,1,-,55.6,1.3,-,6.16,"Jun 30, 2025",€5.00m,0.7,-,-,-,-,0.7,0.4,0.3,-,1.3,0.6,0.7,2,0.9,2.9,1.3,1.6,0.3,0.1,0.4,0.1,0.1,1.1,0.7,0.3,0.1,-,0.3,-,-,-,-,6.4,-,-,3.6,2.9,0.1,-,0.1,-,-,-,-,-,-,-
1115,John Patrick,Stade Reims,Laliga,21 years old (24-09-2003),192cm,Spain,Defensive Midfielder (C),,,0(4),46.0,-,-,1,-,80,0.5,-,6.15,,,0.5,-,-,-,-,0.5,0.3,0.3,-,1.3,0.8,0.5,1,0.3,1,0.5,0.5,-,-,-,-,0.5,0.3,-,0.3,0.3,-,-,-,-,-,-,5,-,-,4,1,-,-,-,-,-,-,-,-,-,-
1116,Amath Ndiaye,Real Valladolid CF,Laliga,28 years old (16-07-1996),"1,73m",Senegal,"Attacking Midfielder (Left, Right), Forward",Right Winger,right,5(5),326.0,-,1,-,-,81.6,0.1,-,6.15,"Jun 30, 2027",€1.00m,0.5,-,-,-,-,0.5,0.5,-,-,1.2,0.8,0.4,1,0.3,0.5,0.1,0.4,0.1,0.5,0.6,0.2,0.5,0.3,0.2,0.2,0.1,0.2,0.6,-,-,-,-,8.7,0.5,0.2,6.6,1.4,0.4,0.1,0.3,0.1,-,-,-,-,-,0.1
1117,Endika Bujan,Athletic Bilbao,Laliga,22 years old (16-01-2003),170cm,,Forward,,,0(1),6.0,-,-,-,-,100,-,-,6.15,,,-,-,-,-,-,-,-,-,-,2,1,1,-,-,-,-,-,-,1,1,-,-,-,-,-,-,-,-,-,-,-,-,4,-,-,4,-,-,-,-,-,-,-,-,-,-,-
1118,Ferrán Ruiz,Girona FC,Laliga,22 years old (26-04-2003),172cm,Spain,Defender,,,0(1),17.0,-,-,-,-,50,-,-,6.15,,,-,-,-,-,-,-,-,-,-,-,-,-,1,-,1,-,1,-,-,-,1,-,-,-,-,1,-,1,-,-,-,-,6,-,-,3,3,-,-,-,-,-,-,-,-,-,-
1119,Iker Córdoba,Valencia CF,Laliga,19 years old (11-11-2005),190cm,,Defender,,,0(2),13.0,-,-,-,-,80,0.5,-,6.15,,,-,-,-,-,-,-,-,-,-,-,-,-,-,-,0.5,0.5,-,-,-,-,-,-,-,-,0.5,-,-,-,-,-,-,-,5,-,-,4,1,0.5,-,0.5,-,-,-,-,-,-,-
1120,Nico Serrano,Sporting Gijon,Laliga,22 years old (05-03-2003),181cm,Spain,Forward,,,1(3),110.0,-,-,-,-,77.4,-,-,6.15,,,1.3,-,-,-,-,1.3,0.5,0.8,-,2.3,1.5,0.8,0.3,0.8,0.5,-,0.5,0.3,0.5,0.8,0.3,0.5,0.5,-,0.3,-,-,1,-,-,-,-,7.8,-,0.3,6,1.5,0.3,-,0.3,-,-,-,-,-,-,-
1121,Luka Romero,Cruz Azul,Laliga,20 years old (18-11-2004),165cm,Argentina,Attacking Midfielder (Right),,,2(4),197.0,-,-,-,-,79.5,0.3,-,6.15,,,0.3,-,-,-,-,0.3,0.2,0.2,-,0.5,0.3,0.2,0.8,1.2,1,0.3,0.7,0.7,0.2,0.8,0.2,0.5,0.5,0.2,-,-,-,0.3,-,-,-,-,6.5,-,-,5.2,1.3,0.7,0.2,0.5,-,-,-,-,-,-,-
1122,Sergi Canós,Valencia CF,Laliga,28 years old (02-02-1997),"1,77m",Spain,"Midfielder (Left, Right)",Left Winger,right,2(14),353.0,-,1,3,-,62.4,0.3,-,6.14,"Jun 30, 2027",€1.50m,0.6,-,-,-,-,0.6,0.3,0.3,-,0.8,0.8,0.1,0.8,0.3,0.8,0.3,0.5,0.7,0.4,1.1,0.3,0.4,0.8,0.1,0.3,0.1,-,0.3,-,-,-,-,8.3,0.3,0.6,4.9,2.5,0.3,-,0.3,0.1,0.1,-,-,-,-,-
1123,Abdón Prats,RCD Mallorca,Laliga,32 years old (07-12-1992),"1,81m",Spain,Forward,Centre-Forward,left,3(21),438.0,2,-,4,-,67,0.8,-,6.14,"Jun 30, 2028",€1.50m,0.6,0.1,-,0.1,-,0.6,0.5,-,-,0.1,0.1,-,0.7,0.5,2.1,0.8,1.4,0.1,-,0.1,-,0.8,0.3,0.1,0.3,-,-,-,-,-,-,-,3.7,0.1,-,2.3,1.2,0.1,-,0.1,-,-,-,-,-,-,-
1124,Hugo Guillamón,Valencia CF,Laliga,25 years old (31-01-2000),"1,78m",Spain,"Defender (Centre), Defensive Midfielder (C)",Defensive Midfield,right,4(8),361.0,-,-,2,-,82.3,0.4,-,6.14,"Jun 30, 2026",€5.00m,0.2,-,-,-,-,0.2,-,0.2,-,0.2,0.1,0.1,0.3,0.3,0.8,0.4,0.3,0.9,0.1,1,0.4,0.3,0.5,0.1,0.8,0.1,-,0.3,-,-,-,-,15.5,0.8,0.8,12,1.9,0.2,0.1,0.1,-,-,-,-,-,-,-
1125,Álvaro Aguado,RCD Espanyol Barcelona,Laliga,28 years old (01-05-1996),"1,75m",Spain,Midfielder (Centre),Central Midfield,right,4(11),427.0,-,1,3,-,80.1,0.2,-,6.14,"Jun 30, 2025",€2.00m,0.6,-,-,-,-,0.6,0.1,0.5,-,0.5,0.2,0.3,0.6,0.3,0.3,0.2,0.1,0.3,0.4,0.7,0.3,0.5,0.3,-,0.3,0.1,-,0.3,-,-,-,-,15.1,1.1,0.8,10.9,2.2,0.3,-,0.3,0.1,-,-,-,-,-,0.1
1126,Eray Cömert,Real Valladolid CF,Laliga,27 years old (04-02-1998),"1,83m",Switzerland,"Defender (Centre), Defensive Midfielder (C)",Centre-Back,right,17(4),1431.0,-,-,6,-,87.6,1,-,6.13,"Jun 30, 2025",€2.50m,0.4,-,-,-,-,0.4,0.1,0.2,-,0.1,-,0.1,0.5,0.1,1.8,1,0.8,1,0.4,1.4,0.9,0.5,0.8,-,2.4,0.7,0.1,0.4,-,-,-,-,36.2,2.2,2.2,29.5,2.2,-,-,-,-,-,-,-,-,-,-
1127,Sergi Domínguez,FC Barcelona,Laliga,20 years old (01-04-2005),188cm,,Defender,,,2(1),173.0,-,-,1,-,95,0.3,-,6.13,,,-,-,-,-,-,-,-,-,-,-,-,-,-,-,1.3,0.3,1,0.3,-,0.3,1,-,0.7,-,2.3,-,-,-,-,-,-,-,59.7,0.7,0.7,56,2.3,-,-,-,-,-,-,-,-,-,-
1128,Jhon Solís,Girona FC,Laliga,20 years old (03-10-2004),"1,86m",Colombia,Midfielder,Central Midfield,right,2(13),461.0,1,-,2,-,91.7,0.2,-,6.13,"Jun 30, 2028",€3.50m,0.3,0.1,0.1,-,-,0.3,0.1,0.1,0.1,0.8,0.5,0.3,0.6,0.7,0.4,0.2,0.2,0.7,0.5,1.2,0.3,0.3,0.5,-,0.4,0.1,-,0.7,-,-,-,-,17.6,0.3,0.3,15.9,1.2,0.1,-,0.1,-,-,-,-,-,-,-
1129,Asier Villalibre,Deportivo Alavés,Laliga,27 years old (30-09-1997),"1,82m",Spain,Forward,Centre-Forward,left,2(13),305.0,1,1,2,-,66.7,1.3,-,6.13,"Jun 30, 2028",€1.80m,0.5,0.1,-,0.1,-,0.5,0.5,-,0.1,0.8,0.7,0.1,0.6,0.3,1.9,1.3,0.7,0.1,0.1,0.1,0.1,0.5,0.7,0.1,0.5,-,-,0.1,-,-,-,-,4.2,0.2,-,2.6,1.4,0.1,-,0.1,0.1,-,-,0.1,-,-,-
1130,José Arnáiz,CA Osasuna,Laliga,30 years old (15-04-1995),175cm,Spain,"Attacking Midfielder (Left), Forward",,,1(12),112.0,-,-,-,-,76.6,0.1,-,6.12,,,0.4,-,-,-,-,0.4,0.2,0.2,-,0.4,0.3,0.1,0.3,0.3,0.3,0.1,0.2,0.5,0.2,0.7,0.2,0.4,-,0.2,0.1,-,-,0.2,-,-,-,-,3.6,0.2,0.2,2.6,0.6,0.2,-,0.2,-,-,-,-,-,-,-
1131,Roberto López,CD Leganés,Laliga,25 years old (24-04-2000),"1,79m",Spain,Attacking Midfielder (Centre),Attacking Midfield,left,3(9),387.0,-,1,-,-,82.5,0.2,-,6.12,"Jun 30, 2027",€1.50m,0.5,-,-,-,-,0.5,0.2,0.3,-,0.3,0.2,0.2,0.4,0.4,0.7,0.2,0.5,0.6,0.8,1.4,0.1,0.3,0.1,-,0.5,-,0.1,0.3,-,-,-,-,14.8,0.8,0.5,11.4,2.1,0.8,0.3,0.5,0.1,0.1,-,-,0.1,-,-
1132,Alejandro Padilla,Club Universidad Nacional,Laliga,21 years old (01-09-2003),190cm,Spain,Goalkeeper,,,3(2),320.0,-,-,-,-,49.5,0.2,-,6.12,,,-,-,-,-,-,-,-,-,-,-,-,-,-,-,0.2,0.2,-,-,-,-,-,0.2,-,-,0.6,-,-,-,2.4,0.4,1.6,0.4,21,5.8,10.6,4.6,-,-,-,-,-,-,-,-,-,-,-
1133,Etta Eyong,Villarreal CF,Laliga,21 years old (14-10-2003),181cm,Cameroon,Forward,,,0(1),2.0,-,-,-,-,-,1,-,6.11,,,-,-,-,-,-,-,-,-,-,-,-,-,-,-,1,1,-,-,-,-,-,1,-,-,-,-,-,-,-,-,-,-,1,-,-,-,1,-,-,-,-,-,-,-,-,-,-
1134,Martín Tejón,Valencia CF,Laliga,21 years old (12-04-2004),"1,65m",,Forward,Attacking Midfield,right,0(4),44.0,-,-,-,-,80,-,-,6.11,"Jun 30, 2026",€500k,0.3,-,-,-,-,0.3,0.3,-,-,1,0.5,0.5,0.3,0.8,0.8,-,0.8,0.5,0.3,0.8,-,0.3,0.3,-,-,-,-,-,-,-,-,-,6.3,-,-,5,1.3,0.3,-,0.3,-,-,-,-,-,-,-
1135,Pere Milla,RCD Espanyol Barcelona,Laliga,32 years old (23-09-1992),"1,80m",Spain,"Attacking Midfielder (Centre, Left, Right), Forward",Left Winger,left,1(15),306.0,1,-,3,-,59.6,0.4,-,6.11,"Jun 30, 2027",€1.50m,0.4,0.1,-,0.1,-,0.4,0.3,0.1,0.1,0.4,0.3,0.1,0.6,0.2,0.8,0.4,0.4,0.3,0.8,1.1,0.1,0.6,0.3,0.1,0.2,0.1,0.1,0.4,-,-,-,-,6.5,0.3,0.7,3.6,1.9,0.1,-,0.1,-,-,-,-,-,-,-
1136,Andreas Christensen,FC Barcelona,Laliga,29 years old (10-04-1996),"1,87m",Denmark,"Defender (Centre), Defensive Midfielder (C)",Centre-Back,right,0(1),26.0,-,-,1,-,87.5,1,-,6.1,"Jun 30, 2026",€15.00m,-,-,-,-,-,-,-,-,-,-,-,-,-,-,1,1,-,-,-,-,-,-,1,-,2,-,-,-,-,-,-,-,16,-,-,14,2,-,-,-,-,-,-,-,-,-,-
1137,Javi Llabrés,Eldense,Laliga,22 years old (11-09-2002),174cm,Spain,Forward,,,1,58.0,-,-,-,-,95,1,-,6.1,,,1,-,-,-,-,1,-,1,-,-,-,-,1,2,1,1,-,-,-,-,-,1,-,1,-,-,-,1,-,-,-,-,20,1,-,18,1,1,-,1,-,-,-,-,-,-,-
1138,Chema Andres,Real Madrid,Laliga,20 years old (25-04-2005),190cm,Spain,Midfielder,,,0(1),7.0,-,-,-,-,100,1,-,6.1,,,-,-,-,-,-,-,-,-,-,-,-,-,-,-,2,1,1,-,-,-,-,-,1,-,1,-,-,-,-,-,-,-,1,-,-,1,-,-,-,-,-,-,-,-,-,-,-
1139,Ramon Terrats,Getafe CF,Laliga,24 years old (18-10-2000),"1,81m",Spain,"Midfielder (Centre, Right)",Central Midfield,left,1(10),124.0,-,-,1,-,85.1,0.3,-,6.1,"Jun 30, 2025",€4.00m,0.2,-,-,-,-,0.2,0.1,0.1,-,0.5,0.5,0.1,0.5,0.2,0.5,0.3,0.2,0.3,0.2,0.5,0.2,0.2,0.2,-,0.3,0.1,-,0.2,-,-,-,-,6.7,0.6,0.5,5.1,0.5,0.1,-,0.1,-,-,-,-,-,-,-
1140,Chiquinho,RCD Mallorca,Laliga,25 years old (05-02-2000),"1,79m",Portugal,"Attacking Midfielder (Left, Right)",Left Winger,right,1(7),141.0,-,-,2,-,78.3,0.1,-,6.1,"Jun 30, 2025",€2.50m,0.5,-,-,-,-,0.5,0.4,0.1,-,1.6,1,0.6,2.1,1,0.8,0.1,0.6,0.1,0.9,1,0.3,1,0.8,-,-,-,-,0.4,-,-,-,-,2.9,-,0.1,2.3,0.5,0.3,0.1,0.1,-,-,-,-,-,-,-
1141,Pablo García,Real Betis Balompié,Laliga,18 years old (13-06-2006),175cm,,Forward,,,0(2),25.0,-,-,-,-,71.4,-,-,6.1,,,-,-,-,-,-,-,-,-,-,1,0.5,0.5,1,-,-,-,-,-,-,-,-,-,-,-,-,-,-,0.5,-,-,-,-,3.5,0.5,0.5,2,0.5,-,-,-,-,-,-,-,-,-,-
1142,Jaime Mata,UD Las Palmas,Laliga,36 years old (24-10-1988),"1,86m",Spain,"Attacking Midfielder (Left), Forward",Centre-Forward,right,4(22),502.0,-,-,8,-,72.5,0.7,-,6.09,"Jun 30, 2025",€600k,0.5,-,-,-,-,0.5,0.4,-,-,0.2,0.1,0.2,0.5,0.1,1.6,0.7,0.9,0.2,0.2,0.5,0.1,0.5,0.6,0.4,0.3,-,-,0.1,-,-,-,-,5,0.2,0.1,3.5,1.3,0.1,-,0.1,-,-,-,-,-,-,-
1143,Iker Muñoz,CA Osasuna,Laliga,22 years old (05-09-2002),"1,80m",Spain,Defensive Midfielder (C),Defensive Midfield,right,4(14),466.0,-,-,2,-,79.8,0.6,-,6.09,"Jun 30, 2027",€3.00m,0.4,-,-,-,-,0.4,0.1,0.3,-,0.2,0.1,0.1,0.3,0.2,1.2,0.6,0.6,0.3,0.3,0.6,0.2,0.5,0.5,-,0.5,0.1,0.1,0.3,-,-,-,-,12.9,0.7,0.7,9.6,1.9,0.2,0.1,0.1,-,-,-,-,-,-,-
1144,David Argüelles,Getafe CF,Laliga,23 years old (10-01-2002),175cm,Spain,Defender,,,0(1),6.0,-,-,-,-,60,-,-,6.09,,,-,-,-,-,-,-,-,-,-,-,-,-,-,-,-,-,-,-,-,-,-,-,-,-,-,-,-,2,-,-,-,-,5,-,1,3,1,-,-,-,-,-,-,-,-,-,-
1145,Leandro Antonetti,Sevilla FC,Laliga,22 years old (13-01-2003),189cm,Puerto Rico,Forward,,,0(1),11.0,-,-,-,-,100,-,-,6.09,,,-,-,-,-,-,-,-,-,-,-,-,-,-,-,-,-,-,-,-,-,-,-,-,-,-,-,-,-,-,-,-,-,1,-,-,1,-,1,-,1,-,-,-,-,-,-,-
1146,Henrique,Real Valladolid CF,Laliga,31 years old (25-04-1994),"1,73m",Brazil,"Defender (Left), Midfielder (Left)",Left-Back,left,2(1),198.0,-,-,-,-,87.7,-,-,6.08,"Jun 30, 2025",€600k,-,-,-,-,-,-,-,-,-,2.3,1.3,1,0.3,1,0.3,-,0.3,1,1,2,0.7,2.3,1,-,1,-,0.7,1.7,-,-,-,-,40.7,1,2,34.7,3,0.3,-,0.3,-,-,-,-,-,-,-
1147,Germán Valera,Elche,Laliga,23 years old (16-03-2002),170cm,Spain,Forward,,,1(7),144.0,-,-,-,-,82.5,0.1,-,6.08,,,0.4,-,-,-,-,0.4,0.1,0.3,-,1,0.6,0.4,0.6,0.1,0.4,0.1,0.3,0.1,0.1,0.3,0.5,0.5,0.3,-,0.3,-,-,0.3,-,-,-,-,5,-,0.3,4.1,0.6,0.1,-,0.1,-,-,-,-,-,-,-
1148,Julián Chicco,CD Leganés,Laliga,27 years old (13-01-1998),"1,87m",Argentina,Defensive Midfielder (C),Defensive Midfield,right,1(11),197.0,-,-,-,-,80.2,-,-,6.08,"Jun 30, 2025",€600k,0.3,-,-,-,-,0.3,0.1,0.2,-,0.3,0.2,0.2,0.9,0.3,0.8,-,0.8,0.7,0.2,0.8,0.2,0.3,0.1,-,0.2,-,0.1,0.2,-,-,-,-,7.6,0.3,0.3,5.8,1.3,0.1,-,0.1,-,-,-,-,-,-,-
1149,Sergi Guardiola,Rayo Vallecano,Laliga,33 years old (29-05-1991),"1,85m",Spain,Forward,Centre-Forward,left,1(13),324.0,-,-,1,-,69.4,0.4,-,6.08,"Jun 30, 2025",€600k,0.8,-,-,-,-,0.8,0.5,0.1,0.2,0.1,0.1,-,0.6,0.3,1.1,0.4,0.8,0.3,0.1,0.4,0.1,0.5,0.6,0.1,0.1,-,-,0.1,-,-,-,-,5.1,0.1,-,3.4,1.6,0.4,-,0.4,-,-,-,-,-,-,-
1150,Antonio Candela,Real Valladolid CF,Laliga,25 years old (27-04-2000),"1,85m",Italy,"Defender (Centre, Right), Midfielder (Right)",Right-Back,right,8,632.0,-,-,-,-,81,0.1,-,6.08,"Jun 30, 2025",€2.00m,0.1,-,-,-,-,0.1,0.1,-,-,1.5,0.8,0.8,0.8,0.6,0.8,0.1,0.6,0.9,0.5,1.4,0.6,0.6,0.4,0.1,1.6,0.4,0.1,0.5,-,-,-,-,36.9,2,3,27.9,4,0.5,0.1,0.4,-,-,-,-,-,-,-
1151,Daniel Luna,Cartagena,Laliga,21 years old (07-05-2003),179cm,Colombia,Midfielder,,,0(2),18.0,-,-,-,-,77.8,-,-,6.08,,,-,-,-,-,-,-,-,-,-,1.5,1,0.5,-,-,-,-,-,-,-,-,-,0.5,-,-,-,-,-,0.5,-,-,-,-,4.5,-,-,3.5,1,-,-,-,-,-,-,-,-,-,-
1152,Fabio González,Tenerife,Laliga,28 years old (12-02-1997),176cm,Spain,Midfielder,,,0(2),52.0,-,-,-,-,82.7,0.5,-,6.08,,,1,-,-,-,-,1,0.5,0.5,-,-,-,-,0.5,-,0.5,0.5,-,-,0.5,0.5,-,-,0.5,-,-,-,-,-,-,-,-,-,26,1.5,0.5,20,4,-,-,-,-,-,-,-,-,-,-
1153,Pejiño,UD Las Palmas,Laliga,28 years old (29-07-1996),177cm,,Midfielder,,,0(1),16.0,-,-,-,-,100,-,-,6.08,,,1,-,-,-,-,1,-,1,-,-,-,-,1,-,-,-,-,1,-,1,-,-,1,-,-,-,-,-,-,-,-,-,6,-,-,6,-,-,-,-,-,-,-,-,-,-,-
1154,Adrián Arnu,Real Valladolid CF,Laliga,18 years old (04-03-2007),185cm,Spain,Forward,,,0(3),10.0,-,-,-,-,100,0.3,-,6.08,,,-,-,-,-,-,-,-,-,-,0.3,0.3,-,0.3,-,0.3,0.3,-,-,-,-,-,0.3,-,-,0.3,-,-,-,-,-,-,-,1,-,-,1,-,-,-,-,-,-,-,-,-,-,-
1155,Víctor Meseguer,Racing Santander,Laliga,25 years old (09-06-1999),184cm,Spain,Midfielder,,,2(12),409.0,-,-,1,-,78.9,0.7,-,6.07,,,0.4,-,-,-,-,0.4,0.3,0.1,0.1,0.3,0.2,0.1,0.5,0.2,1.3,0.7,0.6,0.7,0.6,1.3,0.1,0.4,0.6,-,0.3,-,-,0.2,-,-,-,-,13.2,0.5,0.4,9.9,2.4,0.1,-,0.1,-,-,-,-,-,-,-
1156,Yellu Santiago,Getafe CF,Laliga,20 years old (25-05-2004),"1,92m",Spain,Defensive Midfielder (C),Central Midfield,right,5(12),320.0,-,-,5,-,69.8,0.1,-,6.07,"Jun 30, 2025",€1.00m,0.1,-,-,-,-,0.1,-,0.1,-,0.4,0.4,-,0.5,-,0.3,0.1,0.2,0.7,0.2,0.9,0.1,0.3,0.8,-,0.2,0.1,-,0.2,-,-,-,-,6.2,0.1,0.4,4.2,1.5,-,-,-,-,-,-,-,-,-,-
1157,Daniel Díaz,Real Sociedad,Laliga,18 years old (22-06-2006),167cm,,Forward,,,0(1),9.0,-,-,-,-,33.3,1,-,6.07,,,-,-,-,-,-,-,-,-,-,1,1,-,-,-,1,1,-,1,-,1,-,-,1,-,-,-,-,1,-,-,-,-,3,-,-,1,2,-,-,-,-,-,-,-,-,-,-
1158,Daniel Yáñez,Real Madrid,Laliga,18 years old (28-03-2007),177cm,,Forward,,,0(1),1.0,-,-,-,-,-,-,-,6.07,,,-,-,-,-,-,-,-,-,-,-,-,-,-,-,-,-,-,-,-,-,-,1,-,-,-,-,-,-,-,-,-,-,-,-,-,-,-,-,-,-,-,-,-,-,-,-,-
1159,Kelechi Iheanacho,Middlesbrough,Laliga,28 years old (03-10-1996),185cm,Nigeria,"Attacking Midfielder (Centre), Forward",,,5(4),402.0,-,-,-,-,74.7,0.2,-,6.07,,,1,-,-,-,-,1,0.9,0.1,-,0.4,0.2,0.2,1.1,0.4,1.1,0.2,0.9,0.1,0.2,0.3,-,0.1,0.6,0.8,0.1,-,-,-,-,-,-,-,8.8,0.1,0.1,6.4,2.1,0.6,-,0.6,-,-,-,-,-,-,-
1160,Nacho Vidal,Real Oviedo,Laliga,30 years old (24-01-1995),180cm,Spain,Defender (Right),,,1(4),120.0,-,-,-,-,77.1,0.6,-,6.05,,,-,-,-,-,-,-,-,-,-,0.4,-,0.4,0.4,0.4,0.8,0.6,0.2,0.4,0.6,1,-,0.2,0.4,-,1.2,-,-,0.2,-,-,-,-,7,0.6,0.4,4.8,1.2,-,-,-,-,-,-,-,-,-,-
1161,Mateo Flores,Real Betis Balompié,Laliga,21 years old (07-04-2004),"1,78m",Spain,Midfielder,Central Midfield,left,1(5),150.0,-,-,1,-,80.9,-,-,6.05,"Jun 30, 2029",€1.00m,-,-,-,-,-,-,-,-,-,-,-,-,0.5,0.5,0.3,-,0.3,0.5,-,0.5,0.3,0.2,0.7,-,0.5,-,-,0.2,-,-,-,-,11.3,0.3,0.5,8.8,1.7,-,-,-,-,-,-,-,-,-,-
1162,Lorenzo Aguado,Real Madrid,Laliga,22 years old (19-09-2002),177cm,Spain,Defender,,,0(2),4.0,-,-,-,-,-,-,-,6.05,,,-,-,-,-,-,-,-,-,-,-,-,-,-,0.5,-,-,-,-,-,-,-,-,-,-,1,-,-,-,-,-,-,-,-,-,-,-,-,-,-,-,-,-,-,-,-,-,-
1163,Rodrigo Abajas,Valencia CF,Laliga,21 years old (12-05-2003),186cm,Spain,Defender,,,1,66.0,-,-,1,-,55,-,-,6.05,,,1,-,-,-,-,1,-,1,-,1,-,1,-,2,1,-,1,3,-,3,1,-,2,1,-,-,-,1,-,-,-,-,20,-,4,11,5,-,-,-,-,-,-,-,-,-,-
1164,Marcão,Sevilla FC,Laliga,28 years old (05-06-1996),"1,85m",Brazil,Defender (Centre),Centre-Back,left,5(6),462.0,-,-,3,1,88.5,1.2,-,6.05,"Jun 30, 2027",€3.00m,-,-,-,-,-,-,-,-,-,0.3,0.3,-,0.4,0.3,1.7,1.2,0.5,0.8,0.1,0.9,0.5,0.8,0.7,-,2.5,0.5,-,0.3,-,-,-,-,23.6,0.5,1.1,20.4,1.6,-,-,-,-,-,-,-,-,-,-
1165,Jan Salas,RCD Mallorca,Laliga,19 years old (10-08-2005),182cm,,Midfielder,,,0(3),21.0,-,-,-,-,81.3,0.3,-,6.05,,,0.7,-,-,-,-,0.7,-,0.7,-,-,-,-,0.3,-,0.3,0.3,-,0.7,-,0.7,-,0.7,-,-,-,-,-,-,-,-,-,-,5.3,-,-,4.3,1,-,-,-,-,-,-,-,-,-,-
1166,Álvaro Odriozola,Real Sociedad,Laliga,29 years old (14-12-1995),"1,76m",Spain,Defender (Right),Right-Back,right,0(2),42.0,-,-,1,-,70.8,0.5,-,6.05,"Jun 30, 2029",€1.20m,-,-,-,-,-,-,-,-,-,-,-,-,1.5,0.5,0.5,0.5,-,0.5,-,0.5,-,0.5,1,-,0.5,-,-,-,-,-,-,-,12,-,0.5,8.5,3,-,-,-,-,-,-,-,-,-,-
1167,Enzo Loiodice,UD Las Palmas,Laliga,24 years old (27-11-2000),"1,77m",France,Defensive Midfielder (C),Central Midfield,left,5(10),498.0,-,-,3,-,85.4,0.5,-,6.04,"Jun 30, 2026",€1.50m,0.3,-,-,-,-,0.3,0.1,0.2,-,0.5,0.3,0.2,0.6,0.8,0.7,0.5,0.3,0.7,0.4,1.1,0.3,0.3,0.6,0.1,0.5,0.1,-,0.2,-,-,-,-,20.5,0.6,0.4,16.9,2.6,0.2,-,0.2,-,-,-,-,-,-,-
1168,Diego Hormigo,Sevilla FC,Laliga,22 years old (16-04-2003),182cm,Spain,Defender,,,1,38.0,-,-,-,-,71.4,1,-,6.03,,,1,-,-,-,-,1,1,-,-,1,1,-,2,-,1,1,-,-,-,-,1,1,1,-,1,-,-,-,-,-,-,-,7,-,-,5,2,-,-,-,-,-,-,-,-,-,-
1169,Gorka Rivera,Getafe CF,Laliga,20 years old (01-08-2004),184cm,,Defender,,,0(1),19.0,-,-,-,-,33.3,-,-,6.03,,,-,-,-,-,-,-,-,-,-,2,2,-,2,-,1,-,1,2,-,2,-,1,1,-,-,-,-,-,-,-,-,-,6,-,2,2,2,-,-,-,-,-,-,-,-,-,-
1170,Chuki,Real Valladolid CF,Laliga,21 years old (29-04-2004),-,,Midfielder,Attacking Midfield,left,7(8),629.0,1,-,1,-,75.4,-,-,6.02,"Jun 30, 2025",€1.00m,0.7,0.1,-,0.1,-,0.7,0.4,0.3,-,0.5,0.3,0.2,0.5,0.3,0.7,-,0.7,0.5,0.5,1,-,0.7,0.1,0.3,0.1,0.1,-,0.2,-,-,-,-,8.4,0.4,0.3,5.9,1.8,0.3,0.1,0.2,-,-,-,-,-,-,-
1171,Kim Min-Su,Girona FC,Laliga,19 years old (19-01-2006),"1,77m",South Korea,Forward,Left Winger,right,0(3),20.0,-,-,-,-,90,-,-,6.01,"Jun 30, 2027",€1.00m,-,-,-,-,-,-,-,-,-,0.7,0.7,-,1,0.3,0.3,-,0.3,0.3,-,0.3,-,0.3,-,-,-,-,-,-,-,-,-,-,3.3,-,-,3,0.3,-,-,-,-,-,-,-,-,-,-
1172,Maximiliano Caufriez,Salzburg,Laliga,28 years old (16-02-1997),189cm,Belgium,"Defender (Centre, Right)",,,1,90.0,-,-,-,-,78.6,2,-,6.01,,,-,-,-,-,-,-,-,-,-,-,-,-,-,-,7,2,5,1,-,1,1,-,3,-,4,1,-,1,-,-,-,-,14,1,2,10,1,-,-,-,-,-,-,-,-,-,-
1173,Tadeo Allende,Inter Miami CF,Laliga,26 years old (20-02-1999),183cm,Argentina,"Attacking Midfielder (Left, Right)",,,0(1),1.0,-,-,-,-,33.3,-,-,6.01,,,-,-,-,-,-,-,-,-,-,1,1,-,-,-,-,-,-,-,-,-,-,-,-,-,-,-,-,-,-,-,-,-,3,-,-,1,2,-,-,-,-,-,-,-,-,-,-
1174,Raúl de Tomás,Rayo Vallecano,Laliga,30 years old (17-10-1994),"1,80m",Spain,Forward,Centre-Forward,right,0(2),21.0,-,-,-,-,83.3,-,-,6.01,"Jun 30, 2027",€800k,-,-,-,-,-,-,-,-,-,0.5,0.5,-,1,0.5,-,-,-,1,-,1,-,1,0.5,-,-,-,-,-,-,-,-,-,3,-,-,2.5,0.5,-,-,-,-,-,-,-,-,-,-
1175,Iker Benito,CD Mirandes,Laliga,22 years old (10-08-2002),176cm,Spain,Forward,,,0(2),35.0,-,-,-,-,81.8,-,-,6.01,,,-,-,-,-,-,-,-,-,-,0.5,0.5,-,0.5,-,0.5,-,0.5,-,0.5,0.5,0.5,0.5,0.5,-,1,-,-,-,-,-,-,-,5.5,-,-,4.5,1,0.5,-,0.5,-,-,-,-,-,-,-
1176,Israel Domínguez,Sevilla FC,Laliga,21 years old (07-05-2003),175cm,Spain,Forward,,,0(1),17.0,-,-,-,-,100,-,-,6.0,,,-,-,-,-,-,-,-,-,-,-,-,-,-,-,1,-,1,-,-,-,-,1,-,1,-,-,-,-,-,-,-,-,1,-,-,1,-,-,-,-,-,-,-,-,-,-,-
1177,Juan Carlos,Girona FC,Laliga,37 years old (20-01-1988),"1,87m",Spain,Goalkeeper,Goalkeeper,,1,1.0,-,-,-,1,-,-,-,6.0,"Jun 30, 2025",€100k,-,-,-,-,-,-,-,-,-,-,-,-,-,-,-,-,-,-,-,-,-,-,-,-,-,-,-,-,-,-,-,-,-,-,-,-,-,-,-,-,-,-,-,-,-,-,-
1178,Rafael Bauza,RCD Espanyol Barcelona,Laliga,20 years old (30-01-2005),"1,83m",,Midfielder,Central Midfield,right,2(3),182.0,-,-,1,-,85.2,0.6,-,6.0,"Jun 30, 2028",€200k,0.6,-,-,-,-,0.6,0.2,0.4,-,0.4,0.2,0.2,0.2,-,1,0.6,0.4,1,0.6,1.6,-,-,1.6,-,1,0.2,-,0.4,-,-,-,-,10.8,0.4,0.6,8.8,1,-,-,-,-,-,-,-,-,-,-
1179,Ismael Bekhoucha,Getafe CF,Laliga,20 years old (20-11-2004),176cm,,Defender,,,0(2),8.0,-,-,1,-,50,-,-,6.0,,,-,-,-,-,-,-,-,-,-,-,-,-,-,-,0.5,-,0.5,-,-,-,1,-,-,-,-,-,-,-,-,-,-,-,2,-,0.5,1,0.5,-,-,-,-,-,-,-,-,-,-
1180,Arnau Solà,Villarreal CF,Laliga,22 years old (04-04-2003),179cm,,Defender,,,0(1),12.0,-,-,-,-,50,-,-,5.99,,,-,-,-,-,-,-,-,-,-,-,-,-,-,-,-,-,-,-,2,2,-,-,1,-,-,1,-,-,-,-,-,-,2,-,-,1,1,-,-,-,-,-,-,-,-,-,-
1181,Javier Martón,Albacete,Laliga,25 years old (06-05-1999),183cm,Spain,Forward,,,0(3),49.0,-,-,1,-,85.7,0.7,-,5.99,,,-,-,-,-,-,-,-,-,-,-,-,-,1.7,-,1,0.7,0.3,-,-,-,-,-,0.3,0.3,-,-,-,-,-,-,-,-,2.3,-,-,2,0.3,-,-,-,-,-,-,-,-,-,-
1182,Marc Cardona,UD Las Palmas,Laliga,29 years old (08-07-1995),"1,82m",Spain,Forward,Centre-Forward,right,0(10),102.0,-,-,1,-,83.3,-,-,5.98,"Jun 30, 2026",€900k,0.4,-,-,-,-,0.4,0.3,0.1,-,0.6,0.5,0.1,0.2,0.2,0.5,-,0.5,0.2,0.1,0.3,-,0.2,0.1,-,-,-,-,-,-,-,-,-,4.2,0.1,0.1,3.4,0.6,-,-,-,-,-,-,-,-,-,-
1183,Adrián Niño,Atlético de Madrid,Laliga,20 years old (19-06-2004),184cm,Spain,Forward,,,0(1),11.0,-,-,-,-,-,-,-,5.98,,,2,-,-,-,-,2,2,-,-,-,-,-,-,-,1,-,1,-,-,-,-,-,-,-,-,-,-,-,-,-,-,-,-,-,-,-,-,-,-,-,-,-,-,-,-,-,-
1184,Alberto Marí,Real Zaragoza,Laliga,23 years old (11-07-2001),183cm,Spain,Forward,,,0(1),6.0,-,-,-,-,50,-,-,5.98,,,-,-,-,-,-,-,-,-,-,-,-,-,-,-,-,-,-,-,-,-,-,-,1,-,-,-,-,-,-,-,-,-,4,-,-,2,2,-,-,-,-,-,-,-,-,-,-
1185,Luca de la Torre,San Diego FC,Laliga,26 years old (23-05-1998),178cm,USA,"Midfielder (Centre, Left, Right)",,,0(1),4.0,-,-,-,-,80,-,-,5.98,,,-,-,-,-,-,-,-,-,-,1,1,-,-,-,1,-,1,-,-,-,-,-,1,-,-,-,-,-,-,-,-,-,5,-,-,4,1,-,-,-,-,-,-,-,-,-,-
1186,Roger Hinojo,RCD Espanyol Barcelona,Laliga,20 years old (21-02-2005),180cm,,Defender,,,0(1),8.0,-,-,-,-,57.1,-,-,5.98,,,-,-,-,-,-,-,-,-,-,-,-,-,-,-,2,-,2,-,-,-,-,-,-,-,1,-,-,-,-,-,-,-,7,-,-,4,3,-,-,-,-,-,-,-,-,-,-
1187,Joseph Aidoo,Real Valladolid CF,Laliga,29 years old (29-09-1995),"1,81m",Ghana,Defender (Centre),Centre-Back,right,5(2),538.0,-,-,-,-,89.7,0.9,-,5.97,"Jun 30, 2025",€1.40m,0.1,-,-,-,-,0.1,0.1,-,-,0.1,-,0.1,-,0.1,2,0.9,1.1,0.7,0.1,0.9,0.6,0.3,0.3,-,3.1,0.4,-,0.4,-,-,-,-,51.3,3.1,3.4,42.9,1.9,-,-,-,-,-,-,-,-,-,-
1188,Aboubacar Bassinga,UD Las Palmas,Laliga,19 years old (13-07-2005),178cm,Ivory Coast,Midfielder,,,0(1),3.0,-,-,-,-,50,-,-,5.94,,,-,-,-,-,-,-,-,-,-,-,-,-,-,1,-,-,-,-,-,-,-,-,1,-,-,-,-,-,-,-,-,-,4,1,1,1,1,-,-,-,-,-,-,-,-,-,-
1189,Darío Benavides,Sevilla FC,Laliga,22 years old (12-01-2003),178cm,,Defender,,,0(1),4.0,-,-,1,-,-,-,-,5.93,,,-,-,-,-,-,-,-,-,-,-,-,-,-,-,-,-,-,-,-,-,-,-,-,-,-,-,-,-,-,-,-,-,-,-,-,-,-,-,-,-,-,-,-,-,-,-,-
1190,David Otorbi,Valencia CF,Laliga,17 years old (16-10-2007),180cm,,Forward,,,0(1),13.0,-,-,-,-,50,-,-,5.92,,,-,-,-,-,-,-,-,-,-,2,2,-,1,-,-,-,-,-,-,-,-,-,-,-,-,-,-,1,-,-,-,-,4,-,1,2,1,-,-,-,-,-,-,-,-,-,-
1191,Javi Martínez,Eibar,Laliga,25 years old (22-12-1999),180cm,Spain,"Midfielder (Centre, Right)",,,0(1),5.0,-,-,-,-,100,-,-,5.92,,,-,-,-,-,-,-,-,-,-,-,-,-,-,-,-,-,-,-,-,-,-,-,-,-,-,-,-,-,-,-,-,-,9,-,-,9,-,-,-,-,-,-,-,-,-,-,-
1192,Kenedy,Real Valladolid CF,Laliga,29 years old (08-02-1996),"1,80m",Brazil,"Defender (Left), Midfielder (Left, Right)",Left Winger,left,0(2),7.0,-,-,-,-,50,-,-,5.91,"Jun 30, 2027",€300k,0.5,-,-,-,-,0.5,-,-,0.5,0.5,0.5,-,-,0.5,-,-,-,-,-,-,-,-,-,-,-,-,-,0.5,-,-,-,-,1,-,-,0.5,0.5,-,-,-,-,-,-,-,-,-,-
1193,Stole Dimitrievski,Valencia CF,Laliga,31 years old (25-12-1993),"1,88m",Macedonia,Goalkeeper,Goalkeeper,right,4,360.0,-,-,1,-,39.8,-,-,5.9,"Jun 30, 2026",€3.00m,-,-,-,-,-,-,-,-,-,-,-,-,0.3,-,-,-,-,-,-,-,-,-,-,-,1.3,-,-,-,1.5,-,1,0.5,27,4,16,6.8,0.3,-,-,-,-,-,-,-,-,-,-
1194,Jesús Vallejo,Real Madrid,Laliga,28 years old (05-01-1997),"1,84m",Spain,"Defender (Centre, Right)",Centre-Back,right,0(1),10.0,-,-,-,-,85.7,-,-,5.89,"Jun 30, 2025",€1.00m,-,-,-,-,-,-,-,-,-,-,-,-,-,-,1,-,1,-,-,-,-,-,-,-,1,-,1,-,-,-,-,-,14,-,2,12,-,-,-,-,-,-,-,-,-,-,-
1195,Thiago Ojeda,Villarreal CF,Laliga,22 years old (12-01-2003),188cm,,Midfielder,,,0(1),7.0,-,-,1,-,100,-,-,5.89,,,1,-,-,-,-,1,-,1,-,-,-,-,1,-,-,-,-,-,-,-,-,-,1,-,1,-,-,-,-,-,-,-,7,-,-,7,-,-,-,-,-,-,-,-,-,-,-
1196,Unai García,CA Osasuna,Laliga,33 years old (03-02-1992),"1,86m",Spain,Defender (Centre),Centre-Back,right,0(1),3.0,-,-,-,-,-,-,-,5.89,"Jun 30, 2025",€1.00m,-,-,-,-,-,-,-,-,-,-,-,-,1,-,-,-,-,-,-,-,-,1,-,-,-,-,-,-,-,-,-,-,1,-,-,-,1,-,-,-,-,-,-,-,-,-,-
1197,Urko González,RCD Espanyol Barcelona,Laliga,24 years old (20-03-2001),"1,89m",Spain,Defensive Midfielder (C),Defensive Midfield,right,1,46.0,-,-,1,-,62.5,-,-,5.79,"Jun 30, 2025",€1.50m,-,-,-,-,-,-,-,-,-,-,-,-,1,2,2,-,2,-,-,-,-,-,1,-,-,1,-,-,-,-,-,-,16,1,-,9,6,-,-,-,-,-,-,-,-,-,-
1198,Fran González,Real Madrid,Laliga,19 years old (24-06-2005),"1,99m",,Goalkeeper,Goalkeeper,right,1,90.0,-,-,-,-,94.1,-,-,5.78,"Jun 30, 2026",€400k,-,-,-,-,-,-,-,-,-,-,-,-,-,-,-,-,-,-,-,-,-,-,-,-,2,-,-,-,-,-,-,-,17,3,1,13,-,-,-,-,-,-,-,-,-,-,-
1199,Adu Ares,Athletic Bilbao,Laliga,23 years old (12-10-2001),183cm,,Forward,,,0(1),18.0,-,-,-,-,62.5,-,-,5.77,,,-,-,-,-,-,-,-,-,-,1,1,-,-,2,-,-,-,-,1,1,-,-,-,-,-,-,-,-,-,-,-,-,8,-,-,5,3,-,-,-,-,-,-,-,-,-,-
1200,André Ferreira,Real Valladolid CF,Laliga,28 years old (29-05-1996),"1,93m",Portugal,Goalkeeper,Goalkeeper,right,4,360.0,-,-,-,-,73.4,-,-,5.64,"Jun 30, 2027",€800k,-,-,-,-,-,-,-,-,-,-,-,-,-,-,0.3,-,0.3,-,-,-,-,-,-,-,1,-,-,-,3.3,-,1.3,2,27.3,4.8,7.3,15.3,-,-,-,-,-,-,-,-,-,-,-
1201,Arnau Rafús,Real Valladolid CF,Laliga,22 years old (27-04-2003),190cm,,Goalkeeper,,,1,90.0,-,-,-,-,73.7,-,-,5.21,,,-,-,-,-,-,-,-,-,-,-,-,-,-,-,-,-,-,-,-,-,-,-,-,-,-,-,-,-,-,-,-,-,38,8,9,20,1,-,-,-,-,-,-,-,-,-,-
1202,Valentín Pezzolesi,UD Las Palmas,Laliga,18 years old (16-04-2007),180cm,Argentina,Defender,,,0(1),5.0,-,-,-,-,40,-,-,5.09,,,-,-,-,-,-,-,-,-,-,-,-,-,-,-,-,-,-,-,-,-,-,-,-,-,1,-,-,-,-,-,-,-,5,-,-,2,3,-,-,-,-,-,-,-,-,-,-
1203,Juan Cruz,CA Osasuna,Laliga,,"1,82m",,,Left-Back,left,,,,,,,,,,,"Jun 30, 2026",€1.80m,,,,,,,,,,,,,,,,,,,,,,,,,,,,,,,,,,,,,,,,,,,,,,,
1204,José Manuel Arnáiz,CA Osasuna,Laliga,,"1,73m",,,Left Winger,right,,,,,,,,,,,"Jun 30, 2025",€1.80m,,,,,,,,,,,,,,,,,,,,,,,,,,,,,,,,,,,,,,,,,,,,,,,
1205,Adrià Altimira,CD Leganés,Laliga,,"1,70m",,,Right-Back,right,,,,,,,,,,,"Jun 30, 2025",€1.50m,,,,,,,,,,,,,,,,,,,,,,,,,,,,,,,,,,,,,,,,,,,,,,,
1206,Fer López,Celta de Vigo,Laliga,,"1,88m",,,Right Winger,left,,,,,,,,,,,"Jun 30, 2028",€1.50m,,,,,,,,,,,,,,,,,,,,,,,,,,,,,,,,,,,,,,,,,,,,,,,
1207,Carlos Protesoni,Deportivo Alavés,Laliga,,"1,85m",,,Defensive Midfield,right,,,,,,,,,,,"Jun 30, 2026",€1.50m,,,,,,,,,,,,,,,,,,,,,,,,,,,,,,,,,,,,,,,,,,,,,,,
1208,Bertuğ Yıldırım,Getafe CF,Laliga,,"1,91m",,,Centre-Forward,right,,,,,,,,,,,"Jun 30, 2025",€2.50m,,,,,,,,,,,,,,,,,,,,,,,,,,,,,,,,,,,,,,,,,,,,,,,
1209,Jiri Letacek,Getafe CF,Laliga,,"1,96m",,,Goalkeeper,right,,,,,,,,,,,"Jun 30, 2028",€2.00m,,,,,,,,,,,,,,,,,,,,,,,,,,,,,,,,,,,,,,,,,,,,,,,
1210,Vladyslav Krapyvtsov,Girona FC,Laliga,,"1,88m",,,Goalkeeper,right,,,,,,,,,,,"Jun 30, 2029",€200k,,,,,,,,,,,,,,,,,,,,,,,,,,,,,,,,,,,,,,,,,,,,,,,
1211,Omar Sadik,RCD Espanyol Barcelona,Laliga,,-,,,Centre-Forward,left,,,,,,,,,,,"Jun 30, 2028",€500k,,,,,,,,,,,,,,,,,,,,,,,,,,,,,,,,,,,,,,,,,,,,,,,
1212,Ángel Fortuño,RCD Espanyol Barcelona,Laliga,,"1,83m",,,Goalkeeper,right,,,,,,,,,,,"Jun 30, 2027",€300k,,,,,,,,,,,,,,,,,,,,,,,,,,,,,,,,,,,,,,,,,,,,,,,
1213,Fernando Pacheco,RCD Espanyol Barcelona,Laliga,,"1,87m",,,Goalkeeper,left,,,,,,,,,,,"Jun 30, 2026",€900k,,,,,,,,,,,,,,,,,,,,,,,,,,,,,,,,,,,,,,,,,,,,,,,
1214,Pablo Ramón,RCD Espanyol Barcelona,Laliga,,"1,84m",,,Centre-Back,right,,,,,,,,,,,"Jun 30, 2028",€200k,,,,,,,,,,,,,,,,,,,,,,,,,,,,,,,,,,,,,,,,,,,,,,,
1215,David López,RCD Mallorca,Laliga,,"1,95m",,,Centre-Back,,,,,,,,,,,,"Jun 30, 2027",€500k,,,,,,,,,,,,,,,,,,,,,,,,,,,,,,,,,,,,,,,,,,,,,,,
1216,Iván Cuéllar,RCD Mallorca,Laliga,,"1,87m",,,Goalkeeper,left,,,,,,,,,,,"Jun 30, 2025",€100k,,,,,,,,,,,,,,,,,,,,,,,,,,,,,,,,,,,,,,,,,,,,,,,
1217,Joni Montiel,Rayo Vallecano,Laliga,,"1,73m",,,Attacking Midfield,left,,,,,,,,,,,"Jun 30, 2025",€900k,,,,,,,,,,,,,,,,,,,,,,,,,,,,,,,,,,,,,,,,,,,,,,,
1218,Jaume Doménech,Valencia CF,Laliga,,"1,85m",,,Goalkeeper,right,,,,,,,,,,,"Jun 30, 2025",€600k,,,,,,,,,,,,,,,,,,,,,,,,,,,,,,,,,,,,,,,,,,,,,,,
1219,Iker Álvarez,Villarreal CF,Laliga,,"1,90m",,,Goalkeeper,right,,,,,,,,,,,"Jun 30, 2026",€800k,,,,,,,,,,,,,,,,,,,,,,,,,,,,,,,,,,,,,,,,,,,,,,,
1220,Omar Marmoush,Manchester City,Bundesliga,26 years old (07-02-1999),183cm,Egypt,"Attacking Midfielder (Centre, Left), Forward",,,17,1454.0,15,9,2,-,79.6,0.4,9,8.23,,,4.5,0.9,0.1,0.1,0.7,4.5,1.4,0.1,3.1,5.9,3.2,2.7,3.9,2.2,1.2,0.4,0.8,0.7,0.2,0.9,0.1,3.2,0.5,0.4,0.1,0.1,-,0.4,-,-,-,-,20.2,0.6,0.5,15.4,3.6,2.1,0.6,1.5,0.5,0.2,0.2,0.1,-,-,0.3
1221,Harry Kane,Bayern Munich,Bundesliga,31 years old (28-07-1993),"1,88m",England,"Attacking Midfielder (Centre), Forward",Centre-Forward,right,27(2),2272.0,24,7,5,-,80.4,1,9,7.71,"Jun 30, 2027",€90.00m,3.7,0.8,0.1,0.1,0.6,3.7,0.9,0.4,2.4,1.8,1,0.8,1.3,0.7,1.6,1,0.7,0.4,0.1,0.6,0.1,0.7,0.3,0.5,0.5,0.1,-,0.4,-,-,-,-,20.2,1.3,0.6,14.9,3.4,1.1,0.2,0.9,0.2,-,-,0.1,-,-,0.2
1222,Michael Olise,Bayern Munich,Bundesliga,23 years old (12-12-2001),"1,84m",France,"Attacking Midfielder (Centre, Left, Right)",Right Winger,left,25(6),2078.0,9,12,2,-,86.4,0.3,6,7.61,"Jun 30, 2029",€80.00m,2.4,0.3,0.1,-,0.2,2.4,0.7,0.1,1.6,4.1,2.2,1.9,1.6,0.8,0.6,0.3,0.4,1.1,0.5,1.6,0.3,2,0.6,0.1,0.3,-,0.1,0.7,-,-,-,-,41,0.6,0.6,34.7,5,2.5,0.3,2.2,0.4,0.1,-,-,-,-,0.3
1223,Jamal Musiala,Bayern Munich,Bundesliga,22 years old (26-02-2003),"1,84m",Germany,"Midfielder (Centre, Left, Right)",Attacking Midfield,right,21(4),1807.0,12,2,3,-,83.5,0.3,5,7.56,"Jun 30, 2030",€140.00m,2.7,0.5,-,0.2,0.3,2.7,0.7,0.3,1.7,5.6,2.8,2.9,2.7,1.3,0.8,0.3,0.6,1.4,0.7,2.1,0.3,2.2,0.8,0.1,0.2,-,-,1.2,-,-,-,-,36.9,0.5,0.2,30.3,5.8,1.6,-,1.6,0.1,-,-,-,-,-,0.1
1224,Florian Wirtz,Bayer 04 Leverkusen,Bundesliga,21 years old (03-05-2003),"1,77m",Germany,"Attacking Midfielder (Centre, Left, Right), Forward",Attacking Midfield,right,22(6),2087.0,9,10,2,-,82.6,0.3,7,7.52,"Jun 30, 2027",€140.00m,2.4,0.3,-,0.1,0.3,2.4,0.9,0.1,1.4,5.4,2.7,2.7,1.9,1.6,1.5,0.3,1.3,1.1,0.4,1.5,0.3,1.3,0.7,0.3,0.2,-,-,0.9,-,-,-,-,50.5,1,0.4,40.7,8.4,1.9,0.2,1.7,0.4,0.1,-,0.1,-,-,0.1
1225,Joshua Kimmich,Bayern Munich,Bundesliga,30 years old (08-02-1995),"1,77m",Germany,"Defender (Centre, Right), Defensive Midfielder (C), Midfielder (Right)",Defensive Midfield,right,29(1),2577.0,2,5,4,-,92.9,0.4,2,7.34,"Jun 30, 2029",€50.00m,1,0.1,-,-,-,1,0.7,-,0.2,0.6,0.3,0.3,0.7,0.2,0.7,0.4,0.3,1.5,0.6,2,0.7,0.8,0.5,0.1,0.8,0.1,0.2,0.6,-,-,-,-,104.1,5.9,1.6,90.8,5.8,2.5,0.8,1.7,0.2,0.1,-,-,-,-,0.1
1226,Hugo Ekitiké,Eintracht Frankfurt,Bundesliga,22 years old (20-06-2002),"1,90m",France,Forward,Centre-Forward,right,28(2),2313.0,15,6,1,-,76.7,1.4,4,7.33,"Jun 30, 2029",€55.00m,3.5,0.5,-,0.3,0.2,3.5,0.9,0.5,2.1,3.6,2,1.6,2.9,0.9,3.2,1.4,1.8,0.5,0.2,0.7,0.2,0.5,1.1,0.6,0.8,-,-,0.4,-,-,-,-,19.3,0.4,0.2,14.4,4.3,1.4,0.1,1.3,0.2,-,-,-,-,-,0.2
1227,Tim Kleindienst,Borussia Mönchengladbach,Bundesliga,29 years old (31-08-1995),"1,94m",Germany,Forward,Centre-Forward,both,29,2564.0,15,6,3,1,62.2,4.7,5,7.31,"Jun 30, 2028",€17.00m,2.5,0.5,-,0.2,0.3,2.5,0.3,0.4,1.7,1.1,0.7,0.4,2.6,1.4,8.6,4.7,4,0.9,0.9,1.8,0.4,0.8,2.4,0.8,2.1,0.3,0.1,1.2,-,-,-,-,23.3,0.4,0.4,14.1,8.3,0.9,0.1,0.8,0.2,-,-,-,-,-,0.1
1228,Xavi Simons,RB Leipzig,Bundesliga,22 years old (21-04-2003),"1,79m",Netherlands,"Attacking Midfielder (Centre, Left, Right), Forward",Attacking Midfield,right,22,1887.0,9,5,5,-,83.1,0.8,4,7.3,"Jun 30, 2027",€70.00m,1.8,0.4,0.1,-,0.3,1.8,0.9,-,0.9,3.8,2.5,1.3,3.1,2.3,1.8,0.8,1,1.1,0.6,1.7,0.5,2.2,1.1,0.2,0.6,0.1,0.1,0.5,-,-,-,-,44.2,1.5,0.9,35.3,6.6,2.1,0.4,1.7,0.2,-,-,0.1,-,-,0.1
1229,David Odogu,VfL Wolfsburg,Bundesliga,18 years old (03-06-2006),"1,91m",Germany,Defender,Centre-Back,right,2,180.0,-,-,-,-,89.4,4.5,-,7.24,-,€700k,1,-,-,-,-,1,-,0.5,0.5,-,-,-,0.5,-,6,4.5,1.5,2.5,1,3.5,1,-,1,0.5,11.5,1,1,-,-,-,-,-,42.5,3,2,35,2.5,-,-,-,-,-,-,-,-,-,-
1230,Dayot Upamecano,Bayern Munich,Bundesliga,26 years old (27-10-1998),"1,86m",France,Defender (Centre),Centre-Back,right,20,1763.0,2,-,6,-,94.1,3,1,7.22,"Jun 30, 2026",€50.00m,0.7,0.1,-,-,0.1,0.7,0.1,0.2,0.4,0.3,0.2,0.2,0.3,0.2,5.1,3,2.1,1.8,0.7,2.5,1.7,0.6,1,-,2.3,0.4,-,0.5,-,-,-,-,95.4,3.7,1.4,86.1,4.3,0.4,0.1,0.3,-,-,-,-,-,-,-
1231,Serhou Guirassy,Borussia Dortmund,Bundesliga,29 years old (12-03-1996),"1,87m",Guinea,"Attacking Midfielder (Left), Forward",Centre-Forward,right,26(1),2344.0,17,2,4,-,73.2,4,5,7.2,"Jun 30, 2028",€40.00m,3,0.6,-,0.3,0.4,3,0.2,0.5,2.3,1,0.8,0.3,2.5,1,7.3,4,3.3,0.2,0.1,0.3,0.1,1.9,0.6,0.4,1.2,0.1,-,0.2,-,-,-,-,20.6,0.4,0.3,14.7,5.3,0.9,-,0.8,0.1,-,-,-,-,-,-
1232,Nadiem Amiri,1.FSV Mainz 05,Bundesliga,28 years old (27-10-1996),"1,80m",Germany,"Midfielder (Centre, Left, Right)",Central Midfield,right,27,2215.0,6,4,6,2,82.5,0.6,5,7.19,"Jun 30, 2028",€18.00m,2,0.2,0.1,-,0.1,2,1.3,-,0.8,2.3,1.2,1.1,1.5,0.9,1.2,0.6,0.6,1.6,1,2.6,0.6,1.8,1.6,0.1,1,0.1,0.1,0.5,-,-,-,-,52.1,2.8,3.4,40.2,5.7,2.1,0.9,1.2,0.1,-,-,-,-,-,0.1
1233,Maximilian Mittelstädt,VfB Stuttgart,Bundesliga,28 years old (18-03-1997),"1,80m",Germany,"Defender (Left), Midfielder (Centre, Left)",Left-Back,left,25(3),2228.0,1,6,5,-,87.3,0.9,2,7.18,"Jun 30, 2028",€20.00m,0.6,-,-,-,-,0.6,0.5,-,0.1,1.2,0.6,0.6,0.9,0.3,1.4,0.9,0.5,2.7,0.7,3.4,1.4,1.4,0.8,0.1,2.9,0.4,0.2,1.1,-,-,-,-,51,2,2.2,42.5,4.3,1.5,0.3,1.2,0.2,0.1,-,-,-,-,0.1
1234,Franck Honorat,Borussia Mönchengladbach,Bundesliga,28 years old (11-08-1996),"1,80m",France,"Midfielder (Left, Right), Forward",Right Winger,right,15(1),1227.0,3,6,-,-,74.9,0.3,1,7.17,"Jun 30, 2028",€12.00m,1.6,0.2,-,0.1,0.1,1.6,0.3,0.1,1.3,1.8,1.1,0.6,1.3,0.6,0.9,0.3,0.6,0.9,0.3,1.2,0.3,0.2,0.3,0.4,1.4,0.1,0.3,0.5,-,-,-,-,23.6,0.3,0.4,17.4,5.5,2.4,0.6,1.8,0.4,0.3,0.1,-,-,-,0.1
1235,Mohamed Simakan,Al Nassr FC,Bundesliga,24 years old (03-05-2000),187cm,,"Defender (Centre, Right)",,,1,55.0,-,-,-,-,81.4,3,-,7.14,,,-,-,-,-,-,-,-,-,-,1,1,-,-,-,4,3,1,-,-,-,2,1,-,-,-,-,-,-,-,-,-,-,43,1,-,34,8,3,2,1,-,-,-,-,-,-,-
1236,Nathaniel Brown,Eintracht Frankfurt,Bundesliga,21 years old (16-06-2003),"1,80m",Germany,"Defender (Left), Midfielder (Left)",Left-Back,left,19(4),1689.0,3,6,1,-,86.3,0.3,1,7.13,"Jun 30, 2030",€15.00m,0.6,0.1,-,0.1,-,0.6,0.1,0.1,0.4,1.3,0.9,0.4,1.1,0.4,0.9,0.3,0.6,2.6,0.4,3,0.6,0.9,0.5,-,1.9,-,0.4,1.3,-,-,-,-,27.3,0.9,1,22.7,2.7,1.6,0.3,1.3,0.3,0.1,0.1,-,-,-,0.1
1237,Ritsu Doan,SC Freiburg,Bundesliga,26 years old (16-06-1998),"1,72m",Japan,"Midfielder (Centre, Left, Right), Forward",Right Winger,left,30(1),2615.0,9,7,2,-,75.9,0.5,2,7.12,"Jun 30, 2027",€22.00m,1.8,0.3,0.1,0.1,0.1,1.8,0.7,0.2,1,3.7,2.1,1.6,1.7,1.8,1.4,0.5,0.9,2,0.6,2.6,0.5,1.5,0.8,0.3,0.9,0.1,0.3,1.6,-,-,-,-,29.6,0.9,1,21.5,6.1,0.8,0.2,0.6,0.2,0.1,-,-,-,-,0.1
1238,Tom Bischof,TSG 1899 Hoffenheim,Bundesliga,19 years old (28-06-2005),"1,76m",Germany,"Midfielder (Centre, Right)",Central Midfield,left,27(1),2322.0,5,2,5,-,83.3,0.4,3,7.11,"Jun 30, 2025",€25.00m,1.6,0.2,0.1,-,-,1.6,1,-,0.5,1.9,1.1,0.9,1.4,1.3,1.1,0.4,0.7,3.1,1.3,4.4,1,1.1,1.5,-,1.6,0.4,-,1.8,-,-,-,-,44.5,2.1,1.6,35,5.8,1.6,0.6,1,0.1,-,-,-,-,-,-
1239,Moritz Jenz,1.FSV Mainz 05,Bundesliga,26 years old (30-04-1999),"1,90m",Germany,Defender (Centre),Centre-Back,right,18(1),1602.0,-,-,4,-,84.3,3.9,1,7.1,"Jun 30, 2025",€6.00m,0.5,-,-,-,-,0.5,-,0.2,0.4,0.3,0.2,0.1,0.4,-,6.2,3.9,2.2,1.9,0.3,2.2,1.6,0.3,1.4,0.1,6.6,0.7,0.2,0.5,-,-,-,-,44.4,1.5,3.4,35.9,3.5,0.2,-,0.2,-,-,-,-,-,-,-
1240,Tiago Pereira Cardoso,Borussia Mönchengladbach,Bundesliga,19 years old (07-04-2006),"1,90m",Luxembourg,Goalkeeper,Goalkeeper,right,4(1),378.0,-,-,-,-,71.3,0.8,1,7.1,-,€300k,-,-,-,-,-,-,-,-,-,-,-,-,-,-,0.8,0.8,-,0.2,-,0.2,-,-,-,-,1.2,-,-,-,4,0.4,1.8,1.8,31.4,5.4,8.8,17,0.2,-,-,-,-,-,-,-,-,-,-
1241,Willi Orbán,RB Leipzig,Bundesliga,32 years old (03-11-1992),"1,86m",Hungary,Defender (Centre),Centre-Back,right,25,2224.0,5,-,4,2,88,4.2,3,7.08,"Jun 30, 2027",€10.00m,0.9,0.2,-,0.2,-,0.9,-,0.4,0.5,0.2,-,0.1,0.6,0.2,6,4.2,1.9,1.5,0.4,1.9,0.8,0.6,0.9,0.2,6.7,1.2,0.1,0.6,-,-,-,-,69.3,2.7,3.2,58.3,5,0.3,-,0.3,-,-,-,-,-,-,-
1242,Stefan Bell,1.FSV Mainz 05,Bundesliga,33 years old (24-08-1991),"1,92m",Germany,"Defender (Centre, Right)",Centre-Back,right,13(2),1180.0,-,1,3,-,80,4.3,1,7.08,"Jun 30, 2026",€800k,0.5,-,-,-,-,0.5,-,0.1,0.5,0.3,0.3,0.1,0.8,0.2,6.5,4.3,2.1,1.2,0.3,1.5,1.6,0.5,1.4,0.1,5.9,0.8,-,0.1,-,-,-,-,38.9,2.7,4.3,28.4,3.5,0.3,0.1,0.3,0.1,-,-,-,-,-,0.1
1243,Alphonso Davies,Bayern Munich,Bundesliga,24 years old (02-11-2000),"1,83m",Canada,"Defender (Left), Midfielder (Left, Right)",Left-Back,left,17(2),1562.0,1,2,-,-,91.1,0.5,-,7.08,"Jun 30, 2030",€50.00m,0.9,0.1,-,0.1,-,0.9,0.4,0.1,0.4,3.6,1.9,1.6,1.7,1,0.9,0.5,0.4,1.6,0.5,2.1,0.7,1.4,0.4,0.2,1.1,0.1,0.1,0.7,-,-,-,-,60.1,0.5,0.4,54.2,4.9,1.4,0.1,1.4,0.1,-,-,-,-,-,0.1
1244,Vincenzo Grifo,SC Freiburg,Bundesliga,32 years old (07-04-1993),"1,80m",Italy,"Attacking Midfielder (Centre, Left)",Left Winger,right,28(3),2199.0,8,10,2,-,82.3,0.5,4,7.07,-,€7.50m,2,0.3,0.1,-,0.2,2,1,-,1,1.4,0.6,0.8,1.1,0.5,1,0.5,0.5,0.7,0.6,1.3,0.2,0.3,0.4,0.1,0.5,0.1,0.1,0.6,-,-,-,-,40.6,1.7,2.2,31.7,5,2,0.5,1.4,0.3,0.1,0.1,-,-,-,0.2
1245,Álex Grimaldo,Bayer 04 Leverkusen,Bundesliga,29 years old (20-09-1995),171cm,Spain,"Defender (Left), Midfielder (Left)",,,28(1),2442.0,2,6,3,1,86.2,0.4,3,7.06,,,1.4,0.1,-,-,-,1.4,0.9,-,0.5,1.6,0.9,0.6,1.8,0.4,1,0.4,0.6,0.7,0.8,1.5,0.5,0.8,0.4,0.2,1.3,0.1,0.2,0.7,-,-,-,-,53.8,1.3,1.4,45.1,6,2.3,0.8,1.6,0.2,0.1,0.1,-,-,-,0.1
1246,Finn Dahmen,FC Augsburg,Bundesliga,27 years old (27-03-1998),"1,86m",Germany,Goalkeeper,Goalkeeper,right,16,1440.0,-,-,-,-,67.1,0.4,-,7.05,"Jun 30, 2027",€6.00m,-,-,-,-,-,-,-,-,-,-,-,-,-,-,0.4,0.4,-,0.1,0.1,0.1,-,0.1,-,-,1.3,-,-,-,3.5,0.6,1.8,1.2,38.4,9,12.5,16.8,0.1,-,-,-,-,-,-,-,-,-,-
1247,Mohammed Amoura,VfL Wolfsburg,Bundesliga,24 years old (09-05-2000),"1,70m",Algeria,"Attacking Midfielder (Left), Forward",Centre-Forward,right,27(1),2286.0,10,8,6,-,72.9,0.7,3,7.05,"Jun 30, 2025",€32.00m,2.4,0.4,-,0.1,0.3,2.4,0.6,0.1,1.7,3,1.8,1.2,2.8,0.6,2.2,0.7,1.5,0.9,0.8,1.6,0.3,0.7,1,0.8,0.7,0.1,0.1,1.3,-,-,-,-,22.7,1.1,0.3,15.5,5.9,1.1,0.1,1.1,0.3,-,-,-,-,-,0.3
1248,Kingsley Coman,Bayern Munich,Bundesliga,28 years old (13-06-1996),"1,81m",France,"Midfielder (Left, Right), Forward",Left Winger,right,12(13),1132.0,5,4,-,-,89.2,0.3,-,7.05,"Jun 30, 2027",€35.00m,1.6,0.2,0.1,-,0.1,1.6,0.5,0.2,0.9,2.8,1.3,1.5,1,0.6,0.8,0.3,0.5,0.6,0.2,0.8,0.3,0.3,0.4,0.3,0.5,-,-,0.4,-,-,-,-,24,0.4,0.4,21,2.2,1.2,-,1.2,0.2,-,-,-,-,-,0.2
1249,Cédric Zesiger,FC Augsburg,Bundesliga,26 years old (24-06-1998),"1,94m",Switzerland,Defender (Centre),Centre-Back,left,12,1004.0,-,2,5,1,78.7,1.7,1,7.04,"Jun 30, 2025",€5.50m,0.4,-,-,-,-,0.4,0.1,-,0.3,0.3,0.3,0.1,0.6,0.3,2.9,1.7,1.3,0.8,0.3,1.2,1.6,0.5,1.2,-,6.2,0.7,0.3,0.6,-,-,-,-,35.7,2.4,3.8,25.7,3.8,0.5,0.2,0.3,0.2,0.1,-,0.1,-,-,-
1250,Diogo Leite,1.FC Union Berlin,Bundesliga,26 years old (23-01-1999),"1,90m",Portugal,Defender (Centre),Centre-Back,left,29(1),2548.0,1,2,3,-,79.2,2.7,-,7.03,-,€17.00m,0.6,-,-,-,-,0.6,0.1,0.1,0.4,0.5,0.2,0.3,0.6,0.2,4.8,2.7,2.1,2.1,0.6,2.7,1.9,1.2,0.8,0.1,5.2,0.8,0.2,1.2,-,-,-,-,45.1,3.5,4.2,32.3,5.2,0.4,0.1,0.3,0.1,-,-,-,-,-,0.1
1251,Leroy Sané,Bayern Munich,Bundesliga,29 years old (11-01-1996),"1,83m",Germany,"Midfielder (Centre, Left, Right), Forward",Right Winger,left,16(11),1487.0,10,4,2,-,86.7,0.3,1,7.03,"Jun 30, 2025",€38.00m,2.3,0.4,-,0.1,0.2,2.3,0.7,0.2,1.4,3.3,2,1.3,2.1,1,0.5,0.3,0.2,0.7,0.3,1,0.2,0.9,0.6,0.2,0.1,-,-,0.3,-,-,-,-,28.6,0.3,-,24.5,3.8,1.2,0.1,1.1,0.1,-,-,-,-,-,0.1
1252,Granit Xhaka,Bayer 04 Leverkusen,Bundesliga,32 years old (27-09-1992),"1,86m",Switzerland,"Defender (Left), Midfielder (Centre)",Defensive Midfield,left,31,2724.0,2,7,3,-,91.1,1.3,-,7.01,"Jun 30, 2028",€17.00m,0.7,0.1,0.1,-,-,0.7,0.6,-,0.1,0.5,0.3,0.2,0.5,0.4,2,1.3,0.8,1.4,0.5,2,0.4,1,1,-,1.4,0.2,0.1,0.7,-,-,-,-,83.6,4.7,1.6,71.5,5.8,1.6,0.3,1.3,0.2,-,-,-,-,-,0.2
1253,Jamie Gittens,Borussia Dortmund,Bundesliga,20 years old (08-08-2004),"1,78m",England,"Attacking Midfielder (Centre, Left)",Left Winger,right,20(9),1711.0,8,3,3,-,82.2,0.2,1,7.01,"Jun 30, 2028",€50.00m,1.8,0.3,-,0.1,0.2,1.8,0.4,0.1,1.3,5.7,3.1,2.7,1.7,1.2,0.4,0.2,0.2,1,0.1,1.1,0.3,1.4,0.9,0.1,0.1,-,-,0.6,-,-,-,-,16.5,0.2,0.2,13.3,2.8,0.7,-,0.7,0.1,-,-,-,-,-,0.1
1254,Min-Jae Kim,Bayern Munich,Bundesliga,28 years old (15-11-1996),"1,90m",South Korea,Defender (Centre),Centre-Back,right,27,2289.0,2,-,2,-,92.6,3,1,6.98,"Jun 30, 2028",€45.00m,0.3,0.1,-,-,-,0.3,-,0.1,0.1,0.2,0.1,0.1,0.5,0.2,4.7,3,1.7,1.3,0.4,1.7,1.4,0.1,0.9,-,3.2,0.4,0.1,0.5,-,-,-,-,93.5,2.7,2,83.9,4.9,0.2,-,0.2,-,-,-,-,-,-,-
1255,Anthony Caci,1.FSV Mainz 05,Bundesliga,27 years old (01-07-1997),"1,84m",France,"Defender (Centre, Left, Right), Midfielder (Left, Right)",Right Midfield,right,30,2464.0,1,7,6,-,75.4,1.1,2,6.98,"Jun 30, 2026",€10.00m,1,-,-,-,-,1,0.4,0.1,0.5,2,1.1,1,1.3,0.7,2.1,1.1,1,1.9,0.5,2.4,0.7,0.3,1.1,0.4,1.3,0.3,0.2,0.8,-,-,-,-,38.3,1.5,2.1,27.4,7.3,1.6,0.3,1.2,0.2,0.1,-,-,-,-,0.1
1256,Anton Stach,TSG 1899 Hoffenheim,Bundesliga,26 years old (15-11-1998),"1,94m",Germany,"Defender (Centre), Midfielder (Centre)",Defensive Midfield,right,26(1),2328.0,1,2,7,-,83.1,1.9,-,6.98,"Jun 30, 2027",€14.00m,1,-,-,-,-,1,0.6,-,0.4,1.1,0.6,0.4,0.7,0.3,3.3,1.9,1.4,2.3,0.5,2.7,1.5,1.1,1.3,-,3.5,0.4,-,1,-,-,-,-,50.3,2.5,2.9,39.3,5.6,0.8,0.3,0.6,0.1,-,-,-,-,-,-
1257,Nico Elvedi,Borussia Mönchengladbach,Bundesliga,28 years old (30-09-1996),"1,89m",Switzerland,"Defender (Centre, Left, Right)",Centre-Back,right,23,2002.0,1,1,1,-,92,2.2,1,6.98,"Jun 30, 2027",€8.00m,0.5,-,-,-,-,0.5,-,0.1,0.3,-,-,-,0.3,-,4,2.2,1.8,1.6,0.3,1.8,1.3,0.6,0.4,-,6.5,1.2,0.2,0.3,-,-,-,-,61.8,1.7,1.7,55.2,3.3,0.2,-,0.1,-,-,-,-,-,-,-
1258,Marius Müller,VfL Wolfsburg,Bundesliga,31 years old (12-07-1993),"1,92m",Germany,Goalkeeper,Goalkeeper,right,5(1),474.0,-,-,-,-,66.1,0.7,-,6.97,-,€1.50m,-,-,-,-,-,-,-,-,-,-,-,-,-,-,0.7,0.7,-,-,-,-,-,-,-,-,0.5,-,-,-,3,0.3,2.3,0.3,31.5,7.7,10.7,13.2,-,-,-,-,-,-,-,-,-,-,-
1259,Alexis Claude-Maurice,FC Augsburg,Bundesliga,26 years old (06-06-1998),"1,76m",France,"Attacking Midfielder (Centre, Left), Forward",Attacking Midfield,right,22(3),1901.0,9,2,4,-,83.2,0.5,3,6.97,"Jun 30, 2027",€12.00m,1.8,0.4,0.1,-,0.3,1.8,1,-,0.8,3.3,1.8,1.5,2.9,1.7,1.2,0.5,0.7,1.5,0.6,2.1,0.6,1.3,1,0.1,0.3,-,-,0.6,-,-,-,-,21.9,0.5,0.4,17.7,3.3,0.7,-,0.6,0.1,-,-,-,-,-,0.1
1260,Patrik Schick,Bayer 04 Leverkusen,Bundesliga,29 years old (24-01-1996),"1,91m",Czech Republic,"Attacking Midfielder (Right), Forward",Centre-Forward,left,17(11),1476.0,19,-,4,-,78.9,1.4,5,6.96,"Jun 30, 2027",€27.00m,2.3,0.7,0.1,0.1,0.5,2.3,0.3,0.4,1.7,0.8,0.5,0.3,1.3,0.9,3.1,1.4,1.7,0.2,0.1,0.4,0.1,0.6,0.7,0.2,0.5,-,-,0.2,-,-,-,-,11.8,-,-,9.3,2.5,0.4,-,0.4,-,-,-,-,-,-,-
1261,Benjamin Sesko,RB Leipzig,Bundesliga,21 years old (31-05-2003),"1,95m",Slovenia,"Attacking Midfielder (Centre), Forward",Centre-Forward,right,28(2),2257.0,12,5,-,1,67.6,2.2,3,6.96,"Jun 30, 2029",€65.00m,2.2,0.4,0.1,-,0.3,2.2,0.7,0.1,1.3,2.4,1.2,1.3,1.9,1.7,3.9,2.2,1.7,0.2,0.3,0.5,0.2,0.6,0.9,0.6,0.7,0.1,-,0.3,-,-,-,-,18.7,0.2,0.2,12.5,5.9,0.6,-,0.6,0.2,-,-,-,-,-,0.1
1262,Raphaël Guerreiro,Bayern Munich,Bundesliga,31 years old (22-12-1993),"1,70m",Portugal,"Defender (Left, Right), Midfielder (Centre, Left)",Left-Back,left,17(4),1433.0,4,3,2,-,90.4,0.3,1,6.96,"Jun 30, 2026",€10.00m,1,0.2,-,-,0.1,1,0.3,-,0.6,0.9,0.5,0.4,0.8,0.6,0.7,0.3,0.3,0.9,0.2,1,0.4,0.3,0.4,-,0.7,-,-,0.4,-,-,-,-,53,0.7,0.3,47.3,4.8,1.3,0.1,1.1,0.1,-,-,-,-,-,0.1
1263,Romano Schmid,SV Werder Bremen,Bundesliga,25 years old (27-01-2000),"1,68m",Austria,"Attacking Midfielder (Centre, Left, Right), Forward",Attacking Midfield,right,29,2592.0,4,4,3,-,78.7,0.7,3,6.95,-,€15.00m,1.5,0.1,0.1,-,0.1,1.5,0.6,-,0.9,3,1.6,1.3,2.3,1.8,1.6,0.7,0.9,1.4,0.8,2.2,0.4,1.2,0.9,0.1,0.3,0.1,-,1.3,-,-,-,-,45.9,1.9,1.5,34.2,8.2,2.1,0.3,1.8,0.1,0.1,-,-,-,-,0.1
1264,Angelo Stiller,VfB Stuttgart,Bundesliga,24 years old (04-04-2001),"1,83m",Germany,Defensive Midfielder (C),Defensive Midfield,left,29(1),2637.0,1,8,5,-,89.8,0.7,3,6.95,"Jun 30, 2028",€38.00m,0.7,-,-,-,-,0.7,0.4,-,0.3,1,0.3,0.7,0.7,0.8,1.6,0.7,0.9,1.6,0.5,2.1,0.8,1.5,0.7,-,1.5,0.3,0.1,0.7,-,-,-,-,76.8,3.4,2.4,65.5,5.4,1.8,0.4,1.5,0.3,0.1,-,0.1,-,-,0.1
1265,Dominik Kohr,1.FSV Mainz 05,Bundesliga,31 years old (31-01-1994),"1,83m",Germany,"Defender (Centre), Defensive Midfielder (C)",Defensive Midfield,right,27,2296.0,2,-,11,1,82.3,1.4,1,6.95,"Jun 30, 2028",€3.50m,0.5,0.1,-,0.1,-,0.5,0.3,0.1,0.1,0.3,0.1,0.2,0.7,0.3,2.8,1.4,1.3,2.3,0.7,3,1.6,1.3,1.7,-,4.4,0.9,0.2,0.7,-,-,-,-,48.4,3.4,4.5,36.4,4.1,0.4,0.1,0.3,-,-,-,-,-,-,-
1266,Denis Vavro,VfL Wolfsburg,Bundesliga,29 years old (10-04-1996),"1,89m",Slovakia,Defender (Centre),Centre-Back,right,24(2),2206.0,2,-,4,-,87.3,2.9,2,6.95,"Jun 30, 2025",€7.00m,1,0.1,-,0.1,-,1,0.5,0.2,0.3,0.2,0.1,0.1,0.3,-,4.2,2.9,1.3,0.6,0.4,1,1.2,0.2,0.3,-,7.9,1,-,0.5,-,-,-,-,52.5,5.3,3.8,40.5,2.8,0.3,-,0.3,-,-,-,-,-,-,-
1267,David Raum,RB Leipzig,Bundesliga,27 years old (22-04-1998),"1,81m",Germany,"Defender (Left), Midfielder (Left, Right)",Left-Back,left,20(1),1610.0,1,4,4,-,78.5,0.6,1,6.94,"Jun 30, 2027",€25.00m,0.4,-,-,-,-,0.4,0.1,-,0.3,1.2,0.8,0.4,0.7,0.4,1.5,0.6,0.9,1.5,0.6,2,0.4,0.4,1,0.3,1.8,0.3,0.2,0.8,-,-,-,-,36,1.5,2.1,26.7,5.6,2.2,0.7,1.5,0.2,0.1,-,-,-,-,0.1
1268,Patrick Mainka,1.FC Heidenheim 1846,Bundesliga,30 years old (06-11-1994),"1,94m",Germany,Defender (Centre),Centre-Back,right,31,2790.0,1,-,4,-,85.7,3.2,2,6.94,"Jun 30, 2027",€3.00m,0.7,-,-,-,-,0.7,0.2,0.1,0.5,0.3,0.2,0.2,0.5,0.2,5.1,3.2,1.9,1.8,0.6,2.4,2.1,0.6,0.5,0.1,5.9,0.9,-,0.7,-,-,-,-,48.6,2.3,3.1,39.3,3.9,0.2,-,0.2,-,-,-,-,-,-,-
1269,Moritz Nicolas,Borussia Mönchengladbach,Bundesliga,27 years old (21-10-1997),"1,93m",Germany,Goalkeeper,Goalkeeper,right,19,1640.0,-,-,-,-,82.9,0.4,1,6.94,"Jun 30, 2029",€5.00m,-,-,-,-,-,-,-,-,-,-,-,-,-,-,0.4,0.4,0.1,-,-,-,0.1,-,-,-,0.8,-,-,0.1,3.6,0.3,2.3,1.1,37.2,6.6,6.1,24.2,0.3,-,-,-,-,-,-,-,-,-,-
1270,Matej Kovár,Bayer 04 Leverkusen,Bundesliga,24 years old (17-05-2000),"1,96m",Czech Republic,Goalkeeper,Goalkeeper,right,4,360.0,-,-,-,-,80.2,0.5,-,6.94,"Jun 30, 2027",€7.00m,-,-,-,-,-,-,-,-,-,-,-,-,-,-,0.8,0.5,0.3,-,-,-,-,0.3,-,-,0.5,-,-,-,2.5,-,1.5,1,27.8,4.5,5.5,17.8,-,-,-,-,-,-,-,-,-,-,-
1271,Piero Hincapié,Bayer 04 Leverkusen,Bundesliga,23 years old (09-01-2002),"1,84m",Ecuador,"Defender (Centre, Left), Midfielder (Left)",Centre-Back,left,25(4),2412.0,2,2,7,-,89.5,1.9,2,6.92,"Jun 30, 2029",€50.00m,0.7,0.1,-,-,-,0.7,0.1,0.2,0.3,0.4,0.3,0.1,0.6,0.1,3.3,1.9,1.4,1.5,0.5,2,1,1.4,0.9,-,3,0.6,0.4,0.6,-,-,-,-,61,2,2.5,52.5,3.9,0.5,0.1,0.4,0.1,-,-,-,-,-,-
1272,Jonathan Burkardt,1.FSV Mainz 05,Bundesliga,24 years old (11-07-2000),"1,83m",Germany,"Attacking Midfielder (Centre, Right), Forward",Centre-Forward,right,25(1),1856.0,15,2,-,-,73.9,0.7,4,6.91,"Jun 30, 2027",€35.00m,2.2,0.6,-,0.3,0.2,2.2,0.3,0.5,1.4,1.3,0.8,0.5,2.5,1.2,3.4,0.7,2.7,0.4,0.2,0.6,-,0.8,0.7,0.4,0.5,-,-,0.3,-,-,-,-,16.7,0.7,0.3,11.6,4.1,0.7,-,0.7,0.1,-,-,-,-,-,0.1
1273,Chrislain Matsima,FC Augsburg,Bundesliga,22 years old (15-05-2002),"1,93m",France,Defender (Centre),Centre-Back,right,25(2),2281.0,1,-,4,-,85.4,2.2,2,6.91,"Jun 30, 2025",€17.00m,0.4,-,-,-,-,0.4,0.1,0.1,0.2,0.4,0.1,0.2,0.7,0.3,3.1,2.2,0.9,1,0.3,1.3,1.8,0.3,0.3,-,5.3,1,0.3,0.7,-,-,-,-,41.7,1.3,1.7,34.4,4.4,0.1,-,0.1,-,-,-,-,-,-,-
1274,Kaishu Sano,1.FSV Mainz 05,Bundesliga,24 years old (30-12-2000),"1,76m",Japan,Midfielder (Centre),Defensive Midfield,right,31,2774.0,-,-,3,-,80.9,2.6,-,6.91,"Jun 30, 2028",€17.00m,0.5,-,-,-,-,0.5,0.3,0.1,0.2,1.5,0.5,0.9,1.2,1,4.8,2.6,2.2,1.8,0.7,2.5,1.8,0.9,0.5,-,1.6,0.4,0.1,1.5,-,-,-,-,41.5,1.5,2.1,32,5.8,0.6,0.1,0.5,-,-,-,-,-,-,-
1275,Robin Koch,Eintracht Frankfurt,Bundesliga,28 years old (17-07-1996),"1,92m",Germany,"Defender (Centre), Defensive Midfielder (C)",Centre-Back,right,27,2319.0,3,-,3,-,90.6,3.3,-,6.91,"Jun 30, 2027",€18.00m,0.6,0.1,-,0.1,-,0.6,0.2,0.1,0.3,0.1,0.1,-,0.4,0.1,5,3.3,1.7,0.8,0.4,1.3,0.8,0.3,0.8,-,5.8,0.9,0.1,0.5,-,-,-,-,59.3,2.6,2.4,51.2,3.2,0.2,-,0.2,-,-,-,-,-,-,-
1276,Kauã Santos,Eintracht Frankfurt,Bundesliga,22 years old (11-04-2003),"1,98m",,Goalkeeper,Goalkeeper,right,8(1),765.0,-,-,-,-,66.7,0.9,1,6.91,"Jun 30, 2030",€2.50m,-,-,-,-,-,-,-,-,-,-,-,-,-,-,0.9,0.9,-,-,-,-,-,0.2,-,-,1.6,-,-,-,3.9,0.2,2.1,1.6,28.7,5.1,9.4,14,0.1,0.1,0.1,-,-,-,-,-,-,-,-
1277,Robin Zentner,1.FSV Mainz 05,Bundesliga,30 years old (28-10-1994),"1,95m",Germany,Goalkeeper,Goalkeeper,right,31,2790.0,-,-,3,-,59.3,0.3,1,6.9,"Jun 30, 2028",€4.00m,-,-,-,-,-,-,-,-,-,-,-,-,0.1,-,0.3,0.3,-,0.1,-,0.1,-,0.1,-,-,2,-,-,-,3.2,0.2,2,1,32.4,6.6,13.1,12.5,0.1,0.1,0.1,-,-,-,-,-,-,-,-
1278,Leo Østigård,TSG 1899 Hoffenheim,Bundesliga,25 years old (28-11-1999),"1,83m",Norway,Defender (Centre),Centre-Back,right,8,658.0,-,-,-,1,83.3,5.4,1,6.89,"Jun 30, 2025",€7.00m,0.5,-,-,-,-,0.5,-,0.1,0.4,0.3,-,0.3,0.1,0.1,8,5.4,2.6,0.8,0.3,1,0.6,0.5,1.9,0.1,10,1,0.3,0.8,-,-,-,-,53.8,2.1,4.4,42.6,4.6,0.3,-,0.3,-,-,-,-,-,-,-
1279,Marvin Ducksch,SV Werder Bremen,Bundesliga,31 years old (07-03-1994),"1,88m",Germany,"Attacking Midfielder (Centre), Forward",Centre-Forward,right,27(2),2190.0,7,7,3,-,70,0.7,3,6.89,"Jun 30, 2026",€7.50m,2.2,0.2,-,-,0.2,2.2,0.6,-,1.5,0.6,0.4,0.2,0.9,0.3,1.7,0.7,1,0.3,0.4,0.7,0.3,0.6,0.2,0.5,0.8,-,-,0.2,-,-,-,-,21.4,1.4,1,13.6,5.4,1.8,0.6,1.2,0.2,0.2,-,-,-,-,-
1280,Jens Stage,SV Werder Bremen,Bundesliga,28 years old (08-11-1996),"1,87m",Denmark,Midfielder (Centre),Central Midfield,right,23(2),1961.0,7,5,9,-,78.3,1.1,2,6.89,-,€12.00m,1.4,0.3,-,0.1,0.2,1.4,0.2,0.1,1.1,0.6,0.4,0.3,1,0.4,2,1.1,0.9,1.7,0.8,2.4,0.7,1.1,1.4,0.2,1.3,0.3,0.2,1.2,-,-,-,-,34.1,1.7,2,25,5.4,0.8,-,0.8,0.2,-,-,0.1,-,-,0.1
1281,Frederik Rønnow,1.FC Union Berlin,Bundesliga,32 years old (04-08-1992),"1,88m",Denmark,Goalkeeper,Goalkeeper,right,26,2340.0,-,-,2,-,63.1,0.7,4,6.89,-,€4.00m,-,-,-,-,-,-,-,-,-,-,-,-,-,-,0.7,0.7,-,-,-,-,-,0.2,-,-,1.3,-,-,-,2.7,0.1,1.8,0.8,27.4,6.1,10,11.2,0.2,-,-,-,-,-,-,-,-,-,-
1282,Rasmus Kristensen,Eintracht Frankfurt,Bundesliga,27 years old (11-07-1997),"1,87m",Denmark,"Defender (Centre, Right), Midfielder (Right)",Right-Back,right,25(2),2246.0,2,2,2,-,79.6,1.3,1,6.88,"Jun 30, 2025",€10.00m,0.7,0.1,-,-,-,0.7,-,0.1,0.5,1.4,0.7,0.8,1.3,0.5,2.3,1.3,1,2,1,3,0.7,0.4,0.8,-,2.7,0.5,0.3,1.2,-,-,-,-,45.7,1.6,2.7,34.8,6.6,0.6,0.1,0.5,0.1,-,-,-,-,-,0.1
1283,Morgan Guilavogui,FC St. Pauli,Bundesliga,27 years old (10-03-1998),"1,89m",Guinea,"Attacking Midfielder (Left, Right), Forward",Right Winger,right,18(4),1567.0,5,1,6,-,67.7,2.8,2,6.88,"Jun 30, 2025",€4.00m,1.6,0.2,-,-,0.2,1.6,0.3,0.3,1,1.9,1,0.9,2.2,0.9,5.6,2.8,2.8,1.5,0.6,2,0.6,1.2,1.9,0.5,1.2,-,0.1,1.2,-,-,-,-,21.7,0.3,0.6,14.4,6.4,1.2,-,1.2,-,-,-,-,-,-,-
1284,Eric Dier,Bayern Munich,Bundesliga,31 years old (15-01-1994),"1,91m",England,"Defender (Centre, Right), Defensive Midfielder (C)",Centre-Back,right,13(5),1195.0,1,1,-,-,93.9,2.5,-,6.88,"Jun 30, 2025",€8.00m,0.4,0.1,-,0.1,-,0.4,-,0.3,0.1,0.2,0.1,0.1,0.3,0.1,4.3,2.5,1.8,0.9,0.3,1.2,1,0.2,0.8,0.1,3.3,0.4,-,0.5,-,-,-,-,64.2,1.9,1.3,58.3,2.7,0.1,-,0.1,0.1,-,-,-,-,-,0.1
1285,Maximilian Arnold,VfL Wolfsburg,Bundesliga,30 years old (27-05-1994),"1,84m",Germany,"Midfielder (Centre, Right)",Central Midfield,left,26(1),2269.0,3,5,7,1,84,0.5,1,6.88,"Jun 30, 2026",€7.00m,1,0.1,0.1,-,-,1,0.9,-,0.1,0.2,0.2,-,0.7,0.4,1.4,0.5,0.9,1.2,0.7,1.9,0.9,1.9,1,-,2.5,0.4,-,0.4,-,-,-,-,43,3.7,2.5,32.4,4.4,1.6,0.6,0.9,0.2,0.2,0.1,-,0.1,-,-
1286,Waldemar Anton,Borussia Dortmund,Bundesliga,28 years old (20-07-1996),"1,89m",Germany,"Defender (Centre, Right), Defensive Midfielder (C)",Centre-Back,right,19(4),1678.0,2,2,4,-,91.2,1.7,1,6.88,"Jun 30, 2028",€18.00m,0.8,0.1,-,-,-,0.8,0.1,0.1,0.6,1,0.2,0.8,0.8,0.4,2.9,1.7,1.1,1.3,0.3,1.6,1,0.9,0.7,-,3.7,0.6,0.1,0.6,-,-,-,-,69.2,2.9,2.4,60.2,3.7,0.3,-,0.2,0.1,-,-,-,-,-,0.1
1287,Jae-Sung Lee,1.FSV Mainz 05,Bundesliga,32 years old (10-08-1992),"1,80m",South Korea,"Attacking Midfielder (Centre, Left, Right), Forward",Attacking Midfield,left,28(2),2433.0,7,5,4,-,79.9,1.6,1,6.88,"Jun 30, 2026",€2.50m,1.2,0.2,-,0.1,0.1,1.2,-,0.2,1,1,0.6,0.4,2.3,0.8,3.9,1.6,2.2,1.3,0.7,2,1.1,1.2,0.7,0.2,1.1,0.1,0.1,1,-,-,-,-,30.7,0.5,0.6,24,5.6,1.1,-,1,0.2,-,-,-,-,-,0.1
1288,Marco Friedl,SV Werder Bremen,Bundesliga,27 years old (16-03-1998),"1,87m",Austria,"Defender (Centre, Left), Midfielder (Left)",Centre-Back,left,22(1),1895.0,-,-,7,2,90.1,2,2,6.87,"Jun 30, 2028",€10.00m,0.2,-,-,-,-,0.2,-,0.1,-,0.3,-,0.3,0.4,0.2,3.7,2,1.7,2.3,1.1,3.4,1.4,0.7,1,0.1,5.2,0.9,-,0.7,-,-,-,-,55.7,3.4,2.8,46.7,2.7,0.1,0.1,-,-,-,-,-,-,-,-
1289,Dimitris Giannoulis,FC Augsburg,Bundesliga,29 years old (17-10-1995),"1,78m",Greece,"Defender (Left), Midfielder (Left)",Left-Back,left,28,2385.0,1,4,7,-,77.7,0.4,-,6.85,"Jun 30, 2028",€2.80m,0.4,-,-,-,-,0.4,-,-,0.4,2.4,1.5,0.9,1.6,0.4,1.1,0.4,0.8,1.6,0.6,2.2,1.5,0.6,0.6,-,2.1,0.4,0.4,1.2,-,-,-,-,32.2,1.4,2,23.7,5.2,1.1,0.2,0.9,0.1,0.1,-,-,-,-,-
1290,Serge Gnabry,Bayern Munich,Bundesliga,29 years old (14-07-1995),"1,76m",Germany,"Attacking Midfielder (Centre, Left, Right), Forward",Left Winger,right,11(13),1052.0,6,4,-,-,85.8,0.2,-,6.85,"Jun 30, 2026",€25.00m,1.8,0.3,-,0.1,0.2,1.8,0.4,0.2,1.2,1.5,0.8,0.6,0.9,0.3,0.4,0.2,0.2,0.8,0.2,0.9,0.2,0.2,0.7,0.3,0.4,-,-,0.4,-,-,-,-,21.1,0.3,0.3,17.8,2.8,0.9,-,0.9,0.2,-,-,-,-,-,0.1
1291,Jonathan Tah,Bayer 04 Leverkusen,Bundesliga,29 years old (11-02-1996),"1,95m",Germany,Defender (Centre),Centre-Back,right,30,2700.0,2,-,2,-,93.4,2.3,-,6.85,"Jun 30, 2025",€30.00m,0.7,0.1,-,-,-,0.7,0.1,0.2,0.4,0.2,0.1,0.1,0.5,0.3,3,2.3,0.7,0.5,0.2,0.6,1.1,0.2,0.5,-,4.5,0.5,0.1,0.2,-,-,-,-,71.5,2.5,2,64.3,2.7,0.1,0.1,-,-,-,-,-,-,-,-
1292,Nico Schlotterbeck,Borussia Dortmund,Bundesliga,25 years old (01-12-1999),"1,91m",Germany,Defender (Centre),Centre-Back,left,23,1984.0,-,4,5,2,89.6,2.3,1,6.85,"Jun 30, 2027",€40.00m,0.7,-,-,-,-,0.7,0.3,0.2,0.3,1,0.3,0.6,0.5,0.4,3.5,2.3,1.2,1.7,0.8,2.4,1,0.8,0.8,-,3.4,0.7,-,0.7,-,-,-,-,88.4,5.7,3.8,73.6,5.4,0.8,0.3,0.5,0.2,0.1,0.1,-,-,-,0.1
1293,Aleksandar Pavlovic,Bayern Munich,Bundesliga,20 years old (03-05-2004),"1,88m",Germany,Defensive Midfielder (C),Defensive Midfield,both,16(2),1250.0,1,-,2,-,94.1,0.5,-,6.85,"Jun 30, 2029",€50.00m,0.4,0.1,0.1,-,-,0.4,0.3,-,0.1,0.3,-,0.3,0.7,0.1,0.9,0.5,0.4,1.8,0.5,2.3,0.2,0.5,0.9,-,0.6,0.2,-,0.8,-,-,-,-,74.9,2.3,1.3,68.2,3.2,0.3,-,0.3,-,-,-,-,-,-,-
1294,Jeffrey Gouweleeuw,FC Augsburg,Bundesliga,33 years old (10-07-1991),"1,88m",Netherlands,Defender (Centre),Centre-Back,right,30,2675.0,1,4,9,-,82.4,1.9,1,6.84,"Jun 30, 2026",€1.50m,0.5,-,-,-,-,0.5,0.2,0.1,0.2,0.4,0.2,0.2,0.5,0.2,2.9,1.9,1,1.5,0.4,1.9,1,0.4,0.7,0.1,5.6,0.4,-,0.6,-,-,-,-,48.8,4.1,4.1,36.1,4.4,0.4,0.1,0.3,0.1,-,-,-,-,-,0.1
1295,Adam Hlozek,TSG 1899 Hoffenheim,Bundesliga,22 years old (25-07-2002),"1,88m",Czech Republic,"Attacking Midfielder (Centre, Left, Right), Forward",Second Striker,right,19(5),1619.0,7,2,2,-,70.4,1.5,3,6.84,"Jun 30, 2029",€18.00m,2.2,0.3,-,-,0.2,2.2,0.8,0.1,1.3,2.3,1.1,1.2,1.7,1.4,3,1.5,1.5,0.8,0.4,1.2,0.2,1.2,0.6,0.2,0.8,-,0.1,0.5,-,-,-,-,17.5,0.5,0.6,11.8,4.6,0.8,0.1,0.7,0.1,-,-,-,-,-,-
1296,Patrick Wimmer,VfL Wolfsburg,Bundesliga,23 years old (30-05-2001),"1,82m",Austria,"Attacking Midfielder (Centre, Left, Right), Forward",Right Winger,right,19(7),1577.0,3,4,5,1,65.9,1.5,2,6.84,"Jun 30, 2027",€15.00m,1.4,0.1,-,-,-,1.4,0.6,0.2,0.6,2.3,1.1,1.2,1.5,1,3.1,1.5,1.7,1.5,0.9,2.4,1.1,1.4,1.2,0.2,0.3,0.2,0.2,1,-,-,-,-,19.2,0.7,0.8,11.9,5.8,0.8,0.2,0.6,0.2,-,-,-,-,-,0.1
1297,Péter Gulácsi,RB Leipzig,Bundesliga,34 years old (06-05-1990),"1,93m",Hungary,Goalkeeper,Goalkeeper,right,28,2453.0,-,-,-,-,79.3,0.4,1,6.84,"Jun 30, 2026",€2.50m,-,-,-,-,-,-,-,-,-,-,-,-,-,-,0.4,0.4,-,-,-,-,-,-,-,-,0.9,-,-,-,3.2,0.2,2.3,0.7,25.3,4,5,16.1,0.3,-,-,-,-,-,-,-,-,-,-
1298,Karim Adeyemi,Borussia Dortmund,Bundesliga,23 years old (18-01-2002),"1,80m",Germany,"Attacking Midfielder (Left, Right), Forward",Right Winger,left,15(7),1273.0,4,5,3,-,78.6,0.4,1,6.83,"Jun 30, 2027",€40.00m,1.9,0.2,-,-,0.2,1.9,0.6,-,1.3,3.6,2,1.7,1.7,1.4,1,0.4,0.6,0.9,0.5,1.4,0.3,0.8,1,0.2,0.2,-,-,0.5,-,-,-,-,15.3,0.4,-,11.6,3.2,1.1,-,1.1,0.2,-,-,-,-,-,0.2
1299,Victor Boniface,Bayer 04 Leverkusen,Bundesliga,24 years old (23-12-2000),"1,90m",Nigeria,Forward,Centre-Forward,right,12(7),1011.0,8,1,2,-,71.5,1.7,2,6.83,"Jun 30, 2028",€45.00m,2.7,0.4,-,0.2,0.3,2.7,0.4,0.4,1.8,1.9,1.1,0.8,2.3,1.5,2.9,1.7,1.2,0.3,0.1,0.3,-,0.4,0.7,0.3,0.3,-,-,0.1,-,-,-,-,12.4,0.5,0.2,8.3,3.4,0.5,-,0.5,0.1,-,-,-,-,-,0.1
1300,Thomas Dähne,Holstein Kiel,Bundesliga,31 years old (04-01-1994),"1,93m",Germany,Goalkeeper,Goalkeeper,both,6,540.0,-,-,-,-,71.6,0.5,-,6.83,"Jun 30, 2026",€400k,-,-,-,-,-,-,-,-,-,-,-,-,-,-,0.5,0.5,-,-,-,-,-,-,0.2,-,2,-,-,-,4,0.2,2.8,1,37.5,6.2,10.7,20.7,-,-,-,-,-,-,-,-,-,-,-
1301,Rocco Reitz,Borussia Mönchengladbach,Bundesliga,22 years old (29-05-2002),"1,76m",Germany,Midfielder (Centre),Central Midfield,right,18(6),1585.0,1,1,1,-,80.6,0.5,1,6.82,"Jun 30, 2028",€15.00m,0.8,-,-,-,-,0.8,0.4,0.1,0.4,1.4,0.8,0.7,0.8,0.8,1.3,0.5,0.7,1.8,0.7,2.5,1.8,1.5,0.8,-,1.8,0.5,0.1,0.8,-,-,-,-,30.2,1.7,1.5,22.7,4.4,0.6,0.2,0.4,-,-,-,-,-,-,-
1302,Ko Itakura,Borussia Mönchengladbach,Bundesliga,28 years old (27-01-1997),"1,88m",Japan,"Defender (Centre), Defensive Midfielder (C)",Centre-Back,right,29,2610.0,3,-,5,-,89.4,2.2,-,6.82,"Jun 30, 2026",€12.00m,0.7,0.1,-,-,0.1,0.7,-,0.1,0.5,0.7,0.3,0.4,0.3,0.3,3.3,2.2,1.1,1.3,0.4,1.8,0.8,0.4,0.9,-,5.5,0.7,-,0.7,-,-,-,-,58.4,1.7,3.7,50.5,2.4,0.2,-,0.2,-,-,-,-,-,-,-
1303,Budu Zivzivadze,1.FC Heidenheim 1846,Bundesliga,31 years old (10-03-1994),"1,89m",Georgia,Forward,Centre-Forward,both,10(2),895.0,2,2,-,-,69,1.9,2,6.82,"Jun 30, 2029",€2.50m,1.5,0.2,-,-,0.2,1.5,0.3,0.1,1.2,2,1.3,0.7,2,1.2,6.8,1.9,4.9,1.3,0.3,1.7,0.3,1.2,0.6,0.5,0.4,-,-,0.8,-,-,-,-,15.3,0.3,0.2,10.3,4.6,0.9,-,0.9,0.2,-,-,-,-,-,0.2
1304,Jackson Irvine,FC St. Pauli,Bundesliga,32 years old (07-03-1993),"1,89m",Australia,"Midfielder (Centre, Left)",Central Midfield,right,29,2610.0,-,6,2,-,71.8,3,1,6.82,-,€2.00m,1.4,-,-,-,-,1.4,0.1,0.2,1.1,0.8,0.5,0.3,1.4,0.4,5.3,3,2.3,1.9,0.7,2.6,1.2,0.6,1.3,0.1,2.2,0.2,-,0.8,-,-,-,-,32.6,1,1.4,22.4,7.7,1.1,0.1,1,0.2,-,-,0.1,-,-,0.1
1305,Mitchell Weiser,SV Werder Bremen,Bundesliga,31 years old (21-04-1994),"1,77m",Germany,"Defender (Right), Midfielder (Centre, Right)",Right-Back,right,29,2602.0,5,7,7,1,74.5,1.1,2,6.82,-,€5.00m,1.3,0.2,-,0.1,0.1,1.3,0.1,0.1,1,2.6,1.5,1,2.3,1.2,2.7,1.1,1.6,1.9,0.8,2.7,0.7,1.4,1,-,1.6,0.1,0.2,0.9,-,-,-,-,36.4,1,1.4,26.2,7.9,1.3,0.2,1,0.2,0.1,-,-,-,-,0.1
1306,Alexander Bernhardsson,Holstein Kiel,Bundesliga,26 years old (08-09-1998),"1,85m",Sweden,"Attacking Midfielder (Centre), Forward",Right Winger,left,12(4),1047.0,5,2,3,-,63.7,1,1,6.82,"Jun 30, 2027",€1.50m,1.4,0.3,0.1,-,0.2,1.4,0.6,-,0.8,2.8,1.6,1.2,1.9,1.1,2.8,1,1.8,1.4,0.6,2.1,0.2,0.8,1.2,0.1,0.9,-,0.1,0.9,-,-,-,-,15,0.4,1,9.2,4.4,0.9,-,0.9,0.1,-,-,-,-,-,0.1
1307,Philipp Hofmann,VfL Bochum,Bundesliga,32 years old (30-03-1993),"1,95m",Germany,Forward,Centre-Forward,left,26(4),2234.0,3,2,4,-,64.8,5.4,1,6.81,"Jun 30, 2026",€1.50m,1.7,0.1,-,0.1,-,1.7,0.4,0.3,1,0.7,0.3,0.3,1.7,1,9.6,5.4,4.2,0.6,0.2,0.8,0.1,1,1.2,0.1,1,-,-,0.4,-,-,-,-,21.9,0.5,0.4,13.7,7.3,0.9,0.1,0.8,0.1,-,-,-,-,-,0.1
1308,Tuta,Eintracht Frankfurt,Bundesliga,25 years old (04-07-1999),"1,85m",Brazil,"Defender (Centre), Defensive Midfielder (C)",Centre-Back,right,24(4),2126.0,2,1,8,-,88.9,1.4,1,6.81,"Jun 30, 2026",€15.00m,0.5,0.1,-,-,0.1,0.5,0.1,0.1,0.2,0.6,0.1,0.5,0.8,0.3,2.8,1.4,1.4,1.5,0.4,1.9,1.4,0.3,1.1,-,4.4,0.7,-,0.7,-,-,-,-,47.4,2,2.4,40.1,2.9,0.1,0.1,-,-,-,-,-,-,-,-
1309,Noah Atubolu,SC Freiburg,Bundesliga,22 years old (25-05-2002),"1,90m",Germany,Goalkeeper,Goalkeeper,right,24,2128.0,-,-,2,-,72.8,0.3,1,6.81,-,€15.00m,-,-,-,-,-,-,-,-,-,-,-,-,-,-,0.4,0.3,-,-,-,-,-,-,-,-,0.8,-,-,-,3.3,0.2,2,1.1,40.1,7.7,10.7,21.5,0.3,-,-,-,-,-,-,-,-,-,-
1310,Lukas Kübler,SC Freiburg,Bundesliga,32 years old (30-08-1992),"1,82m",Germany,"Defender (Centre, Left, Right), Midfielder (Right)",Right-Back,right,22(3),1790.0,5,1,5,-,79.7,1.7,3,6.81,-,€2.00m,0.7,0.2,-,0.1,0.1,0.7,0.3,0.2,0.3,0.4,0.4,-,0.4,0.3,2.6,1.7,0.9,1.6,0.8,2.4,2,0.8,0.9,-,2.1,0.5,0.1,0.8,-,-,-,-,32.9,1.4,2,24.8,4.6,0.4,-,0.4,-,-,-,-,-,-,-
1311,Daniel Svensson,Borussia Dortmund,Bundesliga,23 years old (12-02-2002),"1,83m",Sweden,Midfielder (Left),Left-Back,left,5(4),509.0,1,2,-,-,82.7,0.6,-,6.81,"Jun 30, 2025",€5.50m,0.4,0.1,-,0.1,-,0.4,-,0.1,0.3,0.3,0.2,0.1,0.2,0.6,1.4,0.6,0.9,1.1,0.2,1.3,0.3,0.7,0.4,-,1.9,0.3,0.3,0.3,-,-,-,-,29.6,1,1.3,23.4,3.8,0.9,0.1,0.8,0.2,-,-,-,-,-,0.2
1312,Lucas Höler,SC Freiburg,Bundesliga,30 years old (10-07-1994),"1,84m",Germany,"Attacking Midfielder (Centre, Left, Right), Forward",Centre-Forward,right,20(9),1735.0,5,4,3,-,68.1,2.7,2,6.8,-,€3.50m,1.2,0.2,-,-,0.2,1.2,-,0.1,1,1.1,0.5,0.6,1.5,0.8,4.8,2.7,2.1,1.2,0.5,1.7,0.2,1,1,0.2,0.9,0.2,0.1,0.8,-,-,-,-,18.5,0.1,0.1,12.4,5.8,0.7,-,0.7,0.1,-,-,-,-,-,0.1
1313,Loïs Openda,RB Leipzig,Bundesliga,25 years old (16-02-2000),"1,77m",Belgium,"Attacking Midfielder (Centre), Forward",Centre-Forward,right,26(4),2297.0,9,5,3,1,66.5,0.7,1,6.8,"Jun 30, 2028",€60.00m,2.6,0.3,0.1,-,0.2,2.6,0.7,0.1,1.7,2.2,1.6,0.6,2.6,0.9,1.7,0.7,1,0.3,0.2,0.5,0.2,2.4,0.9,0.8,0.3,-,0.1,0.6,-,-,-,-,17.2,0.3,0.4,11.1,5.4,0.9,-,0.9,0.2,-,-,-,-,-,0.2
1314,Bernardo,VfL Bochum,Bundesliga,29 years old (14-05-1995),"1,86m",Brazil,"Defender (Centre, Left, Right), Midfielder (Left)",Centre-Back,left,16(2),1466.0,-,-,5,-,76.2,3.7,-,6.79,"Jun 30, 2025",€5.50m,0.3,-,-,-,-,0.3,-,0.1,0.2,0.2,0.1,0.1,0.5,0.3,5.9,3.7,2.2,2.2,0.4,2.6,1.4,0.5,1.2,-,4.2,0.8,0.1,0.7,-,-,-,-,43.4,4.6,4.6,28.5,5.7,0.2,-,0.2,-,-,-,-,-,-,-
1315,Leon Goretzka,Bayern Munich,Bundesliga,30 years old (06-02-1995),"1,89m",Germany,"Midfielder (Centre, Right)",Central Midfield,right,12(11),1176.0,4,1,2,-,90.8,1.2,-,6.79,"Jun 30, 2026",€22.00m,1.3,0.2,0.1,-,0.1,1.3,0.7,-,0.6,0.3,-,0.3,0.2,0.2,2,1.2,0.8,0.9,0.4,1.3,0.7,0.4,0.5,-,0.9,0.2,-,0.7,-,-,-,-,47.1,1,0.7,41.8,3.6,0.4,-,0.3,-,-,-,-,-,-,-
1316,Antonio Nusa,RB Leipzig,Bundesliga,20 years old (17-04-2005),"1,83m",Norway,"Midfielder (Centre, Left, Right)",Left Winger,right,15(7),1455.0,3,3,-,-,77.6,0.3,-,6.79,"Jun 30, 2029",€28.00m,1,0.1,-,-,0.1,1,0.4,-,0.6,3.8,2.1,1.7,1.6,1.3,0.8,0.3,0.5,1.4,0.8,2.2,0.4,1.2,0.6,0.4,0.5,0.1,-,0.9,-,-,-,-,21.5,0.4,0.8,16.3,4,0.8,-,0.8,0.1,-,-,-,-,-,-
1317,Jonas Wind,VfL Wolfsburg,Bundesliga,26 years old (07-02-1999),"1,90m",Denmark,"Attacking Midfielder (Centre), Forward",Centre-Forward,right,20(9),1862.0,8,3,2,-,71.1,3.2,2,6.79,"Jun 30, 2026",€15.00m,1.2,0.3,-,-,0.2,1.2,0.1,0.1,1,0.7,0.4,0.2,1.8,0.9,6.4,3.2,3.1,0.3,0.1,0.4,0.2,1.3,0.5,0.1,0.5,0.1,-,0.4,-,-,-,-,19,0.6,0.3,12.9,5.1,1.1,0.1,1,0.1,-,-,0.1,-,-,-
1318,Arthur Theate,Eintracht Frankfurt,Bundesliga,24 years old (25-05-2000),"1,85m",Belgium,"Defender (Centre, Left)",Centre-Back,left,28,2439.0,-,-,2,1,84.9,1.5,1,6.78,"Jun 30, 2029",€24.00m,1.2,-,-,-,-,1.2,0.6,-,0.6,0.4,0.1,0.3,0.6,0.3,3,1.5,1.4,1.2,0.8,1.9,1.3,0.6,0.4,-,5.2,0.7,0.1,0.8,-,-,-,-,55.3,3.2,3.8,43.8,4.5,0.4,0.2,0.1,-,-,-,-,-,-,-
1319,Paul Nebel,1.FSV Mainz 05,Bundesliga,22 years old (10-10-2002),"1,69m",Germany,"Attacking Midfielder (Centre, Right)",Attacking Midfield,both,23(5),2079.0,8,3,3,1,78.6,0.6,3,6.78,"Jun 30, 2027",€17.00m,1.3,0.3,-,-,0.2,1.3,0.6,0.1,0.6,2,1.2,0.8,2.2,1.3,2.5,0.6,1.9,1.2,0.8,1.9,0.4,1.1,1.2,0.1,0.8,0.1,0.3,1.5,-,-,-,-,32.6,1.1,1,24.5,6,0.9,0.1,0.8,0.1,-,-,-,-,-,0.1
1320,Eric Smith,FC St. Pauli,Bundesliga,28 years old (08-01-1997),"1,92m",Sweden,"Defender (Centre), Defensive Midfielder (C)",Centre-Back,right,29,2559.0,1,1,6,-,84.3,1.1,-,6.77,-,€5.00m,0.8,-,-,-,-,0.8,0.7,-,0.1,0.2,0.1,0.1,0.4,0.2,2.2,1.1,1.2,1.4,0.5,1.9,1.2,0.7,0.8,0.1,3.3,0.3,-,0.9,-,-,-,-,49.1,3.3,3.6,38.1,4.1,1,0.4,0.6,-,-,-,-,-,-,-
1321,Felix Agu,SV Werder Bremen,Bundesliga,25 years old (27-09-1999),"1,80m",Germany,"Defender (Left, Right), Midfielder (Left, Right)",Left-Back,right,18(1),1522.0,3,-,1,-,81,0.9,1,6.77,"Jun 30, 2027",€6.00m,0.3,0.2,0.1,-,0.1,0.3,0.1,0.1,0.2,1.5,1.1,0.4,1.5,0.4,2.3,0.9,1.3,1.4,0.5,1.9,0.8,1.9,0.6,0.2,2.1,0.4,0.2,0.6,-,-,-,-,27.2,1.4,0.7,20.6,4.4,0.9,0.2,0.7,-,-,-,-,-,-,-
1322,Alassane Pléa,Borussia Mönchengladbach,Bundesliga,32 years old (10-03-1993),"1,81m",France,"Attacking Midfielder (Centre, Left, Right), Forward",Centre-Forward,right,23(5),1812.0,11,4,3,-,75.6,0.5,2,6.76,"Jun 30, 2026",€6.00m,1.4,0.4,-,0.1,0.3,1.4,0.3,0.2,1,1.5,0.9,0.6,1.4,0.8,1.7,0.5,1.1,0.3,0.3,0.5,0.1,1.2,0.6,0.3,0.3,-,-,0.4,-,-,-,-,24.7,1.1,0.5,17.5,5.5,0.9,0.1,0.7,0.1,-,-,-,-,-,0.1
1323,Ridle Baku,RB Leipzig,Bundesliga,27 years old (08-04-1998),"1,76m",Germany,"Defender (Right), Midfielder (Centre, Right)",Right-Back,right,14(1),1175.0,2,1,2,-,78,0.3,1,6.76,"Jun 30, 2027",€7.00m,1.2,0.1,0.1,-,0.1,1.2,0.5,-,0.7,1.3,0.7,0.6,1,0.7,1.4,0.3,1.1,1.5,0.7,2.3,1,0.7,0.9,0.1,0.9,0.1,0.1,1.4,-,-,-,-,29.1,1.3,0.8,21.4,5.6,0.9,0.1,0.7,0.1,-,-,-,-,-,0.1
1324,Matús Bero,VfL Bochum,Bundesliga,29 years old (06-09-1995),"1,81m",Slovakia,"Midfielder (Centre, Left, Right), Forward",Central Midfield,right,26(1),2300.0,5,1,10,-,74.9,0.9,1,6.76,"Jun 30, 2026",€3.50m,1.1,0.2,-,-,0.2,1.1,0.3,-,0.8,1.8,1.2,0.6,1.4,0.7,2.3,0.9,1.4,2.1,1,3.1,0.6,1.1,1.5,-,1.2,0.3,0.1,1,-,-,-,-,33.1,1.7,1.8,23,6.5,1.8,0.7,1,-,-,-,-,-,-,-
1325,Nikola Vasilj,FC St. Pauli,Bundesliga,29 years old (02-12-1995),"1,93m",Bosnia-Herzegovina,Goalkeeper,Goalkeeper,right,31,2790.0,-,-,-,-,71.4,0.3,3,6.75,-,€3.00m,-,-,-,-,-,-,-,-,-,-,-,-,-,-,0.3,0.3,-,-,0.1,0.1,-,-,-,-,1.2,-,-,-,2.8,0.2,1.8,0.8,39.3,6.5,11,21.5,0.2,-,-,-,-,-,-,-,-,-,-
1326,Robin Hack,Borussia Mönchengladbach,Bundesliga,26 years old (27-08-1998),"1,78m",Germany,"Attacking Midfielder (Centre, Left, Right), Forward",Left Winger,right,24(6),1956.0,4,6,4,-,79.1,0.6,2,6.75,"Jun 30, 2029",€10.00m,1.6,0.1,-,-,0.1,1.6,0.7,-,0.9,1.9,1.1,0.8,1.9,1.4,1.2,0.6,0.6,0.6,0.5,1.1,0.3,0.6,0.6,0.3,0.6,0.1,0.3,0.9,-,-,-,-,23.9,0.9,0.9,17.9,4.1,0.9,0.2,0.7,0.2,0.1,-,0.1,-,-,0.1
1327,Jeff Chabot,VfB Stuttgart,Bundesliga,27 years old (12-02-1998),"1,95m",Germany,Defender (Centre),Centre-Back,left,24(4),2029.0,3,1,8,1,89.3,2.5,-,6.74,"Jun 30, 2028",€12.00m,0.6,0.1,-,-,0.1,0.6,0.1,0.1,0.4,0.2,0.1,0.1,0.4,0.1,4.1,2.5,1.6,1.1,0.6,1.7,1.3,0.8,1.2,0.1,4.5,0.6,-,0.3,-,-,-,-,60.1,3.1,3.3,50.6,3.1,0.2,-,0.2,-,-,-,-,-,-,-
1328,Ansgar Knauff,Eintracht Frankfurt,Bundesliga,23 years old (10-01-2002),"1,80m",Germany,"Midfielder (Centre, Left, Right)",Right Winger,right,15(12),1362.0,3,5,2,-,67.1,0.7,2,6.74,"Jun 30, 2028",€10.00m,1,0.1,-,-,0.1,1,0.3,0.1,0.6,2,1,0.9,1.4,0.5,1.4,0.7,0.7,1.4,0.5,1.9,0.4,0.7,0.7,0.4,0.7,0.1,-,0.7,-,-,-,-,15.9,0.2,0.7,10.4,4.5,0.9,-,0.9,0.2,-,-,-,-,-,0.1
1329,Sven Ulreich,Bayern Munich,Bundesliga,36 years old (03-08-1988),"1,92m",Germany,Goalkeeper,Goalkeeper,right,1,90.0,-,-,-,-,80.8,-,-,6.74,"Jun 30, 2025",€500k,-,-,-,-,-,-,-,-,-,-,-,-,-,-,-,-,-,-,-,-,-,-,-,-,-,-,-,-,-,-,-,-,26,4,5,17,-,-,-,-,-,-,-,-,-,-,-
1330,Exequiel Palacios,Bayer 04 Leverkusen,Bundesliga,26 years old (05-10-1998),"1,78m",Argentina,Midfielder (Centre),Central Midfield,right,10(11),1003.0,1,6,1,-,90.5,-,2,6.74,"Jun 30, 2028",€40.00m,0.6,-,-,-,-,0.6,0.2,-,0.3,0.5,0.2,0.3,0.7,0.9,0.4,-,0.4,0.9,0.3,1.2,0.5,0.7,0.4,-,0.4,-,-,0.6,-,-,-,-,43.6,0.9,0.5,38.6,3.6,1.3,-,1.3,0.3,-,-,0.1,-,-,0.1
1331,Julian Brandt,Borussia Dortmund,Bundesliga,28 years old (02-05-1996),"1,85m",Germany,"Midfielder (Centre, Left, Right), Forward",Attacking Midfield,right,25(2),2071.0,4,6,1,-,82.7,0.4,1,6.74,"Jun 30, 2026",€25.00m,1.5,0.1,-,-,0.1,1.5,0.7,-,0.8,1.8,1.1,0.6,1.6,1.1,1.4,0.4,1,0.8,0.7,1.5,0.5,0.3,0.2,0.1,0.4,-,-,0.6,-,-,-,-,37.2,1.2,0.6,29.6,5.8,2,0.2,1.8,0.2,-,-,-,-,-,0.1
1332,Ibrahima Sissoko,VfL Bochum,Bundesliga,27 years old (27-10-1997),"1,93m",France,"Defender (Centre), Defensive Midfielder (C)",Defensive Midfield,right,27(2),2407.0,2,1,8,1,76.9,2.2,2,6.74,"Jun 30, 2027",€6.00m,0.8,0.1,-,-,0.1,0.8,0.4,0.1,0.3,1.9,1,1,1.3,0.9,4,2.2,1.8,2.1,0.7,2.8,1.2,0.9,2.3,0.1,1.8,0.3,0.1,0.8,-,-,-,-,32.5,1.3,2,23.7,5.5,0.9,0.1,0.7,-,-,-,-,-,-,-
1333,Maximilian Beier,Borussia Dortmund,Bundesliga,22 years old (17-10-2002),"1,85m",Germany,"Attacking Midfielder (Centre, Left, Right), Forward",Centre-Forward,right,17(12),1592.0,8,5,2,-,72.6,0.8,2,6.74,"Jun 30, 2029",€25.00m,1.4,0.3,-,0.1,0.1,1.4,0.2,0.2,1.1,1.8,1,0.8,1.3,0.9,1.5,0.8,0.7,0.9,0.7,1.5,0.2,0.6,0.6,0.3,0.4,-,0.1,0.5,-,-,-,-,13.2,-,0.1,9.6,3.5,0.9,0.1,0.8,0.2,-,-,-,-,-,0.1
1334,Castello Lukeba,RB Leipzig,Bundesliga,22 years old (17-12-2002),"1,84m",France,Defender (Centre),Centre-Back,left,16(5),1397.0,-,-,2,-,86.6,1.1,1,6.73,"Jun 30, 2029",€50.00m,0.2,-,-,-,-,0.2,0.1,-,-,1.2,0.6,0.7,1,0.4,1.8,1.1,0.6,1.5,0.3,1.8,0.8,0.7,0.5,-,3,0.4,0.2,0.6,-,-,-,-,51.3,1.6,2,42.9,4.9,0.1,-,0.1,-,-,-,-,-,-,-
1335,Kevin Trapp,Eintracht Frankfurt,Bundesliga,34 years old (08-07-1990),"1,89m",Germany,Goalkeeper,Goalkeeper,right,23,2026.0,-,-,-,-,70.6,0.2,-,6.73,"Jun 30, 2026",€3.00m,-,-,-,-,-,-,-,-,-,-,-,-,-,-,0.3,0.2,0.1,-,-,-,-,-,-,-,0.7,-,-,-,3.6,0.1,2.3,1.1,31.4,4,9,18.2,0.3,-,-,-,-,-,-,-,-,-,-
1336,Keven Schlotterbeck,FC Augsburg,Bundesliga,28 years old (28-04-1997),"1,88m",Germany,Defender (Centre),Centre-Back,left,15(3),1298.0,3,1,2,1,85,2.2,1,6.73,"Jun 30, 2027",€7.00m,0.7,0.2,-,-,0.2,0.7,0.1,0.1,0.6,0.2,-,0.2,0.4,-,3.2,2.2,1,1.1,0.2,1.3,0.8,0.6,0.6,0.1,3.8,0.3,0.2,0.4,-,-,-,-,37.4,2.3,3,29.6,2.6,0.4,0.1,0.3,0.1,-,-,0.1,-,-,-
1337,Marius Bülter,TSG 1899 Hoffenheim,Bundesliga,32 years old (29-03-1993),"1,88m",Germany,"Defender (Right), Midfielder (Centre, Left, Right), Forward",Left Winger,right,20(2),1517.0,5,1,4,-,73.8,0.7,1,6.73,"Jun 30, 2026",€2.50m,1.3,0.2,-,-,0.2,1.3,0.3,-,1,1.8,0.8,1,1.7,0.8,1.8,0.7,1.1,0.5,0.3,0.8,0.1,1.5,0.5,0.2,0.5,0.1,-,0.3,-,-,-,-,17.5,0.6,0.8,12.3,3.8,0.8,0.1,0.7,-,-,-,-,-,-,-
1338,Marvin Pieringer,1.FC Heidenheim 1846,Bundesliga,25 years old (04-10-1999),"1,91m",Germany,"Attacking Midfielder (Centre), Forward",Centre-Forward,right,23(5),1971.0,7,2,7,-,68.1,2.5,1,6.73,"Jun 30, 2027",€5.50m,1.9,0.3,-,-,0.3,1.9,0.4,0.2,1.4,1,0.6,0.4,2.3,0.8,6.4,2.5,3.9,0.8,0.1,0.9,0.3,1.5,1.7,0.5,1,0.1,-,0.6,-,-,-,-,16.9,0.2,0.4,11.3,5,1,-,1,0.1,-,-,-,-,-,0.1
1339,Andrej Kramaric,TSG 1899 Hoffenheim,Bundesliga,33 years old (19-06-1991),"1,77m",Croatia,"Attacking Midfielder (Centre, Left, Right), Forward",Attacking Midfield,right,29,2520.0,11,5,3,-,83.8,0.2,2,6.73,"Jun 30, 2026",€4.00m,2.1,0.4,-,0.1,0.3,2.1,0.5,0.2,1.4,1.3,0.8,0.6,1.6,1.2,0.9,0.2,0.7,0.5,0.2,0.7,0.2,0.9,0.4,0.3,0.3,0.1,0.1,0.4,-,-,-,-,36.2,1.3,0.7,29.1,5.1,1.4,0.2,1.2,0.2,0.1,-,-,-,-,0.1
1340,Karol Mets,FC St. Pauli,Bundesliga,31 years old (16-05-1993),"1,91m",Estonia,"Defender (Centre), Defensive Midfielder (C)",Centre-Back,left,10,900.0,-,-,1,-,83.6,2.4,-,6.73,"Jun 30, 2026",€1.30m,0.3,-,-,-,-,0.3,-,-,0.3,0.1,0.1,-,0.4,-,3.4,2.4,1,1.3,0.3,1.6,1.2,0.5,0.7,-,5.9,0.3,0.1,0.6,-,-,-,-,62.3,3.5,4.8,48.6,5.4,0.3,-,0.3,-,-,-,-,-,-,-
1341,Atakan Karazor,VfB Stuttgart,Bundesliga,28 years old (13-10-1996),"1,91m",Germany,"Defender (Centre), Defensive Midfielder (C)",Defensive Midfield,right,28(1),2357.0,1,4,8,1,87,1.7,-,6.73,"Jun 30, 2028",€12.00m,0.4,-,-,-,-,0.4,0.2,0.1,0.1,0.7,0.2,0.4,1,0.5,3.1,1.7,1.4,1.8,1,2.8,0.9,1.9,1.1,-,1.7,0.2,-,1,-,-,-,-,56.7,1.7,1.5,47.7,5.9,0.4,-,0.4,0.1,-,-,-,-,-,0.1
1342,Julian Ryerson,Borussia Dortmund,Bundesliga,27 years old (17-11-1997),"1,83m",Norway,"Defender (Centre, Left, Right), Midfielder (Centre, Left, Right)",Right-Back,right,24(2),2005.0,1,3,4,1,89.5,0.4,-,6.73,"Jun 30, 2028",€20.00m,0.6,-,-,-,-,0.6,0.3,-,0.3,2.1,0.9,1.2,1.4,0.6,1.2,0.4,0.8,1.6,0.6,2.2,0.7,0.9,1.2,-,0.9,0.1,-,1,-,-,-,-,40.4,0.9,1.5,35.2,2.7,1.2,0.3,0.9,0.1,-,-,-,-,-,0.1
1343,Pascal Groß,Borussia Dortmund,Bundesliga,33 years old (15-06-1991),"1,81m",Germany,"Defender (Left, Right), Midfielder (Centre, Right), Forward",Central Midfield,right,26(2),2175.0,-,8,4,1,86.2,0.8,-,6.72,"Jun 30, 2026",€7.00m,0.9,-,-,-,-,0.9,0.4,0.1,0.5,0.3,0.2,0.1,0.8,0.3,1.9,0.8,1.1,1.5,1.2,2.7,0.3,0.4,0.5,-,0.8,0.4,0.1,1.1,-,-,-,-,58.5,2.9,3,47.5,5.1,2,0.8,1.2,0.3,0.2,-,-,-,-,0.1
1344,Christopher Trimmel,1.FC Union Berlin,Bundesliga,38 years old (24-02-1987),"1,89m",Austria,"Defender (Centre, Right), Midfielder (Right)",Right-Back,right,18(5),1582.0,-,2,5,-,66.6,1,-,6.72,"Jun 30, 2026",€600k,0.3,-,-,-,-,0.3,0.2,-,0.1,0.3,0.2,0.1,0.3,0.2,1.5,1,0.5,1.5,0.5,2,0.7,0.2,0.6,-,3.3,0.3,0.2,0.3,-,-,-,-,20.2,1.7,2.6,11.7,4.1,1.3,0.5,0.7,0.1,0.1,-,-,-,-,-
1345,Ridle Baku,RB Leipzig,Bundesliga,27 years old (08-04-1998),"1,76m",Germany,"Defender (Right), Midfielder (Centre, Right)",Right-Back,right,14(2),1167.0,1,2,1,-,78.2,0.6,-,6.72,"Jun 30, 2027",€7.00m,1,0.1,-,-,0.1,1,0.4,0.1,0.4,1.4,0.4,1,1.6,0.8,1.4,0.6,0.9,1.3,0.8,2,0.4,0.7,0.8,0.2,2.3,0.1,0.4,0.9,-,-,-,-,29,1.1,0.9,21.6,5.4,0.6,-,0.6,0.1,-,-,-,-,-,0.1
1346,Léo Scienza,1.FC Heidenheim 1846,Bundesliga,26 years old (13-09-1998),"1,75m",Brazil,Attacking Midfielder (Left),Left Winger,both,12(11),1084.0,3,2,-,-,74.1,0.1,2,6.72,"Jun 30, 2027",€3.00m,1.5,0.1,-,-,-,1.5,0.9,-,0.6,3.4,1.9,1.5,1.7,0.5,0.7,0.1,0.6,0.7,0.5,1.2,0.2,2.4,0.7,0.2,0.3,-,-,0.5,-,-,-,-,11.4,0.5,0.5,8,2.5,1.3,0.4,0.9,0.1,-,-,-,-,-,-
1347,Deniz Undav,VfB Stuttgart,Bundesliga,28 years old (19-07-1996),"1,79m",Germany,"Attacking Midfielder (Centre), Forward",Centre-Forward,both,17(7),1459.0,8,2,3,-,72.8,0.8,-,6.72,"Jun 30, 2027",€22.00m,2.6,0.3,0.1,0.1,0.2,2.6,0.5,0.4,1.8,0.8,0.5,0.3,1.9,1.1,2.2,0.8,1.3,0.4,0.5,0.9,0.1,0.7,0.9,0.4,0.3,-,-,0.4,-,-,-,-,19.2,0.6,0.3,13.4,4.9,0.7,-,0.7,0.1,-,-,-,-,-,-
1348,Ramy Bensebaini,Borussia Dortmund,Bundesliga,30 years old (16-04-1995),"1,87m",Algeria,"Defender (Centre, Left), Defensive Midfielder (C), Midfielder (Left)",Left-Back,left,20(8),1756.0,1,5,6,-,87.4,1.2,2,6.72,"Jun 30, 2027",€7.00m,0.6,-,-,-,-,0.6,0.1,0.2,0.4,0.6,0.4,0.2,0.5,0.2,2,1.2,0.9,1.5,0.6,2,0.9,0.8,0.8,-,2.4,0.3,0.3,1.1,-,-,-,-,38,1.3,1.5,32,3.3,0.5,0.1,0.3,0.2,-,-,-,-,-,0.1
1349,Hiroki Ito,Bayern Munich,Bundesliga,25 years old (12-05-1999),"1,88m",Japan,"Defender (Centre, Left)",Centre-Back,left,3(3),249.0,1,-,1,-,86.5,0.8,-,6.72,"Jun 30, 2028",€30.00m,0.2,0.2,-,0.2,-,0.2,-,0.2,-,0.5,0.3,0.2,0.5,0.2,1,0.8,0.2,0.3,-,0.3,1,0.5,0.3,-,2,0.3,0.5,0.2,-,-,-,-,32.2,0.3,2,27.5,2.3,0.5,-,0.5,-,-,-,-,-,-,-
1350,Nick Woltemade,VfB Stuttgart,Bundesliga,23 years old (14-02-2002),"1,98m",Germany,"Attacking Midfielder (Centre), Forward",Second Striker,right,14(11),1357.0,9,2,3,1,71,1.7,1,6.72,"Jun 30, 2028",€17.00m,1.4,0.4,-,0.1,0.2,1.4,-,0.2,1.1,2.5,1.3,1.2,3,1.7,4.2,1.7,2.4,0.4,0.2,0.5,-,1.3,0.9,0.2,0.4,-,-,0.8,-,-,-,-,17,0.2,0.3,11.8,4.6,1.2,-,1.2,0.1,-,-,-,-,-,0.1
1351,Oliver Baumann,TSG 1899 Hoffenheim,Bundesliga,34 years old (02-06-1990),"1,87m",Germany,Goalkeeper,Goalkeeper,right,26,2340.0,-,-,1,-,67.1,0.3,2,6.71,"Jun 30, 2026",€3.00m,-,-,-,-,-,-,-,-,-,-,-,-,-,-,0.3,0.3,-,0.1,0.1,0.2,-,0.2,-,-,1.1,-,-,-,3.2,0.2,2.1,0.8,33.4,6.6,10.9,15.8,0.1,0.1,0.1,-,-,-,-,-,-,-,-
1352,Matthias Ginter,SC Freiburg,Bundesliga,31 years old (19-01-1994),"1,89m",Germany,"Defender (Centre, Right), Defensive Midfielder (C)",Centre-Back,right,25(4),2290.0,2,-,5,-,83.7,3.1,-,6.71,"Jun 30, 2027",€8.00m,0.8,0.1,-,-,0.1,0.8,0.1,0.2,0.5,0.2,0.1,0.1,0.2,-,4.8,3.1,1.7,0.9,0.4,1.3,0.5,0.8,0.4,-,4.3,0.7,0.1,0.4,-,-,-,-,48.2,2.8,4,37.6,3.8,0.2,0.1,0.1,-,-,-,-,-,-,-
1353,Konstantinos Koulierakis,VfL Wolfsburg,Bundesliga,21 years old (28-11-2003),"1,88m",Greece,Defender (Centre),Centre-Back,left,25(2),2200.0,-,2,4,-,83.6,2,-,6.71,"Jun 30, 2029",€20.00m,0.6,-,-,-,-,0.6,0.2,-,0.4,0.4,0.2,0.2,0.7,0.1,3.4,2,1.4,1.4,0.4,1.8,1.1,0.4,0.9,0.1,4.6,0.4,0.2,0.7,-,-,-,-,50.9,3.7,4.8,38.9,3.6,0.4,-,0.3,0.1,-,-,-,-,-,0.1
1354,Jan Schöppner,1.FC Heidenheim 1846,Bundesliga,25 years old (12-06-1999),"1,90m",,Midfielder (Centre),Central Midfield,right,29(1),2475.0,3,3,8,-,74.7,1.7,2,6.71,"Jun 30, 2028",€4.50m,1.3,0.1,-,-,-,1.3,0.5,0.2,0.6,1.1,0.6,0.5,1.2,0.7,3.4,1.7,1.7,1.7,1.2,2.9,1.4,0.6,1.1,-,2.6,0.2,0.3,1,-,-,-,-,31.5,1.5,2.2,22,5.7,0.8,-,0.8,0.1,-,-,-,-,-,0.1
1355,Kamil Grabara,VfL Wolfsburg,Bundesliga,26 years old (08-01-1999),"1,95m",Poland,Goalkeeper,Goalkeeper,right,26,2316.0,-,-,2,-,66.1,0.3,1,6.7,-,€14.00m,-,-,-,-,-,-,-,-,-,0.1,-,0.1,-,-,0.3,0.3,-,-,0.1,0.1,-,0.1,-,-,1.1,-,-,-,3.1,0.2,2,0.9,35.4,7.8,11.9,15.6,0.1,0.1,0.1,-,-,-,-,-,-,-,-
1356,Danilho Doekhi,1.FC Union Berlin,Bundesliga,26 years old (30-06-1998),"1,90m",Netherlands,Defender (Centre),Centre-Back,right,31,2790.0,1,-,4,-,78.5,2.9,-,6.7,"Jun 30, 2026",€13.00m,1,-,-,-,-,1,-,0.1,0.9,0.2,0.1,0.1,0.4,0.2,5.2,2.9,2.3,1.1,0.3,1.4,1.4,0.4,1.1,0.1,5,0.5,0.1,0.5,-,-,-,-,35.9,1.7,4,26.5,3.7,0.4,0.1,0.3,-,-,-,-,-,-,-
1357,Emre Can,Borussia Dortmund,Bundesliga,31 years old (12-01-1994),"1,86m",Germany,"Defender (Centre, Left, Right), Defensive Midfielder (C)",Defensive Midfield,right,23(5),2061.0,3,-,4,1,90.1,1.6,-,6.7,"Jun 30, 2026",€7.00m,0.3,0.1,-,-,0.1,0.3,0.1,-,0.1,0.9,0.4,0.5,0.6,0.3,2.5,1.6,0.9,1.7,0.6,2.3,0.7,0.7,0.8,-,3,0.6,0.1,0.4,-,-,-,-,65.7,3.2,3,56,3.5,0.3,-,0.2,-,-,-,-,-,-,-
1358,Kevin Stöger,Borussia Mönchengladbach,Bundesliga,31 years old (27-08-1993),"1,75m",Austria,"Midfielder (Centre, Left)",Attacking Midfield,left,15(13),1428.0,3,4,3,-,81.7,0.1,-,6.7,"Jun 30, 2027",€4.50m,0.8,0.1,-,-,0.1,0.8,0.4,-,0.3,1.3,0.7,0.6,0.9,0.7,0.7,0.1,0.5,1.3,0.7,2,0.5,1.4,0.7,-,0.7,0.1,0.1,0.7,-,-,-,-,32.9,1.9,1.4,24.9,4.6,1.9,0.7,1.2,0.1,-,-,-,-,-,0.1
1359,Jamie Leweling,VfB Stuttgart,Bundesliga,24 years old (26-02-2001),"1,85m",Germany,"Midfielder (Centre, Left, Right), Forward",Right Winger,both,19(5),1472.0,2,2,4,-,76.6,0.2,-,6.7,"Jun 30, 2029",€20.00m,1.1,0.1,-,-,0.1,1.1,0.5,-,0.6,3.3,1.7,1.6,1.7,1.4,0.4,0.2,0.2,0.7,0.5,1.2,0.4,1.1,0.7,0.1,0.7,-,-,0.8,-,-,-,-,19,0.3,0.4,14.3,4.1,0.9,0.1,0.8,0.1,-,-,-,-,-,-
1360,Niklas Stark,SV Werder Bremen,Bundesliga,30 years old (14-04-1995),"1,90m",Germany,"Defender (Centre), Defensive Midfielder (C)",Centre-Back,right,22(1),1843.0,-,1,3,1,85.3,1.8,-,6.69,"Jun 30, 2026",€5.00m,0.5,-,-,-,-,0.5,0.1,-,0.3,-,-,-,0.2,-,2.8,1.8,1,1.4,0.3,1.7,1.3,1.2,1.2,-,4.9,1,0.3,0.6,-,-,-,-,47.8,2.6,2.3,38.1,4.7,-,-,-,-,-,-,-,-,-,-
1361,Florian Grillitsch,Real Valladolid CF,Bundesliga,29 years old (07-08-1995),187cm,Austria,"Defender (Centre), Midfielder (Centre, Left)",,,8,605.0,-,-,1,-,86.9,1,-,6.69,,,0.8,-,-,-,-,0.8,0.6,-,0.1,1.5,0.9,0.6,0.6,1.3,2.9,1,1.9,1.9,0.8,2.6,1,1.4,0.5,-,2.3,0.3,-,0.5,-,-,-,-,51.4,4.9,2.9,39.8,3.9,0.6,-,0.6,-,-,-,-,-,-,-
1362,Maximilian Eggestein,SC Freiburg,Bundesliga,28 years old (08-12-1996),"1,81m",Germany,"Midfielder (Centre, Right)",Central Midfield,right,30,2585.0,1,-,4,-,84.4,1.7,-,6.69,-,€10.00m,1.1,-,-,-,-,1.1,0.5,0.1,0.5,0.8,0.4,0.4,0.8,0.6,3.4,1.7,1.7,1.7,0.6,2.3,1.1,0.8,0.6,-,1.5,0.3,0.1,0.7,-,-,-,-,44.2,0.9,1,36.4,5.9,0.6,-,0.6,-,-,-,-,-,-,-
1363,Frans Krätzig,1.FC Heidenheim 1846,Bundesliga,22 years old (14-01-2003),"1,77m",,Midfielder (Left),Left Midfield,left,13(1),1045.0,1,2,1,-,80.3,0.2,-,6.69,"Jun 30, 2025",€2.00m,0.6,0.1,-,-,0.1,0.6,0.2,-,0.4,1.1,0.6,0.6,1.3,0.4,0.5,0.2,0.3,2.2,0.6,2.8,1,0.2,0.5,0.3,0.9,0.1,0.1,0.6,-,-,-,-,27.2,1.1,1.3,20.7,4.1,1.6,0.4,1.2,0.1,0.1,-,-,-,-,0.1
1364,Ivan Ordets,VfL Bochum,Bundesliga,32 years old (08-07-1992),"1,95m",Ukraine,Defender (Centre),Centre-Back,right,19(1),1638.0,-,-,5,-,81.3,3.5,1,6.68,"Jun 30, 2026",€1.80m,0.4,-,-,-,-,0.4,-,0.1,0.4,0.1,-,0.1,0.3,-,5.4,3.5,1.9,0.9,0.1,1,1.7,0.7,1,0.1,5.9,0.6,-,0.6,-,-,-,-,38.1,2.8,2.8,28.2,4.3,0.4,0.1,0.3,-,-,-,-,-,-,-
1365,Leonidas Stergiou,VfB Stuttgart,Bundesliga,23 years old (03-03-2002),"1,81m",Switzerland,Defender (Right),Right-Back,right,11(1),857.0,1,2,-,1,83.3,0.5,-,6.68,"Jun 30, 2028",€5.00m,0.3,0.1,-,-,0.1,0.3,0.1,-,0.2,0.5,0.2,0.3,0.5,0.3,1.2,0.5,0.7,2,0.3,2.3,1.2,-,0.5,0.1,2.9,0.4,0.3,0.9,-,-,-,-,36.9,1.3,1.7,29.5,4.5,0.3,0.2,0.2,0.2,0.1,-,-,-,-,0.1
1366,Mario Hermoso,Bayer 04 Leverkusen,Bundesliga,29 years old (18-06-1995),"1,84m",Spain,"Defender (Centre, Left)",Centre-Back,left,3(1),292.0,-,-,-,-,87.9,2.3,-,6.68,"Jun 30, 2025",€10.00m,1,-,-,-,-,1,-,0.3,0.8,1.3,0.5,0.8,0.8,0.3,4,2.3,1.8,-,-,-,2.3,0.3,0.5,-,3.5,0.3,0.3,0.5,-,-,-,-,59.8,2.5,3.3,50,4,0.5,-,0.5,-,-,-,-,-,-,-
1367,Hennes Behrens,TSG 1899 Hoffenheim,Bundesliga,20 years old (19-01-2005),175cm,Germany,Midfielder,,,0(1),28.0,-,-,-,-,71.4,1,-,6.68,,,-,-,-,-,-,-,-,-,-,1,-,1,2,-,1,1,-,1,-,1,2,1,-,-,-,-,-,1,-,-,-,-,21,2,1,13,5,-,-,-,-,-,-,-,-,-,-
1368,Jeremie Frimpong,Bayer 04 Leverkusen,Bundesliga,24 years old (10-12-2000),"1,72m",Netherlands,"Defender (Right), Midfielder (Right)",Right Midfield,right,23(8),2162.0,4,5,4,-,84.2,0.4,1,6.68,"Jun 30, 2028",€50.00m,1.1,0.1,-,-,0.1,1.1,0.1,0.1,0.8,2.4,1.7,0.7,1.3,0.8,1.2,0.4,0.7,1,0.4,1.4,0.3,0.9,0.6,0.3,0.5,-,0.1,0.8,-,-,-,-,21.6,0.5,0.5,17.8,2.9,0.9,0.1,0.8,0.2,0.1,-,-,-,-,-
1369,Benjamin Henrichs,RB Leipzig,Bundesliga,28 years old (23-02-1997),"1,85m",Germany,"Defender (Left, Right), Defensive Midfielder (C), Midfielder (Left, Right)",Right-Back,right,10(5),935.0,-,2,3,-,76.7,0.6,1,6.68,"Jun 30, 2028",€17.00m,0.7,-,-,-,-,0.7,0.5,-,0.2,0.9,0.3,0.6,0.6,0.4,0.9,0.6,0.3,2.1,0.9,3,1,0.6,0.9,-,1.8,0.2,0.4,1.3,-,-,-,-,26.6,1.3,1.7,19.1,4.5,0.7,0.2,0.5,0.1,0.1,-,-,-,-,-
1370,Aleix García,Bayer 04 Leverkusen,Bundesliga,27 years old (28-06-1997),"1,73m",Spain,Midfielder (Centre),Central Midfield,right,15(10),1295.0,3,3,2,-,91,0.1,1,6.68,"Jun 30, 2029",€20.00m,0.6,0.1,0.1,-,-,0.6,0.4,-,0.2,0.2,-,0.2,0.4,0.1,0.4,0.1,0.3,0.4,0.3,0.7,0.3,0.3,0.2,-,0.9,-,-,0.4,-,-,-,-,47.5,2.8,1,40.4,3.2,1.2,0.5,0.7,0.1,0.1,0.1,-,-,-,-
1371,Julian Weigl,Borussia Mönchengladbach,Bundesliga,29 years old (08-09-1995),"1,86m",Germany,"Defender (Centre), Defensive Midfielder (C)",Defensive Midfield,right,30,2626.0,-,2,7,-,88.9,1.2,-,6.67,"Jun 30, 2028",€6.00m,0.6,-,-,-,-,0.6,0.5,-,0.1,0.2,-,0.2,0.4,0.3,1.9,1.2,0.6,1.6,0.5,2.2,1.4,0.8,0.7,-,2.4,0.7,0.1,0.9,-,-,-,-,53.6,2.7,1.3,44.9,4.6,0.4,0.1,0.3,0.1,-,-,-,-,-,-
1372,Danny da Costa,1.FSV Mainz 05,Bundesliga,31 years old (13-07-1993),"1,87m",Germany,"Defender (Centre, Right), Midfielder (Right)",Centre-Back,right,22,1805.0,-,1,-,-,79.5,1.5,1,6.67,"Jun 30, 2026",€1.50m,0.1,-,-,-,-,0.1,0.1,-,-,0.6,0.4,0.3,0.9,0.3,3.2,1.5,1.7,1.8,0.4,2.1,1.1,0.2,0.7,-,3.9,0.5,-,0.4,-,-,-,-,48.3,3,5.5,35.3,4.4,0.4,-,0.4,-,-,-,-,-,-,-
1373,Frank Onyeka,FC Augsburg,Bundesliga,27 years old (01-01-1998),"1,83m",Nigeria,Defensive Midfielder (C),Central Midfield,right,27(1),2356.0,-,1,8,-,84.2,0.6,2,6.67,"Jun 30, 2025",€7.00m,0.9,-,-,-,-,0.9,0.4,-,0.4,1.8,1.2,0.6,1.6,1,1.3,0.6,0.7,2,0.6,2.6,1.3,2.5,1.6,0.1,1.1,0.3,0.1,0.9,-,-,-,-,31.5,1,1.1,25.5,3.9,0.6,0.1,0.5,-,-,-,-,-,-,-
1374,Felix Nmecha,Borussia Dortmund,Bundesliga,24 years old (10-10-2000),"1,90m",Germany,Midfielder (Centre),Central Midfield,right,16(7),1311.0,3,1,2,-,87.9,0.9,1,6.67,"Jun 30, 2028",€28.00m,0.6,0.1,0.1,-,-,0.6,0.4,-,0.1,0.8,0.3,0.5,0.7,0.6,1.7,0.9,0.8,1.4,0.4,1.8,0.8,1,0.8,-,1.1,0.2,0.1,0.6,-,-,-,-,34.6,2.3,0.7,28.1,3.5,0.6,0.1,0.4,-,-,-,-,-,-,-
1375,Senne Lynen,SV Werder Bremen,Bundesliga,26 years old (19-02-1999),"1,85m",Belgium,Defensive Midfielder (C),Defensive Midfield,right,29,2483.0,-,-,9,-,82.4,0.9,-,6.67,-,€9.00m,0.7,-,-,-,-,0.7,0.4,-,0.2,0.9,0.6,0.4,1.2,0.4,1.8,0.9,0.9,2.3,0.9,3.3,2.1,0.8,1.1,-,2.1,0.4,0.2,1.4,-,-,-,-,41.1,1.2,1.9,32.7,5.3,0.2,-,0.2,-,-,-,-,-,-,-
1376,Andrej Ilic,1.FC Union Berlin,Bundesliga,25 years old (03-04-2000),"1,89m",Serbia,Forward,Centre-Forward,right,9(4),799.0,5,-,1,-,56.2,3.7,1,6.67,"Jun 30, 2025",€2.50m,1.7,0.4,-,0.2,0.2,1.7,0.1,0.2,1.4,0.5,0.4,0.1,1.9,0.6,7.7,3.7,4,0.2,0.4,0.5,0.3,0.5,0.9,0.6,0.4,0.2,-,0.3,-,-,-,-,11.2,-,0.2,6.3,4.7,0.4,-,0.4,-,-,-,-,-,-,-
1377,Robert Andrich,Bayer 04 Leverkusen,Bundesliga,30 years old (22-09-1994),"1,87m",Germany,"Defender (Centre), Midfielder (Centre)",Defensive Midfield,right,18(3),1495.0,2,1,7,-,90,0.9,2,6.66,"Jun 30, 2028",€15.00m,1,0.1,-,-,-,1,0.5,-,0.4,0.2,0.1,0.1,0.3,-,1.5,0.9,0.6,1.1,0.3,1.4,1.2,0.8,1.4,-,1,0.3,-,0.3,-,-,-,-,42.7,1.6,1.3,36.8,3,0.4,0.1,0.3,-,-,-,-,-,-,-
1378,John Tolkin,Holstein Kiel,Bundesliga,22 years old (31-07-2002),"1,70m",USA,"Defender (Left), Midfielder (Left)",Left-Back,left,6(2),443.0,-,1,-,-,78.1,0.3,-,6.66,-,€3.00m,0.3,-,-,-,-,0.3,0.1,-,0.1,1,0.6,0.4,0.3,0.4,0.5,0.3,0.3,1.3,-,1.3,0.6,0.8,0.1,-,2.6,0.3,-,0.5,-,-,-,-,18.3,1.1,1.6,13.1,2.4,1.3,0.3,1,0.1,0.1,0.1,-,-,-,-
1379,Hauke Wahl,FC St. Pauli,Bundesliga,31 years old (15-04-1994),"1,89m",Germany,Defender (Centre),Centre-Back,right,30,2700.0,-,-,1,-,86.9,1.6,-,6.66,-,€1.50m,0.3,-,-,-,-,0.3,-,0.1,0.2,0.3,0.1,0.2,0.3,0.3,3.2,1.6,1.6,1.1,0.4,1.5,1,0.5,0.4,-,4.9,0.8,0.2,0.6,-,-,-,-,53.2,1.7,3,44.5,3.9,0.3,-,0.2,-,-,-,-,-,-,-
1380,Mario Götze,Eintracht Frankfurt,Bundesliga,32 years old (03-06-1992),"1,76m",Germany,"Midfielder (Centre, Left, Right), Forward",Attacking Midfield,right,18(6),1549.0,3,2,1,-,81.1,0.1,-,6.66,"Jun 30, 2026",€5.00m,0.3,0.1,-,0.1,-,0.3,-,0.1,0.3,1,0.6,0.4,1.1,1.1,0.5,0.1,0.4,1.7,0.9,2.6,0.3,0.6,0.6,-,0.3,-,-,0.6,-,-,-,-,33.3,0.8,0.9,26.1,5.4,1.4,0.2,1.3,0.1,-,-,-,-,-,-
1381,Anthony Rouault,Stade Rennais FC,Bundesliga,23 years old (29-05-2001),186cm,France,Defender (Centre),,,14(4),1215.0,1,-,1,-,90.2,1.9,-,6.65,,,0.3,0.1,-,0.1,-,0.3,-,0.2,0.1,0.3,0.2,0.1,0.2,0.2,3.1,1.9,1.2,0.8,0.3,1.1,1.1,0.4,1,-,3.5,0.5,-,0.5,-,-,-,-,48.3,2.2,2.1,41.3,2.6,0.3,0.1,0.2,-,-,-,-,-,-,-
1382,Manolis Saliakas,FC St. Pauli,Bundesliga,28 years old (12-09-1996),"1,77m",Greece,"Defender (Right), Midfielder (Right)",Right-Back,right,23(4),2080.0,1,1,4,-,76.1,0.5,-,6.65,-,€2.80m,1,-,-,-,-,1,0.6,0.1,0.3,0.3,0.2,0.1,0.2,0.2,0.9,0.5,0.3,1.4,0.8,2.3,0.7,0.6,0.6,-,1.7,0.3,0.4,1,-,-,-,-,34.2,2.6,3.4,23.5,4.8,1,0.1,0.9,-,-,-,-,-,-,-
1383,Rani Khedira,1.FC Union Berlin,Bundesliga,31 years old (27-01-1994),"1,89m",Germany,"Defender (Centre), Defensive Midfielder (C)",Defensive Midfield,right,28(1),2457.0,1,-,7,-,74.4,1.4,1,6.65,"Jun 30, 2025",€3.00m,0.4,-,-,-,-,0.4,0.2,0.1,0.2,0.3,0.2,0.1,0.7,0.3,2.8,1.4,1.3,2.2,0.4,2.6,1.4,0.6,1.4,-,1.8,0.4,0.1,0.7,-,-,-,-,27.8,0.8,2.1,19.9,5,0.4,-,0.3,-,-,-,-,-,-,-
1384,Steven Skrzybski,Holstein Kiel,Bundesliga,32 years old (18-11-1992),"1,74m",Germany,"Attacking Midfielder (Centre, Left, Right), Forward",Attacking Midfield,right,12(9),1118.0,5,2,-,-,73.9,0.3,-,6.65,"Jun 30, 2026",€1.00m,1.4,0.2,-,-,0.2,1.4,0.5,-,0.9,1,0.4,0.6,1.5,0.8,1.2,0.3,1,0.8,0.7,1.5,0.5,0.9,0.7,-,0.4,-,-,0.7,-,-,-,-,16.2,0.5,0.8,11.5,3.5,0.9,0.2,0.7,0.1,-,-,-,-,-,-
1385,Edmond Tapsoba,Bayer 04 Leverkusen,Bundesliga,26 years old (02-02-1999),"1,94m",Burkina Faso,Defender (Centre),Centre-Back,right,26,2275.0,-,-,4,-,87.3,1.9,-,6.65,"Jun 30, 2028",€40.00m,0.8,-,-,-,-,0.8,0.4,0.1,0.3,0.7,0.3,0.4,0.5,0.2,3,1.9,1.1,1.3,0.7,2,0.9,0.2,1.2,-,3,0.5,0.1,0.2,-,-,-,-,66.8,3.2,3.6,55.1,4.9,0.2,-,0.1,-,-,-,-,-,-,-
1386,Mathias Honsak,1.FC Heidenheim 1846,Bundesliga,28 years old (20-12-1996),"1,88m",Austria,"Attacking Midfielder (Centre, Left, Right), Forward",Left Winger,left,11(8),1078.0,5,1,1,-,72,1.2,-,6.64,"Jun 30, 2027",€1.50m,1.4,0.3,0.1,0.1,0.1,1.4,0.5,0.1,0.8,1,0.6,0.4,1.9,0.6,2.3,1.2,1.1,0.8,0.6,1.4,0.4,0.7,0.6,0.1,1.3,0.2,0.2,0.7,-,-,-,-,17.3,0.6,0.5,11.8,4.4,0.7,0.2,0.5,0.1,0.1,0.1,-,-,-,-
1387,Leopold Querfeld,1.FC Union Berlin,Bundesliga,21 years old (20-12-2003),"1,90m",Austria,Defender (Centre),Centre-Back,right,14(10),1473.0,2,2,6,-,80.5,2.4,2,6.64,-,€7.00m,0.6,0.1,-,-,-,0.6,0.1,-,0.4,0.4,0.3,0.1,0.2,0.1,4.3,2.4,1.9,0.9,0.2,1.1,0.5,0.5,0.7,-,5,0.4,0.2,0.5,-,-,-,-,25.3,2.9,2.9,17.5,2,0.4,0.1,0.3,0.1,-,-,-,-,-,0.1
1388,Nordi Mukiele,Bayer 04 Leverkusen,Bundesliga,27 years old (01-11-1997),"1,87m",France,"Defender (Centre, Right), Midfielder (Right)",Right-Back,right,10(5),897.0,1,-,4,-,81.4,1.3,-,6.64,"Jun 30, 2025",€10.00m,0.5,0.1,-,0.1,-,0.5,0.1,0.2,0.1,1.1,0.5,0.6,0.7,0.2,2.5,1.3,1.3,1.3,0.4,1.7,1.1,0.9,0.4,0.1,2.2,-,0.3,0.7,-,-,-,-,35.1,0.6,1.6,27.9,4.9,0.6,-,0.6,-,-,-,-,-,-,-
1389,Carney Chukwuemeka,Borussia Dortmund,Bundesliga,21 years old (20-10-2003),"1,88m",England,Attacking Midfielder (Centre),Central Midfield,right,1(7),218.0,1,-,1,-,79.4,0.8,-,6.64,"Jun 30, 2025",€15.00m,1,0.1,0.1,-,-,1,0.3,0.1,0.6,1.5,0.8,0.8,1.4,0.9,1.6,0.8,0.9,0.6,-,0.6,0.1,0.6,0.4,0.1,0.1,-,-,0.6,-,-,-,-,12.8,0.1,-,10,2.6,0.9,-,0.9,-,-,-,-,-,-,-
1390,Patrick Erras,Holstein Kiel,Bundesliga,30 years old (21-01-1995),"1,96m",Germany,"Defender (Centre), Defensive Midfielder (C)",Defensive Midfield,right,10,834.0,1,-,2,-,92,2.7,-,6.63,"Jun 30, 2026",€1.00m,0.8,0.1,-,-,0.1,0.8,-,0.1,0.7,-,-,-,0.3,-,4.5,2.7,1.8,0.8,0.7,1.5,0.9,-,1.1,-,6.3,1.1,0.1,0.2,-,-,-,-,51,2.2,1.4,44.7,2.7,0.3,-,0.3,-,-,-,-,-,-,-
1391,Robert Skov,1.FC Union Berlin,Bundesliga,28 years old (20-05-1996),"1,85m",Denmark,"Defender (Left), Midfielder (Centre, Left, Right)",Left Midfield,left,11(4),858.0,2,2,1,-,70.5,0.6,1,6.63,-,€4.00m,1.1,0.1,0.1,-,0.1,1.1,0.6,0.1,0.5,1.1,0.8,0.3,1.4,0.2,1.2,0.6,0.6,1,0.7,1.7,0.5,0.7,0.9,0.1,0.5,0.1,0.1,0.5,-,-,-,-,22.6,0.8,1.9,15.1,4.7,1.3,0.7,0.6,0.1,-,-,-,-,-,0.1
1392,Shuto Machino,Holstein Kiel,Bundesliga,25 years old (30-09-1999),"1,85m",Japan,"Attacking Midfielder (Centre, Left), Forward",Centre-Forward,right,20(8),1701.0,10,1,2,-,71.6,0.9,2,6.63,"Jun 30, 2027",€3.50m,1.6,0.4,0.1,0.1,0.2,1.6,0.5,0.1,1,0.5,0.1,0.3,1.4,0.6,2,0.9,1.1,0.3,0.3,0.6,0.2,0.8,0.5,0.3,0.5,0.1,0.1,0.3,-,-,-,-,16.8,0.5,0.5,11.5,4.2,0.8,0.1,0.7,-,-,-,-,-,-,-
1393,Ermedin Demirovic,VfB Stuttgart,Bundesliga,27 years old (25-03-1998),"1,85m",Bosnia-Herzegovina,"Attacking Midfielder (Centre, Left), Forward",Centre-Forward,right,20(11),1792.0,13,-,2,-,71.2,1.1,2,6.63,"Jun 30, 2028",€22.00m,1.9,0.4,-,0.2,0.2,1.9,0.1,0.3,1.4,0.8,0.6,0.1,1.2,0.9,2.6,1.1,1.5,0.3,0.2,0.5,0.1,0.9,0.7,0.5,0.2,0.1,0.1,0.4,-,-,-,-,11.2,0.1,-,7.9,3.2,0.5,-,0.5,-,-,-,-,-,-,-
1394,Mattias Svanberg,VfL Wolfsburg,Bundesliga,26 years old (05-01-1999),"1,85m",Sweden,"Midfielder (Centre, Left, Right)",Central Midfield,right,14(6),1223.0,3,1,4,-,73.8,0.7,1,6.63,"Jun 30, 2027",€12.00m,1.1,0.2,0.1,0.1,-,1.1,0.4,0.2,0.5,1.3,0.8,0.5,1,0.5,1.7,0.7,1,1,0.5,1.5,0.8,1.1,0.8,-,1.3,0.2,0.1,0.4,-,-,-,-,16.8,0.4,0.9,12,3.6,0.7,0.2,0.5,0.1,-,-,-,-,-,0.1
1395,Tiago Tomás,VfL Wolfsburg,Bundesliga,22 years old (16-06-2002),"1,80m",Portugal,"Attacking Midfielder (Centre, Left, Right), Forward",Centre-Forward,right,22(8),1824.0,6,1,7,-,71.7,0.3,-,6.63,"Jun 30, 2027",€12.00m,1.3,0.2,-,-,0.1,1.3,0.4,0.1,0.8,2.5,1.6,0.9,1.7,1.1,1.4,0.3,1.1,1.1,0.7,1.7,0.3,1.6,1,0.2,0.5,0.1,0.1,0.4,-,-,-,-,14.4,0.5,0.6,9.8,3.5,0.6,0.1,0.6,-,-,-,-,-,-,-
1396,Josip Stanisic,Bayern Munich,Bundesliga,25 years old (02-04-2000),"1,87m",Croatia,"Defender (Centre, Left, Right), Midfielder (Right)",Right-Back,both,6(5),631.0,-,2,-,-,91.8,0.8,-,6.63,"Jun 30, 2029",€28.00m,0.2,-,-,-,-,0.2,-,-,0.2,0.5,0.2,0.3,0.9,0.3,1.2,0.8,0.4,0.9,0.5,1.5,0.5,0.4,0.1,-,1.6,0.4,0.1,0.4,-,-,-,-,44.1,1.7,0.9,38.7,2.7,1.1,-,1.1,0.2,-,-,-,-,-,0.2
1397,Noah Weißhaupt,FC St. Pauli,Bundesliga,23 years old (20-09-2001),"1,81m",Germany,Midfielder (Left),Left Winger,right,12(4),1047.0,1,-,-,-,68.5,0.9,-,6.63,"Jun 30, 2025",€5.00m,1,0.1,-,-,0.1,1,0.3,0.1,0.6,2.2,1.4,0.8,2.3,0.7,1.8,0.9,0.9,0.4,0.3,0.7,0.1,2.5,0.4,0.4,0.5,-,-,0.4,-,-,-,-,15.9,0.5,0.6,10.4,4.4,1.1,0.6,0.4,-,-,-,-,-,-,-
1398,Enzo Millot,VfB Stuttgart,Bundesliga,22 years old (17-07-2002),"1,75m",France,"Midfielder (Centre, Right)",Attacking Midfield,left,21(6),1728.0,5,4,8,-,87,0.2,1,6.62,"Jun 30, 2028",€35.00m,1.5,0.2,-,0.1,0.1,1.5,0.6,0.3,0.7,2.4,1.3,1.1,1.7,1.2,0.9,0.2,0.7,1,0.8,1.7,0.4,1.3,0.8,0.1,0.2,-,-,1,-,-,-,-,36.6,0.7,0.8,31.1,4,0.7,0.1,0.7,0.1,-,-,-,-,-,0.1
1399,James Sands,FC St. Pauli,Bundesliga,24 years old (06-07-2000),"1,86m",USA,"Defender (Centre), Defensive Midfielder (C)",Defensive Midfield,right,5(2),452.0,-,-,1,-,77.1,2.4,-,6.62,"Jun 30, 2025",€3.00m,0.1,-,-,-,-,0.1,-,-,0.1,0.1,-,0.1,0.4,0.4,3.6,2.4,1.1,2.1,-,2.1,0.7,0.7,1.6,0.1,1.1,0.1,-,0.6,-,-,-,-,28.7,0.6,1.4,21.6,5.1,0.1,-,0.1,-,-,-,-,-,-,-
1400,Hugo Larsson,Eintracht Frankfurt,Bundesliga,20 years old (27-06-2004),"1,87m",Sweden,Midfielder (Centre),Central Midfield,right,25(5),2136.0,3,-,2,-,88.1,0.4,-,6.62,"Jun 30, 2029",€40.00m,0.6,0.1,-,-,0.1,0.6,0.3,-,0.3,0.5,0.2,0.3,0.7,0.3,0.8,0.4,0.4,1.4,0.6,2,0.8,0.2,0.7,0.1,0.9,0.3,-,0.9,-,-,-,-,37.7,1.4,1.6,31.8,2.9,0.7,-,0.6,-,-,-,-,-,-,-
1401,Phillipp Mwene,1.FSV Mainz 05,Bundesliga,31 years old (29-01-1994),"1,70m",Austria,"Defender (Left, Right), Midfielder (Left, Right)",Left-Back,right,29,2391.0,-,4,7,-,77.3,0.6,-,6.62,"Jun 30, 2026",€1.80m,0.6,-,-,-,-,0.6,0.2,-,0.4,1.7,0.9,0.8,1.6,0.8,1.5,0.6,1,1.5,0.9,2.4,0.8,0.6,0.8,0.1,1.6,0.2,0.2,0.7,-,-,-,-,30.4,1.2,1.8,22.4,5.1,0.6,-,0.6,0.1,-,-,-,-,-,0.1
1402,Philipp Lienhart,SC Freiburg,Bundesliga,28 years old (11-07-1996),"1,89m",Austria,Defender (Centre),Centre-Back,right,28(1),2502.0,1,-,4,-,87.9,1.7,-,6.62,-,€15.00m,0.3,-,-,-,-,0.3,0.1,-,0.2,0.3,0.2,0.1,0.3,0.1,2.9,1.7,1.2,0.8,0.5,1.3,1.2,0.6,0.6,0.1,3.5,0.6,0.2,0.3,-,-,-,-,70.9,3.8,4.5,58.6,4,0.2,0.1,0.1,-,-,-,-,-,-,-
1403,Joakim Mæhle,VfL Wolfsburg,Bundesliga,27 years old (20-05-1997),"1,85m",Denmark,"Defender (Left, Right), Midfielder (Left, Right)",Left-Back,right,22(3),1920.0,3,4,6,-,82.1,0.5,-,6.62,"Jun 30, 2027",€14.00m,0.6,0.1,-,-,-,0.6,0.2,0.1,0.3,2.2,1.4,0.7,1.3,0.2,1,0.5,0.5,1.2,1.1,2.3,0.9,0.6,0.4,-,1.5,0.1,0.3,0.8,-,-,-,-,34.6,1,1.7,27.4,4.5,0.6,-,0.6,0.2,-,-,-,-,-,0.2
1404,Konrad Laimer,Bayern Munich,Bundesliga,27 years old (27-05-1997),"1,80m",Austria,"Defender (Right), Midfielder (Centre, Right)",Central Midfield,right,16(10),1451.0,2,2,8,-,88.7,0.5,-,6.62,"Jun 30, 2027",€25.00m,0.6,0.1,-,-,0.1,0.6,0.2,-,0.3,1,0.5,0.5,1.2,0.8,1,0.5,0.5,1.6,1,2.6,0.3,0.4,1.3,-,0.7,-,0.2,0.8,-,-,-,-,35.5,0.3,0.3,31.2,3.7,0.6,-,0.6,0.1,-,-,-,-,-,0.1
1405,Jean-Mattéo Bahoya,Eintracht Frankfurt,Bundesliga,19 years old (07-05-2005),"1,80m",France,Attacking Midfielder (Left),Left Winger,right,8(14),804.0,2,3,3,-,79,0.5,-,6.61,"Jun 30, 2029",€9.00m,0.4,0.1,-,-,-,0.4,0.1,-,0.3,1.4,0.6,0.8,0.7,0.8,0.7,0.5,0.2,1.2,0.5,1.7,0.2,0.3,0.4,0.1,0.4,-,-,0.3,-,-,-,-,12.8,0.3,0.2,9.8,2.5,0.8,0.1,0.7,0.1,0.1,-,-,-,-,-
1406,Andreas Skov Olsen,VfL Wolfsburg,Bundesliga,25 years old (29-12-1999),"1,87m",Denmark,"Midfielder (Centre, Right)",Right Winger,left,3(6),370.0,1,1,-,-,88.3,0.1,-,6.61,"Jun 30, 2029",€16.00m,0.7,0.1,-,-,0.1,0.7,-,-,0.7,0.8,0.6,0.2,0.6,0.4,0.2,0.1,0.1,0.9,-,0.9,0.2,0.2,0.2,0.1,0.7,-,-,0.3,-,-,-,-,19,0.9,0.3,15.9,1.9,1.4,-,1.4,0.1,0.1,0.1,-,-,-,-
1407,Benedict Hollerbach,1.FC Union Berlin,Bundesliga,23 years old (17-05-2001),"1,81m",Germany,"Attacking Midfielder (Centre, Left, Right), Forward",Centre-Forward,right,27(4),2286.0,9,-,3,-,72.9,0.8,3,6.61,-,€7.50m,2.2,0.3,0.1,-,0.2,2.2,0.5,-,1.6,3.5,2.2,1.3,3.1,2.7,2.8,0.8,2,1.3,0.8,2.1,0.1,1.4,1.2,0.4,0.3,-,0.1,1,-,-,-,-,17,0.5,0.5,11.9,4.2,0.8,-,0.8,-,-,-,-,-,-,-
1408,Ellyes Skhiri,Eintracht Frankfurt,Bundesliga,29 years old (10-05-1995),"1,85m",Tunisia,Defensive Midfielder (C),Defensive Midfield,right,23(4),1994.0,-,1,6,-,89,0.6,-,6.61,"Jun 30, 2027",€9.00m,0.4,-,-,-,-,0.4,0.2,-,0.2,0.5,0.1,0.4,0.9,0.2,1.2,0.6,0.6,1.3,0.9,2.2,1.1,0.7,0.8,-,1.4,0.2,-,0.9,-,-,-,-,43.9,1.6,1.3,37.5,3.5,0.7,0.1,0.6,-,-,-,-,-,-,-
1409,Nicolas Seiwald,RB Leipzig,Bundesliga,23 years old (04-05-2001),"1,80m",Austria,"Defender (Centre), Defensive Midfielder (C)",Central Midfield,right,17(10),1814.0,-,-,2,-,84.6,0.8,1,6.61,"Jun 30, 2028",€16.00m,0.1,-,-,-,-,0.1,0.1,-,-,0.3,0.2,0.1,0.3,0.3,1.9,0.8,1.1,1.7,0.8,2.5,1.1,0.1,0.8,-,2.1,0.3,0.2,1,-,-,-,-,42.7,1.8,1.7,34.4,4.8,0.8,0.2,0.6,-,-,-,-,-,-,-
1410,Marius Wolf,FC Augsburg,Bundesliga,29 years old (27-05-1995),"1,88m",Germany,"Defender (Right), Midfielder (Centre, Left, Right)",Right-Back,right,26(4),2053.0,1,3,2,-,71.3,0.3,-,6.61,"Jun 30, 2027",€3.00m,0.4,-,-,-,-,0.4,0.1,-,0.3,1.4,0.8,0.6,0.7,0.5,0.5,0.3,0.3,0.9,0.8,1.7,0.8,0.4,0.6,0.1,1.5,0.2,0.2,0.7,-,-,-,-,26.1,1.1,1.7,17.5,5.8,1.4,0.5,0.9,0.1,-,-,-,-,-,0.1
1411,Siebe Van der Heyden,FC St. Pauli,Bundesliga,26 years old (30-05-1998),"1,85m",Belgium,Defender (Centre),Centre-Back,left,9(2),786.0,1,-,2,-,81.7,2.6,-,6.6,"Jun 30, 2025",€2.00m,0.3,0.1,-,0.1,-,0.3,-,0.3,-,0.5,0.4,0.1,0.3,0.4,4.1,2.6,1.5,1.5,0.8,2.4,1.4,0.6,1.2,-,3.1,0.3,-,0.4,-,-,-,-,35.4,1.5,2.1,27.4,4.4,0.2,-,0.2,-,-,-,-,-,-,-
1412,David Nemeth,FC St. Pauli,Bundesliga,24 years old (18-03-2001),"1,91m",Austria,Defender (Centre),Centre-Back,both,21,1872.0,-,1,3,-,88,1.7,-,6.6,"Jun 30, 2026",€2.50m,0.2,-,-,-,-,0.2,0.1,-,0.1,0.3,0.2,0.1,0.5,0.1,2.9,1.7,1.2,2,0.8,2.7,0.7,0.5,0.9,-,3.8,0.5,0.1,0.8,-,-,-,-,47.5,2.4,2.7,39.4,3,0.1,0.1,-,-,-,-,-,-,-,-
1413,Frans Krätzig,1.FC Heidenheim 1846,Bundesliga,22 years old (14-01-2003),"1,77m",,Midfielder (Left),Left Midfield,left,1,57.0,-,-,-,-,91.7,1,-,6.6,"Jun 30, 2025",€2.00m,-,-,-,-,-,-,-,-,-,-,-,-,1,-,1,1,-,2,2,4,-,-,1,-,1,1,-,1,-,-,-,-,36,-,1,33,2,-,-,-,-,-,-,-,-,-,-
1414,András Schäfer,1.FC Union Berlin,Bundesliga,26 years old (13-04-1999),"1,78m",Hungary,Attacking Midfielder (Centre),Central Midfield,right,15(8),1375.0,1,1,3,-,74.8,1.2,-,6.6,-,€5.00m,0.4,-,-,-,-,0.4,0.3,-,0.1,1.1,0.6,0.5,1,0.3,2,1.2,0.8,1.9,0.7,2.6,0.9,1.3,1.1,-,1.4,0.2,-,1.2,-,-,-,-,20.9,0.4,0.8,15.2,4.4,0.3,-,0.3,-,-,-,-,-,-,-
1415,Phil Harres,Holstein Kiel,Bundesliga,23 years old (25-03-2002),"1,93m",,Forward,Centre-Forward,right,17(6),1408.0,8,1,3,-,58.2,2.1,2,6.6,-,€4.50m,1.6,0.3,0.1,-,0.2,1.6,0.2,0.3,1.2,0.9,0.7,0.2,2.6,1,4.7,2.1,2.7,0.4,0.1,0.6,0.2,0.8,1.5,0.2,0.7,0.1,-,0.4,-,-,-,-,9.6,0.3,0.3,5.2,3.7,0.4,-,0.3,-,-,-,-,-,-,-
1416,Chris Führich,VfB Stuttgart,Bundesliga,27 years old (09-01-1998),"1,81m",Germany,"Midfielder (Centre, Left, Right), Forward",Left Winger,right,21(9),1805.0,2,2,1,-,84.7,0.1,2,6.59,"Jun 30, 2028",€18.00m,1,0.1,-,-,-,1,0.2,-,0.8,2.7,1.4,1.3,1.2,0.8,0.4,0.1,0.3,0.4,0.5,0.9,0.2,0.2,0.2,0.1,0.5,0.1,0.1,0.6,-,-,-,-,27,0.5,0.3,22.3,3.8,0.9,0.2,0.8,0.1,-,-,-,-,-,0.1
1417,Nnamdi Collins,Eintracht Frankfurt,Bundesliga,21 years old (10-01-2004),"1,91m",Germany,"Defender (Centre, Right)",Centre-Back,right,14(8),1385.0,1,1,3,-,88.9,0.5,-,6.59,"Jun 30, 2030",€10.00m,0.2,-,-,-,-,0.2,-,-,0.2,1.5,1,0.5,0.7,0.5,1,0.5,0.5,1.3,0.2,1.5,0.6,0.9,1,-,2.8,0.5,0.2,0.5,-,-,-,-,34.5,0.8,1.5,29.9,2.4,0.1,-,0.1,-,-,-,-,-,-,-
1418,Finn Becker,TSG 1899 Hoffenheim,Bundesliga,24 years old (08-06-2000),"1,77m",Germany,Midfielder (Centre),Central Midfield,left,7(3),654.0,-,1,1,-,84.3,0.7,-,6.59,"Jun 30, 2026",€2.00m,0.4,-,-,-,-,0.4,0.4,-,-,1.4,0.8,0.6,0.9,0.7,0.9,0.7,0.2,1.1,0.3,1.4,1,0.7,0.5,-,1.7,0.3,-,0.4,-,-,-,-,36.4,1.7,1.4,29,4.3,0.8,-,0.8,0.1,-,-,-,-,-,0.1
1419,Tim Breithaupt,Kaiserslautern,Bundesliga,23 years old (07-02-2002),192cm,Germany,Defensive Midfielder (C),,,2,122.0,-,1,-,-,86.4,2,-,6.59,,,0.5,-,-,-,-,0.5,-,-,0.5,1,-,1,1.5,1,4.5,2,2.5,0.5,2,2.5,1,1.5,1,-,-,-,-,0.5,-,-,-,-,33,0.5,0.5,28,4,0.5,-,0.5,0.5,0.5,-,-,-,-,-
1420,Luca Philipp,TSG 1899 Hoffenheim,Bundesliga,24 years old (28-11-2000),"1,92m",Germany,Goalkeeper,Goalkeeper,,5,450.0,-,-,-,-,59.9,-,-,6.58,"Jun 30, 2025",€750k,-,-,-,-,-,-,-,-,-,-,-,-,-,-,-,-,-,0.2,-,0.2,-,-,-,-,0.8,-,-,-,3.6,0.4,2.8,0.4,29.4,7,11.8,10.6,-,-,-,-,-,-,-,-,-,-,-
1421,Arthur Chaves,TSG 1899 Hoffenheim,Bundesliga,24 years old (29-01-2001),"1,88m",Brazil,Defender (Centre),Centre-Back,right,21(2),1919.0,-,-,8,-,82.3,2.8,1,6.58,-,€3.00m,0.4,-,-,-,-,0.4,-,-,0.3,0.3,0.3,0.1,0.4,0.5,5.4,2.8,2.7,1.9,1,2.9,1.2,0.7,1.5,-,4.7,0.8,0.2,1.1,-,-,-,-,43.9,1.3,3.7,34.7,4.1,0.2,-,0.2,-,-,-,-,-,-,-
1422,Josip Juranovic,1.FC Union Berlin,Bundesliga,29 years old (16-08-1995),"1,73m",Croatia,"Defender (Left, Right), Midfielder (Left, Right)",Right-Back,right,12(3),1071.0,-,-,4,-,71.1,0.3,-,6.58,"Jun 30, 2027",€4.00m,0.3,-,-,-,-,0.3,0.3,-,0.1,1.5,0.9,0.7,0.8,0.2,0.6,0.3,0.3,1.3,0.9,2.1,0.5,0.3,0.5,0.1,1.9,0.4,0.4,0.4,-,-,-,-,22.8,1.7,2.5,14.5,4.1,1.7,0.9,0.9,-,-,-,-,-,-,-
1423,Kiliann Sildillia,SC Freiburg,Bundesliga,22 years old (16-05-2002),"1,86m",France,"Defender (Centre, Right), Midfielder (Right)",Right-Back,right,8(11),792.0,2,-,2,-,78.2,1.1,2,6.58,"Jun 30, 2026",€10.00m,0.4,0.1,-,0.1,0.1,0.4,0.2,0.1,0.2,0.5,0.2,0.3,0.4,0.3,2.3,1.1,1.2,0.9,0.3,1.2,0.6,0.5,0.5,0.1,1.8,0.3,0.2,0.6,-,-,-,-,18.8,0.7,0.8,14,3.3,0.4,0.2,0.2,-,-,-,-,-,-,-
1424,Tom Krauß,VfL Bochum,Bundesliga,23 years old (22-06-2001),"1,82m",Germany,Defensive Midfielder (C),Central Midfield,right,11(1),910.0,-,-,1,-,81.3,0.6,-,6.58,"Jun 30, 2025",€4.00m,0.8,-,-,-,-,0.8,0.6,-,0.2,1.8,0.8,0.9,1.5,0.5,1.2,0.6,0.6,2.3,1.3,3.7,0.5,1.2,0.8,-,0.9,0.2,0.1,1.7,-,-,-,-,38.4,1.3,1.9,30,5.3,1,-,1,-,-,-,-,-,-,-
1425,Ameen Al Dakhil,VfB Stuttgart,Bundesliga,23 years old (06-03-2002),"1,87m",Belgium,Defender (Centre),Centre-Back,right,6(1),436.0,-,-,-,1,92.3,1.3,-,6.57,"Jun 30, 2028",€7.50m,0.1,-,-,-,-,0.1,0.1,-,-,-,-,-,0.4,-,2.6,1.3,1.3,0.9,-,0.9,1.3,0.7,0.6,-,4,1.1,0.3,0.6,-,-,-,-,48.1,1.6,1.7,42.9,2,0.3,-,0.3,-,-,-,-,-,-,-
1426,Kevin Kampl,RB Leipzig,Bundesliga,34 years old (09-10-1990),"1,78m",Slovenia,"Midfielder (Centre, Left, Right)",Central Midfield,right,16(8),1430.0,1,-,4,-,91.1,0.1,-,6.57,"Jun 30, 2026",€3.00m,0.3,-,-,-,-,0.3,0.1,-,0.1,0.8,0.3,0.5,0.5,0.5,0.7,0.1,0.5,1.1,0.3,1.4,1,0.3,0.8,-,0.9,0.3,-,0.8,-,-,-,-,43.6,1,0.8,38.8,3.1,0.7,0.2,0.5,-,-,-,-,-,-,-
1427,Oladapo Afolayan,FC St. Pauli,Bundesliga,27 years old (11-09-1997),"1,80m",England,"Attacking Midfielder (Centre, Left, Right), Forward",Right Winger,right,15(14),1491.0,3,1,3,-,76.4,0.6,-,6.57,-,€4.00m,1.2,0.1,-,-,0.1,1.2,0.6,-,0.6,3.2,1.6,1.6,1.8,1.4,2.1,0.6,1.5,0.6,0.4,1,0.3,1.3,0.7,0.3,0.5,-,0.1,0.5,-,-,-,-,12.6,0.6,0.4,9.1,2.5,0.7,0.1,0.6,-,-,-,-,-,-,-
1428,Amos Pieper,SV Werder Bremen,Bundesliga,27 years old (17-01-1998),"1,92m",Germany,Defender (Centre),Centre-Back,right,13(7),1237.0,-,-,1,-,83.6,1.7,-,6.57,"Jun 30, 2026",€3.00m,0.2,-,-,-,-,0.2,0.1,-,0.2,0.1,0.1,0.1,0.2,0.2,3.6,1.7,1.9,1.2,0.5,1.7,1.1,0.6,0.4,-,3.6,0.8,0.2,0.4,-,-,-,-,36.1,2.4,2.6,27.8,3.3,0.2,-,0.2,-,-,-,-,-,-,-
1429,Mads Roerslev,VfL Wolfsburg,Bundesliga,25 years old (24-06-1999),"1,84m",Denmark,"Defender (Right), Midfielder (Right)",Right-Back,right,2(3),254.0,-,-,-,-,84.3,0.2,-,6.57,"Jun 30, 2025",€8.00m,-,-,-,-,-,-,-,-,-,1.2,0.8,0.4,0.4,1.2,1.6,0.2,1.4,2,0.6,2.6,0.8,0.6,0.2,-,2.6,0.4,0.2,-,-,-,-,-,24.2,0.8,1.4,19.6,2.4,0.2,-,0.2,-,-,-,-,-,-,-
1430,Phillip Tietz,FC Augsburg,Bundesliga,27 years old (09-07-1997),"1,90m",Germany,Forward,Centre-Forward,right,18(13),1545.0,6,2,4,-,62.3,2.3,1,6.57,"Jun 30, 2027",€5.00m,1.4,0.2,-,-,0.2,1.4,0.4,0.1,1,0.9,0.5,0.5,1.3,0.5,5,2.3,2.7,0.4,0.1,0.5,0.2,0.4,1.1,0.5,0.8,-,-,0.2,-,-,-,-,13.9,0.1,0.3,8.5,5,0.6,-,0.6,0.1,-,-,-,-,-,0.1
1431,Can Uzun,Eintracht Frankfurt,Bundesliga,19 years old (11-11-2005),"1,86m",,"Attacking Midfielder (Centre), Forward",Attacking Midfield,right,6(12),624.0,4,1,1,-,82.9,0.2,1,6.56,"Jun 30, 2029",€18.00m,1.4,0.2,-,-,0.2,1.4,0.3,0.1,1.1,1.1,0.6,0.5,1,0.8,0.4,0.2,0.2,0.6,0.2,0.8,0.1,0.8,0.4,-,0.2,-,-,0.5,-,-,-,-,14.3,0.4,0.3,11.5,2.2,0.8,0.1,0.7,0.1,-,-,-,-,-,0.1
1432,Alexander Prass,TSG 1899 Hoffenheim,Bundesliga,23 years old (26-05-2001),"1,80m",Austria,"Defender (Left), Defensive Midfielder (C), Midfielder (Left)",Left-Back,left,18(4),1526.0,-,1,1,-,75.6,0.8,1,6.56,"Jun 30, 2028",€6.50m,0.5,-,-,-,-,0.5,0.2,-,0.3,1.9,1,0.9,0.9,0.5,1.6,0.8,0.9,1.9,1.5,3.4,0.4,1.1,0.8,-,2.1,0.3,-,1.2,-,-,-,-,34.3,1.5,2.9,24.5,5.5,0.8,0.2,0.6,-,-,-,-,-,-,-
1433,Kristijan Jakic,FC Augsburg,Bundesliga,27 years old (14-05-1997),"1,84m",Croatia,"Defender (Centre, Right), Defensive Midfielder (C), Midfielder (Right)",Defensive Midfield,right,24(4),2040.0,-,-,2,-,82.5,1.3,1,6.56,"Jun 30, 2028",€6.50m,0.5,-,-,-,-,0.5,0.3,-,0.2,0.9,0.5,0.4,1.2,0.7,2.3,1.3,1,1.5,0.6,2.1,1,0.9,0.8,0.1,1.6,0.3,0.1,1.1,-,-,-,-,31.8,1.3,1,24.9,4.5,0.4,-,0.4,-,-,-,-,-,-,-
1434,Nicolai Remberg,Holstein Kiel,Bundesliga,24 years old (19-06-2000),"1,88m",Germany,Midfielder (Centre),Central Midfield,right,24(6),2189.0,-,1,8,-,78.6,2.8,1,6.56,-,€2.80m,0.7,-,-,-,-,0.7,0.3,-,0.4,0.6,0.5,0.2,0.7,0.5,4.4,2.8,1.7,1.3,0.6,1.9,0.8,1.4,1.2,0.1,2.6,0.6,0.2,0.8,-,-,-,-,29.1,1.9,1.7,21,4.5,0.3,0.1,0.2,-,-,-,-,-,-,-
1435,Philipp Treu,FC St. Pauli,Bundesliga,24 years old (03-12-2000),"1,73m",Germany,"Midfielder (Left, Right)",Left-Back,right,30,2646.0,-,2,2,-,82.4,0.6,1,6.56,-,€5.00m,0.6,-,-,-,-,0.6,0.2,0.1,0.4,1.2,0.8,0.3,1.1,0.4,1.8,0.6,1.2,1.9,0.9,2.8,0.6,1.1,0.7,0.1,2.3,0.3,0.3,1.3,-,-,-,-,36.3,1.2,2.1,28.7,4.3,0.7,0.1,0.6,0.1,-,-,-,-,-,-
1436,Valentin Gendrey,TSG 1899 Hoffenheim,Bundesliga,24 years old (21-06-2000),"1,79m",France,"Defender (Right), Midfielder (Right)",Right-Back,right,14(8),1416.0,1,1,1,-,76,1.2,-,6.56,-,€8.50m,0.5,-,-,-,-,0.5,0.2,-,0.2,0.5,0.4,0.1,1.1,0.5,2.3,1.2,1.1,1.4,0.3,1.7,0.7,1.2,0.5,0.1,2.2,0.2,0.2,0.6,-,-,-,-,21.4,0.6,1.1,15.6,4,0.8,0.2,0.5,-,-,-,-,-,-,-
1437,Finn Porath,Holstein Kiel,Bundesliga,28 years old (23-02-1997),"1,80m",Germany,"Midfielder (Centre, Left, Right)",Attacking Midfield,right,20(9),1929.0,2,2,3,-,71.5,0.9,-,6.55,"Jun 30, 2026",€2.00m,1,0.1,-,-,-,1,0.4,-,0.5,1.1,0.6,0.4,0.5,0.5,1.7,0.9,0.8,1.5,0.9,2.4,0.7,1.2,1,-,1.9,0.3,0.2,0.6,-,-,-,-,17.7,1.7,2.1,11,3,0.7,0.2,0.4,0.1,-,-,-,-,-,-
1438,Bazoumana Touré,TSG 1899 Hoffenheim,Bundesliga,19 years old (02-03-2006),-,,Forward,Left Winger,left,5(5),427.0,-,3,1,-,71.7,1.1,-,6.55,"Jun 30, 2029",€9.00m,1.5,-,-,-,-,1.5,0.4,0.2,0.9,1.8,0.8,1,2.7,0.6,2.1,1.1,1,1,0.5,1.5,0.3,0.3,1.2,0.4,-,-,0.1,0.2,-,-,-,-,12.7,0.4,0.4,8.7,3.2,0.9,0.1,0.8,0.3,0.1,-,-,-,-,0.2
1439,Benedikt Gimber,1.FC Heidenheim 1846,Bundesliga,28 years old (19-02-1997),"1,87m",Germany,"Defender (Centre), Defensive Midfielder (C)",Centre-Back,left,29,2454.0,-,-,9,-,83.2,2.1,-,6.55,"Jun 30, 2028",€3.00m,0.4,-,-,-,-,0.4,0.1,0.1,0.2,0.4,0.2,0.2,0.8,0.2,3.8,2.1,1.8,2.3,0.8,3.1,1,1.6,1.9,-,4.1,0.7,0.2,1.1,-,-,-,-,39.9,2,3.6,31.2,3.1,0.1,-,0.1,-,-,-,-,-,-,-
1440,Adrian Beck,1.FC Heidenheim 1846,Bundesliga,27 years old (09-06-1997),"1,86m",Germany,"Attacking Midfielder (Centre, Right)",Attacking Midfield,right,15(14),1383.0,2,1,1,-,81.9,0.9,-,6.55,"Jun 30, 2028",€2.00m,1.1,0.1,-,-,0.1,1.1,0.4,0.1,0.5,2.2,1,1.2,1.2,0.7,1.4,0.9,0.6,1.2,0.8,1.9,0.2,0.3,0.6,0.1,0.6,0.1,-,0.9,-,-,-,-,20.4,1,0.5,15.7,3.2,0.6,0.1,0.5,-,-,-,-,-,-,-
1441,Julián Malatini,SV Werder Bremen,Bundesliga,23 years old (31-05-2001),"1,91m",Argentina,"Defender (Centre, Right)",Centre-Back,right,5(5),453.0,1,1,1,-,86.9,1,-,6.55,-,€3.00m,0.3,0.1,-,-,0.1,0.3,-,0.1,0.2,0.3,0.1,0.2,0.3,0.1,1.5,1,0.5,1.1,0.6,1.7,0.7,0.5,0.9,-,1.6,0.3,0.1,0.5,-,-,-,-,29.7,0.6,2,25.2,1.9,0.2,0.1,0.1,0.1,-,-,0.1,-,-,-
1442,Nathan Tella,Bayer 04 Leverkusen,Bundesliga,25 years old (05-07-1999),"1,73m",Nigeria,"Midfielder (Centre, Left, Right), Forward",Right Midfield,right,15(9),1245.0,2,3,1,-,82.2,0.5,-,6.55,"Jun 30, 2028",€18.00m,1,0.1,-,-,-,1,0.3,-,0.7,2,1.3,0.8,1.6,0.6,1.5,0.5,1,0.6,0.3,0.9,0.2,1.3,0.8,0.4,0.3,-,-,0.5,-,-,-,-,12.2,0.2,0.1,9.8,2,0.6,-,0.6,0.1,-,-,-,-,-,0.1
1443,Philipp Sander,Borussia Mönchengladbach,Bundesliga,27 years old (21-02-1998),"1,86m",Germany,Defensive Midfielder (C),Central Midfield,both,14(10),1251.0,1,-,2,-,81.6,1.3,-,6.54,"Jun 30, 2028",€4.00m,0.6,-,-,-,-,0.6,0.3,-,0.3,0.7,0.3,0.4,0.5,0.3,2.2,1.3,0.9,1.3,0.5,1.8,0.8,0.3,0.7,-,1.7,0.3,-,0.4,-,-,-,-,27,0.5,1.9,21.5,3,0.5,0.3,0.2,-,-,-,-,-,-,-
1444,Joe Scally,Borussia Mönchengladbach,Bundesliga,22 years old (31-12-2002),"1,84m",USA,"Defender (Centre, Left, Right), Midfielder (Left, Right)",Right-Back,right,29,2429.0,-,-,6,-,84.6,0.8,1,6.54,"Jun 30, 2027",€10.00m,0.2,-,-,-,-,0.2,0.1,-,-,1.9,0.9,1,0.8,0.8,1.7,0.8,1,1.4,0.6,2,0.5,1.6,0.8,-,2.6,0.4,0.1,0.8,-,-,-,-,41.3,1.6,2.2,33.4,4.1,0.3,0.1,0.2,-,-,-,-,-,-,-
1445,Kevin Vogt,1.FC Union Berlin,Bundesliga,33 years old (23-09-1991),"1,94m",Germany,"Defender (Centre, Right), Midfielder (Centre)",Centre-Back,right,14(2),1226.0,1,-,5,-,87.5,0.8,-,6.54,-,€2.00m,0.1,0.1,-,-,0.1,0.1,-,-,0.1,0.2,-,0.2,0.3,0.1,1.6,0.8,0.8,0.6,0.3,0.9,0.6,0.4,0.5,-,4.4,0.5,0.1,0.4,-,-,-,-,49,4.1,3.3,38.8,2.8,0.1,-,0.1,-,-,-,-,-,-,-
1446,Pavel Kaderábek,TSG 1899 Hoffenheim,Bundesliga,33 years old (25-04-1992),"1,82m",Czech Republic,"Defender (Right), Midfielder (Left, Right)",Right-Back,right,15(6),1306.0,1,-,6,-,73.7,2.2,-,6.54,"Jun 30, 2025",€2.50m,0.5,-,-,-,-,0.5,0.1,-,0.3,0.3,0.1,0.2,0.2,0.1,4,2.2,1.9,1,0.7,1.8,0.9,0.3,0.9,0.1,2,0.1,0.1,0.4,-,-,-,-,24.8,0.9,1.6,17.3,4.9,0.9,0.2,0.7,-,-,-,-,-,-,-
1447,Lukas Klostermann,RB Leipzig,Bundesliga,28 years old (03-06-1996),"1,89m",Germany,"Defender (Centre, Left, Right), Midfielder (Right)",Centre-Back,right,18(8),1655.0,-,-,4,-,89.7,0.7,-,6.53,"Jun 30, 2028",€8.00m,0.1,-,-,-,-,0.1,-,-,-,0.2,-,0.2,0.3,-,1.7,0.7,1,1,0.3,1.2,0.9,0.3,0.5,-,4.5,0.6,0.2,0.5,-,-,-,-,42.1,1.2,1.6,36.5,2.7,0.1,-,0.1,-,-,-,-,-,-,-
1448,Issa Kaboré,SV Werder Bremen,Bundesliga,23 years old (12-05-2001),"1,80m",Burkina Faso,"Defender (Right), Midfielder (Right)",Right-Back,right,3(6),307.0,-,1,-,-,85,0.7,-,6.53,"Jun 30, 2025",€6.00m,0.8,-,-,-,-,0.8,0.1,0.2,0.4,2.3,1.6,0.8,1,0.2,1,0.7,0.3,0.9,0.2,1.1,0.2,0.9,0.4,0.1,0.8,0.2,-,0.7,-,-,-,-,13.3,0.4,0.4,10.9,1.6,0.8,0.1,0.7,0.1,-,-,-,-,-,0.1
1449,Amadou Haidara,RB Leipzig,Bundesliga,27 years old (31-01-1998),"1,78m",Mali,"Midfielder (Centre, Left, Right)",Central Midfield,right,15(12),1256.0,-,1,7,-,81.3,1.1,-,6.53,"Jun 30, 2026",€20.00m,0.6,-,-,-,-,0.6,0.3,-,0.2,0.4,0.2,0.3,0.2,0.3,2,1.1,0.9,1,0.6,1.6,0.7,0.3,0.8,-,1.9,0.4,-,1,-,-,-,-,31.9,1,1.4,24.9,4.6,0.2,-,0.1,-,-,-,-,-,-,-
1450,Manuel Neuer,Bayern Munich,Bundesliga,39 years old (27-03-1986),"1,93m",Germany,Goalkeeper,Goalkeeper,right,20,1800.0,-,-,-,-,85.3,0.3,-,6.52,"Jun 30, 2026",€4.00m,-,-,-,-,-,-,-,-,-,0.1,-,0.1,-,-,0.3,0.3,-,0.1,-,0.1,-,0.1,-,-,0.6,-,-,-,1.1,-,0.8,0.3,39.3,7.2,5.3,26.4,0.5,0.1,0.1,-,-,-,-,-,-,-,-
1451,Emiliano Buendía,Bayer 04 Leverkusen,Bundesliga,28 years old (25-12-1996),"1,72m",Argentina,"Midfielder (Centre, Left, Right), Forward",Attacking Midfield,right,2(7),195.0,2,-,-,-,80.3,0.3,1,6.52,"Jun 30, 2025",€18.00m,0.8,0.2,0.1,-,0.1,0.8,0.2,-,0.6,1.1,0.6,0.6,1,0.8,0.6,0.3,0.2,0.6,0.3,0.9,-,0.4,0.6,-,-,-,-,0.4,-,-,-,-,14.1,0.2,0.1,11.1,2.7,0.7,-,0.7,-,-,-,-,-,-,-
1452,Salih Özcan,Borussia Dortmund,Bundesliga,27 years old (11-01-1998),"1,83m",Turkey,Midfielder (Centre),Defensive Midfield,right,3(7),379.0,-,-,-,-,78.3,1.5,-,6.52,"Jun 30, 2026",€5.00m,0.4,-,-,-,-,0.4,0.1,0.1,0.2,0.2,-,0.2,0.4,0.1,2.2,1.5,0.7,1.1,0.5,1.6,1.1,0.7,1.1,-,1,-,-,0.7,-,-,-,-,24,0.6,1.4,18.2,3.8,0.5,-,0.5,-,-,-,-,-,-,-
1453,Maximilian Wittek,VfL Bochum,Bundesliga,29 years old (21-08-1995),"1,73m",Germany,"Defender (Centre, Left), Midfielder (Left, Right)",Left-Back,left,29(1),2401.0,-,-,7,-,72.4,0.7,-,6.52,"Jun 30, 2026",€2.00m,1.3,-,-,-,-,1.3,1.1,-,0.2,0.9,0.5,0.4,1.1,0.4,1.5,0.7,0.8,1.8,0.4,2.2,0.9,1.1,1,-,2.3,0.3,0.3,1.4,-,-,-,-,31.8,1.9,3.1,21.1,5.7,1.3,0.4,0.9,-,-,-,-,-,-,-
1454,Kevin Akpoguma,TSG 1899 Hoffenheim,Bundesliga,30 years old (19-04-1995),"1,92m",Germany,"Defender (Centre, Right), Midfielder (Right)",Centre-Back,right,21(8),2035.0,-,-,3,-,88.4,1.5,1,6.52,"Jun 30, 2026",€2.50m,0.1,-,-,-,-,0.1,0.1,-,-,0.5,0.2,0.2,0.3,0.3,3.1,1.5,1.6,1.7,0.4,2.2,0.9,0.8,0.8,-,3.4,1.2,0.2,0.9,-,-,-,-,43.4,2.1,2.7,36.3,2.4,0.2,-,0.2,-,-,-,-,-,-,-
1455,Giorgos Masouras,VfL Bochum,Bundesliga,31 years old (01-01-1994),"1,84m",Greece,"Attacking Midfielder (Left, Right), Forward",Left Winger,right,9(2),774.0,2,-,-,-,75.9,1.5,1,6.52,"Jun 30, 2025",€3.20m,1.9,0.2,-,0.1,0.1,1.9,0.3,0.4,1.3,1,0.5,0.5,2,0.5,3.4,1.5,1.8,1.1,0.5,1.6,0.3,0.5,0.8,1,0.1,0.1,-,0.6,-,-,-,-,15.1,0.2,0.1,11.3,3.5,0.5,-,0.5,-,-,-,-,-,-,-
1456,Lukás Hrádecky,Bayer 04 Leverkusen,Bundesliga,35 years old (24-11-1989),"1,92m",Finland,Goalkeeper,Goalkeeper,right,27,2430.0,-,-,1,-,72.9,-,1,6.52,"Jun 30, 2026",€2.00m,-,-,-,-,-,-,-,-,-,-,-,-,-,-,0.1,-,-,-,-,-,-,-,-,-,0.3,-,-,-,2.9,0.3,1.4,1.1,27,5.7,7.1,14,0.3,-,-,-,-,-,-,-,-,-,-
1457,Christoph Baumgartner,RB Leipzig,Bundesliga,25 years old (01-08-1999),"1,80m",Austria,"Attacking Midfielder (Centre, Left, Right), Forward",Attacking Midfield,right,17(12),1515.0,2,1,5,-,70.3,1.4,-,6.51,"Jun 30, 2028",€15.00m,1.3,0.1,-,-,-,1.3,0.3,0.2,0.8,1.4,0.9,0.6,1.5,1,2.7,1.4,1.3,1.5,0.8,2.3,0.4,1,1.4,0.1,0.7,0.3,0.1,1.2,-,-,-,-,18.9,0.7,0.7,12.6,5,0.7,-,0.6,-,-,-,-,-,-,-
1458,Benedikt Pichler,Holstein Kiel,Bundesliga,27 years old (20-07-1997),"1,88m",Austria,Forward,Centre-Forward,right,7(10),768.0,1,2,1,-,65.8,2.5,-,6.51,"Jun 30, 2027",€2.00m,1.1,0.1,-,-,0.1,1.1,0.2,0.1,0.8,1.1,0.6,0.5,1.4,0.7,4.2,2.5,1.8,0.3,0.1,0.4,0.1,0.9,0.8,0.8,0.6,0.1,-,0.1,-,-,-,-,11.5,0.2,0.1,7.4,3.9,0.7,-,0.7,0.1,0.1,-,-,-,-,0.1
1459,Tom Rothe,1.FC Union Berlin,Bundesliga,20 years old (29-10-2004),"1,93m",Germany,"Defender (Left), Midfielder (Left)",Left-Back,left,16(7),1430.0,2,2,4,1,69.6,1.5,1,6.51,-,€10.00m,0.9,0.1,-,-,0.1,0.9,0.1,0.1,0.7,0.8,0.6,0.2,1,1.2,3.2,1.5,1.7,1.7,0.8,2.6,0.6,0.5,1,-,1.7,0.1,0.3,1.3,-,-,-,-,21.4,0.8,1.1,14.1,5.4,0.5,0.1,0.4,0.1,0.1,-,-,-,-,-
1460,Thomas Müller,Bayern Munich,Bundesliga,35 years old (13-09-1989),"1,85m",Germany,"Midfielder (Centre, Left, Right), Forward",Second Striker,right,9(18),1012.0,1,4,3,-,79.2,0.6,-,6.51,"Jul 31, 2025",€6.00m,0.9,-,-,-,-,0.9,0.2,0.1,0.6,0.4,0.3,0.2,0.6,0.7,1.5,0.6,0.9,0.3,0.4,0.7,0.1,0.3,0.5,0.1,0.4,-,-,0.3,-,-,-,-,18.5,0.4,0.2,14.2,3.6,1.2,0.1,1.1,0.1,-,-,-,-,-,0.1
1461,Nathan Ngoumou,Borussia Mönchengladbach,Bundesliga,25 years old (14-03-2000),"1,85m",France,"Attacking Midfielder (Left, Right)",Right Winger,right,9(10),828.0,2,1,-,-,77.8,0.5,1,6.51,"Jun 30, 2027",€4.00m,1.3,0.1,-,0.1,0.1,1.3,0.3,0.1,0.9,1.4,0.9,0.5,0.6,0.6,1.4,0.5,0.9,0.9,0.3,1.2,0.2,0.6,0.4,0.4,0.7,0.1,0.2,0.3,-,-,-,-,12.3,0.1,0.1,9.5,2.6,0.3,0.1,0.3,0.1,-,-,-,-,-,0.1
1462,Christian Günter,SC Freiburg,Bundesliga,32 years old (28-02-1993),"1,84m",Germany,"Defender (Left), Midfielder (Left)",Left-Back,left,27,2294.0,2,2,-,-,78.4,0.3,-,6.5,-,€4.00m,0.8,0.1,0.1,-,-,0.8,0.4,-,0.3,0.3,0.2,0.1,0.6,0.1,0.8,0.3,0.5,0.9,0.5,1.3,0.3,0.1,0.5,0.2,1.5,0.4,0.2,0.5,-,-,-,-,30.1,1.1,2.3,22.5,4.2,1,0.3,0.7,0.1,0.1,-,-,-,-,-
1463,El Chadaille Bitshiabu,RB Leipzig,Bundesliga,19 years old (16-05-2005),"1,96m",France,Defender (Centre),Centre-Back,left,11(8),949.0,-,-,2,1,84.7,1,-,6.5,"Jun 30, 2028",€12.00m,0.3,-,-,-,-,0.3,-,-,0.3,0.2,0.1,0.1,0.5,0.1,1.8,1,0.8,1.2,0.5,1.6,0.6,0.1,0.4,-,4.1,0.6,0.2,0.5,-,-,-,-,37.9,1.7,2.5,30.5,3.3,0.3,-,0.3,-,-,-,-,-,-,-
1464,Sebastiaan Bornauw,VfL Wolfsburg,Bundesliga,26 years old (22-03-1999),"1,91m",Belgium,Defender (Centre),Centre-Back,right,8(6),783.0,2,1,2,-,82,2.5,-,6.5,"Jun 30, 2026",€7.00m,0.6,0.1,-,0.1,0.1,0.6,-,0.2,0.4,0.1,0.1,-,0.1,0.1,4.1,2.5,1.6,0.6,0.3,0.9,0.9,0.1,0.9,-,2.5,0.9,-,0.1,-,-,-,-,23.4,1,1.6,18.2,2.6,0.1,-,0.1,0.1,-,-,-,-,-,0.1
1465,Anthony Jung,SV Werder Bremen,Bundesliga,33 years old (03-11-1991),"1,86m",Germany,"Defender (Centre, Left), Midfielder (Left)",Centre-Back,left,20(7),1893.0,-,-,1,-,89.7,1.3,-,6.49,"Jun 30, 2025",€1.00m,-,-,-,-,-,-,-,-,-,0.3,0.1,0.3,0.5,0.1,2,1.3,0.7,1.3,0.4,1.7,0.9,0.6,0.3,0.1,2.7,0.5,0.1,0.3,-,-,-,-,55.1,2,2,47.5,3.6,0.1,-,0.1,-,-,-,-,-,-,-
1466,Sacha Boey,Bayern Munich,Bundesliga,24 years old (13-09-2000),"1,78m",France,Defender (Right),Right-Back,right,5(6),510.0,-,1,1,-,94.1,0.5,-,6.49,"Jun 30, 2028",€18.00m,0.2,-,-,-,-,0.2,-,-,0.2,1.5,1,0.5,0.9,0.5,1.3,0.5,0.7,1.5,0.3,1.7,0.2,0.5,0.5,-,0.9,-,0.2,0.4,-,-,-,-,35.6,0.5,0.2,33,1.9,0.2,-,0.2,0.1,-,-,-,-,-,0.1
1467,Tymoteusz Puchacz,Plymouth,Bundesliga,26 years old (23-01-1999),180cm,Poland,"Defender (Left), Midfielder (Left)",,,5(5),396.0,-,1,-,-,80,0.4,-,6.49,,,0.4,-,-,-,-,0.4,0.3,-,0.1,1.9,1,0.9,0.8,0.5,0.8,0.4,0.4,0.9,0.2,1.1,0.3,0.7,0.2,0.1,1.1,0.1,-,0.3,-,-,-,-,13,0.2,0.7,10.2,1.9,0.8,0.4,0.4,0.1,0.1,-,-,-,-,-
1468,Amine Adli,Bayer 04 Leverkusen,Bundesliga,24 years old (10-05-2000),"1,80m",Morocco,"Attacking Midfielder (Centre, Left, Right), Forward",Left Winger,left,5(12),622.0,2,-,2,-,81.9,1.1,-,6.49,"Jun 30, 2028",€22.00m,1.1,0.1,-,-,0.1,1.1,0.2,0.1,0.8,1.7,0.9,0.8,1.1,0.4,2.4,1.1,1.3,0.7,0.4,1.1,-,0.5,0.5,0.4,0.2,-,0.1,0.6,-,-,-,-,15.9,0.1,0.2,12.9,2.7,0.4,0.1,0.4,-,-,-,-,-,-,-
1469,Jonas Urbig,Bayern Munich,Bundesliga,21 years old (08-08-2003),"1,89m",Germany,Goalkeeper,Goalkeeper,both,7,630.0,-,-,-,-,78.5,0.3,-,6.49,"Jun 30, 2029",€8.00m,-,-,-,-,-,-,-,-,-,-,-,-,0.1,-,0.3,0.3,-,-,-,-,-,-,-,-,1.7,-,-,-,1.9,0.1,1,0.7,32.6,5,7,20.6,-,-,-,-,-,-,-,-,-,-,-
1470,Erhan Masovic,VfL Bochum,Bundesliga,26 years old (22-11-1998),"1,89m",Serbia,"Defender (Centre), Defensive Midfielder (C)",Centre-Back,both,10(5),907.0,1,1,2,-,83.5,1.5,-,6.48,"Jun 30, 2026",€3.00m,0.5,0.1,-,-,0.1,0.5,-,0.1,0.3,0.1,0.1,-,0.3,0.2,2.5,1.5,1,0.9,1,1.9,0.8,0.3,0.8,-,3.6,0.7,0.1,0.4,-,-,-,-,27.8,2.1,1.9,21.1,2.7,0.2,0.1,0.1,0.1,-,-,-,-,-,0.1
1471,Ramon Hendriks,VfB Stuttgart,Bundesliga,23 years old (18-07-2001),"1,89m",Netherlands,"Defender (Centre, Left)",Left-Back,left,9(14),1052.0,-,1,3,-,86.6,1.2,-,6.47,"Jun 30, 2028",€5.00m,0.2,-,-,-,-,0.2,-,0.1,0.1,0.3,0.1,0.2,0.3,0.2,2,1.2,0.8,0.8,0.2,1,0.7,0.6,0.4,-,2.3,0.3,0.2,0.3,-,-,-,-,24.3,0.7,1.2,20.3,2.1,0.3,0.1,0.2,-,-,-,-,-,-,-
1472,Niklas Dorsch,1.FC Heidenheim 1846,Bundesliga,27 years old (15-01-1998),"1,78m",Germany,Midfielder (Centre),Defensive Midfield,right,17(3),1224.0,2,2,5,1,85.3,0.4,-,6.47,"Jun 30, 2028",€3.50m,0.4,0.1,-,-,0.1,0.4,0.3,-,0.1,0.6,0.3,0.4,0.7,0.6,0.9,0.4,0.5,1.3,0.4,1.7,0.8,0.9,0.7,-,0.8,0.1,0.1,0.7,-,-,-,-,28.3,1.9,1.6,22.2,2.6,0.6,0.2,0.4,0.1,-,-,-,-,-,0.1
1473,Wooyeong Jeong,1.FC Union Berlin,Bundesliga,25 years old (20-09-1999),"1,79m",South Korea,"Attacking Midfielder (Centre, Right), Forward",Attacking Midfield,right,17(6),1272.0,3,2,2,-,79.6,0.7,-,6.47,"Jun 30, 2025",€4.00m,1.1,0.1,-,-,0.1,1.1,0.5,-,0.6,0.9,0.4,0.5,1,0.7,1.8,0.7,1.2,0.4,0.3,0.8,0.5,0.7,0.7,0.2,0.4,-,0.1,0.4,-,-,-,-,20.3,0.2,0.3,15.9,3.8,0.8,-,0.7,0.1,-,-,-,-,-,0.1
1474,Nicolas Höfler,SC Freiburg,Bundesliga,35 years old (09-03-1990),"1,81m",Germany,"Defender (Centre), Defensive Midfielder (C)",Defensive Midfield,right,7(12),783.0,-,-,3,-,87.1,1.5,-,6.47,-,€700k,0.2,-,-,-,-,0.2,0.1,0.1,0.1,0.2,-,0.2,0.5,0.5,2.3,1.5,0.8,1.7,0.6,2.3,0.7,0.3,0.6,-,1.5,0.1,-,0.3,-,-,-,-,19.6,0.3,0.2,16.8,2.3,0.2,-,0.2,-,-,-,-,-,-,-
1475,Omar Traoré,1.FC Heidenheim 1846,Bundesliga,27 years old (04-02-1998),"1,87m",Germany,"Defender (Right), Midfielder (Right)",Right-Back,right,27,2359.0,-,1,5,-,72.5,0.5,-,6.47,"Jun 30, 2026",€4.00m,0.5,-,-,-,-,0.5,0.4,-,0.1,2.1,1.3,0.8,1.3,0.7,1.3,0.5,0.8,1.6,0.6,2.2,0.7,1.3,0.8,-,1.9,0.2,0.4,1,-,-,-,-,34.9,2.1,2.9,23.2,6.7,0.7,0.1,0.6,-,-,-,-,-,-,-
1476,Mahmoud Dahoud,Eintracht Frankfurt,Bundesliga,29 years old (01-01-1996),"1,78m",Germany,Midfielder (Centre),Central Midfield,right,3(6),362.0,1,1,2,-,86.8,0.1,-,6.47,"Jun 30, 2026",€5.00m,0.8,0.1,0.1,-,-,0.8,0.6,-,0.2,0.3,0.2,0.1,0.4,0.2,0.3,0.1,0.2,1,0.2,1.2,0.2,0.2,1.1,-,0.6,0.1,-,0.4,-,-,-,-,24.4,0.6,0.3,20.7,2.9,0.9,0.1,0.8,0.1,-,-,-,-,-,0.1
1477,Lars Ritzka,FC St. Pauli,Bundesliga,26 years old (07-05-1998),"1,85m",Germany,"Defender (Left), Midfielder (Left)",Left-Back,left,10(9),781.0,1,-,1,-,73,0.2,-,6.46,-,€900k,0.4,0.1,0.1,-,-,0.4,0.4,-,0.1,0.1,0.1,-,0.3,0.2,1.2,0.2,0.9,2.4,0.8,3.2,0.5,0.3,0.5,0.1,1.5,0.1,0.4,0.6,-,-,-,-,15.4,0.4,1.5,10.9,2.7,0.3,0.1,0.2,-,-,-,-,-,-,-
1478,Tim Siersleben,1.FC Heidenheim 1846,Bundesliga,25 years old (09-03-2000),"1,87m",Germany,Defender (Centre),Centre-Back,left,11(2),915.0,-,-,4,-,80.9,1.2,-,6.46,"Jun 30, 2026",€1.50m,0.3,-,-,-,-,0.3,-,0.1,0.2,0.2,0.1,0.2,0.2,0.2,2.7,1.2,1.5,1.3,0.7,2,1.2,0.5,1.1,-,4.1,0.5,-,0.7,-,-,-,-,39.4,3.6,3.9,28.2,3.6,0.3,0.2,0.1,-,-,-,-,-,-,-
1479,Gregor Kobel,Borussia Dortmund,Bundesliga,27 years old (06-12-1997),"1,96m",Switzerland,Goalkeeper,Goalkeeper,right,29,2610.0,-,-,1,-,77.8,0.2,1,6.46,"Jun 30, 2028",€40.00m,-,-,-,-,-,-,-,-,-,0.1,-,0.1,-,-,0.2,0.2,-,-,-,-,-,-,-,-,1,-,-,-,2.4,0.1,1.6,0.8,35.9,4.9,7.8,23.1,0.1,-,-,-,-,-,-,-,-,-,-
1480,Marvin Friedrich,Borussia Mönchengladbach,Bundesliga,29 years old (13-12-1995),"1,93m",Germany,Defender (Centre),Centre-Back,right,9(13),980.0,-,1,-,-,88.5,1.5,1,6.46,"Jun 30, 2026",€3.50m,0.3,-,-,-,-,0.3,-,-,0.3,0.1,-,0.1,0.2,0.1,2.5,1.5,0.9,0.7,0.3,1,0.2,0.2,0.2,-,2.6,0.5,-,0.2,-,-,-,-,32,1,2.1,27.3,1.6,0.1,-,0.1,-,-,-,-,-,-,-
1481,Lutsharel Geertruida,RB Leipzig,Bundesliga,24 years old (18-07-2000),"1,84m",Netherlands,"Defender (Centre, Left, Right), Defensive Midfielder (C)",Right-Back,right,16(6),1464.0,1,-,3,-,88.9,0.5,-,6.46,"Jun 30, 2029",€27.00m,0.4,-,-,-,-,0.4,0.1,0.1,0.2,0.6,0.3,0.3,0.6,0.2,0.8,0.5,0.3,1.5,0.7,2.3,0.7,0.3,0.8,-,2.5,0.2,-,0.5,-,-,-,-,42,1.7,1.5,35.6,3.2,0.5,0.1,0.4,-,-,-,-,-,-,-
1482,Robin Gosens,ACF Fiorentina,Bundesliga,30 years old (05-07-1994),183cm,Germany,"Defender (Left), Midfielder (Centre, Left)",,,1,90.0,-,-,1,-,58.1,7,-,6.46,,,1,-,-,-,-,1,1,-,-,-,-,-,2,-,11,7,4,-,3,3,1,-,5,-,1,-,1,1,-,-,-,-,31,-,2,18,11,1,-,1,-,-,-,-,-,-,-
1483,Kilian Fischer,VfL Wolfsburg,Bundesliga,24 years old (12-10-2000),"1,82m",Germany,"Defender (Centre, Right), Midfielder (Right)",Right-Back,both,27(3),2174.0,1,-,6,-,80.8,0.7,-,6.46,"Jun 30, 2027",€6.00m,0.2,-,-,-,-,0.2,0.1,-,0.1,0.8,0.4,0.3,0.9,0.3,1.8,0.7,1.1,2,1.4,3.4,0.6,0.2,1,-,2.8,0.3,0.3,1,-,-,-,-,29.5,1.4,1.4,22.4,4.2,0.3,0.1,0.2,-,-,-,-,-,-,-
1484,El Bilal Touré,VfB Stuttgart,Bundesliga,23 years old (03-10-2001),"1,85m",Mali,Forward,Centre-Forward,both,3(9),351.0,2,1,-,-,79.8,1.6,1,6.46,"Jun 30, 2025",€17.00m,1.2,0.2,0.1,-,0.1,1.2,0.3,-,0.9,0.5,0.3,0.3,0.8,0.2,2.8,1.6,1.3,0.3,-,0.3,-,0.3,0.8,0.1,0.1,-,-,0.1,-,-,-,-,7.8,0.1,-,6.2,1.6,0.6,0.1,0.5,0.1,-,-,0.1,-,-,-
1485,Fabian Rieder,VfB Stuttgart,Bundesliga,23 years old (16-02-2002),"1,79m",Switzerland,"Attacking Midfielder (Centre, Right)",Right Winger,left,8(13),867.0,1,3,1,-,75.6,0.2,-,6.46,"Jun 30, 2025",€7.00m,1,-,-,-,-,1,0.6,-,0.3,0.9,0.5,0.4,1,0.6,0.8,0.2,0.6,0.8,0.8,1.6,0.5,0.5,0.7,-,0.3,-,-,0.4,-,-,-,-,16.6,0.6,0.7,12,3.3,0.6,0.1,0.4,0.1,-,-,-,-,-,-
1486,Max Geschwill,Holstein Kiel,Bundesliga,23 years old (07-07-2001),"1,85m",Germany,Defender (Centre),Centre-Back,left,13(5),1239.0,1,2,2,-,77.9,0.8,1,6.45,-,€1.50m,0.5,0.1,-,0.1,-,0.5,0.1,0.2,0.3,0.3,0.2,0.1,0.3,0.1,1.9,0.8,1.1,1.4,0.3,1.7,1.5,0.4,0.7,0.1,2.7,0.5,0.1,0.3,-,-,-,-,33,1.7,2.6,24.1,4.7,0.6,0.1,0.4,0.1,-,-,-,-,-,0.1
1487,Lasse Rosenboom,Holstein Kiel,Bundesliga,23 years old (19-01-2002),"1,90m",Germany,Midfielder (Right),Right-Back,right,18(5),1498.0,1,2,3,-,63.8,1.2,-,6.45,-,€1.00m,0.3,-,-,-,-,0.3,-,-,0.3,0.8,0.5,0.3,1.3,0.5,2.9,1.2,1.7,1.5,0.5,2,0.7,0.5,0.7,-,2.3,0.3,0.3,0.8,-,-,-,-,15.4,0.7,1.6,9.1,4,0.6,0.1,0.5,0.1,-,-,-,-,-,-
1488,Lennard Maloney,1.FSV Mainz 05,Bundesliga,25 years old (08-10-1999),"1,88m",USA,"Defender (Centre), Defensive Midfielder (C)",Defensive Midfield,right,10(1),765.0,-,-,1,-,72.1,1.5,-,6.45,"Jun 30, 2028",€5.00m,0.3,-,-,-,-,0.3,-,0.1,0.2,0.4,0.3,0.1,1,0.1,2.5,1.5,1.1,1.8,0.8,2.6,1.3,0.4,1,0.1,3.4,0.2,0.1,0.6,-,-,-,-,24.5,1.5,3.4,16.2,3.5,0.1,-,0.1,-,-,-,-,-,-,-
1489,Alexander Meyer,Borussia Dortmund,Bundesliga,34 years old (13-04-1991),"1,95m",Germany,Goalkeeper,Goalkeeper,right,2,180.0,-,-,-,-,63.7,-,-,6.45,"Jun 30, 2026",€800k,-,-,-,-,-,-,-,-,-,-,-,-,-,-,-,-,-,-,-,-,-,-,-,-,0.5,-,-,-,3.5,0.5,2,1,40,6.5,14,19,0.5,0.5,0.5,-,-,-,-,-,-,-,-
1490,Patrick Osterhage,SC Freiburg,Bundesliga,25 years old (01-02-2000),"1,86m",Germany,Defensive Midfielder (C),Central Midfield,left,25(3),2095.0,1,-,4,1,85.4,1,-,6.45,-,€8.50m,0.7,-,-,-,-,0.7,0.4,-,0.3,0.9,0.5,0.4,0.8,0.6,2.2,1,1.2,1.5,0.5,2,0.6,0.7,0.9,0.2,1.1,0.1,0.1,0.8,-,-,-,-,33.6,0.9,1,27.8,3.9,0.6,-,0.6,-,-,-,-,-,-,-
1491,Armin Gigovic,Holstein Kiel,Bundesliga,23 years old (06-04-2002),"1,87m",Sweden,Attacking Midfielder (Centre),Central Midfield,right,21(7),1709.0,5,1,4,-,79.7,0.5,-,6.45,-,€3.00m,0.8,0.2,0.1,-,0.1,0.8,0.4,-,0.4,1.9,1.2,0.7,1.5,0.7,1,0.5,0.5,0.7,0.5,1.2,0.7,0.9,0.6,0.1,1,-,-,0.5,-,-,-,-,21.5,0.7,1,16.4,3.4,0.5,0.1,0.4,-,-,-,-,-,-,-
1492,Alexander Nübel,VfB Stuttgart,Bundesliga,28 years old (30-09-1996),"1,93m",Germany,Goalkeeper,Goalkeeper,right,31,2790.0,-,1,-,-,73.4,0.1,-,6.44,"Jun 30, 2026",€12.00m,-,-,-,-,-,-,-,-,-,-,-,-,-,-,0.2,0.1,-,-,-,-,-,0.1,-,-,0.8,-,-,-,2.6,0.1,1.9,0.5,34.6,6.5,8.9,18.9,0.3,0.1,0.1,-,-,-,-,-,-,-,-
1493,Josha Vagnoman,VfB Stuttgart,Bundesliga,24 years old (11-12-2000),"1,90m",Germany,"Defender (Left, Right), Midfielder (Right)",Right-Back,right,18(5),1705.0,1,1,4,-,81.7,0.9,-,6.44,"Jun 30, 2026",€12.00m,0.6,-,-,-,-,0.6,0.2,-,0.4,1.2,0.8,0.3,1.1,0.8,1.7,0.9,0.8,1,0.6,1.6,0.5,0.8,0.7,-,2.1,0.1,0.3,0.6,-,-,-,-,29.4,1.1,1,22.9,4.4,0.8,0.1,0.7,-,-,-,-,-,-,-
1494,Gerrit Holtmann,VfL Bochum,Bundesliga,30 years old (25-03-1995),"1,85m",Germany,"Defender (Left), Midfielder (Left, Right)",Left Winger,left,12(9),1083.0,1,1,2,-,78.9,0.4,-,6.44,"Jun 30, 2025",€700k,1.1,-,-,-,-,1.1,0.7,-,0.4,0.8,0.6,0.2,1.5,0.4,1.1,0.4,0.7,1.1,0.5,1.6,0.7,0.3,1,0.2,0.5,0.1,0.1,0.6,-,-,-,-,12.6,0.4,0.7,9.6,2,0.7,0.1,0.6,-,-,-,-,-,-,-
1495,Bence Dárdai,VfL Wolfsburg,Bundesliga,19 years old (24-01-2006),"1,89m",Germany,Midfielder (Centre),Attacking Midfield,right,15(4),1208.0,1,1,-,-,81.8,0.6,-,6.44,-,€9.00m,0.6,0.1,-,0.1,-,0.6,0.2,0.2,0.2,0.4,0.4,-,0.8,0.5,1.3,0.6,0.7,1.1,0.7,1.8,0.6,0.8,0.4,-,1.4,0.2,0.1,0.7,-,-,-,-,20.8,0.5,1.3,16.5,2.5,0.5,0.1,0.4,0.1,-,-,-,-,-,0.1
1496,Carlo Boukhalfa,FC St. Pauli,Bundesliga,25 years old (03-05-1999),"1,86m",Germany,Attacking Midfielder (Centre),Central Midfield,left,16(6),1397.0,2,-,-,-,70.7,1.1,1,6.43,"Jun 30, 2025",€1.00m,0.9,0.1,-,-,-,0.9,0.3,-,0.5,1.1,0.6,0.5,1.2,0.8,2.8,1.1,1.7,1,0.5,1.5,0.5,0.7,0.6,0.1,0.8,0.1,0.1,0.7,-,-,-,-,17.8,0.4,1,12.2,4.2,0.4,0.1,0.3,-,-,-,-,-,-,-
1497,Donyell Malen,Aston Villa,Bundesliga,26 years old (19-01-1999),176cm,Netherlands,"Attacking Midfielder (Centre, Left, Right), Forward",,,6(8),611.0,3,-,1,-,75.4,0.1,-,6.43,,,1.4,0.2,0.1,0.1,0.1,1.4,0.2,0.2,0.9,2.3,1.5,0.8,1.1,0.6,0.3,0.1,0.2,-,0.1,0.1,0.2,0.5,0.1,0.2,0.1,-,0.3,0.1,-,-,-,-,12.2,-,0.4,9.2,2.6,0.1,-,0.1,-,-,-,-,-,-,-
1498,João Palhinha,Bayern Munich,Bundesliga,29 years old (09-07-1995),"1,90m",Portugal,Defensive Midfielder (C),Defensive Midfield,right,6(9),658.0,-,-,2,1,93,1.3,-,6.43,"Jun 30, 2028",€40.00m,0.7,-,-,-,-,0.7,0.2,-,0.5,0.3,0.1,0.1,0.4,0.4,2.1,1.3,0.7,1.3,0.3,1.5,0.3,0.6,0.9,-,0.6,0.1,-,0.7,-,-,-,-,36.1,1.3,0.6,32.2,1.9,0.3,-,0.3,-,-,-,-,-,-,-
1499,Henri Koudossou,FC Augsburg,Bundesliga,25 years old (03-09-1999),"1,80m",Germany,Defender,Right-Back,both,4(15),667.0,-,-,1,-,82.1,0.4,-,6.43,"Jun 30, 2026",€1.50m,0.1,-,-,-,-,0.1,0.1,-,0.1,0.8,0.4,0.4,0.7,0.1,0.8,0.4,0.4,0.9,0.4,1.4,0.7,0.3,0.3,0.1,1.5,0.1,0.4,0.3,-,-,-,-,12.6,0.2,0.4,10.2,1.8,0.4,0.1,0.4,-,-,-,-,-,-,-
1500,Junior Dina Ebimbe,Eintracht Frankfurt,Bundesliga,24 years old (21-11-2000),"1,84m",France,"Midfielder (Centre, Left, Right)",Right Midfield,right,3(4),291.0,-,1,-,-,66.7,1.3,-,6.43,"Jun 30, 2027",€7.00m,1.1,-,-,-,-,1.1,0.4,-,0.7,1.6,0.9,0.7,1.1,0.6,2.1,1.3,0.9,0.4,0.3,0.7,1,0.6,1.4,0.1,0.7,-,0.1,0.6,-,-,-,-,13.7,0.3,0.6,8.9,4,0.4,-,0.4,0.1,-,-,-,-,-,0.1
1501,Jakub Kaminski,VfL Wolfsburg,Bundesliga,22 years old (05-06-2002),"1,79m",Poland,"Midfielder (Left, Right)",Left Winger,right,10(10),989.0,-,2,2,-,75.4,0.3,-,6.43,"Jun 30, 2027",€6.00m,0.7,-,-,-,-,0.7,0.3,0.2,0.3,1,0.6,0.4,0.9,0.6,1.2,0.3,0.9,0.8,0.7,1.5,0.6,0.2,0.5,-,0.9,0.4,0.2,0.5,-,-,-,-,15.7,0.6,0.6,11.3,3.3,1.2,0.3,0.9,0.1,0.1,0.1,-,-,-,0.1
1502,Derrick Köhn,SV Werder Bremen,Bundesliga,26 years old (04-02-1999),"1,80m",Germany,"Defender (Centre, Left), Midfielder (Left)",Left-Back,left,14(10),1317.0,2,2,2,-,83.8,0.4,-,6.43,"Jun 30, 2025",€6.00m,0.5,0.1,-,-,0.1,0.5,-,-,0.5,1.7,1,0.6,0.9,0.5,0.9,0.4,0.5,0.8,0.2,1,0.4,0.8,0.6,0.2,0.9,0.2,0.2,0.7,-,-,-,-,22.6,0.5,0.7,18.5,3,0.7,0.2,0.5,0.1,-,-,-,-,-,-
1503,Michael Zetterer,SV Werder Bremen,Bundesliga,29 years old (12-07-1995),"1,87m",Germany,Goalkeeper,Goalkeeper,both,31,2790.0,-,-,2,-,75.7,0.3,3,6.43,"Jun 30, 2027",€4.50m,-,-,-,-,-,-,-,-,-,-,-,-,-,-,0.3,0.3,-,-,-,-,-,0.2,-,-,0.8,-,-,-,2.7,0.4,1.5,0.9,33.2,6.1,7.7,19,0.4,-,-,-,-,-,-,-,-,-,-
1504,Eren Dinkçi,SC Freiburg,Bundesliga,23 years old (13-12-2001),"1,88m",Turkey,"Attacking Midfielder (Centre, Left, Right)",Right Winger,right,13(10),1198.0,-,3,1,-,78,0.3,-,6.43,-,€12.00m,0.6,-,-,-,-,0.6,0.3,-,0.3,1.7,1,0.7,1.3,0.5,0.9,0.3,0.6,0.9,0.7,1.6,0.3,0.3,0.4,-,0.3,0.1,-,0.9,-,-,-,-,16.4,0.3,0.5,12.5,3.1,1,-,1,0.1,-,-,-,-,-,0.1
1505,Noahkai Banks,FC Augsburg,Bundesliga,18 years old (01-12-2006),"1,93m",USA,Defender,Centre-Back,right,2(6),275.0,-,-,2,-,94.4,1,-,6.43,"Jun 30, 2027",€6.00m,0.1,-,-,-,-,0.1,-,-,0.1,0.1,0.1,-,0.3,0.1,2,1,1,1.4,0.5,1.9,0.6,0.1,0.3,-,3.5,0.1,-,0.4,-,-,-,-,20,1.4,0.1,17.5,1,-,-,-,-,-,-,-,-,-,-
1506,Maxim Leitsch,1.FSV Mainz 05,Bundesliga,26 years old (18-05-1998),"1,89m",Germany,Defender (Centre),Centre-Back,left,6(8),670.0,1,-,2,-,79.5,1.4,-,6.43,"Jun 30, 2026",€2.00m,0.4,0.1,-,-,0.1,0.4,0.1,0.1,0.2,0.1,0.1,-,0.6,0.2,3.6,1.4,2.2,0.9,0.1,1,0.7,0.3,0.7,-,2.9,0.3,0.1,0.6,-,-,-,-,25.1,0.7,2.3,19.3,2.9,0.1,-,0.1,-,-,-,-,-,-,-
1507,Lucas Tousart,1.FC Union Berlin,Bundesliga,28 years old (29-04-1997),"1,84m",France,Defensive Midfielder (C),Defensive Midfield,right,6(8),532.0,-,1,2,-,66.2,1.4,-,6.43,-,€4.00m,0.6,-,-,-,-,0.6,0.3,-,0.4,0.7,0.4,0.4,0.6,0.4,2.5,1.4,1.1,1.2,0.5,1.7,0.5,0.4,0.8,-,1.4,0.2,0.2,0.4,-,-,-,-,10.6,0.2,0.9,6.8,2.7,0.2,-,0.2,0.1,-,-,-,-,-,0.1
1508,Anrie Chase,VfB Stuttgart,Bundesliga,21 years old (24-03-2004),"1,88m",,Defender (Centre),Centre-Back,right,7(5),729.0,-,-,1,-,92,1.4,-,6.43,-,€4.00m,0.4,-,-,-,-,0.4,0.2,-,0.3,0.4,0.3,0.2,0.3,0.1,2.5,1.4,1.1,0.8,0.2,1,0.8,0.2,1,-,2.8,0.5,0.1,0.3,-,-,-,-,44,1.5,1.6,39,1.9,-,-,-,-,-,-,-,-,-,-
1509,Martin Terrier,Bayer 04 Leverkusen,Bundesliga,28 years old (04-03-1997),"1,84m",France,"Attacking Midfielder (Centre, Left), Forward",Left Winger,right,7(8),584.0,2,1,1,-,84.2,0.7,-,6.43,"Jun 30, 2029",€17.00m,1.1,0.1,-,0.1,0.1,1.1,0.1,0.2,0.8,0.3,0.1,0.1,0.7,0.4,1.6,0.7,0.9,0.3,0.2,0.5,0.1,0.6,0.1,0.1,0.1,-,-,0.2,-,-,-,-,12.7,0.2,0.1,10.5,1.9,0.5,-,0.5,0.1,-,-,-,-,-,0.1
1510,Maarten Vandevoordt,RB Leipzig,Bundesliga,23 years old (26-02-2002),"1,92m",Belgium,Goalkeeper,Goalkeeper,right,3(2),338.0,-,-,-,-,76.9,0.2,-,6.43,"Jun 30, 2029",€8.00m,-,-,-,-,-,-,-,-,-,-,-,-,-,-,0.2,0.2,-,-,-,-,-,-,-,-,1,-,-,-,1.8,0.2,0.8,0.8,20.8,2.4,4.8,13.6,-,-,-,-,-,-,-,-,-,-,-
1511,Finn Jeltsch,VfB Stuttgart,Bundesliga,18 years old (17-07-2006),"1,88m",,Defender (Centre),Centre-Back,right,7(2),648.0,-,-,2,-,92.5,0.9,-,6.43,"Jun 30, 2030",€12.00m,0.2,-,-,-,-,0.2,0.1,-,0.1,0.3,0.1,0.2,1,0.1,1.9,0.9,1,1.8,0.3,2.1,1.2,0.3,0.6,-,2.4,0.7,0.3,0.7,-,-,-,-,56.2,0.9,1.6,51.1,2.7,0.2,-,0.2,-,-,-,-,-,-,-
1512,Lovro Majer,VfL Wolfsburg,Bundesliga,27 years old (17-01-1998),"1,78m",Croatia,"Attacking Midfielder (Centre, Right)",Attacking Midfield,left,2(4),164.0,2,-,1,-,68.8,0.3,-,6.42,"Jun 30, 2028",€20.00m,0.5,0.3,-,-,0.3,0.5,-,-,0.5,0.7,0.2,0.5,0.5,0.8,1,0.3,0.7,-,0.3,0.3,-,0.7,0.8,-,0.3,-,-,0.3,-,-,-,-,8,0.3,0.2,5.2,2.3,0.2,-,0.2,-,-,-,-,-,-,-
1513,Jacob Bruun Larsen,VfB Stuttgart,Bundesliga,26 years old (19-09-1998),"1,83m",Denmark,"Attacking Midfielder (Centre, Left, Right), Forward",Left Winger,right,3(9),393.0,2,2,-,-,81.3,0.4,-,6.42,"Jun 30, 2027",€6.00m,1.2,0.2,-,-,0.2,1.2,0.3,-,0.8,1.8,1.2,0.6,0.8,0.8,0.7,0.4,0.3,0.3,0.4,0.8,0.1,0.2,0.2,0.3,0.2,0.1,-,0.3,-,-,-,-,11.6,0.5,0.3,8.9,1.8,0.7,-,0.7,0.2,-,-,-,-,-,0.2
1514,Niels Nkounkou,Eintracht Frankfurt,Bundesliga,24 years old (01-11-2000),"1,80m",France,"Defender (Left), Midfielder (Left)",Left-Back,left,4(7),374.0,-,-,1,-,72.7,0.2,-,6.42,"Jun 30, 2028",€5.00m,0.4,-,-,-,-,0.4,0.3,-,0.1,1.5,0.8,0.6,0.6,0.4,0.6,0.2,0.5,1.2,0.3,1.5,0.6,0.2,0.5,-,1.1,0.2,0.2,0.3,-,-,-,-,16.6,0.9,1.4,11.2,3.2,0.8,0.1,0.7,-,-,-,-,-,-,-
1515,Lukas Ullrich,Borussia Mönchengladbach,Bundesliga,21 years old (16-03-2004),"1,80m",,Defender (Left),Left-Back,left,21(2),1657.0,1,2,4,-,76.3,0.5,-,6.42,"Jun 30, 2027",€8.00m,0.3,-,-,-,-,0.3,0.1,0.1,0.1,1,0.7,0.3,0.7,0.5,1.3,0.5,0.8,1,0.8,1.8,0.8,0.7,0.9,-,2.5,0.3,0.3,0.7,-,-,-,-,25.5,1,2.6,18.5,3.5,0.3,-,0.3,0.1,-,-,-,-,-,-
1516,Haris Tabakovic,TSG 1899 Hoffenheim,Bundesliga,30 years old (20-06-1994),"1,94m",Switzerland,Forward,Centre-Forward,right,6(14),779.0,2,1,-,-,65.6,2.1,-,6.42,"Jun 30, 2027",€3.00m,1.4,0.1,-,-,0.1,1.4,0.1,0.1,1.3,0.6,0.4,0.2,1.2,0.5,3.9,2.1,1.8,0.2,0.2,0.3,0.1,0.4,0.8,0.4,0.8,0.1,-,0.1,-,-,-,-,9.6,0.1,-,6.3,3.3,0.4,-,0.4,0.1,-,-,-,-,-,0.1
1517,Elvis Rexhbeçaj,FC Augsburg,Bundesliga,27 years old (01-11-1997),"1,82m",Germany,Midfielder (Centre),Central Midfield,left,22(2),1765.0,1,1,8,-,77.2,0.5,-,6.42,"Jun 30, 2026",€3.50m,1.1,-,-,-,-,1.1,0.5,-,0.5,1.3,0.9,0.4,1.3,1,1.3,0.5,0.8,1.1,0.8,2,0.7,1.7,0.5,-,0.8,0.4,0.1,1.2,-,-,-,-,23.4,0.9,0.9,17.2,4.4,0.6,0.2,0.4,-,-,-,-,-,-,-
1518,Andreas Hanche-Olsen,1.FSV Mainz 05,Bundesliga,28 years old (17-01-1997),"1,85m",Norway,"Defender (Centre, Right)",Centre-Back,right,9(10),1009.0,1,1,1,1,81.4,1.8,-,6.42,"Jun 30, 2026",€6.00m,0.4,0.1,-,-,0.1,0.4,0.1,-,0.4,0.1,-,0.1,0.3,0.1,3.2,1.8,1.4,0.9,0.2,1.1,0.4,0.3,0.8,-,3.6,0.8,-,0.3,-,-,-,-,24.1,1.1,2.5,18.5,2,0.1,-,0.1,0.1,-,-,-,-,-,0.1
1519,Jordan Siebatcheu,Stade Reims,Bundesliga,29 years old (26-04-1996),190cm,USA,Forward,,,10(8),909.0,-,1,2,-,69.3,2.4,-,6.42,,,1.3,-,-,-,-,1.3,0.1,0.2,0.9,0.7,0.3,0.4,1.3,0.9,4.5,2.4,2.1,0.6,0.2,0.8,0.2,0.8,1.2,0.4,0.9,0.1,0.1,0.4,-,-,-,-,10.5,0.2,0.2,7.1,3.1,0.8,-,0.8,0.1,-,-,-,-,-,0.1
1520,Elias Saad,FC St. Pauli,Bundesliga,25 years old (27-12-1999),"1,85m",Germany,"Attacking Midfielder (Centre, Left)",Left Winger,right,10(8),903.0,3,2,1,-,79.9,0.4,1,6.41,-,€4.00m,1.4,0.2,-,-,0.2,1.4,0.5,0.1,0.9,2.8,1.9,0.9,3.2,2,1.7,0.4,1.3,1.1,0.6,1.7,0.2,1.3,0.9,0.4,0.1,-,-,0.8,-,-,-,-,12.2,0.3,0.3,9.4,2.1,0.8,0.1,0.7,0.1,0.1,-,-,-,-,0.1
1521,Felix Passlack,VfL Bochum,Bundesliga,26 years old (29-05-1998),"1,70m",Germany,"Defender (Left, Right), Midfielder (Centre, Right)",Right-Back,right,27(1),2090.0,1,4,4,-,71.9,0.3,-,6.41,"Jun 30, 2025",€2.50m,0.7,-,-,-,-,0.7,0.4,-,0.4,1.1,0.7,0.4,0.6,0.3,1,0.3,0.7,1.8,0.8,2.6,0.6,0.7,1,0.1,1.6,0.4,0.4,1,-,-,-,-,24.1,1.7,2.5,15.6,4.3,0.8,0.3,0.5,0.1,0.1,-,-,-,-,-
1522,Marcel Sabitzer,Borussia Dortmund,Bundesliga,31 years old (17-03-1994),"1,78m",Austria,"Midfielder (Centre, Left, Right), Forward",Central Midfield,right,17(6),1473.0,-,-,2,-,85.6,0.8,-,6.41,"Jun 30, 2027",€10.00m,0.7,-,-,-,-,0.7,0.3,0.1,0.3,0.5,0.3,0.2,0.9,0.5,1.3,0.8,0.6,1.2,0.4,1.6,0.4,0.4,0.3,-,1.2,0.3,-,0.5,-,-,-,-,30.5,1,1.2,25.1,3.2,0.5,-,0.4,-,-,-,-,-,-,-
1523,Yan Couto,Borussia Dortmund,Bundesliga,22 years old (03-06-2002),"1,68m",Brazil,"Defender (Right), Midfielder (Right)",Right-Back,right,8(12),885.0,-,-,5,-,85.2,0.1,-,6.41,"Jun 30, 2025",€20.00m,0.3,-,-,-,-,0.3,0.2,-,0.1,1.6,1,0.6,0.7,0.4,0.4,0.1,0.4,1.2,0.6,1.8,0.5,0.4,0.6,-,1.3,0.1,0.3,0.6,-,-,-,-,28.8,0.9,1,23.7,3.3,0.7,0.1,0.6,-,-,-,-,-,-,-
1524,Luca Jaquez,VfB Stuttgart,Bundesliga,21 years old (02-06-2003),"1,87m",Switzerland,Defender,Centre-Back,right,1(1),87.0,-,-,-,-,86.4,0.5,-,6.41,"Jun 30, 2029",€6.00m,-,-,-,-,-,-,-,-,-,-,-,-,-,-,1.5,0.5,1,1.5,0.5,2,-,-,1,-,0.5,-,-,0.5,-,-,-,-,22,0.5,2.5,18.5,0.5,-,-,-,-,-,-,-,-,-,-
1525,Arthur,Bayer 04 Leverkusen,Bundesliga,22 years old (17-03-2003),"1,74m",,"Defender (Right), Midfielder (Right)",Right-Back,right,7(10),634.0,-,1,-,-,82.5,0.5,-,6.4,"Jun 30, 2028",€7.00m,0.1,-,-,-,-,0.1,-,-,0.1,1.2,0.9,0.3,0.7,0.2,1.1,0.5,0.6,0.8,0.3,1.1,0.5,0.4,0.9,-,1.2,-,0.2,0.4,-,-,-,-,16.5,0.4,0.7,13.2,2.2,0.1,-,0.1,0.1,-,-,-,-,-,0.1
1526,Justin Njinmah,SV Werder Bremen,Bundesliga,24 years old (15-11-2000),"1,85m",Germany,"Attacking Midfielder (Centre), Forward",Right Winger,right,10(13),924.0,3,2,1,-,65.1,0.7,-,6.4,"Jun 30, 2027",€7.00m,1.3,0.1,-,-,0.1,1.3,0.2,0.1,1,1.1,0.7,0.4,1,0.3,1.6,0.7,0.9,0.2,0.1,0.3,0.1,0.7,0.3,0.5,-,-,-,0.2,-,-,-,-,9.1,0.3,0.1,5.6,3.1,0.5,0.1,0.4,0.1,-,-,-,-,-,0.1
1527,Jonas Föhrenbach,1.FC Heidenheim 1846,Bundesliga,29 years old (26-01-1996),"1,84m",Germany,"Defender (Centre, Left), Midfielder (Left)",Left-Back,left,22(4),1821.0,-,1,3,-,74.9,0.5,-,6.4,"Jun 30, 2027",€2.00m,0.3,-,-,-,-,0.3,0.2,-,0.2,0.7,0.4,0.3,0.6,0.1,1.2,0.5,0.7,1.7,0.5,2.2,0.6,0.2,0.5,-,1.8,0.1,0.3,1,-,-,-,-,26.3,1.5,2.8,18.2,3.8,0.5,0.1,0.4,-,-,-,-,-,-,-
1528,Farès Chaïbi,Eintracht Frankfurt,Bundesliga,22 years old (28-11-2002),"1,83m",Algeria,"Attacking Midfielder (Centre, Left, Right), Forward",Attacking Midfield,right,9(14),908.0,1,1,2,-,74.6,0.6,-,6.4,"Jun 30, 2028",€9.00m,1,-,-,-,-,1,0.4,0.1,0.5,0.3,0.1,0.2,0.7,0.3,1.5,0.6,0.9,0.6,0.5,1,0.4,0.2,0.2,-,1.2,-,0.2,0.4,-,-,-,-,14.6,0.5,0.9,10.3,2.8,0.9,0.2,0.7,-,-,-,-,-,-,-
1529,Oliver Burke,SV Werder Bremen,Bundesliga,28 years old (07-04-1997),"1,88m",Scotland,"Attacking Midfielder (Centre, Left, Right), Forward",Centre-Forward,right,7(16),730.0,5,-,4,-,60.6,1.5,1,6.4,"Jun 30, 2025",€1.80m,1.3,0.2,-,-,0.2,1.3,0.1,-,1.1,0.4,0.2,0.2,1.3,0.4,2.4,1.5,0.9,0.4,-,0.4,0.1,-,0.5,0.3,0.3,-,-,0.8,-,-,-,-,9.5,-,0.1,5.7,3.6,0.5,-,0.5,-,-,-,-,-,-,-
1530,Johan Manzambi,SC Freiburg,Bundesliga,19 years old (14-10-2005),"1,82m",,Midfielder,Central Midfield,right,1(7),136.0,1,1,1,-,81.3,0.4,-,6.4,"Jun 30, 2028",€750k,1.1,0.1,-,-,0.1,1.1,0.5,-,0.6,0.5,0.1,0.4,0.5,0.4,0.9,0.4,0.5,0.6,0.4,1,-,0.5,0.3,-,0.4,-,0.1,0.5,-,-,-,-,8,0.3,0.3,6.3,1.3,0.3,-,0.3,0.1,-,-,-,-,-,0.1
1531,Jonas Hofmann,Bayer 04 Leverkusen,Bundesliga,32 years old (14-07-1992),"1,76m",Germany,"Defender (Right), Midfielder (Centre, Left, Right), Forward",Attacking Midfield,right,3(6),275.0,1,1,1,-,89.9,-,-,6.4,"Jun 30, 2027",€3.00m,0.9,0.1,-,-,0.1,0.9,0.3,-,0.6,0.3,0.1,0.2,0.6,0.1,0.4,-,0.4,0.2,0.2,0.4,-,0.9,0.1,-,0.2,-,-,0.2,-,-,-,-,17.6,0.6,0.3,15.2,1.4,0.7,0.1,0.6,0.1,-,-,-,-,-,0.1
1532,Paul Wanner,1.FC Heidenheim 1846,Bundesliga,19 years old (23-12-2005),"1,85m",Germany,"Attacking Midfielder (Centre, Right)",Attacking Midfield,left,18(9),1604.0,3,1,2,-,76.4,0.4,-,6.4,"Jun 30, 2025",€18.00m,0.9,0.1,-,-,0.1,0.9,0.3,-,0.6,2,1.1,0.9,1.4,1.3,1.1,0.4,0.6,1.2,0.6,1.8,0.1,0.4,0.8,-,0.6,-,0.2,0.5,-,-,-,-,21,0.8,0.8,15.3,4.1,0.6,0.2,0.4,-,-,-,-,-,-,-
1533,Yorbe Vertessen,Salzburg,Bundesliga,24 years old (08-01-2001),176cm,Belgium,"Attacking Midfielder (Centre, Left), Forward",,,7(10),718.0,1,-,2,-,70.1,0.4,1,6.39,,,1.6,0.1,0.1,-,-,1.6,0.9,-,0.7,3,1.9,1.1,1.6,1,1.1,0.4,0.7,0.4,0.4,0.7,0.2,1,0.8,0.1,0.3,-,0.1,0.4,-,-,-,-,10.4,0.1,0.2,7.2,2.9,0.9,0.2,0.7,-,-,-,-,-,-,-
1534,Jonah Kusi-Asare,Bayern Munich,Bundesliga,17 years old (04-07-2007),196cm,,Forward,,,0(1),2.0,-,-,-,-,100,1,-,6.39,,,1,-,-,-,-,1,-,-,1,-,-,-,-,-,2,1,1,1,-,1,-,-,-,-,-,-,-,-,-,-,-,-,1,-,-,1,-,-,-,-,-,-,-,-,-,-,-
1535,Max Rosenfelder,SC Freiburg,Bundesliga,22 years old (10-02-2003),"1,86m",Germany,Defender (Centre),Centre-Back,right,10(12),1034.0,1,-,1,-,87.9,0.4,1,6.39,-,€4.00m,0.2,-,-,-,-,0.2,-,-,0.2,1,0.4,0.6,0.1,-,1.1,0.4,0.7,1,0.1,1.2,0.3,0.5,0.4,-,2.6,0.4,0.1,0.3,-,-,-,-,25.6,0.5,1.1,22,2,0.2,-,0.1,-,-,-,-,-,-,-
1536,Marnon Busch,1.FC Heidenheim 1846,Bundesliga,30 years old (08-12-1994),"1,82m",Germany,"Defender (Right), Midfielder (Right)",Right-Back,right,14(7),1298.0,-,1,1,-,76.2,0.5,-,6.39,"Jun 30, 2027",€1.20m,0.6,-,-,-,-,0.6,0.6,-,-,0.4,0.2,0.1,0.6,-,1.1,0.5,0.6,1.2,0.4,1.6,0.6,0.3,0.3,-,2.8,0.4,0.2,0.6,-,-,-,-,30.6,3.1,3.2,20.2,4,0.6,0.2,0.3,-,-,-,-,-,-,-
1537,Leonardo Bittencourt,SV Werder Bremen,Bundesliga,31 years old (19-12-1993),"1,71m",Germany,"Midfielder (Centre, Left, Right), Forward",Central Midfield,right,10(14),937.0,2,1,3,-,86.8,0.3,-,6.39,"Jun 30, 2026",€2.00m,1.1,0.1,-,-,-,1.1,0.7,-,0.4,0.2,0.2,-,0.5,-,0.8,0.3,0.5,1,0.5,1.5,0.6,0.8,0.5,0.1,0.4,-,-,0.3,-,-,-,-,25.8,1,0.8,21.4,2.7,0.6,0.1,0.5,-,-,-,-,-,-,-
1538,Myron Boadu,VfL Bochum,Bundesliga,24 years old (14-01-2001),"1,81m",Netherlands,Forward,Centre-Forward,right,9(7),798.0,5,1,2,-,71.5,0.6,2,6.39,"Jun 30, 2025",€7.00m,1.1,0.3,-,0.3,0.1,1.1,0.2,0.3,0.6,0.7,0.4,0.3,1.1,0.5,1.3,0.6,0.7,0.1,0.2,0.3,0.1,0.3,0.4,0.6,0.3,-,-,0.1,-,-,-,-,8.1,-,0.1,5.8,2.2,0.4,-,0.4,0.1,-,-,-,-,-,0.1
1539,Nediljko Labrovic,FC Augsburg,Bundesliga,25 years old (10-10-1999),"1,96m",Croatia,Goalkeeper,Goalkeeper,right,15,1350.0,-,-,-,-,65.6,0.5,-,6.38,"Jun 30, 2029",€3.00m,-,-,-,-,-,-,-,-,-,-,-,-,-,-,0.5,0.5,0.1,-,-,-,-,0.1,-,-,1.3,-,-,-,2.8,0.1,1.5,1.1,28.7,6.5,9.7,12.3,0.2,-,-,-,-,-,-,-,-,-,-
1540,Marco Grüll,SV Werder Bremen,Bundesliga,26 years old (06-07-1998),"1,82m",,"Attacking Midfielder (Centre, Left), Forward",Left Winger,both,12(15),1082.0,6,1,1,-,79.9,0.2,1,6.38,-,€4.00m,0.9,0.2,-,-,0.2,0.9,0.1,-,0.7,1.4,0.9,0.5,1.5,1.4,0.9,0.2,0.6,0.4,0.5,0.9,0.1,1,0.8,0.2,0.3,0.1,-,0.4,-,-,-,-,10,0.2,0.1,7.8,1.9,0.3,-,0.3,-,-,-,-,-,-,-
1541,Michael Gregoritsch,SC Freiburg,Bundesliga,31 years old (18-04-1994),"1,93m",Austria,"Attacking Midfielder (Centre, Right), Forward",Centre-Forward,left,5(14),616.0,2,1,2,-,64.5,1.6,-,6.38,-,€4.00m,0.8,0.1,-,-,0.1,0.8,0.2,-,0.7,0.4,0.2,0.2,0.7,0.5,3.3,1.6,1.7,0.2,0.2,0.4,-,0.3,0.3,0.2,0.5,0.1,0.1,0.1,-,-,-,-,8.2,0.2,0.2,5.1,2.7,0.3,-,0.3,0.1,-,-,-,-,-,0.1
1542,Kevin Müller,1.FC Heidenheim 1846,Bundesliga,34 years old (15-03-1991),"1,90m",Germany,Goalkeeper,Goalkeeper,right,31,2790.0,-,-,-,-,71.8,0.3,-,6.38,"Jun 30, 2027",€1.00m,-,-,-,-,-,-,-,-,-,-,-,-,0.1,-,0.3,0.3,-,0.1,-,0.1,-,0.1,-,-,0.6,-,-,-,3.3,0.1,2,1.1,35.1,6.6,9.7,18.6,0.2,-,-,-,-,-,-,-,-,-,-
1543,Luca Netz,Borussia Mönchengladbach,Bundesliga,21 years old (15-05-2003),"1,84m",Germany,"Defender (Left), Midfielder (Left)",Left-Back,left,8(15),952.0,-,2,2,-,81.2,0.5,-,6.38,"Jun 30, 2026",€7.00m,0.1,-,-,-,-,0.1,-,-,0.1,0.9,0.6,0.3,0.6,0.4,1.1,0.5,0.6,1,0.3,1.3,0.4,0.3,0.3,-,1.4,0.2,0.1,0.6,-,-,-,-,19,0.1,1,15.3,2.6,0.7,-,0.7,0.1,-,-,-,-,-,-
1544,Danel Sinani,FC St. Pauli,Bundesliga,28 years old (05-04-1997),"1,85m",Luxembourg,"Attacking Midfielder (Centre, Right), Forward",Attacking Midfield,left,11(12),1009.0,2,1,2,-,77.1,0.3,1,6.37,-,€750k,1.3,0.1,-,-,0.1,1.3,0.8,-,0.5,0.8,0.4,0.3,1.2,0.5,1.4,0.3,1.1,0.5,0.3,0.8,-,0.4,0.9,0.1,0.4,-,-,0.4,-,-,-,-,16.5,0.5,1,12.2,2.8,0.8,0.3,0.5,-,-,-,-,-,-,-
1545,Janik Haberer,1.FC Union Berlin,Bundesliga,31 years old (02-04-1994),"1,87m",Germany,"Midfielder (Centre, Left, Right), Forward",Central Midfield,right,18(7),1454.0,-,-,-,-,77.9,0.6,-,6.37,"Jun 30, 2027",€2.50m,0.6,-,-,-,-,0.6,0.4,-,0.2,0.2,0.1,0.1,0.4,0.4,1.6,0.6,1,1.1,0.7,1.8,0.6,0.5,0.8,0.1,1.3,-,-,0.6,-,-,-,-,23.4,1.1,1.4,17.1,3.8,0.2,-,0.2,-,-,-,-,-,-,-
1546,Mathys Tel,Tottenham Hotspur,Bundesliga,20 years old (27-04-2005),183cm,France,"Attacking Midfielder (Left), Forward",,,2(6),253.0,-,1,-,-,86.6,0.1,-,6.36,,,1.3,-,-,-,-,1.3,0.4,-,0.9,1.5,0.8,0.8,0.5,0.8,0.1,0.1,-,0.3,-,0.3,0.1,0.8,0.6,0.1,0.1,-,-,-,-,-,-,-,14.9,0.5,0.5,12.4,1.5,0.1,-,0.1,0.1,0.1,-,-,-,-,-
1547,Marko Ivezic,Holstein Kiel,Bundesliga,23 years old (02-12-2001),"1,91m",Serbia,"Defender (Centre), Defensive Midfielder (C)",Centre-Back,right,18(3),1583.0,-,-,5,-,86.1,1.5,-,6.36,"Jun 30, 2027",€2.50m,0.3,-,-,-,-,0.3,-,-,0.2,0.3,0.1,0.2,0.8,0.3,2.9,1.5,1.4,1.4,1.3,2.7,1.2,0.2,1.2,-,4.4,0.5,0.1,0.5,-,-,-,-,42.4,1.8,2.7,34.7,3.2,0.2,-,0.2,-,-,-,-,-,-,-
1548,Johannes Eggestein,FC St. Pauli,Bundesliga,26 years old (08-05-1998),"1,83m",Germany,"Attacking Midfielder (Centre, Right), Forward",Centre-Forward,right,22(4),1842.0,3,4,3,-,78.1,1.1,1,6.36,"Jun 30, 2025",€3.00m,1.4,0.1,-,-,0.1,1.4,0.3,0.2,0.9,0.7,0.4,0.3,2,1.1,4.3,1.1,3.2,0.2,0.2,0.3,-,0.5,0.4,0.5,0.3,-,-,0.2,-,-,-,-,19.3,0.5,0.2,14.5,4,0.9,-,0.9,0.2,-,-,-,-,-,0.2
1549,Maximilian Bauer,Kaiserslautern,Bundesliga,25 years old (09-02-2000),189cm,Germany,Defender (Centre),,,8(3),657.0,-,-,1,-,81.9,1.9,-,6.36,,,0.1,-,-,-,-,0.1,-,-,0.1,-,-,-,0.5,0.2,3.1,1.9,1.2,1.3,0.5,1.7,0.5,1.2,0.6,-,3.2,0.4,-,0.5,-,-,-,-,30.1,1.4,2.9,23.3,2.5,0.2,0.1,0.1,-,-,-,-,-,-,-
1550,Timo Becker,Holstein Kiel,Bundesliga,28 years old (25-03-1997),"1,90m",Germany,"Defender (Centre, Right), Midfielder (Right)",Centre-Back,right,25(2),2135.0,-,2,2,-,78.5,1,-,6.36,"Jun 30, 2025",€2.00m,0.6,-,-,-,-,0.6,0.3,0.1,0.3,0.9,0.5,0.4,0.8,0.3,2.1,1,1.1,1.6,0.4,2,0.5,0.3,0.3,-,3,0.5,0.1,0.4,-,-,-,-,27.8,2.3,2.3,19.5,3.6,0.2,-,0.2,0.1,-,-,-,-,-,0.1
1551,Giovanni Reyna,Borussia Dortmund,Bundesliga,22 years old (13-11-2002),"1,85m",USA,"Attacking Midfielder (Centre, Left, Right)",Attacking Midfield,right,3(12),331.0,2,-,3,-,82.2,0.5,-,6.35,"Jun 30, 2026",€10.00m,0.2,0.1,0.1,-,0.1,0.2,0.1,-,0.1,0.5,0.2,0.3,0.6,0.5,0.9,0.5,0.4,0.4,0.1,0.5,-,0.2,0.5,-,0.6,0.1,-,0.1,-,-,-,-,11.3,0.2,0.4,9.1,1.6,0.1,-,0.1,-,-,-,-,-,-,-
1552,Andu Kelati,Holstein Kiel,Bundesliga,22 years old (13-08-2002),"1,81m",,Midfielder,Left Winger,right,2(6),287.0,1,1,-,1,79.5,-,-,6.35,"Jun 30, 2028",€800k,0.8,0.1,-,0.1,-,0.8,-,0.1,0.6,0.5,0.1,0.4,1,0.5,0.3,-,0.3,0.9,0.4,1.3,0.4,0.6,0.5,-,0.3,0.1,0.1,0.4,-,-,-,-,14.6,0.8,0.6,10.9,2.4,0.5,0.1,0.4,0.1,-,-,0.1,-,-,-
1553,Jakov Medic,VfL Bochum,Bundesliga,26 years old (07-09-1998),"1,93m",Croatia,Defender (Centre),Centre-Back,right,16(5),1519.0,1,-,2,-,87.1,1.4,-,6.34,"Jun 30, 2025",€2.00m,0.6,-,-,-,-,0.6,-,-,0.5,-,-,-,0.3,0.1,2.7,1.4,1.2,0.6,0.5,1.1,1,0.3,0.5,-,4.7,0.9,0.1,0.5,-,-,-,-,33.1,2,1.8,26.9,2.5,0.1,-,0.1,-,-,-,-,-,-,-
1554,Nelson Weiper,1.FSV Mainz 05,Bundesliga,20 years old (17-03-2005),"1,92m",Germany,Forward,Centre-Forward,right,7(13),690.0,3,1,2,-,69.2,1.6,-,6.34,"Jun 30, 2025",€6.00m,1.1,0.2,-,0.1,0.1,1.1,0.2,0.1,0.8,1.1,0.6,0.5,2.7,0.6,3.8,1.6,2.2,0.3,0.1,0.4,0.1,0.1,1,0.4,0.2,-,-,0.3,-,-,-,-,8,0.1,0.1,5.4,2.4,0.4,-,0.4,0.1,-,-,-,-,-,0.1
1555,David Zec,Holstein Kiel,Bundesliga,25 years old (05-01-2000),"1,90m",Slovenia,Defender (Centre),Centre-Back,right,15,1230.0,1,-,4,-,88.9,1.5,-,6.34,"Jun 30, 2029",€2.50m,0.5,0.1,-,-,0.1,0.5,0.1,-,0.4,0.4,0.2,0.2,0.5,0.3,3.7,1.5,2.3,1.1,0.2,1.3,0.8,0.3,1.1,0.2,4.1,0.9,0.1,0.7,-,-,-,-,42.1,1.7,1.2,35.7,3.5,0.5,-,0.5,-,-,-,-,-,-,-
1556,Mert Kömür,FC Augsburg,Bundesliga,19 years old (17-07-2005),"1,83m",Turkey,Midfielder,Attacking Midfield,both,2(15),456.0,2,1,1,-,75.5,0.6,-,6.34,"Jun 30, 2027",€5.00m,0.6,0.1,-,-,0.1,0.6,0.4,-,0.2,1.1,0.5,0.6,0.9,1,1.3,0.6,0.6,0.2,0.1,0.3,0.2,0.5,0.2,0.1,0.1,0.2,0.1,0.2,-,-,-,-,8.2,0.2,0.1,5.9,1.9,0.5,0.1,0.4,0.1,0.1,0.1,-,-,-,-
1557,Stanley Nsoki,TSG 1899 Hoffenheim,Bundesliga,26 years old (09-04-1999),"1,84m",France,"Defender (Centre, Left)",Centre-Back,left,15(6),1220.0,-,-,3,1,86.1,1,-,6.33,"Jun 30, 2027",€2.50m,0.1,-,-,-,-,0.1,-,-,0.1,0.6,0.2,0.4,0.7,0.2,1.8,1,0.7,1,0.5,1.5,1.2,0.3,0.5,-,2.4,0.3,0.2,0.7,-,-,-,-,36.6,2,1.5,29.5,3.6,0.3,-,0.2,-,-,-,-,-,-,-
1558,Dani de Wit,VfL Bochum,Bundesliga,27 years old (28-01-1998),"1,84m",Netherlands,"Attacking Midfielder (Centre, Right), Forward",Attacking Midfield,right,11(13),1086.0,2,-,1,-,72.6,1.7,-,6.33,"Jun 30, 2028",€3.00m,0.8,0.1,-,-,0.1,0.8,0.1,0.1,0.7,0.3,0.3,-,0.4,0.1,3.6,1.7,1.9,1,0.5,1.5,0.5,0.5,1,0.3,0.9,0.2,-,0.5,-,-,-,-,15.4,0.3,0.4,10.8,3.8,0.3,-,0.3,-,-,-,-,-,-,-
1559,Oscar Højlund,Eintracht Frankfurt,Bundesliga,20 years old (04-01-2005),"1,87m",Denmark,Defensive Midfielder (C),Central Midfield,right,7(12),695.0,1,-,-,-,88.8,0.3,-,6.33,"Jun 30, 2029",€7.50m,0.3,0.1,-,-,0.1,0.3,0.1,-,0.2,0.6,0.2,0.4,0.9,0.6,1.1,0.3,0.8,1.1,0.4,1.5,0.3,0.2,0.6,-,0.4,0.4,-,0.4,-,-,-,-,21.1,0.5,0.5,18.3,1.9,0.3,-,0.3,-,-,-,-,-,-,-
1560,Arthur Vermeeren,RB Leipzig,Bundesliga,20 years old (07-02-2005),"1,80m",Belgium,Defensive Midfielder (C),Defensive Midfield,right,16(9),1395.0,-,2,5,-,86.6,0.3,-,6.33,"Jun 30, 2025",€22.00m,0.1,-,-,-,-,0.1,-,-,0.1,0.5,0.3,0.2,0.7,0.5,1,0.3,0.7,1.2,1.2,2.4,0.9,-,0.7,-,0.8,0.4,-,0.9,-,-,-,-,34.5,0.8,0.8,29.1,3.8,0.4,-,0.4,0.1,-,-,-,-,-,0.1
1561,Marco Komenda,Holstein Kiel,Bundesliga,28 years old (26-11-1996),"1,84m",Germany,"Defender (Centre, Left)",Centre-Back,left,17(2),1313.0,-,-,3,-,79.9,0.8,-,6.33,"Jun 30, 2026",€800k,0.2,-,-,-,-,0.2,0.1,-,0.1,0.1,-,0.1,0.2,-,2.3,0.8,1.5,1.4,0.2,1.6,0.3,0.7,0.8,-,3.4,0.5,0.2,0.6,-,-,-,-,37.4,2.4,3.9,27.4,3.6,0.4,0.1,0.3,-,-,-,-,-,-,-
1562,Samuel Essende,FC Augsburg,Bundesliga,27 years old (23-01-1998),"1,93m",France,Forward,Centre-Forward,right,19(9),1573.0,7,2,4,1,65.5,2,1,6.33,"Jun 30, 2028",€4.50m,1.5,0.3,-,-,0.2,1.5,0.2,0.2,1.1,1.7,1.3,0.4,3,1.3,4.7,2,2.7,0.3,-,0.3,-,1.2,1.5,0.5,0.4,0.1,-,0.4,-,-,-,-,9.9,0.1,-,6.4,3.4,0.4,-,0.4,0.1,-,-,-,-,-,0.1
1563,Kevin Paredes,VfL Wolfsburg,Bundesliga,21 years old (07-05-2003),"1,75m",USA,"Defender (Left), Midfielder (Left, Right)",Left Midfield,left,2,125.0,-,1,1,-,80.4,0.5,-,6.33,"Jun 30, 2026",€7.50m,2,-,-,-,-,2,0.5,-,1.5,1.5,1.5,-,1,0.5,1,0.5,0.5,1.5,0.5,2,0.5,2,0.5,-,-,1,-,-,-,-,-,-,23,-,1.5,18.5,3,1,-,1,0.5,-,-,-,-,-,0.5
1564,Aljoscha Kemlein,1.FC Union Berlin,Bundesliga,20 years old (02-08-2004),"1,87m",Germany,Midfielder (Centre),Defensive Midfield,right,11(4),925.0,1,-,3,-,76.3,1.3,-,6.32,-,€7.00m,0.7,0.1,-,-,0.1,0.7,0.4,-,0.3,0.6,0.2,0.4,0.7,0.1,2.3,1.3,0.9,0.7,0.6,1.3,0.4,0.1,1,0.1,0.9,0.2,0.1,0.7,-,-,-,-,30.3,1.5,2.3,21.6,4.9,0.7,0.1,0.6,-,-,-,-,-,-,-
1565,Gift Orban,TSG 1899 Hoffenheim,Bundesliga,22 years old (17-07-2002),"1,78m",Nigeria,Forward,Centre-Forward,right,7(6),690.0,4,-,2,-,71.9,0.8,-,6.32,"Jun 30, 2029",€10.00m,0.8,0.3,-,0.2,0.1,0.8,0.2,0.2,0.4,0.8,0.5,0.3,1.1,0.4,2.2,0.8,1.4,0.2,0.4,0.6,-,0.5,1.2,0.6,0.2,-,-,0.5,-,-,-,-,10.4,0.4,0.2,7.1,2.7,0.2,-,0.2,-,-,-,-,-,-,-
1566,Cédric Zesiger,FC Augsburg,Bundesliga,26 years old (24-06-1998),"1,94m",Switzerland,Defender (Centre),Centre-Back,left,5(2),521.0,-,-,4,-,80.4,0.4,-,6.32,"Jun 30, 2025",€5.50m,0.3,-,-,-,-,0.3,0.3,-,-,0.4,-,0.4,0.1,0.1,1.9,0.4,1.4,1.9,0.9,2.7,0.4,0.7,2,-,4,0.7,-,0.1,-,-,-,-,32.9,1.7,3.6,24.7,2.9,0.1,0.1,-,-,-,-,-,-,-,-
1567,Stefan Lainer,Borussia Mönchengladbach,Bundesliga,32 years old (27-08-1992),"1,75m",Austria,"Defender (Right), Midfielder (Right)",Right-Back,right,4(14),576.0,1,-,2,-,83.8,0.2,-,6.32,"Jun 30, 2026",€1.80m,0.1,0.1,-,-,0.1,0.1,-,-,0.1,0.5,0.2,0.3,0.3,0.3,0.5,0.2,0.3,1.1,0.1,1.2,0.6,0.3,0.5,-,1.2,0.2,-,0.2,-,-,-,-,16.4,0.4,0.4,13.3,2.2,0.4,0.1,0.3,-,-,-,-,-,-,-
1568,Niklas Süle,Borussia Dortmund,Bundesliga,29 years old (03-09-1995),"1,95m",Germany,"Defender (Centre, Right)",Centre-Back,right,9(3),800.0,-,-,1,-,92.7,1,-,6.32,"Jun 30, 2026",€8.00m,0.7,-,-,-,-,0.7,0.3,0.2,0.3,0.4,0.3,0.2,0.1,-,1.4,1,0.4,0.8,0.3,1.1,0.3,0.1,0.3,-,2.8,0.3,-,0.3,-,-,-,-,60.6,2.1,1.3,54.1,3.2,0.1,-,0.1,-,-,-,-,-,-,-
1569,Carl Johansson,Holstein Kiel,Bundesliga,30 years old (23-05-1994),"1,94m",Sweden,Defender (Centre),Centre-Back,right,4(3),390.0,-,-,-,-,86.7,2.7,-,6.31,"Jun 30, 2026",€700k,0.1,-,-,-,-,0.1,-,-,0.1,-,-,-,0.3,-,4.7,2.7,2,0.6,0.4,1,1.1,0.1,0.3,-,4.1,1,-,0.1,-,-,-,-,32.1,1.3,0.9,26.6,3.4,0.6,-,0.6,-,-,-,-,-,-,-
1570,László Bénes,1.FC Union Berlin,Bundesliga,27 years old (09-09-1997),"1,81m",Slovakia,Midfielder (Centre),Central Midfield,left,2(18),494.0,1,1,4,-,72.5,0.4,-,6.31,-,€4.00m,0.8,0.1,0.1,-,-,0.8,0.6,-,0.2,0.2,0.2,0.1,0.3,0.2,0.8,0.4,0.5,0.1,0.1,0.2,0.2,0.2,0.4,0.1,0.4,0.1,0.1,0.2,-,-,-,-,12.3,1,1,8,2.5,1,0.4,0.7,0.1,0.1,0.1,-,-,-,-
1571,Tim Oermann,VfL Bochum,Bundesliga,21 years old (06-10-2003),"1,89m",Germany,"Defender (Centre, Right)",Centre-Back,right,23(3),1920.0,-,2,-,-,83.6,0.8,-,6.31,"Jun 30, 2026",€5.00m,0.3,-,-,-,-,0.3,0.3,-,-,0.5,0.3,0.2,0.8,0.3,2,0.8,1.2,1.6,0.6,2.2,0.8,0.2,0.5,-,1.8,0.5,0.3,0.6,-,-,-,-,26.8,1.3,2.2,21.1,2.2,0.2,-,0.2,0.1,-,-,-,-,-,0.1
1572,Junior Adamu,SC Freiburg,Bundesliga,23 years old (06-06-2001),"1,83m",,Forward,Centre-Forward,right,16(6),1303.0,2,1,5,1,63.4,2.1,-,6.3,-,€6.00m,1.4,0.1,-,-,-,1.4,0.2,0.2,1,1.2,0.8,0.5,2.2,0.9,6.3,2.1,4.2,0.3,0.3,0.6,0.5,1,1.5,0.5,0.7,-,-,0.5,-,-,-,-,12,-,-,7.6,4.4,0.6,-,0.6,-,-,-,-,-,-,-
1573,Yannik Keitel,VfB Stuttgart,Bundesliga,25 years old (15-02-2000),"1,86m",Germany,"Defender (Centre), Defensive Midfielder (C)",Defensive Midfield,both,2(8),247.0,-,-,1,-,83.1,0.4,-,6.3,"Jun 30, 2028",€3.50m,0.4,-,-,-,-,0.4,0.3,0.1,-,0.1,-,0.1,0.2,0.1,0.8,0.4,0.4,0.9,0.1,1,0.4,0.6,0.2,-,0.6,0.2,-,0.3,-,-,-,-,17.7,1,0.7,13.7,2.3,0.1,-,0.1,-,-,-,-,-,-,-
1574,Merlin Röhl,SC Freiburg,Bundesliga,22 years old (05-07-2002),"1,92m",,Midfielder (Centre),Attacking Midfield,right,11(6),937.0,-,1,2,-,78.7,0.9,-,6.3,-,€12.00m,0.7,-,-,-,-,0.7,0.2,-,0.5,2.3,1.6,0.7,2.6,1.2,3,0.9,2.1,0.9,0.1,1.1,0.3,1.1,1.2,-,0.1,0.1,-,0.4,-,-,-,-,13,0.2,0.1,10.1,2.6,0.5,0.1,0.4,0.1,0.1,-,-,-,-,-
1575,Jonas Omlin,Borussia Mönchengladbach,Bundesliga,31 years old (10-01-1994),"1,90m",Switzerland,Goalkeeper,Goalkeeper,right,8(1),710.0,-,-,-,1,73.2,0.2,-,6.3,"Jun 30, 2027",€2.50m,-,-,-,-,-,-,-,-,-,0.1,-,0.1,-,-,0.2,0.2,-,-,0.1,0.1,-,0.1,0.1,-,0.4,-,-,-,3.3,-,1.9,1.4,39.8,7.2,10.6,21.9,0.1,-,-,-,-,-,-,-,-,-,-
1576,Eljif Elmas,Torino FC,Bundesliga,25 years old (24-09-1999),184cm,Macedonia,"Midfielder (Centre, Left, Right), Forward",,,0(2),42.0,-,-,1,-,81.3,-,-,6.3,,,1,-,-,-,-,1,-,-,1,0.5,-,0.5,-,1,0.5,-,0.5,1.5,1,2.5,-,-,1,0.5,1,-,-,1,-,-,-,-,8,-,-,6.5,1.5,-,-,-,-,-,-,-,-,-,-
1577,Mikkel Kaufmann,Karlsruher SC,Bundesliga,24 years old (03-01-2001),190cm,Denmark,Forward,,,3(6),369.0,-,-,2,-,51.1,1.9,-,6.29,,,0.3,-,-,-,-,0.3,0.1,-,0.2,0.8,0.6,0.2,1.2,0.2,4.1,1.9,2.2,0.7,0.3,1,0.2,1.6,0.6,-,0.8,0.2,-,0.3,-,-,-,-,9.8,0.4,0.4,4.6,4.3,0.3,-,0.3,-,-,-,-,-,-,-
1578,André Silva,SV Werder Bremen,Bundesliga,29 years old (06-11-1995),"1,86m",Portugal,Forward,Centre-Forward,right,4(3),377.0,1,-,1,-,73.1,1.7,-,6.29,"Jun 30, 2025",€5.00m,2,0.1,-,-,0.1,2,0.4,-,1.6,2.3,2.1,0.1,1.9,1.3,3.4,1.7,1.7,0.3,0.1,0.4,-,1,0.6,0.3,0.4,0.1,-,0.3,-,-,-,-,15.4,0.1,0.1,11.1,4,0.7,-,0.7,-,-,-,-,-,-,-
1579,Lukas Nmecha,VfL Wolfsburg,Bundesliga,26 years old (14-12-1998),"1,85m",Germany,"Attacking Midfielder (Centre, Right), Forward",Centre-Forward,right,1(15),293.0,2,-,1,-,65.3,0.9,-,6.28,"Jun 30, 2025",€3.00m,0.9,0.1,-,0.1,-,0.9,0.1,0.2,0.6,0.2,0.1,0.1,0.6,0.1,1.4,0.9,0.4,0.1,0.1,0.2,0.1,0.8,0.4,-,0.2,-,-,0.1,-,-,-,-,4.7,0.1,-,3,1.6,0.1,-,0.1,-,-,-,-,-,-,-
1580,Salih Özcan,Borussia Dortmund,Bundesliga,27 years old (11-01-1998),"1,83m",Turkey,Midfielder (Centre),Defensive Midfield,right,3(8),347.0,-,-,-,-,77.9,0.5,-,6.28,"Jun 30, 2026",€5.00m,0.2,-,-,-,-,0.2,0.1,-,0.1,0.5,0.2,0.4,0.5,0.1,0.8,0.5,0.4,0.2,0.4,0.5,0.6,0.5,0.5,-,0.5,0.1,-,0.4,-,-,-,-,18.9,0.8,1,13.9,3.2,0.5,0.1,0.4,-,-,-,-,-,-,-
1581,Arne Maier,FC Augsburg,Bundesliga,26 years old (08-01-1999),"1,86m",Germany,"Midfielder (Centre, Right)",Central Midfield,right,7(18),836.0,-,-,-,1,81.8,0.2,-,6.28,"Jun 30, 2026",€4.00m,0.7,-,-,-,-,0.7,0.5,-,0.2,0.6,0.3,0.2,0.8,0.3,0.4,0.2,0.3,0.5,0.2,0.7,0.2,0.2,0.4,-,0.4,-,0.1,0.6,-,-,-,-,18.3,1,0.6,14,2.8,0.9,0.5,0.4,-,-,-,-,-,-,-
1582,Magnus Knudsen,Holstein Kiel,Bundesliga,23 years old (15-06-2001),"1,86m",Norway,Midfielder (Centre),Central Midfield,right,21(7),1685.0,-,1,7,-,85.1,0.4,-,6.28,-,€2.50m,0.4,-,-,-,-,0.4,0.3,-,0.1,0.4,0.1,0.3,0.8,0.3,1.3,0.4,0.9,1.6,0.6,2.2,0.4,0.3,1,-,1.4,0.1,0.1,0.5,-,-,-,-,25.1,1,0.9,20.4,2.9,0.3,-,0.3,-,-,-,-,-,-,-
1583,Milos Veljkovic,SV Werder Bremen,Bundesliga,29 years old (26-09-1995),"1,88m",Serbia,"Defender (Centre), Defensive Midfielder (C)",Centre-Back,right,11(3),1030.0,-,1,1,-,87.9,1.8,-,6.28,"Jun 30, 2025",€3.00m,0.1,-,-,-,-,0.1,-,0.1,-,-,-,-,0.1,0.1,3.1,1.8,1.3,0.7,0.6,1.3,0.1,0.2,0.4,0.1,3.3,0.6,0.1,0.4,-,-,-,-,45.4,4.1,2.9,35.8,2.6,0.2,-,0.2,0.1,-,-,-,-,-,0.1
1584,David Mokwa,TSG 1899 Hoffenheim,Bundesliga,20 years old (03-05-2004),"1,80m",,Forward,Centre-Forward,right,0(2),20.0,-,-,-,-,25,1,-,6.28,"Jun 30, 2027",€1.00m,1,-,-,-,-,1,-,1,-,0.5,-,0.5,1,1,2,1,1,0.5,-,0.5,-,-,0.5,-,-,-,-,-,-,-,-,-,2,-,-,0.5,1.5,-,-,-,-,-,-,-,-,-,-
1585,Robert Gumny,FC Augsburg,Bundesliga,26 years old (04-06-1998),"1,82m",Poland,"Defender (Centre, Left, Right), Midfielder (Right)",Right-Back,right,1(4),179.0,-,-,2,-,79.1,0.4,-,6.27,"Jun 30, 2025",€2.00m,0.4,-,-,-,-,0.4,0.2,-,0.2,0.8,0.6,0.2,0.4,0.2,1,0.4,0.6,0.4,0.4,0.8,0.2,0.6,0.8,-,1,-,-,0.4,-,-,-,-,13.4,0.2,0.6,10.4,2.2,0.6,-,0.6,-,-,-,-,-,-,-
1586,Yannick Gerhardt,VfL Wolfsburg,Bundesliga,31 years old (13-03-1994),"1,84m",Germany,"Defender (Left), Midfielder (Centre, Left)",Central Midfield,left,13(14),1331.0,1,-,5,1,78,0.8,1,6.27,-,€3.00m,0.5,-,-,-,-,0.5,0.2,-,0.3,0.3,0.3,-,0.6,0.1,1.9,0.8,1.1,0.9,0.7,1.5,0.6,0.4,0.7,0.1,1.5,0.3,-,0.7,-,-,-,-,19.7,0.6,1.1,14.8,3.2,0.1,-,0.1,-,-,-,-,-,-,-
1587,Michy Batshuayi,Eintracht Frankfurt,Bundesliga,31 years old (02-10-1993),"1,85m",Belgium,Forward,Centre-Forward,right,3(4),253.0,2,-,2,-,81.8,0.3,-,6.27,"Jun 30, 2027",€5.00m,0.4,0.3,-,-,0.3,0.4,-,-,0.4,0.7,0.4,0.3,1.4,0.1,1.4,0.3,1.1,0.1,-,0.1,0.1,0.3,0.6,0.6,-,-,-,0.3,-,-,-,-,7.9,0.3,-,6.1,1.4,0.1,-,0.1,-,-,-,-,-,-,-
1588,Mërgim Berisha,FC Augsburg,Bundesliga,26 years old (11-05-1998),"1,88m",Serbia,"Attacking Midfielder (Centre), Forward",Centre-Forward,right,3(8),330.0,1,1,1,-,75,0.3,-,6.27,"Jun 30, 2025",€5.00m,1,0.1,-,0.1,-,1,0.3,0.1,0.6,0.7,0.5,0.3,0.5,0.3,1.6,0.3,1.4,0.3,0.3,0.5,-,0.5,0.5,0.3,0.3,0.1,-,0.1,-,-,-,-,4.7,0.1,0.1,3.5,1.1,0.3,-,0.3,0.1,-,-,0.1,-,-,-
1589,Yussuf Poulsen,RB Leipzig,Bundesliga,30 years old (15-06-1994),"1,92m",Denmark,"Attacking Midfielder (Centre, Right), Forward",Centre-Forward,right,2(17),302.0,1,-,1,-,60.7,1.3,-,6.27,"Jun 30, 2026",€5.00m,0.6,0.1,-,-,0.1,0.6,-,0.2,0.4,0.3,0.3,0.1,0.7,0.5,1.8,1.3,0.6,0.5,0.2,0.6,-,0.7,0.3,0.1,0.6,0.1,-,0.2,-,-,-,-,6.2,0.1,0.1,3.7,2.3,0.3,-,0.3,-,-,-,-,-,-,-
1590,Max Moerstedt,TSG 1899 Hoffenheim,Bundesliga,19 years old (15-01-2006),"1,94m",Germany,Forward,Centre-Forward,right,5(7),453.0,-,-,2,-,68.3,1.4,-,6.26,"Jun 30, 2027",€7.00m,1,-,-,-,-,1,-,0.1,0.9,0.3,0.3,0.1,1.1,0.9,3.3,1.4,1.8,0.4,0.1,0.5,-,0.8,0.5,0.1,0.3,-,0.1,0.3,-,-,-,-,8.4,0.1,0.3,5.7,2.3,0.6,0.1,0.5,-,-,-,-,-,-,-
1591,Timon Weiner,Holstein Kiel,Bundesliga,26 years old (18-01-1999),"1,91m",Germany,Goalkeeper,Goalkeeper,both,25,2205.0,-,-,4,-,65.2,0.5,-,6.26,"Jun 30, 2027",€1.50m,-,-,-,-,-,-,-,-,-,-,-,-,-,-,0.5,0.5,-,-,-,-,-,0.1,-,-,1,-,-,-,3.2,0.2,1.9,1.1,33.4,7.5,11.6,14.3,0.1,-,-,-,-,-,-,-,-,-,-
1592,Kosta Nedeljkovic,RB Leipzig,Bundesliga,19 years old (16-12-2005),"1,84m",,Defender (Right),Right-Back,right,4(4),303.0,-,-,-,-,92.5,-,-,6.26,"Jun 30, 2025",€8.50m,0.5,-,-,-,-,0.5,0.3,0.1,0.1,0.4,0.3,0.1,0.4,-,0.1,-,0.1,1,0.4,1.4,0.1,0.1,0.6,0.1,1,0.3,0.3,0.3,-,-,-,-,18.3,0.9,0.3,16,1.1,0.4,0.1,0.3,-,-,-,-,-,-,-
1593,Roland Sallai,Galatasaray,Bundesliga,27 years old (22-05-1997),183cm,Hungary,"Midfielder (Centre, Left, Right), Forward",,,0(2),44.0,-,-,-,-,76.9,-,-,6.26,,,1.5,-,-,-,-,1.5,1,-,0.5,0.5,0.5,-,0.5,0.5,0.5,-,0.5,1,-,1,0.5,0.5,-,-,-,-,-,-,-,-,-,-,6.5,0.5,0.5,4.5,1,0.5,0.5,-,-,-,-,-,-,-,-
1594,Anthony Losilla,VfL Bochum,Bundesliga,39 years old (10-03-1986),"1,85m",France,"Defender (Centre), Defensive Midfielder (C)",Defensive Midfield,right,13(5),1079.0,-,-,1,-,76.1,1.4,-,6.26,"Jun 30, 2025",€500k,0.2,-,-,-,-,0.2,0.2,-,-,0.3,0.2,0.1,0.6,0.4,2.6,1.4,1.2,1.5,0.8,2.3,0.9,0.5,1,0.1,1.4,0.4,-,0.8,-,-,-,-,20.9,0.7,1.8,15.2,3.2,0.4,0.1,0.3,-,-,-,-,-,-,-
1595,Luca Kerber,1.FC Heidenheim 1846,Bundesliga,23 years old (10-03-2002),"1,84m",Germany,Defensive Midfielder (C),Central Midfield,right,7(14),725.0,1,-,4,-,73.5,0.4,-,6.25,"Jun 30, 2027",€1.30m,0.2,-,-,-,-,0.2,-,-,0.1,0.2,0.2,-,0.5,0.1,1.3,0.4,0.9,1.2,0.6,1.9,0.2,0.4,1,-,1.1,0.2,0.1,0.4,-,-,-,-,10.2,0.5,1.1,7,1.6,0.2,0.1,0.1,-,-,-,-,-,-,-
1596,Diadié Samassékou,TSG 1899 Hoffenheim,Bundesliga,29 years old (11-01-1996),"1,77m",Mali,Defensive Midfielder (C),Defensive Midfield,right,6(2),296.0,-,-,-,-,92.3,0.5,-,6.25,"Jun 30, 2025",€1.00m,0.4,-,-,-,-,0.4,0.3,-,0.1,0.6,0.1,0.5,0.1,0.4,1.3,0.5,0.8,0.6,0.3,0.9,0.6,0.5,0.6,-,0.5,0.3,0.1,0.3,-,-,-,-,19.5,0.5,0.5,17.5,1,-,-,-,-,-,-,-,-,-,-
1597,Timothy Chandler,Eintracht Frankfurt,Bundesliga,35 years old (29-03-1990),"1,87m",USA,"Defender (Right), Midfielder (Left, Right)",Right-Back,right,0(3),22.0,-,-,-,-,73.9,1.7,-,6.25,"Jun 30, 2025",€350k,-,-,-,-,-,-,-,-,-,0.3,0.3,-,0.3,-,2,1.7,0.3,-,-,-,1,0.7,-,-,0.7,-,-,-,-,-,-,-,7.7,0.3,0.3,5.3,1.7,-,-,-,-,-,-,-,-,-,-
1598,Umut Tohumcu,TSG 1899 Hoffenheim,Bundesliga,20 years old (11-08-2004),"1,75m",Germany,Attacking Midfielder (Centre),Central Midfield,right,3(8),356.0,-,1,3,-,88,-,-,6.25,"Jun 30, 2028",€7.00m,0.3,-,-,-,-,0.3,0.3,-,-,0.5,0.3,0.3,0.2,0.6,0.1,-,0.1,0.8,0.2,1,0.3,0.5,0.5,-,0.5,-,0.1,0.5,-,-,-,-,10.6,0.2,0.4,9.2,0.9,0.3,0.2,0.1,0.1,-,-,-,-,-,0.1
1599,Armindo Sieb,1.FSV Mainz 05,Bundesliga,22 years old (17-02-2003),"1,75m",Germany,"Attacking Midfielder (Centre), Forward",Second Striker,both,5(22),754.0,2,2,2,-,71.4,0.6,-,6.25,"Jun 30, 2026",€4.00m,1.1,0.1,-,-,0.1,1.1,0.2,0.1,0.8,1.3,0.9,0.4,1.2,0.9,1.5,0.6,0.9,0.4,0.3,0.6,-,0.5,0.5,0.4,0.3,-,-,0.1,-,-,-,-,6.9,-,0.1,4.9,1.9,0.3,-,0.3,0.1,-,-,-,-,-,-
1600,Florian Neuhaus,Borussia Mönchengladbach,Bundesliga,28 years old (16-03-1997),"1,85m",Germany,Midfielder (Centre),Central Midfield,right,2(13),347.0,-,1,1,-,85,-,-,6.24,"Jun 30, 2027",€3.50m,0.5,-,-,-,-,0.5,0.3,-,0.3,0.5,0.3,0.3,0.6,0.1,0.1,-,0.1,0.7,0.7,1.3,0.4,0.4,0.3,-,0.3,0.1,-,0.5,-,-,-,-,12.9,1.1,0.9,9.8,1,0.4,-,0.4,0.1,0.1,-,-,-,-,-
1601,Lewis Holtby,Holstein Kiel,Bundesliga,34 years old (18-09-1990),"1,76m",Germany,"Midfielder (Centre, Left, Right)",Central Midfield,left,12(11),1135.0,-,1,1,1,82.5,0.3,-,6.24,"Jun 30, 2025",€500k,0.3,-,-,-,-,0.3,0.2,-,-,0.6,0.3,0.3,0.5,0.2,0.7,0.3,0.4,1.3,0.7,2,0.9,0.9,0.4,-,0.7,0.1,-,0.4,-,-,-,-,24.8,1,1.2,19.5,3.2,0.9,0.3,0.7,-,-,-,-,-,-,-
1602,André Silva,SV Werder Bremen,Bundesliga,29 years old (06-11-1995),"1,86m",Portugal,Forward,Centre-Forward,right,0(8),124.0,1,2,-,-,72.5,0.1,-,6.24,"Jun 30, 2025",€5.00m,1,0.1,-,-,0.1,1,0.5,-,0.5,-,-,-,0.8,0.1,0.8,0.1,0.6,0.1,0.1,0.3,0.1,0.3,-,-,0.3,-,-,0.1,-,-,-,-,5,0.1,-,3.5,1.4,0.4,0.1,0.3,0.3,-,-,-,-,-,0.3
1603,Patrick Drewes,VfL Bochum,Bundesliga,32 years old (04-02-1993),"1,94m",Germany,Goalkeeper,Goalkeeper,right,21,1845.0,-,-,2,-,63.7,0.1,-,6.24,"Jun 30, 2026",€800k,-,-,-,-,-,-,-,-,-,-,-,-,-,-,0.1,0.1,-,-,-,-,-,0.1,-,-,0.8,-,-,-,2.5,0.2,1.7,0.6,36.2,11,13,12.1,0.1,-,-,-,-,-,-,-,-,-,-
1604,Thomas Keller,1.FC Heidenheim 1846,Bundesliga,25 years old (05-08-1999),"1,86m",,"Defender (Centre), Defensive Midfielder (C)",Centre-Back,right,2(4),147.0,-,-,2,-,80.2,0.8,-,6.24,"Jun 30, 2028",€300k,0.2,-,-,-,-,0.2,0.2,-,-,-,-,-,0.3,-,1.5,0.8,0.7,1,0.3,1.3,0.7,0.7,1,-,1.7,0.2,0.2,0.3,-,-,-,-,14.3,0.2,1,11.3,1.8,-,-,-,-,-,-,-,-,-,-
1605,David Jurásek,TSG 1899 Hoffenheim,Bundesliga,24 years old (07-08-2000),"1,83m",Czech Republic,"Defender (Left), Midfielder (Left)",Left-Back,left,6(8),615.0,-,1,-,-,73.7,0.2,-,6.24,"Jun 30, 2025",€7.00m,0.4,-,-,-,-,0.4,0.3,-,0.1,0.9,0.6,0.2,0.4,0.4,0.4,0.2,0.1,0.4,0.2,0.6,0.4,0.1,0.1,0.1,1.1,-,0.1,0.4,-,-,-,-,22,0.9,2.4,15.4,3.4,0.5,0.1,0.4,0.1,0.1,-,-,-,-,-
1606,Keke Topp,SV Werder Bremen,Bundesliga,21 years old (25-03-2004),"1,92m",Germany,Forward,Centre-Forward,right,1(16),233.0,1,2,1,-,55.4,0.6,-,6.23,"Jun 30, 2028",€4.00m,0.4,0.1,-,-,0.1,0.4,0.1,-,0.3,0.5,0.4,0.2,0.6,0.8,1.5,0.6,0.9,0.1,0.1,0.2,0.1,0.4,0.5,0.1,0.2,-,-,-,-,-,-,-,4.4,-,0.1,2.4,1.9,0.6,-,0.6,0.1,0.1,-,-,-,-,0.1
1607,Tim Skarke,1.FC Union Berlin,Bundesliga,28 years old (07-09-1996),"1,81m",Germany,"Attacking Midfielder (Centre, Left, Right), Forward",Right Winger,right,10(20),1036.0,-,2,1,-,73,0.4,-,6.23,-,€2.50m,0.7,-,-,-,-,0.7,0.3,0.1,0.3,0.7,0.4,0.3,1.1,0.7,1.5,0.4,1.1,0.4,0.3,0.7,0.2,0.5,0.3,0.3,0.5,-,-,0.2,-,-,-,-,9.4,0.1,0.2,6.7,2.3,0.5,-,0.5,0.1,-,-,-,-,-,-
1608,Ivan Prtajin,1.FC Union Berlin,Bundesliga,28 years old (14-05-1996),"1,89m",Croatia,Forward,Centre-Forward,right,2(3),160.0,-,-,-,-,37.8,2,-,6.23,"Jun 30, 2027",€1.50m,1.6,-,-,-,-,1.6,0.4,-,1.2,0.2,-,0.2,1.2,0.6,5.4,2,3.4,0.6,-,0.6,-,0.2,0.2,0.4,0.6,-,-,0.4,-,-,-,-,9,-,0.2,3.4,5.4,0.2,-,0.2,-,-,-,-,-,-,-
1609,Jacob Bruun Larsen,VfB Stuttgart,Bundesliga,26 years old (19-09-1998),"1,83m",Denmark,"Attacking Midfielder (Centre, Left, Right), Forward",Left Winger,right,3(10),385.0,1,-,1,-,74.4,0.2,-,6.23,"Jun 30, 2027",€6.00m,0.3,0.1,-,-,0.1,0.3,0.1,-,0.2,1.5,0.9,0.6,0.8,0.2,0.6,0.2,0.5,0.1,0.2,0.2,0.1,0.2,0.2,0.4,0.2,-,-,0.4,-,-,-,-,10.2,0.4,0.2,7.2,2.5,0.7,0.1,0.6,-,-,-,-,-,-,-
1610,Aster Vranckx,VfL Wolfsburg,Bundesliga,22 years old (04-10-2002),"1,83m",Belgium,Midfielder (Centre),Central Midfield,right,4(8),417.0,-,-,1,-,81.3,0.6,-,6.23,"Jun 30, 2029",€9.00m,-,-,-,-,-,-,-,-,-,0.4,0.1,0.3,1,0.3,1.7,0.6,1.1,0.7,0.4,1.1,0.5,0.8,0.9,-,1,0.2,-,0.6,-,-,-,-,11.2,0.8,0.3,8.3,1.8,0.1,-,0.1,-,-,-,-,-,-,-
1611,Tidiam Gomis,RB Leipzig,Bundesliga,18 years old (08-08-2006),"1,83m",France,Forward,Left Winger,right,0(6),78.0,-,1,1,-,84.8,-,-,6.23,"Jun 30, 2029",€3.00m,0.7,-,-,-,-,0.7,-,-,0.7,1,0.3,0.7,0.3,0.3,0.2,-,0.2,-,-,-,0.2,0.3,0.3,-,-,-,-,0.3,-,-,-,-,5.5,-,0.2,4.7,0.7,0.3,-,0.3,0.2,-,-,-,-,-,0.2
1612,Jan-Niklas Beste,SC Freiburg,Bundesliga,26 years old (04-01-1999),"1,75m",Germany,"Defender (Left), Midfielder (Centre, Left, Right)",Left Winger,left,0(11),195.0,-,1,-,-,85.3,0.1,-,6.23,"Jun 30, 2030",€10.00m,0.5,-,-,-,-,0.5,0.2,0.1,0.3,0.7,0.5,0.2,0.5,0.3,0.3,0.1,0.2,0.1,0.5,0.6,0.1,0.3,0.3,0.1,0.5,-,0.1,0.3,-,-,-,-,6.2,0.2,0.1,5.1,0.8,0.3,0.1,0.2,0.1,-,-,-,-,-,0.1
1613,Fredrik Jensen,FC Augsburg,Bundesliga,27 years old (09-09-1997),"1,83m",Finland,"Attacking Midfielder (Centre, Left, Right), Forward",Attacking Midfield,right,9(10),749.0,-,-,-,-,73.3,0.3,-,6.22,"Jun 30, 2025",€3.50m,0.5,-,-,-,-,0.5,0.2,-,0.4,0.7,0.3,0.4,0.8,0.5,0.9,0.3,0.7,0.3,0.1,0.4,0.2,0.3,0.3,0.2,0.8,0.1,0.1,0.4,-,-,-,-,10.1,0.5,0.2,6.8,2.5,0.6,-,0.6,-,-,-,-,-,-,-
1614,Justin Diehl,VfB Stuttgart,Bundesliga,20 years old (27-11-2004),"1,74m",Germany,Forward,Left Winger,right,0(6),98.0,1,-,-,-,85.7,-,-,6.22,"Jun 30, 2029",€3.50m,1.2,0.2,-,-,0.2,1.2,0.3,-,0.8,2.2,1.7,0.5,0.3,0.5,0.2,-,0.2,0.2,-,0.2,-,-,0.3,-,-,-,-,0.3,-,-,-,-,8.2,0.2,-,6.8,1.2,0.2,-,0.2,-,-,-,-,-,-,-
1615,Timo Horn,VfL Bochum,Bundesliga,31 years old (12-05-1993),"1,92m",Germany,Goalkeeper,Goalkeeper,left,10,900.0,-,-,2,-,55.7,0.5,-,6.22,"Jun 30, 2026",€800k,-,-,-,-,-,-,-,-,-,-,-,-,-,-,0.5,0.5,-,-,-,-,-,0.2,-,-,1.1,-,-,-,2.4,0.2,1.5,0.7,36.1,11.4,16,8.7,-,-,-,-,-,-,-,-,-,-,-
1616,Aurèle Amenda,Eintracht Frankfurt,Bundesliga,21 years old (31-07-2003),"1,97m",Switzerland,Defender (Centre),Centre-Back,right,1(6),84.0,-,-,1,-,87.7,0.9,-,6.22,"Jun 30, 2029",€7.50m,-,-,-,-,-,-,-,-,-,0.1,-,0.1,0.1,-,1.1,0.9,0.3,0.1,-,0.1,0.1,0.1,0.4,-,1.1,0.3,-,-,-,-,-,-,9.3,0.7,0.3,7.4,0.9,0.1,-,0.1,-,-,-,-,-,-,-
1617,Florian Müller,SC Freiburg,Bundesliga,27 years old (13-11-1997),"1,90m",Germany,Goalkeeper,Goalkeeper,left,7(1),662.0,-,-,-,-,64.4,-,-,6.22,-,€1.20m,-,-,-,-,-,-,-,-,-,-,-,-,-,-,-,-,-,-,-,-,-,0.1,-,-,0.9,-,-,-,1.9,0.3,1.1,0.5,32.6,6.5,11.3,14.5,0.4,-,-,-,-,-,-,-,-,-,-
1618,Alexander Schwolow,1.FC Union Berlin,Bundesliga,32 years old (02-06-1992),"1,90m",Germany,Goalkeeper,Goalkeeper,right,5,450.0,-,-,-,-,73.5,0.2,-,6.21,-,€700k,-,-,-,-,-,-,-,-,-,-,-,-,-,-,0.2,0.2,-,-,-,-,-,-,-,-,0.6,-,-,-,2.4,0.2,1.4,0.8,27.2,5.8,7,14.2,0.2,-,-,-,-,-,-,-,-,-,-
1619,Maximilian Breunig,1.FC Heidenheim 1846,Bundesliga,24 years old (14-08-2000),"1,95m",Germany,Forward,Centre-Forward,left,2(11),341.0,2,-,-,-,57.1,0.7,-,6.21,"Jun 30, 2027",€2.00m,0.8,0.2,-,0.1,0.1,0.8,0.2,0.2,0.5,0.5,0.3,0.2,1.2,0.5,3.2,0.7,2.5,0.3,0.2,0.5,0.1,0.4,0.6,0.1,0.2,0.2,-,0.5,-,-,-,-,5.9,0.2,0.2,3.2,2.4,0.3,-,0.3,-,-,-,-,-,-,-
1620,Yusuf Kabadayi,FC Augsburg,Bundesliga,21 years old (02-02-2004),"1,86m",Germany,Midfielder (Centre),Left Winger,right,0(5),66.0,1,-,-,-,65.2,-,-,6.21,"Jun 30, 2028",€1.50m,0.8,0.2,-,-,0.2,0.8,0.4,-,0.4,1.2,0.8,0.4,1.2,-,0.4,-,0.4,0.2,-,0.2,-,0.2,0.2,0.2,-,-,-,0.2,-,-,-,-,4.6,-,-,3,1.6,0.2,-,0.2,-,-,-,-,-,-,-
1621,Adam Dzwigala,FC St. Pauli,Bundesliga,29 years old (25-09-1995),"1,85m",Poland,"Defender (Centre, Right)",Centre-Back,right,2(12),305.0,-,-,2,1,82.7,0.9,-,6.21,-,€600k,0.4,-,-,-,-,0.4,-,-,0.4,0.1,0.1,0.1,0.1,0.1,1.1,0.9,0.2,1.4,0.4,1.7,0.2,0.1,0.4,-,1.6,0.1,-,0.4,-,-,-,-,12,0.6,1.1,9.4,1,-,-,-,-,-,-,-,-,-,-
1622,Moritz-Broni Kwarteng,Fortuna Duesseldorf,Bundesliga,27 years old (28-04-1998),175cm,Germany,"Attacking Midfielder (Centre, Right), Forward",,,0(7),167.0,-,-,1,-,80,-,-,6.21,,,0.9,-,-,-,-,0.9,0.7,-,0.1,1,0.1,0.9,0.9,0.3,0.1,-,0.1,0.6,0.1,0.7,-,0.1,0.4,-,0.1,-,-,-,-,-,-,-,10.7,0.1,0.1,8.4,2,0.6,-,0.6,-,-,-,-,-,-,-
1623,Dominik Javorcek,Holstein Kiel,Bundesliga,22 years old (02-11-2002),"1,83m",Slovakia,Defender,Left-Back,left,4(9),383.0,-,2,2,-,75.4,0.2,-,6.21,"Jun 30, 2025",€550k,0.1,-,-,-,-,0.1,0.1,-,-,0.4,0.1,0.3,0.4,0.1,0.8,0.2,0.5,0.2,0.3,0.5,0.4,0.5,0.5,0.1,1.9,0.2,0.1,0.3,-,-,-,-,8.8,0.9,1.1,5.7,1.1,0.3,0.2,0.2,0.2,0.2,0.1,-,-,-,-
1624,Florent Muslija,SC Freiburg,Bundesliga,26 years old (06-07-1998),"1,72m",Kosovo,"Midfielder (Centre, Left)",Left Winger,right,0(9),160.0,-,-,-,-,82.9,-,-,6.2,"Jun 30, 2028",€2.00m,0.3,-,-,-,-,0.3,0.2,-,0.1,0.8,0.3,0.4,0.8,0.1,0.1,-,0.1,0.6,-,0.6,0.1,0.2,-,-,0.1,-,-,-,-,-,-,-,9.1,0.2,0.2,7.3,1.3,0.3,0.1,0.2,-,-,-,-,-,-,-
1625,Yannik Lührs,Borussia Dortmund II,Bundesliga,21 years old (09-09-2003),189cm,Germany,Defender (Centre),,,1(2),126.0,-,-,-,-,92.1,1.3,-,6.2,,,-,-,-,-,-,-,-,-,-,-,-,-,-,0.3,1.7,1.3,0.3,0.3,-,0.3,0.7,-,0.7,-,1,-,0.3,-,-,-,-,-,54.7,0.3,1,50,3.3,0.3,-,0.3,-,-,-,-,-,-,-
1626,Igor Matanovic,Eintracht Frankfurt,Bundesliga,22 years old (31-03-2003),"1,94m",Croatia,Forward,Centre-Forward,right,2(14),302.0,1,-,-,-,76,0.7,-,6.19,"Jun 30, 2029",€6.00m,0.8,0.1,-,-,0.1,0.8,0.2,-,0.6,0.3,0.1,0.2,1.3,0.6,1.6,0.7,0.9,0.1,0.1,0.2,0.1,0.7,0.4,0.1,0.6,-,-,0.2,-,-,-,-,4.7,0.1,0.1,3.4,1.1,0.1,-,0.1,-,-,-,-,-,-,-
1627,Fabio Chiarodia,Borussia Mönchengladbach,Bundesliga,19 years old (05-06-2005),"1,86m",Italy,Defender,Centre-Back,left,1(13),205.0,-,-,-,-,84.2,0.3,-,6.18,"Jun 30, 2027",€2.00m,0.1,-,-,-,-,0.1,-,-,0.1,-,-,-,0.1,-,0.4,0.3,0.1,0.5,-,0.5,0.5,-,0.4,-,2.7,0.1,0.1,0.2,-,-,-,-,8.6,0.3,0.5,6.9,0.9,-,-,-,-,-,-,-,-,-,-
1628,Xaver Schlager,RB Leipzig,Bundesliga,27 years old (28-09-1997),"1,74m",Austria,Midfielder (Centre),Central Midfield,left,2(2),181.0,-,-,1,-,87.5,-,-,6.18,"Jun 30, 2026",€18.00m,0.3,-,-,-,-,0.3,0.3,-,-,0.3,-,0.3,0.8,0.5,1,-,1,1,1,2,-,0.8,1,-,0.8,-,-,1.8,-,-,-,-,24,0.3,1.3,20.8,1.8,0.3,-,0.3,-,-,-,-,-,-,-
1629,Moritz Broschinski,VfL Bochum,Bundesliga,24 years old (23-09-2000),"1,90m",Germany,"Attacking Midfielder (Right), Forward",Centre-Forward,right,15(15),1318.0,1,3,1,-,68.4,1,-,6.18,"Jun 30, 2026",€2.50m,1.2,-,-,-,-,1.2,0.3,0.1,0.8,1.6,1.2,0.4,2,1,2.4,1,1.4,0.6,0.3,0.9,-,0.6,0.8,0.2,0.4,-,0.1,0.6,-,-,-,-,7.9,0.1,0.2,5.3,2.3,0.3,-,0.3,0.1,0.1,-,-,-,-,-
1630,Aymen Barkok,Schalke 04,Bundesliga,26 years old (21-05-1998),188cm,Germany,"Midfielder (Centre, Right)",,,0(4),71.0,-,-,-,-,68.8,0.5,-,6.18,,,-,-,-,-,-,-,-,-,-,0.8,0.8,-,-,-,1.8,0.5,1.3,0.5,-,0.5,0.5,0.3,0.5,-,-,0.3,-,-,-,-,-,-,8,0.3,-,5.3,2.5,0.3,-,0.3,-,-,-,-,-,-,-
1631,Grischa Prömel,TSG 1899 Hoffenheim,Bundesliga,30 years old (09-01-1995),"1,84m",Germany,Midfielder (Centre),Central Midfield,right,2,175.0,-,-,-,-,85.9,0.5,-,6.18,"Jun 30, 2026",€4.50m,-,-,-,-,-,-,-,-,-,0.5,0.5,-,1,1,2,0.5,1.5,-,0.5,0.5,1,1.5,-,-,2,0.5,-,-,-,-,-,-,46,0.5,1.5,39,5,-,-,-,-,-,-,-,-,-,-
1632,Jordy Makengo,SC Freiburg,Bundesliga,23 years old (03-08-2001),"1,91m",France,Defender (Left),Left-Back,left,4(12),482.0,-,-,1,-,88.2,0.2,-,6.17,-,€3.00m,-,-,-,-,-,-,-,-,-,0.6,0.4,0.2,0.6,0.3,0.4,0.2,0.3,0.8,0.3,1.1,0.3,0.3,0.3,0.1,1.1,0.2,0.1,0.3,-,-,-,-,11.1,0.4,0.1,9.4,1.2,0.1,0.1,-,-,-,-,-,-,-,-
1633,Nikolas Veratschnig,1.FSV Mainz 05,Bundesliga,22 years old (24-01-2003),"1,80m",Austria,Defender,Right-Back,right,2(10),327.0,-,-,1,-,76,0.2,-,6.17,"Jun 30, 2028",€800k,0.5,-,-,-,-,0.5,0.3,0.1,0.2,0.8,0.7,0.2,0.5,0.3,0.8,0.2,0.7,0.8,0.1,0.8,0.3,0.5,0.6,0.3,0.6,-,0.1,0.3,-,-,-,-,8,-,0.3,6.1,1.6,0.3,-,0.3,-,-,-,-,-,-,-
1634,Marin Ljubicic,1.FC Union Berlin,Bundesliga,23 years old (28-02-2002),"1,83m",Croatia,Forward,Centre-Forward,right,1(9),199.0,1,1,1,-,55.6,0.3,-,6.17,-,€4.00m,0.2,0.1,-,-,0.1,0.2,0.1,-,0.1,0.3,0.2,0.1,0.5,0.1,1.3,0.3,1,-,0.2,0.2,-,0.6,0.7,0.1,0.5,-,0.1,0.2,-,-,-,-,4.5,-,0.1,2.5,1.9,0.2,-,0.2,0.1,-,-,-,-,-,0.1
1635,Julien Duranville,Borussia Dortmund,Bundesliga,18 years old (05-05-2006),"1,73m",Belgium,Forward,Left Winger,right,2(8),259.0,-,-,3,-,80,-,-,6.17,-,€8.50m,0.3,-,-,-,-,0.3,0.2,-,0.1,2.8,1.6,1.2,0.6,1.5,0.2,-,0.2,0.3,-,0.3,-,0.7,0.9,0.2,0.2,-,0.1,0.1,-,-,-,-,6.5,0.2,0.1,5,1.2,0.1,-,0.1,-,-,-,-,-,-,-
1636,Olivier Deman,Royal Antwerp,Bundesliga,25 years old (06-04-2000),181cm,Belgium,"Defender (Left), Midfielder (Centre, Left, Right), Forward",,,0(9),59.0,-,-,1,-,69,0.4,-,6.16,,,-,-,-,-,-,-,-,-,-,0.1,0.1,-,-,-,0.4,0.4,-,0.7,0.6,1.2,0.3,0.2,0.1,-,0.3,0.1,0.1,0.2,-,-,-,-,4.7,0.1,0.9,3.1,0.6,0.1,0.1,-,-,-,-,-,-,-,-
1637,Sirlord Conteh,1.FC Heidenheim 1846,Bundesliga,28 years old (09-07-1996),"1,78m",Sierra Leone,"Attacking Midfielder (Centre, Right), Forward",Right Winger,right,4(24),827.0,1,1,2,-,75.9,0.5,-,6.16,"Jun 30, 2027",€1.50m,0.5,-,-,-,-,0.5,0.1,-,0.4,0.5,0.3,0.2,0.7,0.3,1.1,0.5,0.6,0.3,0.2,0.5,-,0.4,0.3,0.1,0.2,-,-,-,-,-,-,-,6.7,0.4,-,4.7,1.6,0.5,0.1,0.4,-,-,-,-,-,-,-
1638,Lukas Daschner,FC St. Gallen,Bundesliga,26 years old (01-10-1998),184cm,Germany,"Attacking Midfielder (Centre), Forward",,,3(11),407.0,1,1,-,-,70.2,0.3,-,6.16,,,0.6,0.1,-,-,0.1,0.6,0.2,0.1,0.3,1.1,0.7,0.4,1.5,0.1,0.9,0.3,0.6,0.3,0.5,0.8,-,0.1,0.3,-,0.4,-,-,0.4,-,-,-,-,8.9,0.6,0.4,5.6,2.2,0.4,0.1,0.3,0.1,-,-,-,-,-,0.1
1639,Hyun-Seok Hong,1.FSV Mainz 05,Bundesliga,25 years old (16-06-1999),"1,77m",South Korea,"Midfielder (Centre, Left)",Attacking Midfield,left,4(16),480.0,-,1,-,-,79.9,0.1,-,6.16,"Jun 30, 2028",€3.50m,0.3,-,-,-,-,0.3,0.1,0.1,0.1,0.4,0.3,0.2,0.5,0.6,0.4,0.1,0.3,0.4,0.2,0.5,0.4,0.4,0.2,0.1,0.4,0.1,0.1,0.3,-,-,-,-,10.2,0.2,0.3,8,1.8,0.3,-,0.3,0.1,-,-,-,-,-,0.1
1640,Tomás Cvancara,Borussia Mönchengladbach,Bundesliga,24 years old (13-08-2000),"1,90m",Czech Republic,"Attacking Midfielder (Right), Forward",Centre-Forward,right,7(18),763.0,2,-,3,1,74.4,0.5,-,6.16,"Jun 30, 2028",€4.00m,0.9,0.1,-,-,0.1,0.9,0.1,-,0.7,0.7,0.4,0.2,0.7,0.2,1.1,0.5,0.6,0.2,0.1,0.3,0.2,0.2,0.4,-,0.7,0.1,-,0.1,-,-,-,-,8.3,0.3,0.1,5.9,2,0.2,-,0.2,-,-,-,-,-,-,-
1641,Shio Fukuda,Borussia Mönchengladbach,Bundesliga,21 years old (08-04-2004),"1,78m",Japan,Forward,Centre-Forward,right,0(5),47.0,1,-,-,-,71.4,0.4,-,6.15,"Jun 30, 2027",€500k,0.2,0.2,0.2,-,-,0.2,0.2,-,-,0.6,0.4,0.2,0.2,0.2,0.8,0.4,0.4,-,-,-,-,-,0.4,0.2,-,-,-,0.2,-,-,-,-,1.4,-,-,1,0.4,-,-,-,-,-,-,-,-,-,-
1642,Arne Engels,Celtic,Bundesliga,21 years old (08-09-2003),185cm,Belgium,Midfielder (Centre),,,1,80.0,-,-,1,-,82.6,1,-,6.15,,,3,-,-,-,-,3,1,2,-,1,1,-,-,-,1,1,-,-,-,-,-,1,3,-,-,1,-,-,-,-,-,-,23,-,1,19,3,-,-,-,-,-,-,-,-,-,-
1643,Cristian Gamboa,VfL Bochum,Bundesliga,35 years old (24-10-1989),"1,75m",Costa Rica,"Defender (Right), Midfielder (Right)",Right-Back,right,1(10),200.0,1,-,1,-,63.4,-,-,6.15,"Jun 30, 2025",€500k,0.4,0.1,-,-,0.1,0.4,0.1,-,0.3,0.2,0.2,-,0.2,-,0.1,-,0.1,0.7,0.5,1.3,0.2,0.3,0.1,-,0.5,-,-,0.2,-,-,-,-,8.5,0.5,1.5,4.8,1.5,0.3,-,0.3,-,-,-,-,-,-,-
1644,Skelly Alvero,SV Werder Bremen,Bundesliga,22 years old (04-05-2002),"2,02m",France,Midfielder (Centre),Defensive Midfield,right,1(11),231.0,-,-,1,-,75.6,0.4,-,6.15,"Jun 30, 2028",€3.00m,0.1,-,-,-,-,0.1,-,-,0.1,0.3,0.1,0.2,0.5,0.3,0.8,0.4,0.3,0.9,0.1,1,0.2,0.4,0.6,-,0.8,-,-,0.3,-,-,-,-,7.5,0.1,0.2,5.6,1.7,-,-,-,-,-,-,-,-,-,-
1645,Steve Mounié,FC Augsburg,Bundesliga,30 years old (29-09-1994),"1,89m",Benin,Forward,Centre-Forward,right,1(13),289.0,-,-,2,-,63.6,1.4,-,6.14,"Jun 30, 2027",€3.00m,1.2,-,-,-,-,1.2,0.1,0.2,0.9,0.3,0.2,0.1,0.9,0.3,2.9,1.4,1.5,0.2,0.1,0.3,0.1,0.4,0.6,0.1,0.3,0.1,-,-,-,-,-,-,6.3,0.1,0.1,3.9,2.1,0.1,-,0.1,-,-,-,-,-,-,-
1646,Silvan Widmer,1.FSV Mainz 05,Bundesliga,32 years old (05-03-1993),"1,83m",Switzerland,"Defender (Centre, Right), Midfielder (Right)",Right-Back,right,3(21),392.0,-,1,3,-,78.2,0.5,-,6.14,"Jun 30, 2026",€1.50m,0.1,-,-,-,-,0.1,-,-,-,0.2,0.2,-,0.3,0.1,1,0.5,0.5,0.4,0.2,0.6,0.2,0.1,0.2,0.1,0.8,-,-,0.2,-,-,-,-,6.9,0.3,0.3,5.1,1.3,0.1,-,0.1,-,-,-,-,-,-,-
1647,Andreas Albers,FC St. Pauli,Bundesliga,35 years old (23-03-1990),"1,93m",Denmark,"Attacking Midfielder (Centre), Forward",Centre-Forward,right,0(14),52.0,1,-,-,-,51.7,0.7,-,6.13,-,€300k,0.2,0.1,-,-,0.1,0.2,-,0.1,0.1,0.2,0.1,0.1,0.3,0.4,1.6,0.7,0.9,0.1,0.1,0.1,-,0.1,0.2,-,0.1,-,-,-,-,-,-,-,2.1,-,0.1,1.1,0.9,0.1,-,0.1,-,-,-,-,-,-,-
1648,Kevin Behrens,VfL Wolfsburg,Bundesliga,34 years old (03-02-1991),"1,85m",Germany,Forward,Centre-Forward,both,0(17),139.0,1,-,2,-,58.6,0.7,-,6.13,"Jun 30, 2025",€1.50m,0.5,0.1,-,0.1,-,0.5,-,0.1,0.4,0.1,0.1,-,0.5,0.1,1.6,0.7,0.9,0.1,0.1,0.1,0.1,0.1,0.2,0.1,0.1,-,-,-,-,-,-,-,4.1,0.1,0.1,2.3,1.6,0.1,-,0.1,-,-,-,-,-,-,-
1649,Bruno Ogbus,SC Freiburg,Bundesliga,19 years old (17-12-2005),"1,85m",,Defender,Centre-Back,right,0(2),17.0,-,-,-,-,100,-,-,6.13,-,€1.00m,-,-,-,-,-,-,-,-,-,-,-,-,0.5,-,-,-,-,0.5,0.5,1,0.5,-,0.5,-,0.5,-,0.5,-,-,-,-,-,2,-,-,2,-,-,-,-,-,-,-,-,-,-,-
1650,Fiete Arp,Holstein Kiel,Bundesliga,25 years old (06-01-2000),"1,86m",Germany,"Attacking Midfielder (Left), Forward",Centre-Forward,right,3(18),636.0,2,-,5,1,64.5,0.1,-,6.13,"Jun 30, 2026",€800k,1,0.1,-,-,-,1,0.4,-,0.6,1.1,0.8,0.3,1.4,0.6,0.7,0.1,0.6,0.5,0.4,0.9,0.1,0.8,0.8,0.1,0.2,-,-,0.2,-,-,-,-,5.9,0.6,0.4,3.2,1.7,0.5,0.1,0.4,-,-,-,-,-,-,-
1651,Mërgim Berisha,FC Augsburg,Bundesliga,26 years old (11-05-1998),"1,88m",Serbia,"Attacking Midfielder (Centre), Forward",Centre-Forward,right,0(2),38.0,-,-,1,-,75,-,-,6.13,"Jun 30, 2025",€5.00m,1.5,-,-,-,-,1.5,-,-,1.5,-,-,-,1,1.5,0.5,-,0.5,0.5,-,0.5,-,-,1,-,-,0.5,-,0.5,-,-,-,-,4,-,-,3,1,-,-,-,-,-,-,-,-,-,-
1652,Erencan Yardimci,TSG 1899 Hoffenheim,Bundesliga,23 years old (04-02-2002),"1,88m",Turkey,Forward,Centre-Forward,right,3(5),312.0,-,-,2,-,61.8,2.1,-,6.13,-,€3.00m,0.8,-,-,-,-,0.8,-,0.3,0.5,-,-,-,1.6,0.4,5.9,2.1,3.8,0.5,0.1,0.6,0.1,0.6,1,0.6,0.3,-,-,0.3,-,-,-,-,6.9,-,0.1,4.3,2.5,-,-,-,-,-,-,-,-,-,-
1653,Connor Metcalfe,FC St. Pauli,Bundesliga,25 years old (05-11-1999),"1,83m",Australia,"Midfielder (Centre, Right)",Central Midfield,left,3(6),352.0,-,-,-,1,65.4,1.3,-,6.13,-,€2.50m,0.7,-,-,-,-,0.7,0.4,-,0.2,0.7,0.3,0.3,0.6,-,2.3,1.3,1,0.2,0.6,0.8,0.3,0.4,0.6,-,0.6,-,-,0.4,-,-,-,-,11.9,0.2,1.2,7.6,2.9,0.3,-,0.3,-,-,-,-,-,-,-
1654,Rubén Vargas,Sevilla FC,Bundesliga,26 years old (05-08-1998),177cm,Switzerland,"Attacking Midfielder (Centre, Left, Right), Forward",,,3(5),305.0,-,-,3,-,86.9,0.4,-,6.12,,,1.1,-,-,-,-,1.1,0.6,0.1,0.4,1.5,0.8,0.8,1.4,0.9,1,0.4,0.6,0.3,0.4,0.6,0.3,0.4,0.6,-,0.1,-,-,0.1,-,-,-,-,15.3,0.5,0.4,12.8,1.6,0.8,0.1,0.6,-,-,-,-,-,-,-
1655,Paul Hennrich,TSG 1899 Hoffenheim,Bundesliga,20 years old (06-03-2005),181cm,,Midfielder,,,0(1),11.0,-,-,-,-,100,-,-,6.12,,,-,-,-,-,-,-,-,-,-,2,2,-,1,-,1,-,1,-,-,-,-,-,-,-,-,1,-,-,-,-,-,-,2,-,-,2,-,-,-,-,-,-,-,-,-,-,-
1656,Arnaud Nordin,1.FSV Mainz 05,Bundesliga,26 years old (17-06-1998),"1,70m",France,"Attacking Midfielder (Centre, Left, Right), Forward",Right Winger,both,0(6),75.0,-,-,-,-,84.8,0.2,-,6.12,"Jun 30, 2028",€6.00m,0.2,-,-,-,-,0.2,0.2,-,-,0.8,0.7,0.2,0.8,0.5,0.7,0.2,0.5,0.3,-,0.3,-,0.5,0.2,-,0.3,0.2,-,0.2,-,-,-,-,5.5,0.2,0.2,4.5,0.7,0.5,-,0.5,-,-,-,-,-,-,-
1657,Pascal Stenzel,VfB Stuttgart,Bundesliga,29 years old (20-03-1996),"1,83m",Germany,"Defender (Centre, Right), Midfielder (Right)",Right-Back,right,2(6),150.0,-,-,-,-,87,0.1,-,6.11,"Jun 30, 2026",€2.50m,0.6,-,-,-,-,0.6,0.3,-,0.4,-,-,-,0.1,-,0.8,0.1,0.6,0.1,0.1,0.3,-,0.1,0.3,-,0.5,0.1,-,0.5,-,-,-,-,12.5,1.1,1,9.8,0.6,0.3,0.1,0.1,-,-,-,-,-,-,-
1658,Tim Drexler,Nuernberg,Bundesliga,20 years old (06-03-2005),183cm,Germany,Defender (Centre),,,5(3),358.0,-,-,2,-,85.2,0.3,-,6.1,,,0.3,-,-,-,-,0.3,0.3,-,-,-,-,-,0.4,0.6,1.8,0.3,1.5,2.1,0.4,2.5,0.1,0.3,1,-,1,0.5,0.1,0.3,-,-,-,-,22,1.1,1.3,17.6,2,0.1,-,0.1,-,-,-,-,-,-,-
1659,Dennis Geiger,TSG 1899 Hoffenheim,Bundesliga,26 years old (10-06-1998),"1,73m",Germany,Midfielder (Centre),Central Midfield,right,6(12),651.0,-,-,4,-,88.4,0.1,-,6.1,"Jun 30, 2027",€3.00m,0.3,-,-,-,-,0.3,0.2,-,0.1,0.4,0.2,0.2,0.4,0.4,0.3,0.1,0.2,1.2,0.3,1.6,0.3,0.6,1.3,-,0.3,0.1,0.1,0.6,-,-,-,-,18.3,0.4,0.3,15.7,1.8,0.6,-,0.6,-,-,-,-,-,-,-
1660,Niklas Dorsch,1.FC Heidenheim 1846,Bundesliga,27 years old (15-01-1998),"1,78m",Germany,Midfielder (Centre),Defensive Midfield,right,0(1),31.0,-,-,-,-,88,-,-,6.09,"Jun 30, 2028",€3.50m,-,-,-,-,-,-,-,-,-,1,1,-,-,-,-,-,-,-,-,-,-,2,-,-,-,-,-,1,-,-,-,-,25,-,-,22,3,-,-,-,-,-,-,-,-,-,-
1661,Noah Weißhaupt,FC St. Pauli,Bundesliga,23 years old (20-09-2001),"1,81m",Germany,Midfielder (Left),Left Winger,right,0(3),78.0,-,-,-,-,85.7,-,-,6.09,"Jun 30, 2025",€5.00m,0.3,-,-,-,-,0.3,-,-,0.3,1,0.7,0.3,1,-,-,-,-,-,0.3,0.3,-,2,0.3,-,0.3,-,-,-,-,-,-,-,14,0.3,-,11.7,2,-,-,-,-,-,-,-,-,-,-
1662,Mads Pedersen,FC Augsburg,Bundesliga,28 years old (01-09-1996),"1,78m",Denmark,"Defender (Left, Right), Midfielder (Centre, Left)",Left-Back,left,2(5),232.0,-,-,-,-,81,0.1,-,6.09,"Jun 30, 2027",€2.50m,0.3,-,-,-,-,0.3,-,-,0.3,1.1,0.9,0.3,0.6,0.1,0.4,0.1,0.3,1.1,0.1,1.3,0.3,0.1,0.7,0.1,0.9,-,-,0.6,-,-,-,-,9,0.7,0.1,6.6,1.6,-,-,-,-,-,-,-,-,-,-
1663,Lennard Maloney,1.FSV Mainz 05,Bundesliga,25 years old (08-10-1999),"1,88m",USA,"Defender (Centre), Defensive Midfielder (C)",Defensive Midfield,right,0(3),21.0,-,-,1,-,61.5,0.7,-,6.08,"Jun 30, 2028",€5.00m,-,-,-,-,-,-,-,-,-,-,-,-,0.3,-,0.7,0.7,-,0.3,-,0.3,-,-,0.7,-,1,-,-,0.3,-,-,-,-,4.3,0.3,-,2.3,1.7,-,-,-,-,-,-,-,-,-,-
1664,Dan-Axel Zagadou,VfB Stuttgart,Bundesliga,25 years old (03-06-1999),"1,96m",France,"Defender (Centre, Left)",Centre-Back,left,0(2),27.0,-,-,1,-,100,-,-,6.07,"Jun 30, 2026",€6.00m,-,-,-,-,-,-,-,-,-,-,-,-,-,-,-,-,-,-,-,-,0.5,-,0.5,-,0.5,-,-,-,-,-,-,-,4.5,-,-,4.5,-,-,-,-,-,-,-,-,-,-,-
1665,Viggo Gebel,RB Leipzig,Bundesliga,17 years old (22-11-2007),"1,75m",Germany,Midfielder,Attacking Midfield,,0(1),13.0,-,-,-,-,75,1,-,6.07,-,€350k,-,-,-,-,-,-,-,-,-,1,1,-,1,-,1,1,-,-,-,-,-,1,-,-,-,-,-,-,-,-,-,-,4,-,-,3,1,-,-,-,-,-,-,-,-,-,-
1666,Koji Miyoshi,VfL Bochum,Bundesliga,28 years old (26-03-1997),"1,67m",Japan,"Midfielder (Centre, Left, Right)",Right Midfield,left,6(8),449.0,1,-,-,1,62.4,0.1,-,6.07,"Jun 30, 2028",€1.80m,0.9,0.1,-,0.1,-,0.9,0.3,0.1,0.5,1,0.6,0.4,1,0.4,1,0.1,0.9,0.6,0.4,0.9,0.1,0.3,0.7,0.1,0.1,0.1,-,0.6,-,-,-,-,8.4,0.1,0.5,5.1,2.6,0.4,-,0.4,-,-,-,-,-,-,-
1667,Elye Wahi,Eintracht Frankfurt,Bundesliga,22 years old (02-01-2003),"1,81m",France,"Attacking Midfielder (Left), Forward",Centre-Forward,right,1(6),192.0,-,-,1,-,69.7,0.3,-,6.07,"Jun 30, 2030",€25.00m,1.3,-,-,-,-,1.3,0.6,0.3,0.4,1.1,0.3,0.9,1,0.3,1.3,0.3,1,-,0.1,0.1,-,0.4,0.3,0.6,0.1,-,-,0.1,-,-,-,-,4.7,-,-,3.3,1.4,0.1,-,0.1,-,-,-,-,-,-,-
1668,Jérôme Roussillon,1.FC Union Berlin,Bundesliga,32 years old (06-01-1993),"1,75m",France,"Defender (Left), Midfielder (Left)",Left-Back,left,1(6),131.0,-,-,-,-,75,0.3,-,6.06,-,€1.20m,0.3,-,-,-,-,0.3,0.1,-,0.1,0.4,0.3,0.1,0.3,0.1,0.6,0.3,0.3,-,0.3,0.3,0.3,0.4,0.1,-,1,-,-,-,-,-,-,-,6.3,0.6,0.4,4.1,1.1,-,-,-,-,-,-,-,-,-,-
1669,Robert Wagner,FC St. Pauli,Bundesliga,21 years old (14-07-2003),"1,81m",Germany,Midfielder (Centre),Central Midfield,right,5(5),386.0,-,-,1,-,77.3,0.4,-,6.06,"Jun 30, 2025",€3.00m,0.2,-,-,-,-,0.2,-,-,0.2,0.2,0.1,0.1,0.4,0.6,1.1,0.4,0.7,0.7,0.8,1.5,0.1,0.5,0.6,-,1.1,-,-,0.6,-,-,-,-,11.9,0.8,0.4,8.4,2.3,-,-,-,-,-,-,-,-,-,-
1670,Scott Banks,FC St. Pauli,Bundesliga,23 years old (26-09-2001),"1,83m",Scotland,Attacking Midfielder (Right),Right Winger,left,0(11),92.0,-,-,1,-,69.2,0.1,-,6.06,-,€500k,0.3,-,-,-,-,0.3,-,0.1,0.2,0.6,0.5,0.2,-,0.2,0.5,0.1,0.5,0.1,0.2,0.3,0.2,0.4,0.2,-,0.1,-,0.1,-,-,-,-,-,2.4,0.1,0.1,1.5,0.6,-,-,-,-,-,-,-,-,-,-
1671,Noah Pesch,Borussia Mönchengladbach,Bundesliga,19 years old (18-05-2005),183cm,Croatia,Forward,,,0(1),5.0,-,-,-,-,33.3,-,-,6.06,,,-,-,-,-,-,-,-,-,-,-,-,-,-,-,-,-,-,1,-,1,-,-,1,-,-,-,-,-,-,-,-,-,3,-,-,1,2,-,-,-,-,-,-,-,-,-,-
1672,Mats Pannewig,VfL Bochum,Bundesliga,20 years old (28-10-2004),"1,95m",,Midfielder,Central Midfield,,1(11),135.0,-,-,1,-,75,0.3,-,6.06,"Jun 30, 2026",€600k,0.7,-,-,-,-,0.7,0.2,0.1,0.4,0.3,0.2,0.1,0.7,0.5,1.2,0.3,0.8,0.4,0.7,1.1,0.1,0.1,0.3,-,0.4,0.1,-,0.5,-,-,-,-,6.7,0.2,0.3,4.8,1.4,0.1,-,0.1,-,-,-,-,-,-,-
1673,Julian Niehues,1.FC Heidenheim 1846,Bundesliga,24 years old (17-04-2001),"1,95m",Germany,Defensive Midfielder (C),Defensive Midfield,right,0(5),94.0,-,-,-,-,68.6,0.2,-,6.05,"Jun 30, 2027",€1.50m,-,-,-,-,-,-,-,-,-,0.4,0.2,0.2,0.2,0.2,0.8,0.2,0.6,0.2,0.6,0.8,-,0.2,0.2,-,0.4,-,-,0.2,-,-,-,-,7,-,1,4.8,1.2,0.2,-,0.2,-,-,-,-,-,-,-
1674,Abdoulie Ceesay,FC St. Pauli,Bundesliga,21 years old (05-01-2004),"1,85m",Gambia,Forward,Centre-Forward,,0(7),55.0,-,-,1,-,57.1,-,-,6.04,-,€500k,-,-,-,-,-,-,-,-,-,-,-,-,0.6,0.4,0.9,-,0.9,0.4,0.1,0.6,-,0.4,0.3,-,0.1,-,-,0.3,-,-,-,-,2,-,0.1,1.1,0.7,0.1,-,0.1,-,-,-,-,-,-,-
1675,Marvin Schulz,Holstein Kiel,Bundesliga,30 years old (15-01-1995),"1,86m",Germany,"Defender (Centre), Defensive Midfielder (C)",Defensive Midfield,right,3(8),287.0,-,-,3,-,80.7,0.1,-,6.04,"Jun 30, 2025",€700k,0.3,-,-,-,-,0.3,0.2,-,0.1,0.4,0.3,0.1,0.7,0.2,0.5,0.1,0.4,0.5,0.5,1,-,0.1,0.5,-,1.2,0.5,0.1,0.4,-,-,-,-,13.6,0.4,1.1,10.6,1.5,0.4,0.3,0.1,-,-,-,-,-,-,-
1676,Gabriel Vidovic,Bayern Munich,Bundesliga,21 years old (01-12-2003),"1,80m",Croatia,Attacking Midfielder (Left),Second Striker,right,0(2),17.0,-,-,-,-,100,-,-,6.04,"Jun 30, 2026",€3.00m,0.5,-,-,-,-,0.5,-,-,0.5,-,-,-,-,-,0.5,-,0.5,-,-,-,-,0.5,-,-,-,-,-,1,-,-,-,-,3,-,-,3,-,-,-,-,-,-,-,-,-,-,-
1677,Aliou Baldé,FC Lausanne-Sport,Bundesliga,22 years old (12-12-2002),172cm,Senegal,Forward,,,0(5),88.0,-,-,1,-,71.4,-,-,6.02,,,0.8,-,-,-,-,0.8,0.8,-,-,1.8,1.4,0.4,1,0.6,0.4,-,0.4,0.2,-,0.2,-,-,0.2,0.4,-,-,-,0.4,-,-,-,-,2.8,-,-,2,0.8,0.4,-,0.4,-,-,-,-,-,-,-
1678,Samuel Bamba,VfL Bochum,Bundesliga,21 years old (13-02-2004),"1,79m",Germany,Forward,Right Winger,both,0(5),23.0,-,-,-,-,94.1,0.2,-,6.02,"Jun 30, 2027",€800k,0.4,-,-,-,-,0.4,0.2,-,0.2,0.8,0.6,0.2,0.6,-,0.6,0.2,0.4,0.2,-,0.2,-,0.2,-,0.2,-,-,-,-,-,-,-,-,3.4,-,-,3.2,0.2,0.2,-,0.2,-,-,-,-,-,-,-
1679,Erik Ahlstrand,FC St. Pauli,Bundesliga,23 years old (14-10-2001),"1,84m",Sweden,Midfielder,Central Midfield,,0(5),40.0,-,-,-,-,76.9,-,-,6.02,-,€500k,-,-,-,-,-,-,-,-,-,-,-,-,0.6,-,0.6,-,0.6,-,-,-,0.2,-,-,0.2,0.2,-,-,0.2,-,-,-,-,2.6,-,-,2,0.6,-,-,-,-,-,-,-,-,-,-
1680,David Preu,1.FC Union Berlin,Bundesliga,20 years old (26-10-2004),"1,72m",Germany,Forward,Left Winger,right,0(2),13.0,-,-,1,-,50,-,-,6.02,"Jun 30, 2025",€25k,-,-,-,-,-,-,-,-,-,-,-,-,-,-,0.5,-,0.5,-,-,-,-,-,0.5,-,-,0.5,0.5,0.5,-,-,-,-,1,-,-,0.5,0.5,-,-,-,-,-,-,-,-,-,-
1681,Gabriel Vidovic,Bayern Munich,Bundesliga,21 years old (01-12-2003),"1,80m",Croatia,Attacking Midfielder (Left),Second Striker,right,0(1),3.0,-,-,-,-,100,-,-,6.02,"Jun 30, 2026",€3.00m,1,-,-,-,-,1,-,-,1,-,-,-,1,-,-,-,-,-,-,-,-,1,-,-,-,-,-,-,-,-,-,-,6,-,-,6,-,-,-,-,-,-,-,-,-,-,-
1682,Florian Micheler,TSG 1899 Hoffenheim,Bundesliga,19 years old (17-05-2005),"1,85m",,Midfielder,Central Midfield,right,0(1),31.0,-,-,1,-,91.7,-,-,6.01,"Jun 30, 2026",€500k,-,-,-,-,-,-,-,-,-,1,-,1,-,-,-,-,-,-,2,2,-,-,1,-,-,-,-,-,-,-,-,-,12,-,-,11,1,-,-,-,-,-,-,-,-,-,-
1683,Cole Campbell,Borussia Dortmund II,Bundesliga,19 years old (20-02-2006),170cm,USA,Forward,,,0(4),20.0,-,-,-,-,85.7,-,-,6.01,,,-,-,-,-,-,-,-,-,-,0.3,0.3,-,0.8,-,0.5,-,0.5,-,-,-,-,0.3,0.3,-,0.3,-,-,-,-,-,-,-,3.5,-,0.3,3,0.3,-,-,-,-,-,-,-,-,-,-
1684,Karim Onisiwo,Salzburg,Bundesliga,33 years old (17-03-1992),188cm,Austria,"Attacking Midfielder (Centre, Left, Right), Forward",,,1(5),107.0,-,-,-,-,63.6,0.5,-,6.0,,,0.5,-,-,-,-,0.5,-,-,0.5,0.3,0.2,0.2,0.8,0.3,1.7,0.5,1.2,0.2,-,0.2,-,0.3,0.5,0.2,-,-,-,-,-,-,-,-,3.7,0.2,-,2.2,1.3,0.2,-,0.2,-,-,-,-,-,-,-
1685,Arijon Ibrahimovic,SS Lazio,Bundesliga,19 years old (11-12-2005),176cm,Germany,Attacking Midfielder (Left),,,0(1),1.0,-,-,-,-,100,-,-,6.0,,,-,-,-,-,-,-,-,-,-,1,-,1,-,-,-,-,-,-,-,-,-,-,-,-,-,-,-,-,-,-,-,-,3,-,-,3,-,-,-,-,-,-,-,-,-,-,-
1686,Faik Sakar,RB Leipzig,Bundesliga,17 years old (14-01-2008),177cm,Germany,Midfielder,,,0(1),1.0,-,-,-,-,-,-,-,6.0,,,-,-,-,-,-,-,-,-,-,-,-,-,-,-,-,-,-,-,-,-,-,-,-,-,-,-,-,-,-,-,-,-,-,-,-,-,-,-,-,-,-,-,-,-,-,-,-
1687,Fin Stevens,FC St. Pauli,Bundesliga,22 years old (10-04-2003),"1,79m",Wales,"Defender (Right), Midfielder (Right)",Right-Back,right,0(1),1.0,-,-,-,-,-,-,-,6.0,-,€600k,-,-,-,-,-,-,-,-,-,-,-,-,-,-,-,-,-,-,-,-,-,-,-,-,-,-,-,-,-,-,-,-,1,-,-,-,1,-,-,-,-,-,-,-,-,-,-
1688,Lasse Rieß,1.FSV Mainz 05,Bundesliga,23 years old (27-07-2001),"1,92m",Germany,Goalkeeper,Goalkeeper,right,1,1.0,-,-,1,-,-,-,-,6.0,"Jun 30, 2027",€200k,-,-,-,-,-,-,-,-,-,-,-,-,-,-,-,-,-,-,-,-,-,-,-,-,-,-,-,-,-,-,-,-,-,-,-,-,-,-,-,-,-,-,-,-,-,-,-
1689,Maurides,Debrecen,Bundesliga,31 years old (10-03-1994),189cm,Brazil,Forward,,,0(1),1.0,-,-,-,-,50,-,-,6.0,,,-,-,-,-,-,-,-,-,-,-,-,-,-,-,-,-,-,-,-,-,-,-,-,-,-,-,-,-,-,-,-,-,2,-,-,1,1,-,-,-,-,-,-,-,-,-,-
1690,Stefan Schimmer,1.FC Heidenheim 1846,Bundesliga,31 years old (28-04-1994),"1,85m",Germany,Forward,Centre-Forward,right,0(13),238.0,-,-,1,-,62,0.2,-,5.99,"Jun 30, 2026",€500k,0.8,-,-,-,-,0.8,0.2,0.1,0.5,0.1,0.1,-,0.4,-,1.4,0.2,1.2,0.2,0.1,0.2,-,0.1,0.2,0.2,0.3,-,-,0.1,-,-,-,-,3.8,0.2,-,2.2,1.5,0.3,-,0.3,-,-,-,-,-,-,-
1691,Jarzinho Malanga,VfB Stuttgart II,Bundesliga,18 years old (10-07-2006),179cm,Germany,Midfielder,,,0(1),1.0,-,-,-,-,100,-,-,5.97,,,-,-,-,-,-,-,-,-,-,-,-,-,1,-,-,-,-,-,-,-,-,-,-,-,-,-,-,-,-,-,-,-,2,-,-,2,-,-,-,-,-,-,-,-,-,-,-
1692,Almugera Kabar,Borussia Dortmund,Bundesliga,18 years old (06-06-2006),"1,86m",Germany,Defender,Left-Back,left,1(4),134.0,-,-,-,1,91.6,0.4,-,5.97,"Jun 30, 2028",€1.00m,-,-,-,-,-,-,-,-,-,0.4,0.2,0.2,-,0.6,1,0.4,0.6,1,-,1,0.2,0.4,0.4,-,0.6,-,0.2,0.2,-,-,-,-,16.6,0.4,0.6,14.8,0.8,0.6,-,0.6,-,-,-,-,-,-,-
1693,Jeanuël Belocian,Bayer 04 Leverkusen,Bundesliga,20 years old (17-02-2005),"1,82m",France,"Defender (Centre, Left)",Centre-Back,left,1(4),66.0,-,-,1,-,88.9,0.2,-,5.97,"Jun 30, 2029",€15.00m,-,-,-,-,-,-,-,-,-,0.2,-,0.2,0.4,-,0.6,0.2,0.4,0.2,-,0.2,-,0.8,0.2,-,0.4,-,-,-,-,-,-,-,7.2,-,-,6.4,0.8,-,-,-,-,-,-,-,-,-,-
1694,Robin Hranác,TSG 1899 Hoffenheim,Bundesliga,25 years old (29-01-2000),"1,90m",Czech Republic,Defender (Centre),Centre-Back,right,2(2),220.0,-,-,-,-,86.4,1.3,-,5.96,-,€3.50m,-,-,-,-,-,-,-,-,-,-,-,-,0.3,-,3.5,1.3,2.3,-,0.3,0.3,1.3,-,1.3,-,2.3,0.5,-,0.3,-,-,-,-,36.8,1,2.3,30.8,2.8,-,-,-,-,-,-,-,-,-,-
1695,Adam Aznou,Real Valladolid CF,Bundesliga,18 years old (02-06-2006),178cm,Spain,Defender (Left),,,0(2),15.0,-,-,-,-,84.6,-,-,5.95,,,-,-,-,-,-,-,-,-,-,-,-,-,-,-,0.5,-,0.5,-,-,-,-,-,-,-,0.5,-,-,-,-,-,-,-,6.5,-,-,5.5,1,-,-,-,-,-,-,-,-,-,-
1696,Kevin Volland,1.FC Union Berlin,Bundesliga,32 years old (30-07-1992),"1,79m",Germany,"Attacking Midfielder (Centre, Left, Right), Forward",Centre-Forward,left,0(3),52.0,-,-,1,-,72.7,0.3,-,5.93,"Jun 30, 2026",€1.80m,-,-,-,-,-,-,-,-,-,-,-,-,0.3,0.7,0.7,0.3,0.3,-,-,-,-,-,1,-,0.3,-,-,-,-,-,-,-,3.7,-,-,2.7,1,-,-,-,-,-,-,-,-,-,-
1697,Ayman Azhil,Borussia Dortmund II,Bundesliga,24 years old (10-04-2001),170cm,Morocco,Defensive Midfielder (C),,,0(1),23.0,-,-,1,-,75,-,-,5.92,,,-,-,-,-,-,-,-,-,-,1,1,-,1,1,-,-,-,1,-,1,-,-,2,1,-,-,-,-,-,-,-,-,4,-,-,3,1,-,-,-,-,-,-,-,-,-,-
1698,Kjell-Arik Wätjen,Borussia Dortmund,Bundesliga,19 years old (16-02-2006),184cm,,Midfielder,,,0(2),14.0,-,-,-,-,37.5,-,-,5.92,,,-,-,-,-,-,-,-,-,-,-,-,-,1,-,-,-,-,-,-,-,-,0.5,-,-,1,-,-,-,-,-,-,-,4,-,-,1.5,2.5,-,-,-,-,-,-,-,-,-,-
1699,Assan Ouédraogo,RB Leipzig,Bundesliga,18 years old (09-05-2006),"1,91m",,Attacking Midfielder (Centre),Central Midfield,right,0(3),48.0,-,-,-,-,83.3,-,-,5.91,"Jun 30, 2029",€10.00m,0.3,-,-,-,-,0.3,0.3,-,-,1,1,-,0.7,2,-,-,-,-,-,-,-,1,0.3,-,-,-,-,0.3,-,-,-,-,6,-,0.3,5,0.7,-,-,-,-,-,-,-,-,-,-
1700,Denis Thomalla,AEL Limassol,Bundesliga,32 years old (16-08-1992),186cm,Germany,"Midfielder (Centre, Left), Forward",,,0(1),4.0,-,-,-,-,100,-,-,5.91,,,-,-,-,-,-,-,-,-,-,-,-,-,-,-,-,-,-,-,-,-,-,-,-,-,-,-,-,-,-,-,-,-,1,-,-,1,-,-,-,-,-,-,-,-,-,-,-
1701,Tobias Sippel,Borussia Mönchengladbach,Bundesliga,37 years old (22-03-1988),"1,83m",Germany,Goalkeeper,Goalkeeper,right,0(1),58.0,-,-,-,-,56.3,-,-,5.9,"Jun 30, 2025",€300k,-,-,-,-,-,-,-,-,-,-,-,-,-,-,-,-,-,-,-,-,-,-,-,-,1,-,-,-,1,-,-,1,32,10,14,8,-,-,-,-,-,-,-,-,-,-,-
1702,Grant-Leon Ranos,Kaiserslautern,Bundesliga,21 years old (20-07-2003),180cm,,Forward,,,0(2),18.0,-,-,1,-,63.6,-,-,5.89,,,-,-,-,-,-,-,-,-,-,-,-,-,-,0.5,0.5,-,0.5,0.5,0.5,1,-,-,0.5,-,-,-,-,1,-,-,-,-,5.5,-,-,3.5,2,-,-,-,-,-,-,-,-,-,-
1703,Daniel Peretz,Bayern Munich,Bundesliga,24 years old (10-07-2000),"1,90m",Israel,Goalkeeper,Goalkeeper,right,3,270.0,-,-,1,-,75.5,-,-,5.88,"Jun 30, 2028",€3.00m,-,-,-,-,-,-,-,-,-,-,-,-,-,-,-,-,-,-,0.3,0.3,-,0.7,-,-,0.7,-,-,-,0.7,-,0.7,-,32.7,3.3,7.7,21.3,0.3,-,-,-,-,-,-,-,-,-,-
1704,Norman Theuerkauf,1.FC Heidenheim 1846,Bundesliga,38 years old (24-01-1987),"1,83m",Germany,"Defender (Centre, Left), Defensive Midfielder (C)",Defensive Midfield,left,0(1),21.0,-,-,-,-,83.3,-,-,5.87,"Jun 30, 2025",€175k,1,-,-,-,-,1,-,-,1,-,-,-,-,-,-,-,-,-,-,-,-,-,1,-,-,-,-,-,-,-,-,-,18,1,-,14,3,-,-,-,-,-,-,-,-,-,-
1705,Maximilian Philipp,SC Freiburg,Bundesliga,31 years old (01-03-1994),"1,83m",Germany,"Attacking Midfielder (Centre, Left, Right), Forward",Second Striker,right,0(2),15.0,-,-,-,-,42.9,-,-,5.85,-,€1.00m,0.5,-,-,-,-,0.5,0.5,-,-,-,-,-,0.5,-,1,-,1,-,-,-,-,-,-,-,-,-,-,-,-,-,-,-,3.5,-,-,1.5,2,-,-,-,-,-,-,-,-,-,-
1706,Ivan Nekic,Holstein Kiel,Bundesliga,24 years old (24-12-2000),"1,85m",Croatia,Defender,Centre-Back,right,1,72.0,-,-,-,-,75,-,-,5.33,-,€800k,-,-,-,-,-,-,-,-,-,1,1,-,1,1,-,-,-,1,1,2,3,-,1,-,2,-,-,1,-,-,-,-,40,-,3,30,7,-,-,-,-,-,-,-,-,-,-
1707,Frank Feller,1.FC Heidenheim 1846,Bundesliga,,"1,83m",,,Goalkeeper,right,,,,,,,,,,,"Jun 30, 2029",€500k,,,,,,,,,,,,,,,,,,,,,,,,,,,,,,,,,,,,,,,,,,,,,,,
1708,Paul Tschernuth,1.FC Heidenheim 1846,Bundesliga,,"1,86m",,,Goalkeeper,left,,,,,,,,,,,"Jun 30, 2027",€100k,,,,,,,,,,,,,,,,,,,,,,,,,,,,,,,,,,,,,,,,,,,,,,,
1709,Luka Janes,1.FC Heidenheim 1846,Bundesliga,,"1,83m",,,Defensive Midfield,right,,,,,,,,,,,"Jun 30, 2028",€200k,,,,,,,,,,,,,,,,,,,,,,,,,,,,,,,,,,,,,,,,,,,,,,,
1710,Christopher Negele,1.FC Heidenheim 1846,Bundesliga,,"1,72m",,,Left Winger,right,,,,,,,,,,,"Jun 30, 2025",€250k,,,,,,,,,,,,,,,,,,,,,,,,,,,,,,,,,,,,,,,,,,,,,,,
1711,Vitus Eicher,1.FC Heidenheim 1846,Bundesliga,,"1,91m",,,Goalkeeper,left,,,,,,,,,,,"Jun 30, 2025",€250k,,,,,,,,,,,,,,,,,,,,,,,,,,,,,,,,,,,,,,,,,,,,,,,
1712,Carl Klaus,1.FC Union Berlin,Bundesliga,,"1,89m",,,Goalkeeper,right,,,,,,,,,,,-,€350k,,,,,,,,,,,,,,,,,,,,,,,,,,,,,,,,,,,,,,,,,,,,,,,
1713,Maxim Dal,1.FSV Mainz 05,Bundesliga,,"1,88m",,,Centre-Back,left,,,,,,,,,,,"Jun 30, 2027",€150k,,,,,,,,,,,,,,,,,,,,,,,,,,,,,,,,,,,,,,,,,,,,,,,
1714,Daniel Batz,1.FSV Mainz 05,Bundesliga,,"1,91m",,,Goalkeeper,both,,,,,,,,,,,"Jun 30, 2026",€350k,,,,,,,,,,,,,,,,,,,,,,,,,,,,,,,,,,,,,,,,,,,,,,,
1715,Alejo Sarco,Bayer 04 Leverkusen,Bundesliga,,"1,79m",,,Centre-Forward,left,,,,,,,,,,,"Jun 30, 2029",€800k,,,,,,,,,,,,,,,,,,,,,,,,,,,,,,,,,,,,,,,,,,,,,,,
1716,Alejandro Grimaldo,Bayer 04 Leverkusen,Bundesliga,,"1,71m",,,Left-Back,left,,,,,,,,,,,"Jun 30, 2027",€40.00m,,,,,,,,,,,,,,,,,,,,,,,,,,,,,,,,,,,,,,,,,,,,,,,
1717,Niklas Lomb,Bayer 04 Leverkusen,Bundesliga,,"1,86m",,,Goalkeeper,right,,,,,,,,,,,"Jun 30, 2027",€250k,,,,,,,,,,,,,,,,,,,,,,,,,,,,,,,,,,,,,,,,,,,,,,,
1718,Tarek Buchmann,Bayern Munich,Bundesliga,,"1,88m",,,Centre-Back,right,,,,,,,,,,,"Jun 30, 2026",€500k,,,,,,,,,,,,,,,,,,,,,,,,,,,,,,,,,,,,,,,,,,,,,,,
1719,Cole Campbell,Borussia Dortmund,Bundesliga,,"1,70m",,,Right Winger,left,,,,,,,,,,,"Jun 30, 2028",€1.50m,,,,,,,,,,,,,,,,,,,,,,,,,,,,,,,,,,,,,,,,,,,,,,,
1720,Kjell Wätjen,Borussia Dortmund,Bundesliga,,"1,84m",,,Central Midfield,right,,,,,,,,,,,"Jun 30, 2028",€2.00m,,,,,,,,,,,,,,,,,,,,,,,,,,,,,,,,,,,,,,,,,,,,,,,
1721,Marcel Lotka,Borussia Dortmund,Bundesliga,,"1,90m",,,Goalkeeper,right,,,,,,,,,,,"Jun 30, 2025",€1.30m,,,,,,,,,,,,,,,,,,,,,,,,,,,,,,,,,,,,,,,,,,,,,,,
1722,Filippo Mané,Borussia Dortmund,Bundesliga,,"1,88m",,,Centre-Back,right,,,,,,,,,,,"Jun 30, 2028",€600k,,,,,,,,,,,,,,,,,,,,,,,,,,,,,,,,,,,,,,,,,,,,,,,
1723,Silas Ostrzinski,Borussia Dortmund,Bundesliga,,"1,98m",,,Goalkeeper,right,,,,,,,,,,,"Jun 30, 2025",€200k,,,,,,,,,,,,,,,,,,,,,,,,,,,,,,,,,,,,,,,,,,,,,,,
1724,Yvandro Borges Sanches,Borussia Mönchengladbach,Bundesliga,,"1,80m",,,Left Winger,right,,,,,,,,,,,"Jun 30, 2026",€500k,,,,,,,,,,,,,,,,,,,,,,,,,,,,,,,,,,,,,,,,,,,,,,,
1725,Jens Grahl,Eintracht Frankfurt,Bundesliga,,"1,92m",,,Goalkeeper,right,,,,,,,,,,,"Jun 30, 2026",€200k,,,,,,,,,,,,,,,,,,,,,,,,,,,,,,,,,,,,,,,,,,,,,,,
1726,Krisztián Lisztes,Eintracht Frankfurt,Bundesliga,,"1,83m",,,Attacking Midfield,right,,,,,,,,,,,"Jun 30, 2029",€2.00m,,,,,,,,,,,,,,,,,,,,,,,,,,,,,,,,,,,,,,,,,,,,,,,
1727,Mahmut Kücüksahin,FC Augsburg,Bundesliga,,"1,82m",,,Defensive Midfield,right,,,,,,,,,,,"Jun 30, 2027",€175k,,,,,,,,,,,,,,,,,,,,,,,,,,,,,,,,,,,,,,,,,,,,,,,
1728,Reece Oxford,FC Augsburg,Bundesliga,,"1,90m",,,Centre-Back,right,,,,,,,,,,,"Jun 30, 2025",€500k,,,,,,,,,,,,,,,,,,,,,,,,,,,,,,,,,,,,,,,,,,,,,,,
1729,Daniel Klein,FC Augsburg,Bundesliga,,"1,93m",,,Goalkeeper,right,,,,,,,,,,,"Jun 30, 2026",€150k,,,,,,,,,,,,,,,,,,,,,,,,,,,,,,,,,,,,,,,,,,,,,,,
1730,Marwin Schmitz,FC St. Pauli,Bundesliga,,"1,80m",,,Defensive Midfield,right,,,,,,,,,,,-,€200k,,,,,,,,,,,,,,,,,,,,,,,,,,,,,,,,,,,,,,,,,,,,,,,
1731,Muhammad Dahaba,FC St. Pauli,Bundesliga,,"1,94m",,,Centre-Back,right,,,,,,,,,,,-,€125k,,,,,,,,,,,,,,,,,,,,,,,,,,,,,,,,,,,,,,,,,,,,,,,
1732,Sören Ahlers,FC St. Pauli,Bundesliga,,"1,94m",,,Goalkeeper,both,,,,,,,,,,,-,€50k,,,,,,,,,,,,,,,,,,,,,,,,,,,,,,,,,,,,,,,,,,,,,,,
1733,Sascha Burchert,FC St. Pauli,Bundesliga,,"1,87m",,,Goalkeeper,right,,,,,,,,,,,-,€200k,,,,,,,,,,,,,,,,,,,,,,,,,,,,,,,,,,,,,,,,,,,,,,,
1734,Ben Voll,FC St. Pauli,Bundesliga,,"1,95m",,,Goalkeeper,both,,,,,,,,,,,-,€500k,,,,,,,,,,,,,,,,,,,,,,,,,,,,,,,,,,,,,,,,,,,,,,,
1735,Eric Oelschlägel,FC St. Pauli,Bundesliga,,"1,93m",,,Goalkeeper,right,,,,,,,,,,,-,€300k,,,,,,,,,,,,,,,,,,,,,,,,,,,,,,,,,,,,,,,,,,,,,,,
1736,Simon Zoller,FC St. Pauli,Bundesliga,,"1,79m",,,Centre-Forward,right,,,,,,,,,,,-,€300k,,,,,,,,,,,,,,,,,,,,,,,,,,,,,,,,,,,,,,,,,,,,,,,
1737,Romeo Aigbekaen,FC St. Pauli,Bundesliga,,"1,89m",,,Left Winger,both,,,,,,,,,,,"Jun 30, 2028",€100k,,,,,,,,,,,,,,,,,,,,,,,,,,,,,,,,,,,,,,,,,,,,,,,
1738,Aurel Wagbe,Holstein Kiel,Bundesliga,,"1,91m",,,Left Midfield,left,,,,,,,,,,,"Jun 30, 2026",€100k,,,,,,,,,,,,,,,,,,,,,,,,,,,,,,,,,,,,,,,,,,,,,,,
1739,Colin Kleine-Bekel,Holstein Kiel,Bundesliga,,"1,92m",,,Centre-Back,right,,,,,,,,,,,"Jun 30, 2025",€2.50m,,,,,,,,,,,,,,,,,,,,,,,,,,,,,,,,,,,,,,,,,,,,,,,
1740,Marcel Engelhardt,Holstein Kiel,Bundesliga,,"1,91m",,,Goalkeeper,right,,,,,,,,,,,-,€175k,,,,,,,,,,,,,,,,,,,,,,,,,,,,,,,,,,,,,,,,,,,,,,,
1741,Leopold Zingerle,RB Leipzig,Bundesliga,,"1,82m",,,Goalkeeper,right,,,,,,,,,,,"Jun 30, 2026",€400k,,,,,,,,,,,,,,,,,,,,,,,,,,,,,,,,,,,,,,,,,,,,,,,
1742,Jannik Huth,SC Freiburg,Bundesliga,,"1,85m",,,Goalkeeper,right,,,,,,,,,,,-,€400k,,,,,,,,,,,,,,,,,,,,,,,,,,,,,,,,,,,,,,,,,,,,,,,
1743,Daniel-Kofi Kyereh,SC Freiburg,Bundesliga,,"1,79m",,,Attacking Midfield,right,,,,,,,,,,,-,€1.50m,,,,,,,,,,,,,,,,,,,,,,,,,,,,,,,,,,,,,,,,,,,,,,,
1744,Manuel Gulde,SC Freiburg,Bundesliga,,"1,84m",,,Centre-Back,right,,,,,,,,,,,-,€800k,,,,,,,,,,,,,,,,,,,,,,,,,,,,,,,,,,,,,,,,,,,,,,,
1745,Leon Opitz,SV Werder Bremen,Bundesliga,,"1,83m",,,Attacking Midfield,left,,,,,,,,,,,-,€600k,,,,,,,,,,,,,,,,,,,,,,,,,,,,,,,,,,,,,,,,,,,,,,,
1746,Markus Kolke,SV Werder Bremen,Bundesliga,,"1,87m",,,Goalkeeper,right,,,,,,,,,,,-,€300k,,,,,,,,,,,,,,,,,,,,,,,,,,,,,,,,,,,,,,,,,,,,,,,
1747,Mio Backhaus,SV Werder Bremen,Bundesliga,,"1,94m",,,Goalkeeper,right,,,,,,,,,,,-,€2.00m,,,,,,,,,,,,,,,,,,,,,,,,,,,,,,,,,,,,,,,,,,,,,,,
1748,Abdenego Nankishi,SV Werder Bremen,Bundesliga,,"1,78m",,,Left Winger,left,,,,,,,,,,,"Jun 30, 2025",€450k,,,,,,,,,,,,,,,,,,,,,,,,,,,,,,,,,,,,,,,,,,,,,,,
1749,Jakob Busk,TSG 1899 Hoffenheim,Bundesliga,,"1,89m",,,Goalkeeper,right,,,,,,,,,,,"Jun 30, 2025",€250k,,,,,,,,,,,,,,,,,,,,,,,,,,,,,,,,,,,,,,,,,,,,,,,
1750,Lúkas Petersson,TSG 1899 Hoffenheim,Bundesliga,,"1,95m",,,Goalkeeper,,,,,,,,,,,,"Jun 30, 2027",€150k,,,,,,,,,,,,,,,,,,,,,,,,,,,,,,,,,,,,,,,,,,,,,,,
1751,Ozan Kabak,TSG 1899 Hoffenheim,Bundesliga,,"1,87m",,,Centre-Back,right,,,,,,,,,,,"Jun 30, 2026",€7.50m,,,,,,,,,,,,,,,,,,,,,,,,,,,,,,,,,,,,,,,,,,,,,,,
1752,Christopher Lenz,TSG 1899 Hoffenheim,Bundesliga,,"1,80m",,,Left-Back,left,,,,,,,,,,,-,€800k,,,,,,,,,,,,,,,,,,,,,,,,,,,,,,,,,,,,,,,,,,,,,,,
1753,Ihlas Bebou,TSG 1899 Hoffenheim,Bundesliga,,"1,85m",,,Centre-Forward,right,,,,,,,,,,,"Jun 30, 2026",€2.80m,,,,,,,,,,,,,,,,,,,,,,,,,,,,,,,,,,,,,,,,,,,,,,,
1754,Thomas Kastanaras,VfB Stuttgart,Bundesliga,,"1,86m",,,Centre-Forward,,,,,,,,,,,,"Jun 30, 2026",€500k,,,,,,,,,,,,,,,,,,,,,,,,,,,,,,,,,,,,,,,,,,,,,,,
1755,Dennis Seimen,VfB Stuttgart,Bundesliga,,"1,92m",,,Goalkeeper,left,,,,,,,,,,,"Jun 30, 2029",€1.50m,,,,,,,,,,,,,,,,,,,,,,,,,,,,,,,,,,,,,,,,,,,,,,,
1756,Fabian Bredlow,VfB Stuttgart,Bundesliga,,"1,90m",,,Goalkeeper,both,,,,,,,,,,,"Jun 30, 2026",€1.00m,,,,,,,,,,,,,,,,,,,,,,,,,,,,,,,,,,,,,,,,,,,,,,,
1757,Stefan Drljaca,VfB Stuttgart,Bundesliga,,"1,92m",,,Goalkeeper,right,,,,,,,,,,,"Jun 30, 2027",€325k,,,,,,,,,,,,,,,,,,,,,,,,,,,,,,,,,,,,,,,,,,,,,,,
1758,Luca Raimund,VfB Stuttgart,Bundesliga,,"1,88m",,,Right Winger,left,,,,,,,,,,,"Jun 30, 2026",€500k,,,,,,,,,,,,,,,,,,,,,,,,,,,,,,,,,,,,,,,,,,,,,,,
1759,Nikolas Nartey,VfB Stuttgart,Bundesliga,,"1,86m",,,Central Midfield,left,,,,,,,,,,,"Jun 30, 2025",€400k,,,,,,,,,,,,,,,,,,,,,,,,,,,,,,,,,,,,,,,,,,,,,,,
1760,Wahid Faghir,VfB Stuttgart,Bundesliga,,"1,86m",,,Centre-Forward,right,,,,,,,,,,,"Jun 30, 2026",€1.00m,,,,,,,,,,,,,,,,,,,,,,,,,,,,,,,,,,,,,,,,,,,,,,,
1761,Niklas Jahn,VfL Bochum,Bundesliga,,"1,72m",,,Defensive Midfield,right,,,,,,,,,,,"Jun 30, 2027",€200k,,,,,,,,,,,,,,,,,,,,,,,,,,,,,,,,,,,,,,,,,,,,,,,
1762,Mohammed Tolba,VfL Bochum,Bundesliga,,"1,85m",,,Centre-Back,right,,,,,,,,,,,"Jun 30, 2025",€200k,,,,,,,,,,,,,,,,,,,,,,,,,,,,,,,,,,,,,,,,,,,,,,,
1763,Paul Grave,VfL Bochum,Bundesliga,,"1,93m",,,Goalkeeper,right,,,,,,,,,,,"Jun 30, 2025",€50k,,,,,,,,,,,,,,,,,,,,,,,,,,,,,,,,,,,,,,,,,,,,,,,
1764,Pavao Pervan,VfL Wolfsburg,Bundesliga,,"1,94m",,,Goalkeeper,both,,,,,,,,,,,"Jun 30, 2026",€300k,,,,,,,,,,,,,,,,,,,,,,,,,,,,,,,,,,,,,,,,,,,,,,,
1765,Niklas Klinger,VfL Wolfsburg,Bundesliga,,"1,87m",,,Goalkeeper,right,,,,,,,,,,,"Jun 30, 2025",€100k,,,,,,,,,,,,,,,,,,,,,,,,,,,,,,,,,,,,,,,,,,,,,,,
1766,Mathys Angély,VfL Wolfsburg,Bundesliga,,"1,90m",,,Centre-Back,left,,,,,,,,,,,-,€600k,,,,,,,,,,,,,,,,,,,,,,,,,,,,,,,,,,,,,,,,,,,,,,,
1767,Rogério,VfL Wolfsburg,Bundesliga,,"1,78m",,,Left-Back,left,,,,,,,,,,,"Jun 30, 2027",€3.50m,,,,,,,,,,,,,,,,,,,,,,,,,,,,,,,,,,,,,,,,,,,,,,,
1768,Bennit Bröger,VfL Wolfsburg,Bundesliga,,"1,81m",,,Attacking Midfield,,,,,,,,,,,,"Jun 30, 2025",€500k,,,,,,,,,,,,,,,,,,,,,,,,,,,,,,,,,,,,,,,,,,,,,,,
1769,Bartosz Bialek,VfL Wolfsburg,Bundesliga,,"1,91m",,,Centre-Forward,right,,,,,,,,,,,"Jun 30, 2025",€800k,,,,,,,,,,,,,,,,,,,,,,,,,,,,,,,,,,,,,,,,,,,,,,,
1770,Juan Musso,Atlético de Madrid,SerieA,30 years old (06-05-1994),191cm,Argentina,Goalkeeper,,,1,90.0,-,-,-,-,44.8,1,-,7.8,,,-,-,-,-,-,-,-,-,-,-,-,-,-,-,1,1,-,-,-,-,-,1,-,-,-,-,-,-,4,1,2,1,29,5,16,8,-,-,-,-,-,-,-,-,-,-,-
1771,Daniele Padelli,Udinese Calcio,SerieA,39 years old (25-10-1985),"1,91m",Italy,Goalkeeper,Goalkeeper,right,1,90.0,-,-,-,-,72.2,-,-,7.47,"Jun 30, 2025",€150k,-,-,-,-,-,-,-,-,-,-,-,-,-,-,-,-,-,-,1,1,-,-,-,-,-,-,-,-,3,-,2,1,18,3,5,10,-,-,-,-,-,-,-,-,-,-,-
1772,Rui Patrício,Atalanta BC,SerieA,37 years old (15-02-1988),"1,90m",Portugal,Goalkeeper,Goalkeeper,left,2,180.0,-,-,-,-,86.8,-,-,7.38,"Jun 30, 2025",€1.00m,-,-,-,-,-,-,-,-,-,-,-,-,-,-,-,-,-,-,-,-,-,-,-,-,1,-,-,-,4.5,-,3,1.5,26.5,2.5,3,20.5,0.5,-,-,-,-,-,-,-,-,-,-
1773,Bremer,Juventus FC,SerieA,28 years old (18-03-1997),"1,88m",Brazil,Defender (Centre),Centre-Back,right,6,540.0,-,-,1,-,92.8,2,1,7.35,"Jun 30, 2029",€50.00m,0.5,-,-,-,-,0.5,0.3,0.2,-,0.7,0.2,0.5,0.7,0.3,3.2,2,1.2,2.5,0.2,2.7,1,0.8,1.5,-,2.3,1.8,0.3,0.7,-,-,-,-,83.8,3.7,1.8,74.2,4.2,-,-,-,-,-,-,-,-,-,-
1774,Christos Mandas,SS Lazio,SerieA,23 years old (17-09-2001),"1,89m",Greece,Goalkeeper,Goalkeeper,right,5,450.0,-,-,-,-,68.1,0.6,1,7.34,"Jun 30, 2029",€5.00m,-,-,-,-,-,-,-,-,-,-,-,-,-,-,0.6,0.6,-,-,-,-,-,-,-,-,0.8,-,-,-,2.8,-,2.4,0.4,37,7.2,11.4,18,0.4,-,-,-,-,-,-,-,-,-,-
1775,Stefan Posch,Atalanta BC,SerieA,27 years old (14-05-1997),"1,90m",Austria,"Defender (Centre, Right)",Centre-Back,right,4,343.0,-,-,-,-,84.2,1,-,7.33,"Jun 30, 2025",€10.00m,0.8,-,-,-,-,0.8,0.8,-,-,0.5,0.3,0.3,0.5,1.3,2.5,1,1.5,3.5,0.3,3.8,1,-,2.5,-,3.3,0.3,-,1,-,-,-,-,52.3,1.8,4.8,42.3,3.5,-,-,-,-,-,-,-,-,-,-
1776,Marcus Thuram,Inter Milan,SerieA,27 years old (06-08-1997),"1,92m",France,"Attacking Midfielder (Left), Forward",Centre-Forward,right,26(5),2209.0,14,4,1,-,74.7,1.5,5,7.25,"Jun 30, 2028",€75.00m,2.1,0.5,0.1,0.4,-,2.1,1.7,0.2,0.2,1.6,0.9,0.7,1.7,0.9,2.6,1.5,1.1,0.6,0.4,0.9,0.1,1.1,0.8,0.4,0.5,0.1,-,0.4,-,-,-,-,16.7,0.1,0.2,12.3,4,1.3,-,1.2,0.1,-,-,-,-,-,0.1
1777,Scott McTominay,SSC Napoli,SerieA,28 years old (08-12-1996),"1,91m",Scotland,"Defender (Centre), Midfielder (Centre)",Central Midfield,right,29(1),2581.0,11,2,3,-,85.2,1.8,5,7.22,"Jun 30, 2028",€40.00m,2.3,0.4,0.1,0.3,-,2.3,1.6,0.6,0.1,2.6,1.5,1.1,1.9,1.3,3.4,1.8,1.6,1.3,0.6,1.9,0.7,1.8,1.3,0.2,1.5,0.1,-,0.5,-,-,-,-,26.3,1.3,0.6,21.2,3.3,0.6,-,0.6,0.1,-,-,-,-,-,-
1778,Ademola Lookman,Atalanta BC,SerieA,27 years old (20-10-1997),"1,74m",Nigeria,"Attacking Midfielder (Centre, Left, Right), Forward",Second Striker,right,26(2),2053.0,13,5,4,-,78.9,0.6,5,7.22,"Jun 30, 2027",€60.00m,2.6,0.5,0.1,0.3,0.1,2.6,1.9,0.5,0.3,3.4,2.2,1.1,2.5,1.7,1.1,0.6,0.5,1.1,0.3,1.4,0.1,0.6,1.1,0.9,0.2,-,-,0.6,-,-,-,-,26.2,0.3,0.3,20.4,5.3,2,0.5,1.4,0.2,-,-,-,-,-,0.1
1779,Simone Scuffet,SSC Napoli,SerieA,28 years old (31-05-1996),"1,93m",Italy,Goalkeeper,Goalkeeper,right,1,90.0,-,-,-,-,76.9,1,-,7.19,"Jun 30, 2025",€2.00m,-,-,-,-,-,-,-,-,-,-,-,-,-,-,1,1,-,-,-,-,-,-,-,-,4,-,-,-,3,-,3,-,39,4,9,26,-,-,-,-,-,-,-,-,-,-,-
1780,Nico Paz,Como 1907,SerieA,20 years old (08-09-2004),"1,86m",,Attacking Midfielder (Centre),Attacking Midfield,left,26(5),2344.0,6,6,6,-,83.8,0.9,4,7.17,"Jun 30, 2028",€35.00m,3.1,0.2,-,0.1,0.1,3.1,1.5,1.6,0.1,3.9,1.9,2.1,2.9,1.3,1.5,0.9,0.6,1.5,0.7,2.3,0.6,1,1.3,0.1,0.4,0.1,-,1.3,-,-,-,-,32.4,0.7,0.6,26.5,4.6,1.5,0.3,1.2,0.2,-,-,-,-,-,0.2
1781,Mateo Retegui,Atalanta BC,SerieA,26 years old (29-04-1999),"1,86m",Italy,Forward,Centre-Forward,right,28(4),2061.0,24,5,2,-,78.2,1.4,4,7.15,"Jun 30, 2028",€45.00m,2.8,0.8,0.1,0.6,-,2.8,2.2,0.3,0.4,0.8,0.5,0.3,2.5,1.3,3.3,1.4,1.9,0.4,0.4,0.8,0.1,0.9,0.8,0.2,0.5,-,-,0.2,-,-,-,-,14.9,0.3,0.2,11.3,3,1,-,1,0.2,-,-,-,-,-,0.1
1782,Duván Zapata,Torino FC,SerieA,34 years old (01-04-1991),"1,88m",Colombia,Forward,Centre-Forward,right,7,589.0,3,-,1,-,69.4,2.9,1,7.14,"Jun 30, 2027",€4.00m,3,0.4,0.1,0.3,-,3,2.4,0.3,0.3,1.3,1.1,0.1,1.3,1.1,7,2.9,4.1,1,0.4,1.4,0.3,1.1,1.4,0.3,1,0.1,-,0.1,-,-,-,-,17.3,0.7,0.1,11.3,5.1,1.3,-,1.3,-,-,-,-,-,-,-
1783,Hakan Çalhanoglu,Inter Milan,SerieA,31 years old (08-02-1994),"1,78m",Turkey,"Midfielder (Centre, Left, Right), Forward",Defensive Midfield,right,24(2),1786.0,5,4,3,-,90.3,0.6,1,7.14,"Jun 30, 2027",€35.00m,1.6,0.2,-,0.1,0.1,1.6,0.4,1.2,-,0.2,0.1,0.1,0.7,0.3,1.3,0.6,0.7,1.5,0.6,2.1,0.7,0.5,0.8,-,0.8,0.2,-,0.3,-,-,-,-,55.4,3.4,1.6,46.6,3.8,1.8,0.5,1.2,0.2,0.1,0.1,-,-,-,-
1784,Lautaro Martínez,Inter Milan,SerieA,27 years old (22-08-1997),"1,74m",Argentina,Forward,Centre-Forward,right,31,2579.0,12,3,1,-,76.6,1.2,4,7.13,"Jun 30, 2029",€95.00m,3.3,0.4,0.1,0.3,-,3.3,2.2,0.6,0.5,1.5,1,0.5,2.3,1.7,2.5,1.2,1.3,1,0.4,1.4,0.3,1.4,1.3,0.7,0.5,0.1,-,0.6,-,-,-,-,19.7,0.9,0.3,14.2,4.3,1.2,-,1.2,0.1,-,-,-,-,-,0.1
1785,Khvicha Kvaratskhelia,Paris Saint-Germain,SerieA,24 years old (12-02-2001),183cm,Georgia,"Attacking Midfielder (Centre, Left, Right), Forward",,,15(2),1191.0,5,3,1,-,83.3,0.3,2,7.12,,,2.9,0.3,-,0.2,0.1,2.9,1.6,1.3,0.1,4.2,3.1,1.1,1.5,1.2,0.6,0.3,0.3,0.9,0.6,1.5,0.2,1.9,0.7,-,0.2,-,0.2,0.8,-,-,-,-,23.2,1.4,0.6,17.9,3.3,1.6,0.2,1.4,0.2,-,-,0.1,-,-,0.1
1786,Pablo Marí,ACF Fiorentina,SerieA,31 years old (31-08-1993),"1,93m",Spain,Defender (Centre),Centre-Back,left,8(1),738.0,-,-,2,-,90.2,2.8,1,7.09,"Jun 30, 2027",€3.50m,0.3,-,-,-,-,0.3,0.1,0.2,-,0.1,0.1,-,-,0.2,3.6,2.8,0.8,0.8,0.3,1.1,2,0.1,1,-,8.3,0.9,-,0.4,-,-,-,-,39.6,1.4,2.2,34.2,1.7,-,-,-,-,-,-,-,-,-,-
1787,Moise Kean,ACF Fiorentina,SerieA,25 years old (28-02-2000),"1,83m",Italy,"Attacking Midfielder (Left, Right), Forward",Centre-Forward,right,28(1),2442.0,17,3,5,-,71.6,1.6,2,7.08,"Jun 30, 2029",€40.00m,3.1,0.6,0.2,0.3,-,3.1,2,0.7,0.4,3.1,1.7,1.3,3.1,1.8,3.2,1.6,1.6,0.2,-,0.3,0.2,1.7,1.3,1.8,0.8,-,-,0.4,-,-,-,-,9.6,0.3,-,6.6,2.7,0.6,-,0.6,0.1,-,-,-,-,-,0.1
1788,Valentín Castellanos,SS Lazio,SerieA,26 years old (03-10-1998),178cm,Argentina,"Attacking Midfielder (Right), Forward",,,24(1),2036.0,10,3,7,1,69.9,2.4,4,7.08,,,3.7,0.4,0.1,0.3,-,3.7,2.3,1.1,0.3,1.3,0.8,0.6,1.8,1,4.6,2.4,2.3,0.4,0.3,0.8,0.2,1.5,1.3,0.6,0.8,0.1,-,0.6,-,-,-,-,17.2,0.2,0.3,11.8,4.9,0.9,-,0.9,0.1,-,-,-,-,-,0.1
1789,Mattia Zaccagni,SS Lazio,SerieA,29 years old (16-06-1995),"1,77m",Italy,"Attacking Midfielder (Centre, Left), Forward",Left Winger,right,30(1),2468.0,8,6,9,-,84.8,0.6,4,7.08,"Jun 30, 2029",€20.00m,1.5,0.3,-,0.2,-,1.5,0.9,0.5,0.1,2.9,1.6,1.4,1.4,1.2,1.2,0.6,0.6,1.1,0.4,1.5,0.8,3,1,0.3,0.5,-,0.2,0.5,-,-,-,-,28.5,1,0.6,23.2,3.7,1.6,0.5,1.2,0.2,0.1,0.1,-,-,-,0.1
1790,Alexis Saelemaekers,AS Roma,SerieA,25 years old (27-06-1999),"1,80m",Belgium,"Midfielder (Left, Right)",Right Winger,right,15(4),1219.0,6,3,4,-,85.7,0.4,1,7.07,"Jun 30, 2025",€17.00m,0.9,0.3,0.1,0.2,0.1,0.9,0.6,0.3,0.1,2.4,1.5,0.9,1.8,0.6,0.6,0.4,0.2,1.6,0.7,2.3,0.4,1.3,0.7,-,0.4,0.1,-,0.6,-,-,-,-,30.5,1.1,0.4,25.1,3.9,1.2,0.2,1,0.2,0.1,-,-,-,-,0.1
1791,Renato Veiga,Juventus FC,SerieA,21 years old (29-07-2003),"1,90m",Portugal,"Defender (Centre, Left)",Centre-Back,left,9,779.0,-,1,2,-,88.1,2.2,1,7.06,"Jun 30, 2025",€18.00m,0.8,-,-,-,-,0.8,0.7,-,0.1,0.1,-,0.1,0.2,-,3,2.2,0.8,1.7,0.4,2.1,1.2,0.2,0.8,0.1,5.2,1.1,0.2,0.2,-,-,-,-,50.3,2.3,3,42,3,0.2,-,0.2,0.1,-,-,-,-,-,0.1
1792,Rafael Leão,AC Milan,SerieA,25 years old (10-06-1999),"1,88m",Portugal,"Attacking Midfielder (Centre, Left), Forward",Left Winger,right,25(7),2246.0,7,8,4,-,77,0.8,4,7.06,"Jun 30, 2028",€75.00m,2,0.2,-,0.2,-,2,1.5,0.4,0.1,3.8,2.1,1.8,1.5,1.1,1.5,0.8,0.7,0.4,0.5,1,0.2,1.6,0.5,0.2,0.1,-,-,0.4,-,-,-,-,23.4,0.8,0.5,17.3,4.8,1.8,0.1,1.7,0.3,0.1,-,-,-,-,0.2
1793,Francesco Acerbi,Inter Milan,SerieA,37 years old (10-02-1988),"1,92m",Italy,Defender (Centre),Centre-Back,left,19,1572.0,-,1,-,-,92.8,3.1,1,7.05,"Jun 30, 2026",€3.00m,0.2,-,-,-,-,0.2,0.2,-,-,0.2,-,0.2,0.4,0.1,4.5,3.1,1.4,1.2,0.3,1.5,1.4,0.9,0.6,0.1,3.8,0.8,0.1,0.3,-,-,-,-,61.2,2.3,1.6,54.5,2.8,0.5,-,0.5,0.1,0.1,-,-,-,-,-
1794,Tijjani Reijnders,AC Milan,SerieA,26 years old (29-07-1998),"1,85m",Netherlands,Midfielder (Centre),Central Midfield,right,32(1),2772.0,10,4,2,1,88.9,0.2,4,7.04,"Jun 30, 2030",€50.00m,2.1,0.3,0.1,0.2,0.1,2.1,1,1.1,0.1,1.9,0.9,1.1,1,0.8,0.6,0.2,0.4,0.7,0.5,1.2,1,0.6,0.7,-,0.7,0.1,0.1,0.5,-,-,-,-,38.6,1.6,0.6,32.7,3.7,1.3,0.1,1.2,0.1,-,-,0.1,0.1,-,-
1795,Alessandro Buongiorno,SSC Napoli,SerieA,25 years old (06-06-1999),"1,90m",Italy,Defender (Centre),Centre-Back,left,22,1926.0,1,-,2,-,91,2,-,7.03,"Jun 30, 2029",€45.00m,0.4,-,-,-,-,0.4,0.3,-,0.1,0.3,0.3,-,0.6,0.4,3,2,1,1.8,0.4,2.1,1.6,1,0.8,-,3.3,0.8,-,0.5,-,-,-,-,57.8,1.8,2,50.8,3.2,0.2,-,0.2,-,-,-,-,-,-,-
1796,Christian Pulisic,AC Milan,SerieA,26 years old (18-09-1998),"1,77m",USA,"Midfielder (Centre, Left, Right), Forward",Right Winger,right,25(5),2145.0,10,8,1,-,82.7,0.3,4,7.03,"Jun 30, 2027",€50.00m,1.6,0.3,0.1,0.3,-,1.6,1,0.5,0.2,2.2,1.2,1,1.6,1.1,1.5,0.3,1.2,1.3,0.7,2,0.1,1,0.6,0.1,0.4,0.1,-,0.6,-,-,-,-,26.2,0.5,0.4,21.2,4.1,2,0.3,1.7,0.3,0.1,0.1,-,-,-,0.1
1797,Assane Diao,Como 1907,SerieA,19 years old (07-09-2005),"1,85m",,"Attacking Midfielder (Left, Right)",Right Winger,right,14(1),1259.0,8,1,2,-,82.9,1.2,2,7.03,"Jun 30, 2029",€25.00m,1.9,0.5,0.1,0.5,-,1.9,1.6,0.2,0.1,4.8,3.5,1.3,3.3,2.5,3.5,1.2,2.3,1.7,1.1,2.7,0.2,3.3,1.3,0.4,0.9,0.1,0.4,0.5,-,-,-,-,19.1,0.3,0.1,15.5,3.2,0.5,-,0.5,0.1,-,-,-,-,-,0.1
1798,Nuno Tavares,SS Lazio,SerieA,25 years old (26-01-2000),"1,83m",Portugal,"Defender (Left), Midfielder (Left)",Left-Back,left,20(1),1563.0,-,8,2,1,84.7,0.4,3,7.02,"Jun 30, 2025",€25.00m,1.2,-,-,-,-,1.2,0.3,0.9,-,4.4,2.3,2.1,1.9,1.5,1,0.4,0.5,1.3,0.9,2.2,0.9,1.4,0.8,-,1.4,0.1,0.5,0.8,-,-,-,-,33.3,1,0.5,27.2,4.6,1.5,0.2,1.2,0.4,0.2,-,-,-,-,0.2
1799,Riccardo Orsolini,Bologna FC 1909,SerieA,28 years old (24-01-1997),"1,83m",Italy,"Midfielder (Centre, Right), Forward",Right Winger,left,20(6),1616.0,12,3,1,-,71.4,0.8,4,7.02,"Jun 30, 2027",€20.00m,2.4,0.5,0.1,0.4,-,2.4,1.5,0.8,0.2,2.5,1.4,1.1,1.4,0.9,1.6,0.8,0.7,0.5,0.2,0.7,0.3,1.4,1,0.4,0.4,-,-,0.9,-,-,-,-,19.2,0.9,0.8,12.8,4.7,1.1,0.1,1,0.1,0.1,-,-,-,-,-
1800,Oumar Solet,Udinese Calcio,SerieA,25 years old (07-02-2000),"1,92m",France,Defender (Centre),Centre-Back,right,15,1314.0,1,1,1,1,89.4,1.1,2,7.01,"Jun 30, 2027",€14.00m,0.7,0.1,-,-,0.1,0.7,0.2,0.3,0.1,1.9,0.4,1.5,0.8,0.5,2.4,1.1,1.3,1.9,0.5,2.3,0.9,0.7,0.9,-,3.9,1,0.2,0.7,-,-,-,-,59.1,5.4,2.7,47.5,3.6,0.9,0.2,0.7,0.1,-,-,-,-,-,0.1
1801,Florian Thauvin,Udinese Calcio,SerieA,32 years old (26-01-1993),"1,81m",France,"Midfielder (Centre, Left, Right), Forward",Second Striker,left,24(1),1971.0,8,3,-,-,78.5,0.2,4,7.01,"Jun 30, 2025",€5.00m,2.2,0.3,0.1,0.2,-,2.2,1.2,0.8,0.1,3.7,2.1,1.6,2.4,1.5,0.6,0.2,0.4,0.8,0.6,1.4,0.3,1.1,0.4,0.1,0.3,-,0.1,0.2,-,-,-,-,25.4,1.5,1,18.4,4.5,1.6,0.5,1,0.1,0.1,-,-,-,-,-
1802,Raoul Bellanova,Atalanta BC,SerieA,24 years old (17-05-2000),"1,88m",Italy,Midfielder (Right),Right Midfield,right,1,88.0,-,-,-,-,83.3,1,-,7.01,"Jun 30, 2029",€22.00m,1,-,-,-,-,1,1,-,-,1,1,-,1,-,1,1,-,-,1,1,-,1,1,-,3,-,1,-,-,-,-,-,30,2,-,23,5,1,-,1,-,-,-,-,-,-,-
1803,Vanja Milinkovic-Savic,Torino FC,SerieA,28 years old (20-02-1997),"2,02m",Serbia,Goalkeeper,Goalkeeper,right,33,2970.0,-,-,2,-,62.9,0.4,5,7.01,"Jun 30, 2026",€12.00m,-,-,-,-,-,-,-,-,-,-,-,-,-,-,0.4,0.4,0.1,-,0.1,0.1,-,0.3,-,-,1.3,-,-,-,3.6,0.2,2.2,1.3,39.3,7.5,14.3,17.2,0.3,0.1,0.1,-,-,-,-,-,-,-,-
1804,Nicolò Barella,Inter Milan,SerieA,28 years old (07-02-1997),"1,75m",Italy,Attacking Midfielder (Centre),Central Midfield,right,27(3),2318.0,3,6,4,-,85.2,0.8,3,7.0,"Jun 30, 2029",€80.00m,1.4,0.1,-,-,0.1,1.4,0.4,1,-,1.8,1.1,0.7,0.9,1.3,1.6,0.8,0.8,1.6,1,2.6,0.3,1.1,0.8,0.1,0.5,0.1,-,0.7,-,-,-,-,52.9,2.7,1.6,42.4,6.3,1.7,0.2,1.5,0.2,0.1,-,-,-,-,0.1
1805,Frank Anguissa,SSC Napoli,SerieA,29 years old (16-11-1995),"1,84m",Cameroon,Midfielder (Centre),Central Midfield,right,28(3),2503.0,6,4,5,-,85,1.9,7,7.0,"Jun 30, 2025",€27.00m,1.2,0.2,-,0.2,-,1.2,0.6,0.5,0.1,1.3,0.6,0.7,1.4,1,3.4,1.9,1.5,1.3,0.6,1.9,1,0.9,1,0.1,1.1,0.2,-,0.4,-,-,-,-,41.7,1.1,0.9,34.3,5.4,0.8,0.1,0.7,0.1,-,-,-,-,-,0.1
1806,Robin Gosens,ACF Fiorentina,SerieA,30 years old (05-07-1994),"1,83m",Germany,"Defender (Left), Midfielder (Centre, Left)",Left-Back,left,25(3),2218.0,5,4,5,-,78.4,2.3,5,6.99,"Jun 30, 2025",€8.00m,0.8,0.2,-,0.2,-,0.8,0.5,0.2,0.1,0.3,0.2,0.1,0.9,0.1,3.5,2.3,1.1,1.8,0.6,2.4,0.6,0.8,0.7,0.2,2.8,0.3,0.3,0.7,-,-,-,-,33.4,1.1,2.2,25,5,0.8,0.1,0.7,0.1,-,-,-,-,-,0.1
1807,Amir Rrahmani,SSC Napoli,SerieA,31 years old (24-02-1994),"1,92m",Kosovo,"Defender (Centre, Left)",Centre-Back,right,34,3046.0,1,2,2,-,91.3,3.4,-,6.98,"Jun 30, 2027",€12.00m,0.8,-,-,-,-,0.8,0.5,-,0.2,0.1,-,0.1,0.3,0.2,4.8,3.4,1.5,1,0.3,1.2,0.7,0.3,1.1,-,4.6,0.7,0.1,0.5,-,-,-,-,71.6,4.4,2.7,61,3.5,0.2,0.1,0.1,0.1,-,-,-,-,-,-
1808,Marten de Roon,Atalanta BC,SerieA,34 years old (29-03-1991),"1,85m",Netherlands,"Defender (Centre), Defensive Midfielder (C)",Defensive Midfield,right,31(2),2789.0,4,3,5,-,87.5,1.3,-,6.97,"Jun 30, 2026",€7.00m,0.4,0.1,-,0.1,0.1,0.4,0.2,0.3,-,0.3,0.2,0.1,0.6,0.3,2.1,1.3,0.8,2,1,3,1.3,0.6,1.3,-,1.6,0.2,0.1,0.8,-,-,-,-,61.3,3.1,3.1,50.5,4.5,0.7,0.1,0.6,0.1,-,-,-,-,-,0.1
1809,Mats Hummels,AS Roma,SerieA,36 years old (16-12-1988),"1,91m",Germany,Defender (Centre),Centre-Back,right,11(2),919.0,-,-,1,-,89.4,1.8,1,6.95,"Jun 30, 2025",€2.50m,0.6,-,-,-,-,0.6,0.5,0.2,-,0.5,0.2,0.3,-,0.1,3,1.8,1.2,2.3,0.5,2.8,2,0.2,0.7,-,3.3,0.3,-,0.6,-,-,-,-,33.3,1.5,1.1,28.2,2.5,0.2,-,0.2,-,-,-,-,-,-,-
1810,Alberto Paleari,Torino FC,SerieA,32 years old (29-08-1992),"1,93m",Italy,Goalkeeper,Goalkeeper,right,1,90.0,-,-,-,-,85.2,1,-,6.95,"Jun 30, 2026",€500k,-,-,-,-,-,-,-,-,-,-,-,-,-,-,1,1,-,-,-,-,-,1,-,-,2,-,-,-,4,1,3,-,27,9,4,14,-,-,-,-,-,-,-,-,-,-,-
1811,Éderson,Atalanta BC,SerieA,25 years old (07-07-1999),"1,83m",Brazil,Midfielder (Centre),Central Midfield,right,30(3),2664.0,4,1,3,1,87.3,1.3,1,6.95,"Jun 30, 2027",€50.00m,1.1,0.1,-,0.1,-,1.1,0.5,0.5,0.1,1.4,0.8,0.6,1.3,1.2,2.3,1.3,0.9,1.5,0.3,1.8,1,1.5,0.9,-,0.9,0.2,0.1,0.7,-,-,-,-,53.8,2.9,1.5,44.1,5.3,1,0.1,0.9,-,-,-,-,-,-,-
1812,Federico Dimarco,Inter Milan,SerieA,27 years old (10-11-1997),"1,75m",Italy,"Defender (Centre, Left), Midfielder (Left)",Left-Back,left,26(3),1969.0,4,7,3,-,83.9,0.2,2,6.94,"Jun 30, 2027",€60.00m,1.8,0.1,-,0.1,-,1.8,0.9,0.9,-,0.3,0.2,0.1,0.6,0.3,0.7,0.2,0.4,0.8,0.3,1.1,0.4,0.3,0.7,0.3,0.8,0.1,0.2,0.6,-,-,-,-,31.2,1.1,1.1,25.1,3.9,1.6,0.6,1,0.2,0.1,-,-,-,-,0.1
1813,Matías Soulé,AS Roma,SerieA,22 years old (15-04-2003),"1,82m",Argentina,"Midfielder (Centre, Right), Forward",Right Winger,left,18(5),1444.0,5,2,2,-,87,0.4,3,6.94,"Jun 30, 2029",€22.00m,1.6,0.2,-,-,0.1,1.6,0.6,1,-,3.7,2.5,1.2,2.1,1,1.2,0.4,0.7,0.8,0.4,1.3,0.3,1.4,0.5,-,0.7,0.1,0.1,0.9,-,-,-,-,29.7,0.7,0.6,25.1,3.3,1.8,0.5,1.3,0.1,-,-,-,-,-,-
1814,Pietro Terracciano,ACF Fiorentina,SerieA,35 years old (08-03-1990),"1,93m",Italy,Goalkeeper,Goalkeeper,right,3,270.0,-,-,-,-,76,-,-,6.93,"Jun 30, 2026",€1.50m,-,-,-,-,-,-,-,-,-,-,-,-,-,-,-,-,-,-,-,-,-,-,-,-,-,-,-,-,3.7,1,1.7,1,25,3,6,16,-,-,-,-,-,-,-,-,-,-,-
1815,Paulo Dybala,AS Roma,SerieA,31 years old (15-11-1993),"1,77m",Argentina,"Attacking Midfielder (Centre, Right), Forward",Second Striker,left,16(8),1420.0,6,3,2,-,86.5,0.3,4,6.92,"Jun 30, 2026",€8.00m,2.1,0.3,-,0.2,-,2.1,1,1,0.1,1.8,1.3,0.5,1.7,1.2,1,0.3,0.7,0.7,0.5,1.2,0.1,2.5,0.3,0.3,0.1,-,-,0.5,-,-,-,-,27.5,1.5,0.6,22.3,3.1,1.7,0.3,1.3,0.1,-,-,-,-,-,0.1
1816,Kenan Yildiz,Juventus FC,SerieA,19 years old (04-05-2005),185cm,Turkey,"Attacking Midfielder (Centre, Left, Right), Forward",,,26(7),2233.0,6,2,2,1,86.1,0.2,3,6.92,,,1.7,0.2,0.1,0.1,-,1.7,1.2,0.4,0.1,3,1.3,1.7,2.5,1.2,1,0.2,0.8,1.5,0.4,1.9,0.2,1.4,0.7,0.1,0.2,-,0.1,0.7,-,-,-,-,27,0.8,0.5,22.5,3.3,1.5,0.2,1.3,0.1,-,-,-,-,-,-
1817,Sebastian Walukiewicz,Torino FC,SerieA,25 years old (05-04-2000),"1,88m",Poland,"Defender (Centre, Right)",Centre-Back,right,2,180.0,-,-,-,-,80,2.5,-,6.92,"Jun 30, 2027",€5.00m,-,-,-,-,-,-,-,-,-,-,-,-,1,-,4,2.5,1.5,0.5,0.5,1,0.5,-,2,-,7,1.5,0.5,-,-,-,-,-,27.5,3,2,19,3.5,0.5,0.5,-,-,-,-,-,-,-,-
1818,Edoardo Bove,ACF Fiorentina,SerieA,22 years old (16-05-2002),"1,81m",Italy,"Midfielder (Centre, Left)",Central Midfield,right,11(1),857.0,1,2,3,-,83.3,1,1,6.91,"Jun 30, 2025",€5.00m,0.6,0.1,-,0.1,-,0.6,0.5,0.1,-,1.3,0.8,0.6,1.1,0.9,2.3,1,1.3,2,1.2,3.2,0.5,1.8,1.3,-,0.5,-,0.2,1,-,-,-,-,27.9,1.2,0.8,22.1,3.8,0.9,0.1,0.8,0.2,-,-,-,-,-,0.2
1819,Milan Djuric,Parma Calcio 1913,SerieA,34 years old (22-05-1990),"1,99m",Bosnia-Herzegovina,Forward,Centre-Forward,right,13(5),1270.0,4,1,3,-,49.2,7.4,3,6.91,"Jun 30, 2026",€1.50m,1.3,0.2,0.1,0.1,-,1.3,1.1,0.1,0.1,0.3,0.1,0.2,0.8,0.8,10.4,7.4,3.1,0.1,0.2,0.2,0.1,1,0.9,0.3,0.9,-,-,0.3,-,-,-,-,14.8,0.1,-,7.2,7.5,0.3,-,0.3,0.1,-,-,-,-,-,0.1
1820,Ardian Ismajli,FC Empoli,SerieA,28 years old (30-09-1996),"1,87m",Albania,Defender (Centre),Centre-Back,right,25,2150.0,-,-,1,-,86.2,2.8,2,6.9,"Jun 30, 2025",€6.00m,0.2,-,-,-,-,0.2,0.1,-,0.1,-,-,-,0.3,-,4.7,2.8,1.9,1,0.1,1.1,1.9,0.9,0.6,-,8.4,0.9,0.1,0.3,-,-,-,-,33.4,1.9,2.2,26.9,2.4,-,-,-,-,-,-,-,-,-,-
1821,Theo Hernández,AC Milan,SerieA,27 years old (06-10-1997),"1,84m",France,"Defender (Centre, Left), Midfielder (Left)",Left-Back,left,28(3),2519.0,4,3,4,1,87.8,1.1,2,6.9,"Jun 30, 2026",€40.00m,1.3,0.1,-,0.1,-,1.3,0.6,0.7,-,1.7,1,0.7,0.9,0.6,1.6,1.1,0.5,1,0.5,1.5,0.5,1.4,0.5,0.1,1.9,0.3,0.4,0.5,-,-,-,-,40.6,1,1.4,34.7,3.6,1.5,0.3,1.2,0.1,0.1,-,-,-,-,-
1822,Giovanni Di Lorenzo,SSC Napoli,SerieA,31 years old (04-08-1993),"1,83m",Italy,"Defender (Centre, Left, Right), Midfielder (Right)",Right-Back,right,33,2970.0,3,2,5,-,85,1.3,1,6.9,"Jun 30, 2028",€15.00m,0.5,0.1,-,-,-,0.5,0.3,0.2,0.1,0.9,0.8,0.1,0.7,0.4,2.6,1.3,1.3,1.9,0.6,2.5,0.9,1.4,1.4,0.2,2,0.2,0.2,0.4,-,-,-,-,49.8,1.5,1.5,40.8,5.9,1.1,0.1,1,0.1,-,-,-,-,-,-
1823,Dodô,ACF Fiorentina,SerieA,26 years old (17-11-1998),"1,66m",,"Defender (Right), Midfielder (Right)",Right-Back,right,32,2849.0,-,5,7,-,81.5,0.4,1,6.9,"Jun 30, 2027",€22.00m,0.8,-,-,-,-,0.8,0.5,0.3,-,3.2,1.8,1.4,2.1,0.7,0.9,0.4,0.5,1.3,0.7,2,1,1.8,0.7,0.1,1.6,0.2,0.2,0.5,-,-,-,-,38,1.7,2.2,29.3,4.8,1,0.2,0.8,0.2,0.1,-,-,-,-,0.1
1824,Elia Caprile,Cagliari Calcio,SerieA,23 years old (25-08-2001),"1,91m",Italy,Goalkeeper,Goalkeeper,right,3(1),324.0,-,-,-,-,81.8,0.3,1,6.9,"Jun 30, 2025",€8.00m,-,-,-,-,-,-,-,-,-,-,-,-,-,-,0.3,0.3,-,-,-,-,-,-,-,-,0.8,-,-,-,1.8,-,1.5,0.3,22,4,4,14,-,-,-,-,-,-,-,-,-,-,-
1825,Strahinja Pavlovic,AC Milan,SerieA,23 years old (24-05-2001),"1,94m",Serbia,Defender (Centre),Centre-Back,left,17(3),1530.0,2,1,2,1,89.4,1.9,1,6.9,"Jun 30, 2028",€18.00m,0.8,0.1,0.1,-,-,0.8,0.4,0.2,0.2,0.5,0.4,0.2,0.8,0.2,3.1,1.9,1.2,2.3,1,3.2,0.7,0.7,0.8,0.1,3.2,0.3,0.2,0.3,-,-,-,-,55.2,1.8,2.5,47.6,3.4,0.3,0.1,0.3,0.1,-,-,-,-,-,0.1
1826,Denzel Dumfries,Inter Milan,SerieA,29 years old (18-04-1996),"1,88m",Netherlands,"Defender (Right), Midfielder (Right)",Right-Back,right,19(7),1786.0,6,2,4,-,77.1,2.1,1,6.89,"Jun 30, 2028",€28.00m,1.3,0.2,0.1,0.1,-,1.3,1.1,-,0.2,1.4,1.1,0.3,1,0.4,2.9,2.1,0.8,1,0.4,1.3,0.2,0.6,2,0.2,0.7,0.2,0.1,0.8,-,-,-,-,21.5,0.6,0.6,16,4.3,0.8,-,0.7,0.1,-,-,-,-,-,-
1827,Alessandro Bastoni,Inter Milan,SerieA,26 years old (13-04-1999),"1,90m",Italy,Defender (Centre),Centre-Back,left,29(2),2253.0,1,4,4,1,90.9,1.4,-,6.89,"Jun 30, 2028",€80.00m,0.4,-,-,-,-,0.4,0.2,0.1,0.1,0.5,0.3,0.2,0.8,0.2,2.2,1.4,0.8,1.3,0.3,1.6,0.7,1.2,1.4,-,1.4,0.3,0.2,0.4,-,-,-,-,60.9,4.2,2.9,51.2,2.6,0.8,0.1,0.7,0.1,-,-,-,-,-,0.1
1828,Berat Djimsiti,Atalanta BC,SerieA,32 years old (19-02-1993),"1,90m",Albania,Defender (Centre),Centre-Back,right,29(2),2391.0,1,2,4,-,88.4,2.6,1,6.88,"Jun 30, 2026",€8.00m,0.6,-,-,-,-,0.6,0.6,-,-,0.1,0.1,-,0.3,-,4,2.6,1.5,1.5,0.3,1.8,1.2,0.6,0.6,-,3.5,0.6,0.1,0.4,-,-,-,-,49.3,1.7,1.7,41.8,4,0.3,-,0.3,0.1,-,-,-,-,-,0.1
1829,Emerson Royal,AC Milan,SerieA,26 years old (14-01-1999),"1,83m",Brazil,"Defender (Centre, Left, Right), Midfielder (Right)",Right-Back,right,16(1),1382.0,-,-,5,-,90,1.5,1,6.88,"Jun 30, 2028",€10.00m,0.6,-,-,-,-,0.6,0.4,0.2,-,1.1,0.6,0.4,1.1,0.6,2.3,1.5,0.8,2.6,1.1,3.7,0.8,1.9,2,-,3,0.1,0.3,0.6,-,-,-,-,45.7,1.1,0.8,40.1,3.8,0.9,-,0.9,-,-,-,-,-,-,-
1830,Nicolás Valentini,Hellas Verona,SerieA,24 years old (06-04-2001),"1,87m",Argentina,Defender (Centre),Centre-Back,left,9(1),781.0,-,-,1,1,69.2,3.5,2,6.88,"Jun 30, 2025",€4.50m,0.6,-,-,-,-,0.6,0.4,0.1,0.1,0.1,-,0.1,0.5,0.1,4.5,3.5,1,2.6,0.6,3.2,1,0.2,1.6,-,5.7,0.5,0.5,0.6,-,-,-,-,33.1,3.3,5.5,19.6,4.7,0.6,0.5,0.1,-,-,-,-,-,-,-
1831,Juan Miranda,Bologna FC 1909,SerieA,25 years old (19-01-2000),"1,85m",Spain,Defender (Left),Left-Back,left,23(6),2122.0,-,6,4,-,81.6,1.1,1,6.88,"Jun 30, 2027",€11.00m,0.7,-,-,-,-,0.7,0.2,0.5,-,0.6,0.4,0.2,0.7,0.3,2.2,1.1,1.1,1.1,0.6,1.7,0.7,1,0.8,-,1.4,0.1,0.2,0.6,-,-,-,-,45.9,3,4.1,34.5,4.3,1.8,0.6,1.2,0.2,0.2,-,-,-,-,-
1832,David de Gea,ACF Fiorentina,SerieA,34 years old (07-11-1990),"1,92m",Spain,Goalkeeper,Goalkeeper,right,31,2790.0,-,1,1,-,69.4,0.2,2,6.88,"Jun 30, 2025",€5.00m,-,-,-,-,-,-,-,-,-,-,-,-,-,-,0.2,0.2,-,-,-,-,-,0.1,-,-,0.9,-,-,-,2.9,0.1,1.6,1.2,28.8,7.6,8.6,12.3,0.2,0.1,0.1,-,-,-,-,-,-,-,-
1833,Gabriel Strefezza,Como 1907,SerieA,28 years old (18-04-1997),"1,68m",Brazil,"Midfielder (Centre, Left, Right)",Right Winger,right,29(4),2350.0,4,4,4,-,81.4,0.3,5,6.87,"Jun 30, 2027",€6.00m,1.6,0.1,-,0.1,-,1.6,0.8,0.8,-,2.4,1.3,1,1.4,1.5,1,0.3,0.7,1.6,0.9,2.5,0.4,2,1.3,-,0.7,0.1,-,0.6,-,-,-,-,28.2,1,0.9,22,4.3,1.6,0.5,1.1,0.1,-,-,-,-,-,0.1
1834,Manuel Locatelli,Juventus FC,SerieA,27 years old (08-01-1998),"1,85m",Italy,Midfielder (Centre),Defensive Midfield,right,30(2),2486.0,1,2,7,-,89.1,1,1,6.87,"Jun 30, 2028",€28.00m,0.7,-,-,-,-,0.7,0.2,0.5,-,0.6,0.4,0.2,0.6,0.3,1.7,1,0.7,2,0.6,2.6,0.7,0.6,1.3,-,1.8,0.5,0.2,1,-,-,-,-,67.4,4.9,2.3,55.1,5.1,0.7,0.1,0.7,0.1,-,-,-,-,-,0.1
1835,Randal Kolo Muani,Juventus FC,SerieA,26 years old (05-12-1998),"1,87m",France,"Attacking Midfielder (Centre, Left, Right), Forward",Centre-Forward,right,9(3),852.0,6,1,-,-,72.9,0.7,2,6.87,"Jun 30, 2025",€30.00m,1.6,0.5,-,0.5,-,1.6,1.5,0.1,-,2.8,1.8,1.1,2.3,0.8,2.2,0.7,1.5,0.7,0.1,0.8,0.1,1.3,1.8,0.3,0.2,-,-,0.4,-,-,-,-,12.9,0.2,-,9.3,3.5,1.2,-,1.2,0.1,-,-,-,-,-,0.1
1836,Filip Stankovic,Venezia FC,SerieA,23 years old (25-02-2002),"1,87m",Serbia,Goalkeeper,Goalkeeper,right,16,1368.0,-,-,1,-,69.6,0.3,1,6.86,"Jun 30, 2025",€6.00m,-,-,-,-,-,-,-,-,-,-,-,-,-,-,0.3,0.3,-,-,-,-,-,0.1,-,-,1.3,-,-,-,3.8,0.2,2,1.6,28.8,4.9,8.3,15.1,0.4,-,-,-,-,-,-,-,-,-,-
1837,Kialonda Gaspar,US Lecce,SerieA,27 years old (27-09-1997),"1,93m",,Defender (Centre),Centre-Back,right,20,1798.0,-,1,3,-,86.2,4,2,6.86,"Jun 30, 2027",€2.50m,0.7,-,-,-,-,0.7,0.5,0.1,0.1,0.5,0.1,0.4,0.7,0.1,5.7,4,1.8,1.6,0.2,1.8,1.3,0.9,0.5,-,4.8,1.3,0.1,0.8,-,-,-,-,39.9,2.7,2.7,31.7,2.9,0.3,0.1,0.2,0.1,-,-,-,-,-,0.1
1838,Charles De Ketelaere,Atalanta BC,SerieA,24 years old (10-03-2001),"1,92m",Belgium,"Midfielder (Centre, Left, Right), Forward",Attacking Midfield,left,22(10),1842.0,5,5,1,-,79.1,1,2,6.86,"Jun 30, 2028",€38.00m,1.3,0.2,0.1,0.1,-,1.3,1.1,0.1,0.1,2.7,1.4,1.3,1.5,1.4,2.2,1,1.1,0.4,0.3,0.7,0.1,1.1,0.6,0.1,0.3,0.1,-,0.3,-,-,-,-,24.9,0.7,0.5,19,4.8,1.1,0.1,1,0.2,-,-,-,-,-,0.1
1839,Ionut Radu,Venezia FC,SerieA,27 years old (28-05-1997),188cm,Romania,Goalkeeper,,,11,990.0,-,-,1,-,51.4,0.2,1,6.85,,,-,-,-,-,-,-,-,-,-,0.1,-,0.1,0.1,-,0.2,0.2,-,-,-,-,-,0.1,-,-,0.6,-,-,-,3.3,0.1,2.3,0.9,33.3,6,15.8,11.1,0.4,-,-,-,-,-,-,-,-,-,-
1840,Nicola Leali,Genoa CFC,SerieA,32 years old (17-02-1993),"1,93m",Italy,Goalkeeper,Goalkeeper,right,27,2430.0,-,-,1,-,67.4,0.4,1,6.85,"Jun 30, 2026",€1.50m,-,-,-,-,-,-,-,-,-,-,-,-,-,-,0.4,0.4,-,-,-,-,-,0.2,-,-,1.1,-,-,-,2.8,0.2,1.6,1,28,6,9,12.9,0.1,-,-,-,-,-,-,-,-,-,-
1841,Nicolò Casale,Bologna FC 1909,SerieA,27 years old (14-02-1998),"1,91m",Italy,Defender (Centre),Centre-Back,right,2,136.0,-,-,-,-,90.9,3,-,6.85,"Jun 30, 2025",€7.00m,0.5,-,-,-,-,0.5,0.5,-,-,-,-,-,0.5,-,3,3,-,2.5,-,2.5,0.5,-,1,-,1,1.5,-,0.5,-,-,-,-,55,3,2,47,3,-,-,-,-,-,-,-,-,-,-
1842,Mile Svilar,AS Roma,SerieA,25 years old (27-08-1999),"1,89m",Serbia,Goalkeeper,Goalkeeper,right,34,3060.0,-,-,1,-,76.7,0.2,3,6.85,"Jun 30, 2027",€17.00m,-,-,-,-,-,-,-,-,-,-,-,-,-,-,0.2,0.2,-,-,-,-,-,0.1,-,-,0.5,-,-,-,3.1,0.1,1.6,1.4,33.3,4.2,7.7,21.3,0.1,-,-,-,-,-,-,-,-,-,-
1843,Mërgim Vojvoda,Como 1907,SerieA,30 years old (01-02-1995),"1,87m",Kosovo,"Defender (Centre, Right), Midfielder (Left, Right)",Right-Back,right,5(2),454.0,1,2,2,-,83.2,0.6,-,6.85,"Jun 30, 2028",€3.00m,0.4,0.1,-,0.1,-,0.4,0.3,0.1,-,0.7,0.4,0.3,0.3,0.3,1,0.6,0.4,0.9,-,0.9,0.3,0.1,1,0.1,1.4,0.6,0.1,0.3,-,-,-,-,37.4,1.4,2.3,29.7,4,0.7,-,0.7,0.3,0.1,-,-,-,-,0.1
1844,Dan Ndoye,Bologna FC 1909,SerieA,24 years old (25-10-2000),"1,84m",Switzerland,"Midfielder (Left, Right)",Right Winger,right,24(4),1971.0,8,3,3,-,78.6,0.5,6,6.85,"Jun 30, 2027",€25.00m,1.7,0.3,0.1,0.2,-,1.7,1.2,0.4,0.2,3.3,2,1.3,2.5,1.6,1.1,0.5,0.6,0.8,0.4,1.1,0.3,3.3,0.8,0.3,0.1,-,-,0.7,-,-,-,-,21.5,0.8,0.6,16.2,4,0.9,-,0.8,0.1,-,-,-,-,-,0.1
1845,Matteo Politano,SSC Napoli,SerieA,31 years old (03-08-1993),"1,71m",Italy,"Midfielder (Centre, Left, Right), Forward",Right Winger,left,30(3),2513.0,3,3,2,-,80,0.2,2,6.84,"Jun 30, 2027",€10.00m,1.5,0.1,-,0.1,-,1.5,0.7,0.7,0.1,2.1,1.2,0.9,1.2,0.6,0.7,0.2,0.5,0.8,0.8,1.5,0.3,0.9,0.4,0.2,1.2,-,0.2,0.5,-,-,-,-,26.7,1,1,20.4,4.3,1.5,0.5,0.9,0.1,0.1,-,-,-,-,-
1846,Cesare Casadei,Torino FC,SerieA,22 years old (10-01-2003),"1,92m",Italy,Defensive Midfielder (C),Central Midfield,right,10(1),801.0,1,1,-,-,79.6,4.1,1,6.84,"Jun 30, 2029",€15.00m,0.9,0.1,0.1,-,-,0.9,0.5,0.1,0.3,0.7,0.2,0.5,1.2,0.7,6.2,4.1,2.1,0.9,0.4,1.3,0.5,0.7,1.1,-,1.7,0.2,0.1,0.1,-,-,-,-,28.9,0.8,0.4,22.2,5.5,0.5,-,0.5,0.1,-,-,-,-,-,0.1
1847,Romelu Lukaku,SSC Napoli,SerieA,31 years old (13-05-1993),"1,91m",Belgium,"Attacking Midfielder (Right), Forward",Centre-Forward,left,31(1),2538.0,12,10,3,-,71.3,1.1,1,6.84,"Jun 30, 2027",€22.00m,1.8,0.4,0.1,0.3,-,1.8,1.3,0.2,0.3,0.7,0.6,0.1,1.6,1.5,2.6,1.1,1.4,0.1,0.1,0.2,-,1.1,1.3,0.6,0.4,0.1,-,0.2,-,-,-,-,14.2,0.2,0.2,9.9,3.9,1,-,1,0.3,-,-,0.1,-,-,0.2
1848,Guillermo Maripán,Torino FC,SerieA,30 years old (06-05-1994),"1,93m",Chile,Defender (Centre),Centre-Back,right,23(1),1981.0,1,1,3,1,87.3,2.4,-,6.83,"Jun 30, 2026",€4.00m,0.4,-,-,-,-,0.4,0.3,-,-,0.3,0.3,0.1,0.7,0.1,4.2,2.4,1.8,1.5,0.4,1.9,1.5,0.3,1,-,4.9,0.5,0.2,0.5,-,-,-,-,46.2,2.8,2.5,37.5,3.4,0.2,0.1,0.1,-,-,-,-,-,-,-
1849,Christian Kouamé,FC Empoli,SerieA,27 years old (06-12-1997),"1,85m",Ivory Coast,"Attacking Midfielder (Left, Right), Forward",Centre-Forward,right,5(3),508.0,1,-,-,-,59.6,6,1,6.83,"Jun 30, 2025",€6.00m,2,0.1,0.1,-,-,2,0.9,0.6,0.5,1.6,1,0.6,1.6,0.9,9.1,6,3.1,0.6,0.3,0.9,-,1.9,0.9,0.3,0.5,0.3,-,0.3,-,-,-,-,18.3,0.5,0.1,10.4,7.3,1,-,1,-,-,-,-,-,-,-
1850,Eljif Elmas,Torino FC,SerieA,25 years old (24-09-1999),"1,84m",Macedonia,"Midfielder (Centre, Left, Right), Forward",Attacking Midfield,right,9(1),764.0,4,-,-,-,83.7,0.1,-,6.83,"Jun 30, 2025",€14.00m,1.4,0.4,-,0.4,-,1.4,0.8,0.6,-,2.7,1.9,0.8,1.3,0.6,0.4,0.1,0.3,0.7,0.3,1,0.5,1.1,1.2,0.2,0.5,0.2,-,0.4,-,-,-,-,20.3,0.4,0.3,16.6,3,0.7,-,0.7,-,-,-,-,-,-,-
1851,Marco Carnesecchi,Atalanta BC,SerieA,24 years old (01-07-2000),"1,91m",Italy,Goalkeeper,Goalkeeper,right,31,2790.0,-,-,1,-,70.3,0.2,3,6.83,"Jun 30, 2028",€25.00m,-,-,-,-,-,-,-,-,-,-,-,-,-,-,0.2,0.2,-,-,-,-,-,0.1,-,-,1.1,-,-,-,2.6,0.1,1.5,0.9,26.7,4.8,7.9,14,0.1,-,-,-,-,-,-,-,-,-,-
1852,Mattia Perin,Juventus FC,SerieA,32 years old (10-11-1992),"1,88m",Italy,Goalkeeper,Goalkeeper,right,5,450.0,-,-,-,-,75.7,0.2,-,6.83,"Jun 30, 2027",€3.00m,-,-,-,-,-,-,-,-,-,-,-,-,-,-,0.2,0.2,-,-,-,-,-,-,-,-,0.4,-,-,-,2.6,-,1.2,1.4,30.4,3.2,7.2,19.8,0.2,-,-,-,-,-,-,-,-,-,-
1853,Alessio Zerbin,Venezia FC,SerieA,26 years old (03-03-1999),"1,82m",Italy,"Midfielder (Left, Right)",Left Winger,right,13(1),1167.0,1,-,3,-,67.7,0.3,3,6.83,"Jun 30, 2025",€4.00m,1,0.1,-,0.1,-,1,0.9,0.1,-,4,2.7,1.3,1.9,1.2,0.9,0.3,0.6,3.2,1.4,4.6,0.9,2.1,1.9,0.2,1.5,0.2,0.1,1.6,-,-,-,-,23,0.6,1.6,14.9,5.9,1.4,0.4,1,-,-,-,-,-,-,-
1854,Raoul Bellanova,Atalanta BC,SerieA,24 years old (17-05-2000),"1,88m",Italy,Midfielder (Right),Right Midfield,right,24(6),2130.0,-,8,3,-,84.5,0.8,-,6.83,"Jun 30, 2029",€22.00m,0.5,-,-,-,-,0.5,0.4,0.1,-,1.5,0.9,0.7,0.9,0.3,1.5,0.8,0.7,0.8,0.3,1,0.6,1.1,0.5,-,1.1,0.1,0.3,0.3,-,-,-,-,27.9,0.8,1,22.8,3.3,1,0.3,0.7,0.3,0.1,-,-,-,-,0.2
1855,Angeliño,AS Roma,SerieA,28 years old (04-01-1997),"1,71m",Spain,"Defender (Centre, Left), Midfielder (Left)",Left-Back,left,32(2),2819.0,2,1,1,-,81.8,0.9,3,6.82,"Jun 30, 2028",€15.00m,0.6,0.1,-,0.1,-,0.6,0.4,0.2,-,0.7,0.4,0.3,0.7,0.3,1.6,0.9,0.8,1.3,0.5,1.8,0.8,0.8,0.9,0.1,2.3,0.3,0.3,0.7,-,-,-,-,42.9,2.5,2.9,32.6,5,1.3,0.5,0.8,-,-,-,-,-,-,-
1856,Aarón Martín,Genoa CFC,SerieA,28 years old (22-04-1997),"1,78m",Spain,"Defender (Left), Midfielder (Left)",Left-Back,left,32,2788.0,-,4,5,-,81,0.6,1,6.82,"Jun 30, 2026",€6.50m,0.5,-,-,-,-,0.5,0.1,0.3,-,0.8,0.4,0.4,0.7,0.5,1.6,0.6,1,2.1,0.5,2.6,0.6,0.8,1,0.1,1.8,0.3,0.3,0.7,-,-,-,-,33.1,2.1,2.7,24.8,3.6,1.8,0.8,1,0.1,0.1,0.1,-,0.1,-,-
1857,Elia Caprile,Cagliari Calcio,SerieA,23 years old (25-08-2001),"1,91m",Italy,Goalkeeper,Goalkeeper,right,15,1350.0,-,-,-,-,63.9,0.3,2,6.82,"Jun 30, 2025",€8.00m,-,-,-,-,-,-,-,-,-,-,-,-,-,-,0.3,0.3,-,-,0.1,0.1,-,0.4,-,-,0.7,-,-,-,2.7,0.1,1.7,0.9,33.6,9,12,12.5,0.1,-,-,-,-,-,-,-,-,-,-
1858,Diego Coppola,Hellas Verona,SerieA,21 years old (28-12-2003),"1,93m",Italy,Defender (Centre),Centre-Back,right,30(1),2657.0,1,-,10,-,81.8,3.8,3,6.82,"Jun 30, 2027",€7.50m,0.2,-,-,-,-,0.2,0.2,-,-,0.1,0.1,-,0.3,0.2,6,3.8,2.2,2.1,0.4,2.4,2.1,-,1.4,-,5.2,0.8,-,0.5,-,-,-,-,34.3,1.6,2.5,26.5,3.7,0.1,-,0.1,-,-,-,-,-,-,-
1859,Khéphren Thuram,Juventus FC,SerieA,24 years old (26-03-2001),"1,92m",France,"Defensive Midfielder (C), Midfielder (Left)",Central Midfield,right,23(9),2058.0,3,5,4,-,89.8,0.8,3,6.82,"Jun 30, 2029",€40.00m,1,0.1,-,0.1,-,1,0.4,0.6,0.1,1.9,0.8,1.1,0.8,0.6,1.6,0.8,0.8,1.2,0.4,1.6,0.3,0.6,0.9,-,1,0.3,0.1,0.7,-,-,-,-,39.2,1.2,0.7,34.1,3.3,0.8,0.1,0.7,0.2,-,-,0.1,-,-,0.1
1860,Antonín Barák,Kasimpasa,SerieA,30 years old (03-12-1994),190cm,Czech Republic,"Attacking Midfielder (Centre, Right)",,,1,55.0,-,-,-,-,89.5,-,-,6.82,,,2,-,-,-,-,2,-,2,-,1,1,-,1,-,1,-,1,2,2,4,-,-,-,-,-,1,-,-,-,-,-,-,19,-,-,17,2,3,-,3,-,-,-,-,-,-,-
1861,Johan Vásquez,Genoa CFC,SerieA,26 years old (22-10-1998),"1,85m",Mexico,"Defender (Centre, Left)",Centre-Back,left,31(2),2827.0,2,-,8,-,85.3,2.6,2,6.82,"Jun 30, 2027",€12.00m,1,0.1,-,0.1,-,1,0.8,0.2,-,0.2,0.1,0.2,0.7,0.2,4.7,2.6,2.1,1.5,0.5,2,1.3,0.8,0.9,-,4.2,0.8,0.2,0.8,-,-,-,-,49.5,2.5,3.7,39.8,3.6,0.2,0.1,0.2,-,-,-,-,-,-,-
1862,Nicolás González,Juventus FC,SerieA,27 years old (06-04-1998),"1,80m",Argentina,"Midfielder (Centre, Left, Right), Forward",Right Winger,left,19(3),1471.0,2,2,1,-,76.6,2.4,-,6.81,"Jun 30, 2025",€28.00m,1.7,0.1,-,-,-,1.7,1,0.5,0.2,2.2,1.5,0.7,1.5,0.6,4.3,2.4,1.9,1,0.6,1.6,0.3,1.5,1.1,0.2,1.1,0.2,-,0.5,-,-,-,-,22.5,0.6,0.5,16.7,4.8,0.8,0.1,0.7,0.1,-,-,-,-,-,0.1
1863,Mario Gila,SS Lazio,SerieA,24 years old (29-08-2000),"1,85m",Spain,Defender (Centre),Centre-Back,right,28,2453.0,1,-,6,-,91.9,2.3,1,6.81,"Jun 30, 2027",€28.00m,0.4,-,-,-,-,0.4,0.3,0.1,-,0.5,0.3,0.1,0.5,0.3,4.3,2.3,2.1,1.8,0.5,2.4,0.9,1,0.9,-,3.6,0.5,0.1,0.2,-,-,-,-,65,3.6,1.8,56.1,3.5,0.4,-,0.4,-,-,-,-,-,-,-
1864,Nicolò Rovella,SS Lazio,SerieA,23 years old (04-12-2001),"1,79m",Italy,Defensive Midfielder (C),Defensive Midfield,right,27(2),2419.0,-,3,13,-,91.2,0.3,1,6.8,"Jun 30, 2025",€28.00m,0.9,-,-,-,-,0.9,0.2,0.7,-,0.8,0.2,0.6,0.7,0.4,1,0.3,0.7,2.6,1.1,3.7,1.5,0.8,1.3,0.1,1.3,0.1,0.1,0.5,-,-,-,-,62.1,3,2,53.6,3.4,1,0.2,0.8,0.1,-,-,0.1,-,-,-
1865,Henrikh Mkhitaryan,Inter Milan,SerieA,36 years old (21-01-1989),"1,77m",Armenia,"Midfielder (Centre, Left, Right), Forward",Central Midfield,both,29(1),2298.0,1,4,4,-,88.7,0.7,1,6.8,"Jun 30, 2026",€4.00m,0.8,-,-,-,-,0.8,0.3,0.5,-,0.9,0.6,0.2,0.8,0.5,1.2,0.7,0.4,1.3,0.8,2.1,0.6,0.8,1,0.2,1.1,0.2,0.2,0.8,-,-,-,-,47.4,1.9,0.4,40.1,5,1,0.1,0.9,0.1,-,-,-,-,-,0.1
1866,Mathías Olivera,SSC Napoli,SerieA,27 years old (31-10-1997),"1,85m",Uruguay,"Defender (Centre, Left), Midfielder (Left)",Left-Back,left,22(6),2014.0,-,2,4,-,83.6,1.2,1,6.8,"Jun 30, 2030",€18.00m,0.5,-,-,-,-,0.5,0.3,0.2,-,0.6,0.4,0.2,0.9,0.5,2.2,1.2,1,2.1,0.6,2.7,1,0.6,1,0.1,1.9,0.3,0.3,0.8,-,-,-,-,38,1.2,1.5,30.6,4.8,0.9,0.1,0.7,0.1,-,-,-,-,-,0.1
1867,Nikola Krstovic,US Lecce,SerieA,25 years old (05-04-2000),"1,85m",Montenegro,"Attacking Midfielder (Left), Forward",Centre-Forward,right,33,2743.0,10,3,5,-,67.7,2.5,2,6.8,"Jun 30, 2027",€14.00m,3.9,0.3,-,0.2,0.1,3.9,2.2,1.5,0.2,1.8,1.3,0.5,2.3,1.1,6,2.5,3.5,0.5,0.2,0.8,0.2,1.4,1.5,0.5,0.7,0.2,-,0.1,-,-,-,-,17.4,0.7,0.5,11.1,5.1,0.8,0.1,0.8,0.1,-,-,-,-,-,0.1
1868,Charalampos Lykogiannis,Bologna FC 1909,SerieA,31 years old (22-10-1993),"1,91m",Greece,"Defender (Centre, Left), Midfielder (Left)",Left-Back,left,10(4),863.0,-,4,2,-,79.5,1.3,1,6.8,"Jun 30, 2025",€1.50m,0.3,-,-,-,-,0.3,-,0.3,-,0.5,0.3,0.2,0.4,0.2,2.1,1.3,0.9,1.1,0.4,1.6,0.6,0.5,0.5,0.1,1.9,0.3,0.4,0.1,-,-,-,-,31.6,1.8,2.5,23.4,4,1.1,0.9,0.3,0.3,0.3,-,-,-,-,-
1869,Sam Beukema,Bologna FC 1909,SerieA,26 years old (17-11-1998),"1,88m",Netherlands,Defender (Centre),Centre-Back,right,31(2),2831.0,-,1,1,-,86.7,2.8,-,6.8,"Jun 30, 2027",€25.00m,0.4,-,-,-,-,0.4,0.2,-,0.2,0.1,-,-,0.3,0.2,5,2.8,2.2,1.6,0.6,2.2,0.8,1.1,0.8,-,3.1,0.5,0.2,0.5,-,-,-,-,59.7,3.2,3.8,48.6,4.1,0.3,0.1,0.2,-,-,-,-,-,-,-
1870,Morten Frendrup,Genoa CFC,SerieA,24 years old (07-04-2001),"1,78m",Denmark,"Defender (Right), Defensive Midfielder (C)",Central Midfield,right,32,2837.0,2,-,5,-,85.5,0.9,3,6.79,"Jun 30, 2028",€20.00m,0.8,0.1,-,0.1,-,0.8,0.3,0.5,-,0.8,0.4,0.3,1.2,0.8,2.1,0.9,1.2,3.1,1.2,4.3,1.4,1,1.5,-,1.4,0.5,0.3,1.3,-,-,-,-,35.2,1,0.9,29.1,4.2,0.4,-,0.3,-,-,-,-,-,-,-
1871,Stefan de Vrij,Inter Milan,SerieA,33 years old (05-02-1992),"1,89m",Netherlands,Defender (Centre),Centre-Back,right,15(8),1453.0,2,-,1,-,93.1,2.4,1,6.78,"Jun 30, 2025",€7.00m,0.5,0.1,-,-,-,0.5,0.4,-,0.1,0.3,0.2,0.1,0.1,-,3.9,2.4,1.5,0.7,0.1,0.8,0.9,0.1,0.2,-,2.9,0.4,-,0.3,-,-,-,-,51,1.3,1.2,46.2,2.3,-,-,-,-,-,-,-,-,-,-
1872,Federico Gatti,Juventus FC,SerieA,26 years old (24-06-1998),"1,90m",Italy,Defender (Centre),Centre-Back,right,26(2),2188.0,1,-,2,-,95.2,1.3,2,6.78,"Jun 30, 2028",€25.00m,0.9,-,-,-,-,0.9,0.6,0.2,-,0.5,0.2,0.3,0.4,0.3,2.3,1.3,1,1,0.4,1.4,0.6,0.7,0.7,-,2.6,0.6,-,0.3,-,-,-,-,51.9,0.8,0.8,48.6,1.7,0.3,-,0.2,-,-,-,-,-,-,-
1873,Yerry Mina,Cagliari Calcio,SerieA,30 years old (23-09-1994),"1,95m",Colombia,Defender (Centre),Centre-Back,right,29,2397.0,-,-,4,1,85.6,3.3,-,6.77,"Jun 30, 2025",€3.00m,0.8,-,-,-,-,0.8,0.7,-,0.1,0.2,0.1,0.1,0.7,0.4,5,3.3,1.8,2,0.4,2.4,1.1,1.7,1.3,0.1,5.1,1.1,0.2,0.8,-,-,-,-,45.6,1.9,2.7,37.2,3.9,0.1,-,0.1,-,-,-,-,-,-,-
1874,Leandro Paredes,AS Roma,SerieA,30 years old (29-06-1994),"1,80m",Argentina,Defensive Midfielder (C),Defensive Midfield,right,13(7),1205.0,1,1,4,-,91.2,0.4,-,6.77,"Jun 30, 2026",€5.00m,1,0.1,-,0.1,-,1,0.2,0.8,-,0.2,-,0.2,0.3,0.1,0.6,0.4,0.2,1.3,0.7,2,1,0.7,0.7,-,1.4,0.2,0.1,0.5,-,-,-,-,53,3.3,1.9,45.1,2.8,1,0.4,0.6,0.1,0.1,0.1,-,-,-,-
1875,Luca Ranieri,ACF Fiorentina,SerieA,26 years old (23-04-1999),"1,87m",Italy,"Defender (Centre, Left), Midfielder (Left)",Centre-Back,left,32(1),2807.0,1,2,5,-,86.7,1.3,1,6.77,"Jun 30, 2028",€12.00m,0.3,-,-,-,-,0.3,0.2,0.1,-,0.5,0.3,0.3,0.3,0.1,3,1.3,1.6,1.1,0.1,1.2,0.8,0.6,0.7,-,4.2,0.9,0.1,0.4,-,-,-,-,48.3,3.6,4.1,38.3,2.4,0.4,0.2,0.2,0.1,-,-,-,-,-,0.1
1876,Marc Kempf,Como 1907,SerieA,30 years old (28-01-1995),"1,86m",Germany,Defender (Centre),Centre-Back,left,27(1),2349.0,-,-,3,1,87.8,3.3,1,6.76,"Jun 30, 2027",€2.50m,0.5,-,-,-,-,0.5,0.4,-,0.1,0.2,-,0.1,0.4,0.1,4.7,3.3,1.4,1,0.4,1.4,1.1,0.6,0.7,-,4.1,0.8,0.1,0.3,-,-,-,-,53.4,2.4,3,44.5,3.5,0.4,0.1,0.3,-,-,-,-,-,-,-
1877,Paulo Azzi,Cremonese,SerieA,30 years old (15-07-1994),188cm,Brazil,"Midfielder (Left, Right)",,,5(1),428.0,-,-,2,-,75,1,-,6.76,,,1.3,-,-,-,-,1.3,0.5,0.5,0.3,2.2,0.8,1.3,0.5,0.7,1.8,1,0.8,1.8,0.7,2.5,0.8,0.5,0.8,-,1.8,0.3,-,0.5,-,-,-,-,23.3,1,1.3,16.5,4.5,0.8,0.3,0.5,-,-,-,-,-,-,-
1878,Davide Zappacosta,Atalanta BC,SerieA,32 years old (11-06-1992),"1,82m",Italy,"Defender (Left, Right), Midfielder (Left, Right)",Right Midfield,right,24(3),1883.0,4,2,3,-,86.5,0.4,1,6.76,"Jun 30, 2025",€6.00m,1.3,0.1,-,-,0.1,1.3,0.6,0.7,-,1.5,1,0.4,1,0.6,0.8,0.4,0.4,1,0.7,1.6,0.4,0.5,0.6,0.2,0.7,0.2,0.3,0.7,-,-,-,-,29.9,0.6,1.1,25.2,3,0.9,0.3,0.6,0.1,0.1,-,-,-,-,-
1879,Adam Masina,Torino FC,SerieA,31 years old (02-01-1994),"1,91m",Morocco,"Defender (Centre, Left), Midfielder (Left)",Centre-Back,left,17(7),1667.0,1,2,5,-,85.2,2.7,1,6.75,"Jun 30, 2026",€1.50m,0.3,-,-,-,-,0.3,0.1,0.1,0.1,0.4,0.2,0.2,0.3,0.3,3.6,2.7,1,1.3,0.6,2,1,0.6,0.8,0.1,3.3,0.6,0.2,0.4,-,-,-,-,43.9,2.3,2.7,35.1,3.8,0.2,-,0.1,0.1,-,-,-,-,-,0.1
1880,Pablo Marí,ACF Fiorentina,SerieA,31 years old (31-08-1993),"1,93m",Spain,Defender (Centre),Centre-Back,left,19,1630.0,-,-,2,1,90,2.1,-,6.75,"Jun 30, 2027",€3.50m,0.1,-,-,-,-,0.1,0.1,-,-,0.3,-,0.3,0.2,0.3,3.2,2.1,1.1,1.4,0.5,1.9,1.9,0.3,1.4,-,4.4,1.1,0.1,0.2,-,-,-,-,58.2,3.5,3.5,48.8,2.4,0.2,0.1,0.1,-,-,-,-,-,-,-
1881,Sead Kolasinac,Atalanta BC,SerieA,31 years old (20-06-1993),"1,83m",Bosnia-Herzegovina,"Defender (Centre, Left), Defensive Midfielder (C), Midfielder (Left)",Centre-Back,left,23,1910.0,-,2,7,-,88.1,1.5,-,6.75,"Jun 30, 2026",€10.00m,0.4,-,-,-,-,0.4,0.3,0.1,0.1,0.7,0.5,0.1,0.7,0.7,2.7,1.5,1.2,1.8,0.6,2.4,1.1,0.9,1.7,0.1,2.3,0.3,-,0.4,-,-,-,-,54,1,1.5,46.5,4.9,0.7,-,0.7,0.1,-,-,-,-,-,0.1
1882,Yann Sommer,Inter Milan,SerieA,36 years old (17-12-1988),"1,83m",Switzerland,Goalkeeper,Goalkeeper,right,31,2790.0,-,-,-,-,86.4,0.1,1,6.75,"Jun 30, 2026",€4.00m,-,-,-,-,-,-,-,-,-,-,-,-,-,-,0.1,0.1,-,-,-,-,-,-,-,-,0.6,-,-,-,2.5,0.1,1.5,1,35.5,4.9,4.6,25.7,0.2,-,-,-,-,-,-,-,-,-,-
1883,Fali Candé,Venezia FC,SerieA,27 years old (24-01-1998),"1,84m",Guinea-Bissau,"Defender (Centre, Left), Midfielder (Left)",Centre-Back,left,13,1170.0,-,1,4,-,82.5,2.8,1,6.75,"Jun 30, 2025",€2.00m,0.2,-,-,-,-,0.2,0.2,-,0.1,0.6,0.1,0.5,0.3,0.5,4.9,2.8,2.1,1.5,0.5,2,0.8,1.5,1.6,-,4.8,0.8,0.2,0.4,-,-,-,-,51.3,2.6,5.4,39.7,3.6,0.2,0.1,0.1,0.1,-,-,-,-,-,0.1
1884,Josep Martínez,Inter Milan,SerieA,26 years old (27-05-1998),"1,91m",Spain,Goalkeeper,Goalkeeper,right,3,270.0,-,-,-,-,80.8,0.3,-,6.75,"Jun 30, 2029",€12.00m,-,-,-,-,-,-,-,-,-,-,-,-,-,-,0.3,0.3,-,-,-,-,-,0.3,-,-,0.3,-,-,-,2.3,0.3,1.7,0.3,40,6.3,7.3,26,0.3,0.3,0.3,-,-,-,-,-,-,-,-
1885,Emil Holm,Bologna FC 1909,SerieA,24 years old (13-05-2000),"1,91m",Sweden,"Defender (Right), Midfielder (Right)",Right-Back,right,11(8),1078.0,1,1,3,-,79.7,1.6,1,6.75,"Jun 30, 2028",€8.00m,0.5,0.1,-,0.1,-,0.5,0.4,0.2,-,1.2,0.7,0.5,1.3,0.6,2.7,1.6,1.1,1.8,0.5,2.3,0.5,1.3,0.7,0.1,2.5,0.2,0.2,0.8,-,-,-,-,28.3,1.9,2.1,20.7,3.6,0.5,0.1,0.4,0.1,-,-,0.1,-,-,-
1886,Evan Ndicka,AS Roma,SerieA,25 years old (20-08-1999),"1,92m",Ivory Coast,"Defender (Centre, Left)",Centre-Back,left,34,3060.0,-,1,2,-,92,1.7,-,6.75,"Jun 30, 2028",€25.00m,0.5,-,-,-,-,0.5,0.5,-,-,0.1,0.1,-,0.5,0.1,3,1.7,1.3,0.9,0.2,1,0.9,0.7,0.9,-,3.9,0.8,0.1,0.4,-,-,-,-,66.2,2.1,2.8,58.8,2.5,0.2,-,0.2,-,-,-,-,-,-,-
1887,Jaka Bijol,Udinese Calcio,SerieA,26 years old (05-02-1999),"1,90m",Slovenia,"Defender (Centre), Midfielder (Centre), Forward",Centre-Back,right,31,2790.0,1,-,10,-,84,3.4,3,6.74,"Jun 30, 2027",€18.00m,0.6,-,-,-,-,0.6,0.4,0.1,0.2,0.1,-,0.1,0.5,-,5.1,3.4,1.7,1.3,0.5,1.8,1.2,0.3,1.5,0.1,5.5,0.6,-,0.6,-,-,-,-,51.3,4.2,4.3,38.8,4,0.4,0.1,0.3,-,-,-,-,-,-,-
1888,Matteo Gabbia,AC Milan,SerieA,25 years old (21-10-1999),"1,85m",Italy,Defender (Centre),Centre-Back,right,20(2),1801.0,1,-,3,-,91,1.8,-,6.74,"Jun 30, 2029",€14.00m,0.5,-,-,-,-,0.5,0.4,-,0.1,-,-,-,0.2,-,3,1.8,1.2,0.9,0.1,1,0.6,0.2,0.8,-,3.6,0.8,0.1,0.2,-,-,-,-,54.5,2.6,2.5,47,2.4,0.1,-,0.1,-,-,-,-,-,-,-
1889,Tiago Gabriel,US Lecce,SerieA,20 years old (26-12-2004),"1,94m",Portugal,Defender (Centre),Centre-Back,right,0(1),79.0,-,-,-,-,85.7,2,-,6.74,"Jun 30, 2027",€1.00m,-,-,-,-,-,-,-,-,-,-,-,-,-,-,2,2,-,-,-,-,-,-,-,-,5,2,-,1,-,-,-,-,35,4,1,26,4,-,-,-,-,-,-,-,-,-,-
1890,Koni De Winter,Genoa CFC,SerieA,22 years old (12-06-2002),"1,91m",Belgium,"Defender (Centre, Right)",Centre-Back,right,21(1),1898.0,3,-,6,-,86.9,3.3,1,6.74,"Jun 30, 2028",€18.00m,0.5,0.1,-,0.1,-,0.5,0.5,-,-,0.6,0.4,0.2,0.6,0.4,4.7,3.3,1.5,1.4,0.3,1.7,1,0.6,1.6,-,4.5,0.3,0.3,0.2,-,-,-,-,50.5,1.5,2,42.3,4.6,0.1,-,0.1,-,-,-,-,-,-,-
1891,Carlos Augusto,Inter Milan,SerieA,26 years old (07-01-1999),"1,84m",Brazil,"Defender (Centre, Left), Midfielder (Left)",Left-Back,left,12(13),1435.0,3,2,-,-,89.2,2.1,1,6.73,"Jun 30, 2028",€22.00m,0.8,0.1,0.1,-,-,0.8,0.6,-,0.1,0.4,0.2,0.2,0.7,0.4,3.4,2.1,1.2,1,0.2,1.3,0.3,0.5,0.3,0.1,1.5,0.4,0.1,0.4,-,-,-,-,35.8,0.9,0.8,31.1,3.1,0.3,-,0.3,0.1,-,-,-,-,-,-
1892,Teun Koopmeiners,Juventus FC,SerieA,27 years old (28-02-1998),"1,84m",Netherlands,"Defender (Centre), Midfielder (Centre)",Attacking Midfield,left,23(5),1998.0,3,3,3,-,87.8,0.8,-,6.73,"Jun 30, 2029",€40.00m,1.5,0.1,-,0.1,-,1.5,0.8,0.6,0.1,0.8,0.4,0.4,1.4,0.6,1.6,0.8,0.8,1.1,0.7,1.9,0.3,0.3,1.1,0.1,0.8,0.5,0.1,0.8,-,-,-,-,29.2,0.7,0.4,24.9,3.1,1.4,0.5,0.9,0.1,-,-,-,-,-,0.1
1893,Tommaso Augello,Cagliari Calcio,SerieA,30 years old (30-08-1994),"1,80m",Italy,"Defender (Left), Midfielder (Left)",Left-Back,left,26(8),2383.0,-,6,3,-,77.9,1.4,4,6.73,"Jun 30, 2025",€1.80m,0.2,-,-,-,-,0.2,0.1,0.1,-,1.2,0.5,0.7,0.7,0.5,2,1.4,0.6,1.4,0.3,1.7,0.5,0.3,0.4,0.1,2.3,0.1,0.3,0.4,-,-,-,-,30.5,1.7,2.2,22.1,4.6,1.1,0.4,0.7,0.2,0.2,-,-,-,-,-
1894,David Neres,SSC Napoli,SerieA,28 years old (03-03-1997),"1,76m",Brazil,"Attacking Midfielder (Centre, Left, Right)",Left Winger,left,13(12),1227.0,2,4,2,-,85.9,0.1,-,6.73,"Jun 30, 2028",€30.00m,1.1,0.1,-,0.1,-,1.1,0.6,0.4,0.1,2.8,1.5,1.3,1.4,0.9,0.6,0.1,0.4,0.7,0.2,0.9,0.3,0.4,0.6,0.2,0.1,-,-,0.2,-,-,-,-,17,0.2,0.1,14.5,2.3,1,0.2,0.7,0.2,0.1,-,-,-,-,-
1895,Kike Pérez,Venezia FC,SerieA,28 years old (14-02-1997),"1,84m",Spain,Midfielder (Centre),Central Midfield,left,10(2),888.0,-,-,4,-,76.8,1,1,6.72,"Jun 30, 2027",€2.80m,1,-,-,-,-,1,0.3,0.6,0.1,1.9,1,0.9,1.8,1.4,2,1,1,2.7,1.8,4.4,0.7,1.1,1.8,0.1,0.7,0.1,0.3,0.8,-,-,-,-,36.6,2.9,2.2,25.2,6.3,1.3,0.6,0.7,-,-,-,-,-,-,-
1896,Saúl Coco,Torino FC,SerieA,26 years old (09-02-1999),"1,87m",Equatorial Guinea,Defender (Centre),Centre-Back,right,31,2757.0,2,-,10,-,88.6,2,2,6.72,"Jun 30, 2028",€12.00m,0.6,0.1,-,0.1,-,0.6,0.3,0.3,0.1,0.3,-,0.2,0.4,0.1,3.9,2,1.9,1.4,0.4,1.7,1.2,0.5,1.7,-,4.8,1,0.1,0.5,-,-,-,-,47.8,2,2.1,40.4,3.4,-,-,-,-,-,-,-,-,-,-
1897,Jens Odgaard,Bologna FC 1909,SerieA,26 years old (31-03-1999),"1,88m",Denmark,"Attacking Midfielder (Centre, Right), Forward",Attacking Midfield,left,23(5),1887.0,6,1,1,-,78.3,1.6,1,6.72,"Jun 30, 2027",€12.00m,1.8,0.2,-,0.1,0.1,1.8,0.8,0.9,0.1,1.8,1.3,0.5,1.9,1.1,3.8,1.6,2.2,0.7,0.5,1.3,0.3,1.6,1.5,0.1,0.4,0.1,-,0.6,-,-,-,-,16.4,0.4,0.6,12.5,3,0.6,-,0.6,-,-,-,-,-,-,-
1898,Stanislav Lobotka,SSC Napoli,SerieA,30 years old (25-11-1994),"1,68m",Slovakia,Defensive Midfielder (C),Defensive Midfield,right,29(1),2583.0,-,1,3,-,90.8,0.2,-,6.72,"Jun 30, 2027",€25.00m,0.2,-,-,-,-,0.2,0.1,0.1,-,0.4,0.1,0.3,0.4,0.4,0.4,0.2,0.2,1.5,0.4,1.9,0.7,1,0.8,-,1.8,0.4,0.1,0.6,-,-,-,-,56.5,2.7,0.9,48.7,4.3,0.6,0.1,0.5,-,-,-,-,-,-,-
1899,Sebastiano Esposito,FC Empoli,SerieA,22 years old (02-07-2002),"1,83m",Italy,"Attacking Midfielder (Centre), Forward",Second Striker,right,24(6),2107.0,8,-,1,-,64.2,0.8,2,6.72,"Jun 30, 2025",€10.00m,1.9,0.3,0.1,0.2,-,1.9,1.1,0.6,0.1,2.2,1.2,1,2.6,1.5,2.6,0.8,1.7,1.7,0.5,2.2,0.4,1.7,1.3,0.3,0.3,0.1,0.1,0.6,-,-,-,-,20.5,0.9,1.2,12.3,6.2,1.1,0.1,1,-,-,-,-,-,-,-
1900,Frédéric Guilbert,US Lecce,SerieA,30 years old (24-12-1994),"1,78m",France,"Defender (Centre, Left, Right), Midfielder (Right)",Right-Back,right,27,2168.0,-,1,3,2,79.8,1.2,1,6.72,"Jun 30, 2026",€2.50m,0.4,-,-,-,-,0.4,-,0.3,-,1.3,0.7,0.6,0.9,0.3,2.1,1.2,1,2.4,0.7,3.1,1.6,0.9,1.1,-,3.2,0.3,0.5,0.6,-,-,-,-,31.7,1.6,1.9,23.7,4.5,0.7,0.3,0.4,-,-,-,-,-,-,-
1901,Yacine Adli,ACF Fiorentina,SerieA,24 years old (29-07-2000),"1,86m",France,Midfielder (Centre),Defensive Midfield,right,15(9),1207.0,4,5,1,1,85.7,0.2,2,6.72,"Jun 30, 2025",€15.00m,0.5,0.2,-,0.1,-,0.5,0.2,0.4,-,1.3,0.8,0.5,0.8,0.3,0.9,0.2,0.7,1.3,0.9,2.2,0.3,0.8,0.4,-,0.8,-,-,0.5,-,-,-,-,32.9,3.1,1.7,25.1,3,0.9,0.4,0.5,0.2,0.2,0.1,-,-,-,-
1902,Jacob Ondrejka,Parma Calcio 1913,SerieA,22 years old (02-09-2002),"1,79m",Sweden,Attacking Midfielder (Left),Left Winger,right,1(7),219.0,3,-,-,-,83.8,0.1,2,6.71,"Jun 30, 2029",€7.00m,1,0.4,-,0.4,-,1,0.6,0.4,-,0.5,0.1,0.4,0.6,0.3,0.6,0.1,0.5,0.8,0.3,1,0.6,0.6,-,-,0.1,-,-,0.1,-,-,-,-,8.5,0.3,0.3,6.9,1.1,0.3,-,0.3,-,-,-,-,-,-,-
1903,Adrián Bernabé,Parma Calcio 1913,SerieA,23 years old (26-05-2001),"1,74m",Spain,Defensive Midfielder (C),Central Midfield,left,18(1),1365.0,1,-,1,-,85.7,0.3,1,6.71,"Jun 30, 2027",€15.00m,1.3,0.1,-,-,0.1,1.3,0.1,1.2,-,1.7,0.9,0.8,0.6,0.6,0.4,0.3,0.1,1.5,0.8,2.3,0.3,1.8,0.5,-,1.1,0.5,0.2,0.7,-,-,-,-,46.3,3.3,1.8,36.4,4.8,1.1,0.4,0.7,-,-,-,-,-,-,-
1904,Mattia Viti,FC Empoli,SerieA,23 years old (24-01-2002),"1,90m",Italy,"Defender (Centre, Left)",Centre-Back,left,26,2217.0,-,-,1,-,80,1.8,-,6.71,"Jun 30, 2025",€6.50m,0.4,-,-,-,-,0.4,0.2,0.2,0.1,0.3,0.1,0.2,0.7,0.5,3.4,1.8,1.6,2.3,0.6,2.8,1.7,0.9,0.9,-,3.8,0.7,0.1,0.7,-,-,-,-,38,2.3,3.7,28.1,3.9,0.1,-,0.1,-,-,-,-,-,-,-
1905,Matteo Ruggeri,Atalanta BC,SerieA,22 years old (11-07-2002),"1,87m",Italy,Midfielder (Left),Left Midfield,left,17(10),1596.0,-,2,2,-,87.5,0.8,1,6.71,"Jun 30, 2028",€20.00m,0.1,-,-,-,-,0.1,0.1,-,-,0.4,0.1,0.2,0.5,0.1,1.4,0.8,0.6,1.4,0.4,1.8,0.6,0.2,0.4,0.1,1.3,0.1,0.1,0.9,-,-,-,-,37.4,0.9,1.6,31.8,3.1,0.9,0.2,0.7,0.1,-,-,-,-,-,-
1906,Elseid Hysaj,SS Lazio,SerieA,31 years old (02-02-1994),"1,82m",Albania,"Defender (Left, Right), Midfielder (Right)",Right-Back,right,3(5),276.0,-,2,-,-,84.6,0.6,-,6.7,"Jun 30, 2026",€2.00m,-,-,-,-,-,-,-,-,-,0.8,0.4,0.4,0.6,-,1.1,0.6,0.5,0.9,-,0.9,0.5,0.1,0.3,-,1.5,0.3,0.3,-,-,-,-,-,18.6,1.4,0.9,14.4,2,0.6,-,0.6,0.3,0.1,-,-,-,-,0.1
1907,Luca Pellegrini,SS Lazio,SerieA,26 years old (07-03-1999),"1,78m",Italy,"Defender (Left), Midfielder (Left)",Left-Back,left,8(11),883.0,-,4,3,-,80.2,0.4,-,6.7,"Jun 30, 2025",€2.50m,0.6,-,-,-,-,0.6,0.2,0.4,-,1.3,0.7,0.5,0.8,0.5,0.7,0.4,0.4,1.1,0.6,1.7,0.8,0.5,0.8,-,1.1,0.1,0.4,0.4,-,-,-,-,22.6,1.3,1.5,16.8,2.9,0.9,0.2,0.7,0.2,0.2,-,-,0.1,-,0.1
1908,Isak Hien,Atalanta BC,SerieA,26 years old (13-01-1999),"1,91m",Sweden,Defender (Centre),Centre-Back,right,25(3),2149.0,-,-,9,-,89.9,2.1,-,6.7,"Jun 30, 2028",€30.00m,0.2,-,-,-,-,0.2,0.1,-,0.1,0.4,0.2,0.2,0.8,0.3,3.7,2.1,1.6,1.7,0.5,2.3,1,0.6,1.1,-,2.6,0.6,-,0.4,-,-,-,-,43.4,1.7,0.9,37.3,3.5,-,-,-,-,-,-,-,-,-,-
1909,Dusan Vlahovic,Juventus FC,SerieA,25 years old (28-01-2000),"1,90m",Serbia,Forward,Centre-Forward,left,21(5),1751.0,9,4,3,-,71.5,1.5,3,6.7,"Jun 30, 2026",€45.00m,2.9,0.3,-,0.3,-,2.9,2.1,0.6,0.2,1.1,0.7,0.3,1.8,1,3.1,1.5,1.6,0.1,0.2,0.3,-,0.7,1,0.5,0.3,0.1,-,0.2,-,-,-,-,13,0.4,0.2,8.9,3.5,0.6,-,0.6,0.2,-,-,-,-,-,0.2
1910,Ignace Van der Brempt,Como 1907,SerieA,23 years old (01-04-2002),"1,87m",Belgium,"Defender (Right), Midfielder (Right)",Right-Back,right,12(4),1081.0,-,1,3,-,82.7,0.9,-,6.7,"Jun 30, 2025",€4.00m,0.4,-,-,-,-,0.4,0.4,-,-,1.5,0.9,0.6,1.1,0.6,1.8,0.9,0.9,2.4,0.5,2.9,0.8,0.8,1.1,-,1.7,0.3,0.2,0.4,-,-,-,-,28.1,1,1,22.3,3.9,0.6,0.1,0.5,0.1,-,-,-,-,-,0.1
1911,Mateo Pellegrino,Parma Calcio 1913,SerieA,23 years old (22-10-2001),"1,92m",Argentina,Forward,Centre-Forward,left,4(5),425.0,3,1,2,-,55.1,3,1,6.7,"Jun 30, 2029",€3.50m,1.6,0.3,0.1,0.2,-,1.6,1,0.4,0.1,0.4,0.2,0.2,2.3,0.9,5.8,3,2.8,0.1,0.1,0.2,-,1,1.6,-,0.7,0.1,-,0.2,-,-,-,-,9.9,0.4,0.3,5,4.1,0.4,0.1,0.3,0.1,-,-,-,-,-,0.1
1912,Jean Butez,Como 1907,SerieA,29 years old (08-06-1995),"1,89m",France,Goalkeeper,Goalkeeper,right,16,1440.0,-,-,-,-,75.1,0.4,-,6.7,"Jun 30, 2028",€3.00m,-,-,-,-,-,-,-,-,-,-,-,-,0.1,-,0.4,0.4,-,-,0.1,0.1,-,0.1,0.1,-,1,-,-,-,2.6,0.2,1.3,1.1,35.7,6.4,8.6,20.4,0.3,0.1,0.1,-,-,-,-,-,-,-,-
1913,Alieu Fadera,Como 1907,SerieA,23 years old (03-11-2001),"1,82m",Gambia,"Midfielder (Left, Right)",Left Winger,right,20(6),1628.0,1,3,2,1,77,0.4,-,6.69,"Jun 30, 2028",€5.00m,1,-,-,-,-,1,0.5,0.5,-,2.6,1.6,1,1.6,1.3,1,0.4,0.6,2.4,1,3.4,0.4,1.9,1.5,0.5,0.3,-,0.1,0.6,-,-,-,-,18.9,0.5,0.3,14.1,4,0.8,-,0.8,0.1,-,-,-,-,-,0.1
1914,Rolando Mandragora,ACF Fiorentina,SerieA,27 years old (29-06-1997),"1,83m",Italy,Defensive Midfielder (C),Defensive Midfield,left,18(7),1577.0,3,3,6,-,79.8,0.5,2,6.69,"Jun 30, 2026",€10.00m,1.1,0.1,-,0.1,-,1.1,0.2,0.8,-,0.5,0.2,0.2,0.4,0.1,0.9,0.5,0.4,0.8,0.6,1.4,0.5,1,0.7,0.1,2,0.3,0.1,0.6,-,-,-,-,27.8,1.5,2.2,20.7,3.4,0.8,0.2,0.6,0.1,-,-,-,-,-,-
1915,Álvaro Morata,Galatasaray,SerieA,32 years old (23-10-1992),190cm,Spain,"Attacking Midfielder (Centre, Left), Forward",,,13(3),1107.0,5,-,5,-,78.4,0.9,-,6.69,,,1.7,0.3,0.2,0.1,-,1.7,1.2,0.1,0.4,1.1,0.7,0.4,1.5,1,2.2,0.9,1.3,1,0.2,1.2,0.3,1.1,1.6,0.7,0.3,0.1,-,0.3,-,-,-,-,15.9,0.7,0.3,11.8,3.1,0.4,0.1,0.3,-,-,-,-,-,-,-
1916,Francisco Conceição,Juventus FC,SerieA,22 years old (14-12-2002),"1,70m",,Attacking Midfielder (Right),Right Winger,left,10(12),1109.0,3,3,3,1,84.9,-,-,6.69,"Jun 30, 2025",€36.00m,1.5,0.1,-,0.1,-,1.5,1.1,0.4,-,3.1,1.7,1.5,1.3,0.9,0.5,-,0.4,0.8,0.7,1.5,0.2,1.3,0.9,0.1,0.1,-,-,0.3,-,-,-,-,18,0.5,0.2,14.8,2.5,1,0.2,0.8,0.1,-,-,-,-,-,0.1
1917,Nikola Vlasic,Torino FC,SerieA,27 years old (04-10-1997),179cm,Croatia,"Attacking Midfielder (Centre, Left, Right), Forward",,,19(7),1780.0,4,4,-,-,81.2,1,-,6.69,,,0.9,0.2,-,0.1,-,0.9,0.4,0.5,-,1.7,0.8,0.8,1.4,1.1,2,1,1,1.3,0.7,2,0.3,0.8,0.9,0.2,0.4,0.1,0.1,0.3,-,-,-,-,24.3,0.5,0.2,19.2,4.3,0.8,0.1,0.8,0.2,-,-,-,-,-,0.2
1918,Bryan Cristante,AS Roma,SerieA,30 years old (03-03-1995),"1,86m",Italy,"Defender (Centre), Midfielder (Centre)",Defensive Midfield,right,19(7),1713.0,2,2,7,-,84.6,1.9,1,6.69,"Jun 30, 2027",€7.00m,0.9,0.1,-,-,-,0.9,0.5,0.3,-,0.3,0.2,0.2,0.8,0.4,3.5,1.9,1.6,1.6,0.4,2,0.6,0.3,1,-,1.1,0.3,0.1,0.3,-,-,-,-,42.6,1.8,1.6,34.2,5,0.5,0.1,0.4,0.1,-,-,-,-,-,0.1
1919,Alessio Romagnoli,SS Lazio,SerieA,30 years old (12-01-1995),"1,85m",Italy,"Defender (Centre, Left)",Centre-Back,left,27(1),2315.0,2,-,3,1,92.3,2.5,-,6.69,"Jun 30, 2027",€12.00m,0.5,0.1,-,-,-,0.5,0.4,-,0.1,-,-,-,0.2,-,3.9,2.5,1.4,1.5,0.2,1.7,0.8,0.4,0.9,0.1,3.6,0.4,0.1,0.5,-,-,-,-,53.9,1.6,1.6,48.2,2.5,0.3,-,0.3,-,-,-,-,-,-,-
1920,Mattéo Guendouzi,SS Lazio,SerieA,26 years old (14-04-1999),"1,85m",France,Midfielder (Centre),Central Midfield,right,33,2915.0,1,3,5,-,90.7,0.5,1,6.69,"Jun 30, 2028",€32.00m,0.8,-,-,-,-,0.8,0.3,0.4,0.1,0.7,0.3,0.5,0.7,0.5,1,0.5,0.5,1,0.7,1.7,0.9,0.9,0.8,-,1.2,0.3,0.2,0.7,-,-,-,-,57.4,3.1,1.5,48.9,3.8,1.1,0.1,1,0.1,-,-,-,-,-,0.1
1921,Gianluca Mancini,AS Roma,SerieA,29 years old (17-04-1996),"1,90m",Italy,"Defender (Centre), Defensive Midfielder (C)",Centre-Back,right,32(1),2786.0,1,-,7,-,87.1,1.6,-,6.68,"Jun 30, 2027",€18.00m,0.6,-,-,-,-,0.6,0.5,-,0.1,0.2,0.2,-,0.3,0.2,2.6,1.6,1,1.1,0.4,1.5,1,0.9,1.3,0.2,2.5,0.4,0.1,0.2,-,-,-,-,52.2,2.2,3.3,43.2,3.5,0.4,0.1,0.4,-,-,-,-,-,-,-
1922,Lucas da Cunha,Como 1907,SerieA,23 years old (09-06-2001),"1,74m",France,"Midfielder (Centre, Right)",Central Midfield,left,26(6),2297.0,3,2,4,-,87.4,0.5,-,6.68,"Jun 30, 2029",€7.00m,1,0.1,-,-,0.1,1,0.3,0.6,-,0.8,0.5,0.3,0.6,0.5,1.2,0.5,0.7,1.2,0.5,1.7,0.4,0.7,0.6,-,0.9,0.1,-,0.4,-,-,-,-,42.4,1.7,1.1,35.3,4.3,1.5,0.4,1.1,0.1,-,-,-,-,-,-
1923,Artem Dovbyk,AS Roma,SerieA,27 years old (21-06-1997),"1,89m",Ukraine,Forward,Centre-Forward,left,25(5),2269.0,11,2,-,-,75.3,1.3,2,6.68,"Jun 30, 2029",€30.00m,2.1,0.4,0.2,0.2,-,2.1,1.4,0.4,0.3,0.6,0.4,0.2,2.5,1,3.2,1.3,1.9,0.1,0.1,0.3,0.1,0.4,1,0.7,0.4,0.1,-,0.2,-,-,-,-,13.2,-,-,9.9,3.3,0.7,-,0.7,0.1,-,-,-,-,-,0.1
1924,Gustav Isaksen,SS Lazio,SerieA,24 years old (19-04-2001),"1,81m",Denmark,Attacking Midfielder (Right),Right Winger,left,26(7),2037.0,4,2,5,-,85.6,0.4,1,6.68,"Jun 30, 2028",€20.00m,1.5,0.1,-,0.1,-,1.5,1,0.5,-,2.9,1.6,1.3,1.2,0.9,1.2,0.4,0.8,0.4,0.6,1.1,0.2,1.3,0.7,0.1,0.4,0.1,0.1,0.5,-,-,-,-,18.5,0.7,0.3,15.2,2.3,1,0.2,0.8,0.1,-,-,-,-,-,0.1
1925,Mike Maignan,AC Milan,SerieA,29 years old (03-07-1995),"1,91m",France,Goalkeeper,Goalkeeper,right,33,2935.0,-,-,2,-,84.7,0.1,-,6.68,"Jun 30, 2026",€25.00m,-,-,-,-,-,-,-,-,-,-,-,-,-,-,0.1,0.1,-,-,-,-,-,0.2,-,-,0.7,-,-,-,2.6,0.2,1.5,1,36.7,5.2,5.4,25.8,0.2,0.2,0.1,0.1,-,-,-,-,-,-,-
1926,Simone Perilli,Hellas Verona,SerieA,30 years old (07-01-1995),"1,96m",Italy,Goalkeeper,Goalkeeper,right,1,90.0,-,-,-,-,33.3,1,-,6.68,-,€200k,-,-,-,-,-,-,-,-,-,-,-,-,-,-,1,1,-,-,-,-,-,-,-,-,2,-,-,-,5,-,2,3,21,5,14,2,-,-,-,-,-,-,-,-,-,-,-
1927,Benjamin Pavard,Inter Milan,SerieA,29 years old (28-03-1996),"1,86m",France,"Defender (Centre, Left, Right), Midfielder (Right)",Centre-Back,right,18(5),1585.0,-,1,4,-,92,1.7,-,6.68,"Jun 30, 2028",€30.00m,0.3,-,-,-,-,0.3,0.2,0.1,0.1,0.1,0.1,-,0.2,-,3.2,1.7,1.4,1.3,0.3,1.6,0.7,0.4,0.8,0.1,2.2,0.5,0.1,0.2,-,-,-,-,48.7,1.8,1.3,43,2.6,0.3,-,0.3,-,-,-,-,-,-,-
1928,Maxwel Cornet,Genoa CFC,SerieA,28 years old (27-09-1996),"1,79m",Ivory Coast,"Defender (Left), Midfielder (Left, Right), Forward",Left Winger,left,2(4),235.0,2,1,-,-,74.2,0.2,-,6.67,"Jun 30, 2025",€8.00m,0.8,0.3,-,0.3,-,0.8,0.8,-,-,1.3,0.8,0.5,0.8,0.5,1.5,0.2,1.3,0.3,0.2,0.5,0.3,0.2,-,0.2,0.2,0.2,-,-,-,-,-,-,10.3,0.3,-,7.3,2.7,0.8,-,0.8,0.2,0.2,-,-,-,-,-
1929,Antonino Gallo,US Lecce,SerieA,25 years old (05-01-2000),"1,83m",Italy,Defender (Left),Left-Back,left,27,2256.0,-,2,3,1,71.2,0.8,-,6.67,"Jun 30, 2026",€4.50m,0.3,-,-,-,-,0.3,0.1,0.2,-,1,0.6,0.4,1.3,0.4,1.9,0.8,1.1,2.3,1,3.2,0.7,0.6,0.4,0.1,3.4,0.1,0.6,1,-,-,-,-,28.4,1.9,3.6,18.4,4.6,1.4,0.5,1,0.1,-,-,-,-,-,-
1930,Santiago Castro,Bologna FC 1909,SerieA,20 years old (18-09-2004),"1,79m",Argentina,Forward,Centre-Forward,right,25(7),2162.0,8,4,6,-,78.3,1.1,1,6.67,"Jun 30, 2028",€35.00m,1.8,0.3,0.1,0.1,0.1,1.8,1.3,0.4,0.1,1.3,0.8,0.5,2.1,1.9,3.3,1.1,2.1,0.5,0.3,0.8,0.1,1.5,1.4,0.3,0.6,0.1,-,0.3,-,-,-,-,12.8,0.9,0.2,9.1,2.6,0.8,0.2,0.7,0.1,-,-,0.1,-,-,0.1
1931,Alex Meret,SSC Napoli,SerieA,28 years old (22-03-1997),"1,90m",Italy,Goalkeeper,Goalkeeper,left,30,2646.0,-,-,-,-,83.8,0.2,-,6.67,"Jun 30, 2025",€12.00m,-,-,-,-,-,-,-,-,-,-,-,-,-,-,0.2,0.2,-,-,-,-,-,0.1,-,-,0.8,-,-,-,1.8,-,1.1,0.7,31.3,4.4,4.7,21.8,0.4,-,-,-,-,-,-,-,-,-,-
1932,Remo Freuler,Bologna FC 1909,SerieA,33 years old (15-04-1992),"1,80m",Switzerland,Defensive Midfielder (C),Central Midfield,right,33,2883.0,-,2,6,-,88.9,0.8,-,6.67,"Jun 30, 2026",€6.50m,0.5,-,-,-,-,0.5,0.2,0.3,-,0.4,0.2,0.2,0.9,0.4,1.6,0.8,0.8,2.2,1.2,3.4,1.1,0.5,1.3,-,1.5,0.1,0.2,0.9,-,-,-,-,52.2,1.8,1.9,44.6,3.9,1,-,1,0.1,-,-,-,-,-,0.1
1933,Ondrej Duda,Hellas Verona,SerieA,30 years old (05-12-1994),"1,80m",Slovakia,"Midfielder (Centre), Forward",Central Midfield,right,24(1),2144.0,1,2,8,1,82.6,0.6,1,6.67,"Jun 30, 2025",€4.00m,0.8,-,-,-,-,0.8,0.1,0.8,-,1.5,0.7,0.8,1.8,0.8,1,0.6,0.4,1.7,1.3,3,1.2,2.1,1.7,-,1.1,0.3,0.1,0.6,-,-,-,-,39.5,2.9,2.3,29.7,4.6,1.2,0.4,0.8,0.1,-,-,-,-,-,-
1934,Enrico Delprato,Parma Calcio 1913,SerieA,25 years old (10-11-1999),"1,83m",Italy,"Defender (Centre, Right)",Right-Back,right,28(2),2586.0,4,-,7,-,85.9,1.2,-,6.67,"Jun 30, 2027",€6.00m,0.4,0.1,-,0.1,-,0.4,0.4,-,-,0.1,-,0.1,0.3,0.1,2.5,1.2,1.4,0.9,0.2,1.1,0.6,0.5,0.5,-,3.6,1.1,0.5,1,-,-,-,-,41,1.8,2.8,33.4,3,0.4,-,0.4,-,-,-,-,-,-,-
1935,Wladimiro Falcone,US Lecce,SerieA,30 years old (12-04-1995),"1,95m",Italy,Goalkeeper,Goalkeeper,right,34,3060.0,-,-,1,-,58,0.4,2,6.66,"Jun 30, 2028",€4.00m,-,-,-,-,-,-,-,-,-,-,-,-,-,-,0.4,0.4,-,-,-,-,-,0.2,-,-,1.3,-,-,-,3.3,0.1,1.9,1.3,28.2,6.5,11.6,9.8,0.2,-,-,-,-,-,-,-,-,-,-
1936,Boulaye Dia,SS Lazio,SerieA,28 years old (16-11-1996),"1,80m",Senegal,"Attacking Midfielder (Centre, Right), Forward",Centre-Forward,right,24(7),1921.0,8,3,2,-,84.8,0.6,2,6.66,"Jun 30, 2026",€15.00m,1,0.3,0.1,0.2,-,1,0.8,0.1,0.1,1.2,0.7,0.5,1,0.9,2.3,0.6,1.6,0.6,0.3,0.9,0.2,0.7,0.7,0.1,0.4,-,-,0.3,-,-,-,-,16.8,0.6,0.1,13.7,2.4,0.7,-,0.7,0.1,-,-,-,-,-,0.1
1937,Zion Suzuki,Parma Calcio 1913,SerieA,22 years old (21-08-2002),"1,90m",Japan,Goalkeeper,Goalkeeper,right,33,2955.0,-,-,-,1,63.7,0.4,1,6.66,"Jun 30, 2029",€14.00m,-,-,-,-,-,-,-,-,-,-,-,-,-,-,0.5,0.4,-,-,-,0.1,-,0.2,0.1,-,1.3,-,-,-,2.7,-,2.1,0.6,35,6.3,12.6,16,0.1,-,-,-,-,-,-,-,-,-,-
1938,Timothy Weah,Juventus FC,SerieA,25 years old (22-02-2000),"1,83m",USA,"Defender (Left, Right), Midfielder (Left, Right), Forward",Right Winger,right,16(10),1435.0,5,2,4,-,88.1,0.7,1,6.66,"Jun 30, 2028",€17.00m,0.8,0.2,0.1,0.1,-,0.8,0.2,0.5,0.1,1.2,0.7,0.5,0.8,0.6,1.5,0.7,0.8,1.2,0.3,1.5,0.4,0.5,0.7,0.1,0.7,0.2,0.2,0.8,-,-,-,-,23.5,0.5,0.6,20.2,2.2,0.6,0.1,0.5,0.1,-,-,-,-,-,-
1939,Andrea Cambiaso,Juventus FC,SerieA,25 years old (20-02-2000),"1,82m",Italy,"Defender (Left, Right), Midfielder (Left, Right)",Left-Back,both,22(8),2006.0,2,1,4,-,91.8,0.2,2,6.66,"Jun 30, 2029",€40.00m,0.5,0.1,-,-,0.1,0.5,0.1,0.3,-,1.5,0.7,0.8,1.4,0.6,0.6,0.2,0.3,1.4,0.5,1.9,0.5,0.7,0.8,0.1,0.6,0.1,0.4,0.6,-,-,-,-,45.1,1.5,0.3,39.9,3.4,1,0.1,0.9,-,-,-,-,-,-,-
1940,Michele Di Gregorio,Juventus FC,SerieA,27 years old (27-07-1997),"1,87m",Italy,Goalkeeper,Goalkeeper,right,29,2610.0,-,-,-,-,75,0.3,-,6.65,"Jun 30, 2025",€18.00m,-,-,-,-,-,-,-,-,-,-,-,-,-,-,0.3,0.3,-,-,-,-,-,0.2,-,-,0.9,-,-,-,2.1,0.1,1,0.9,26.5,5.1,6.5,14.8,0.1,-,-,-,-,-,-,-,-,-,-
1941,Cristiano Biraghi,Torino FC,SerieA,32 years old (01-09-1992),"1,85m",Italy,"Defender (Centre, Left), Midfielder (Left)",Left-Back,left,9(2),799.0,-,-,-,-,76.6,0.7,1,6.65,"Jun 30, 2025",€2.00m,0.5,-,-,-,-,0.5,0.2,0.4,-,0.6,0.6,-,0.6,0.2,1.5,0.7,0.8,1.1,0.3,1.4,0.6,0.9,0.7,-,2.7,0.3,0.4,0.5,-,-,-,-,29.2,1.5,3.3,20.9,3.5,1.5,0.9,0.5,-,-,-,-,-,-,-
1942,Emanuele Valeri,Parma Calcio 1913,SerieA,26 years old (07-12-1998),"1,80m",Italy,"Defender (Left), Midfielder (Left)",Left-Back,left,30(1),2570.0,2,6,1,-,75.2,0.5,1,6.65,"Jun 30, 2027",€3.00m,0.8,0.1,-,-,-,0.8,0.2,0.7,-,1.4,1.1,0.3,1.2,0.1,1,0.5,0.5,1.5,0.9,2.4,0.9,0.6,0.7,-,2.7,0.3,0.3,0.5,-,-,-,-,24.4,1.2,2.2,17.2,3.8,1.1,0.3,0.8,0.2,0.1,-,-,-,-,0.1
1943,Weston McKennie,Juventus FC,SerieA,26 years old (28-08-1998),"1,85m",USA,"Defender (Centre, Right), Midfielder (Centre, Left, Right)",Central Midfield,right,24(4),2043.0,2,3,2,-,85.2,1.1,-,6.65,"Jun 30, 2026",€24.00m,0.7,0.1,-,-,-,0.7,0.5,0.1,0.1,1.1,0.4,0.6,1.3,0.9,2.1,1.1,1,1.1,0.3,1.4,0.4,0.6,1,-,1.1,0.3,-,0.7,-,-,-,-,32.9,0.9,0.5,27.1,4.4,0.9,-,0.9,0.1,-,-,-,-,-,0.1
1944,Danilo Cataldi,ACF Fiorentina,SerieA,30 years old (06-08-1994),"1,80m",Italy,Midfielder (Centre),Defensive Midfield,right,22(3),1726.0,3,-,1,-,86.2,0.2,2,6.64,"Jun 30, 2025",€4.00m,0.5,0.1,-,-,0.1,0.5,0.2,0.4,-,0.4,0.3,0.1,0.5,0.3,0.4,0.2,0.2,1,0.5,1.5,0.9,0.9,0.6,-,1.4,0.3,-,0.4,-,-,-,-,38.7,1.8,2.2,31.6,3.1,0.6,0.1,0.5,-,-,-,-,-,-,-
1945,Malick Thiaw,AC Milan,SerieA,23 years old (08-08-2001),"1,94m",Germany,Defender (Centre),Centre-Back,right,19(2),1727.0,-,-,2,-,93.4,2.2,1,6.64,"Jun 30, 2027",€20.00m,0.3,-,-,-,-,0.3,0.3,-,-,0.2,-,0.1,0.3,0.1,3.5,2.2,1.3,1.1,0.2,1.3,0.7,0.3,1.1,-,3.5,0.6,-,0.1,-,-,-,-,57.8,3.3,1.6,50.7,2.2,0.2,-,0.2,-,-,-,-,-,-,-
1946,Georgios Kyriakopoulos,AC Monza,SerieA,29 years old (05-02-1996),"1,86m",Greece,"Defender (Left), Midfielder (Left)",Left Midfield,left,29(1),2512.0,2,4,5,-,79.3,0.8,1,6.64,"Jun 30, 2026",€3.50m,0.8,0.1,-,0.1,-,0.8,0.3,0.5,-,1.4,0.8,0.5,0.9,0.5,1.8,0.8,1,1.3,1,2.3,0.7,1.1,0.8,0.2,2,0.3,0.4,0.6,-,-,-,-,28.8,0.9,1.8,21.9,4.2,1.3,0.6,0.8,0.1,-,-,-,-,-,0.1
1947,Lorenzo Lucca,Udinese Calcio,SerieA,24 years old (10-09-2000),"2,01m",Italy,Forward,Centre-Forward,right,26(5),2241.0,10,1,9,-,65.2,1.7,1,6.64,"Jun 30, 2028",€22.00m,1.9,0.3,0.1,0.3,-,1.9,1.5,0.3,0.1,0.7,0.4,0.4,2.2,0.9,4,1.7,2.2,0.3,0.2,0.5,0.2,1.5,1.9,0.5,0.8,-,-,0.5,-,-,-,-,11.5,0.3,0.1,7.2,3.9,0.5,-,0.5,-,-,-,-,-,-,-
1948,Youssouf Fofana,AC Milan,SerieA,26 years old (10-01-1999),"1,85m",France,Defensive Midfielder (C),Defensive Midfield,right,28(4),2447.0,1,6,5,-,86.3,0.3,-,6.64,"Jun 30, 2028",€30.00m,1.1,-,-,-,-,1.1,0.1,0.9,0.1,1,0.5,0.4,0.9,0.6,1,0.3,0.6,1.8,0.8,2.5,0.6,0.5,0.9,-,0.6,0.3,0.1,0.7,-,-,-,-,43.3,1.6,1.6,35.8,4.4,0.7,0.2,0.5,0.2,-,-,0.1,-,-,0.1
1949,Juan Cuadrado,Atalanta BC,SerieA,36 years old (26-05-1988),"1,76m",Colombia,"Defender (Right), Midfielder (Centre, Left, Right), Forward",Right Midfield,right,7(14),795.0,-,2,2,-,85,0.6,-,6.64,"Jun 30, 2025",€1.00m,0.8,-,-,-,-,0.8,0.5,0.2,-,1.9,1.1,0.8,0.6,0.4,0.8,0.6,0.2,0.9,0.6,1.5,0.3,1.2,0.4,-,0.3,0.1,0.1,0.6,-,-,-,-,21.9,1.3,0.6,17.3,2.7,0.8,0.1,0.7,0.1,0.1,-,-,-,-,-
1950,Samuel Gigot,SS Lazio,SerieA,31 years old (12-10-1993),"1,87m",France,Defender (Centre),Centre-Back,right,6(7),592.0,2,-,2,-,90.2,1.3,-,6.64,"Jun 30, 2025",€4.00m,0.3,0.2,0.2,-,-,0.3,0.2,-,0.2,0.1,-,0.1,0.3,-,1.7,1.3,0.4,0.2,0.1,0.3,1,0.6,0.6,0.1,2.1,0.3,0.2,0.2,-,-,-,-,19.6,0.2,0.6,17.5,1.3,-,-,-,-,-,-,-,-,-,-
1951,Nikola Moro,Bologna FC 1909,SerieA,27 years old (12-03-1998),"1,84m",Croatia,Midfielder (Centre),Defensive Midfield,right,14(6),1122.0,-,2,1,-,82.8,0.7,-,6.64,"Jun 30, 2027",€5.00m,0.7,-,-,-,-,0.7,0.1,0.7,-,0.6,0.3,0.3,0.6,0.2,1.5,0.7,0.8,1.7,0.6,2.3,0.7,0.5,1,-,0.8,0.4,0.1,0.6,-,-,-,-,36,3.1,1.6,26.7,4.7,1,0.5,0.5,0.1,-,-,-,-,-,0.1
1952,Giorgio Altare,Sampdoria,SerieA,26 years old (09-08-1998),190cm,Italy,Defender (Centre),,,8(4),753.0,-,-,2,-,76,1.8,-,6.63,,,0.3,-,-,-,-,0.3,0.2,0.1,-,0.5,0.1,0.4,0.4,0.4,3.2,1.8,1.4,1.1,0.6,1.7,1.4,0.2,0.8,-,3.8,0.9,0.3,0.8,-,-,-,-,27.1,1.3,2.3,19.3,4.2,0.1,-,0.1,-,-,-,-,-,-,-
1953,Tino Anjorin,FC Empoli,SerieA,23 years old (23-11-2001),"1,86m",England,Attacking Midfielder (Centre),Attacking Midfield,right,14(5),1049.0,1,3,3,-,83.4,0.5,-,6.63,"Jun 3, 2027",€6.00m,1.1,0.1,-,-,0.1,1.1,0.2,0.9,-,2,1.2,0.8,1.1,0.5,1,0.5,0.5,1.4,0.5,1.9,0.6,0.9,1.2,-,0.9,0.2,0.1,0.7,-,-,-,-,20.6,0.8,0.9,16.3,2.5,0.9,0.1,0.8,0.2,-,-,0.1,-,-,0.1
1954,Pierre Kalulu,Juventus FC,SerieA,24 years old (05-06-2000),"1,82m",France,"Defender (Centre, Right)",Centre-Back,right,23(4),2186.0,1,-,2,-,93.9,1,-,6.63,"Jun 30, 2025",€26.00m,0.3,-,-,-,-,0.3,0.2,-,0.1,0.4,0.3,0.1,0.7,0.2,2.6,1,1.7,1.4,0.2,1.6,0.6,0.6,0.8,0.1,2.3,0.6,0.1,0.4,-,-,-,-,72.9,2.3,1.3,66.1,3.1,0.4,-,0.3,-,-,-,-,-,-,-
1955,Álex Valle,Como 1907,SerieA,21 years old (25-04-2004),"1,78m",Spain,Defender (Left),Left-Back,left,10(2),851.0,-,-,2,-,85.3,0.4,-,6.63,"Jun 30, 2025",€4.50m,0.6,-,-,-,-,0.6,0.3,0.3,-,1.4,0.8,0.7,1.2,0.7,1.5,0.4,1.1,1.9,0.3,2.3,0.5,1.3,1.1,0.1,2.8,0.2,0.2,0.7,-,-,-,-,36.2,1,1.4,29.8,3.9,0.7,-,0.7,-,-,-,-,-,-,-
1956,Razvan Sava,Udinese Calcio,SerieA,22 years old (21-06-2002),"1,97m",Romania,Goalkeeper,Goalkeeper,right,12,1080.0,-,-,1,-,68.9,-,-,6.63,"Jun 30, 2029",€2.50m,-,-,-,-,-,-,-,-,-,-,-,-,0.1,-,0.1,-,0.1,-,-,-,-,0.1,0.1,-,1,-,-,-,3.1,0.3,2,0.8,30.5,4.6,9.3,16.4,0.2,-,-,-,-,-,-,-,-,-,-
1957,Yann Bisseck,Inter Milan,SerieA,24 years old (29-11-2000),"1,96m",Germany,Defender (Centre),Centre-Back,right,13(10),1378.0,2,2,3,-,92.2,1.9,-,6.63,"Jun 30, 2029",€30.00m,0.9,0.1,-,0.1,-,0.9,0.9,-,-,0.5,0.4,0.1,0.5,0.2,2.5,1.9,0.7,0.7,0.1,0.8,0.7,0.3,0.5,-,2.4,0.3,-,0.3,-,-,-,-,45.6,0.8,0.8,41.3,2.7,0.3,-,0.3,0.1,-,-,-,-,-,0.1
1958,Lautaro Valenti,Parma Calcio 1913,SerieA,26 years old (14-01-1999),"1,88m",Argentina,Defender (Centre),Centre-Back,left,15(2),1346.0,1,-,4,-,85.5,1.2,1,6.63,"Jun 30, 2027",€1.50m,0.4,0.1,0.1,-,-,0.4,0.2,0.2,0.1,0.1,0.1,-,0.4,-,2.2,1.2,1.1,0.9,-,0.9,0.6,0.2,1.2,-,4.8,0.6,0.1,0.7,-,-,-,-,41.3,2.1,3.4,33.2,2.6,0.2,0.1,0.1,-,-,-,-,-,-,-
1959,Joel Pohjanpalo,Palermo,SerieA,30 years old (13-09-1994),186cm,Finland,Forward,,,19(1),1615.0,6,-,1,-,61,2.3,1,6.63,,,1.9,0.3,-,0.3,-,1.9,1.4,0.5,0.1,0.5,0.4,0.2,1.2,0.6,5.3,2.3,3,0.2,0.2,0.4,0.2,0.8,0.6,0.5,1.2,0.2,-,0.2,-,-,-,-,17.2,0.6,0.8,9.9,6,0.8,0.1,0.7,-,-,-,-,-,-,-
1960,Benjamín Domínguez,Bologna FC 1909,SerieA,21 years old (19-09-2003),"1,72m",Argentina,Attacking Midfielder (Left),Left Winger,right,15(6),1164.0,3,2,-,-,81.8,-,1,6.63,"Jun 30, 2029",€15.00m,1.3,0.1,-,0.1,-,1.3,0.6,0.7,-,3.2,2,1.3,1.8,1.5,1,-,0.9,0.9,0.7,1.5,0.2,1.4,0.4,0.2,0.3,-,-,0.6,-,-,-,-,14.4,0.5,0.3,11.2,2.3,0.3,-,0.3,0.1,-,-,-,-,-,0.1
1961,Victor Nelsson,AS Roma,SerieA,26 years old (14-10-1998),"1,85m",Denmark,Defender (Centre),Centre-Back,right,1(3),185.0,-,-,-,-,89.7,2,-,6.63,"Jun 30, 2025",€14.00m,0.3,-,-,-,-,0.3,0.3,-,-,0.3,-,0.3,1,-,2.5,2,0.5,1.3,0.5,1.8,0.5,1.3,0.8,-,2.3,-,-,0.3,-,-,-,-,29,0.3,0.5,25.8,2.5,-,-,-,-,-,-,-,-,-,-
1962,Juan Jesus,SSC Napoli,SerieA,33 years old (10-06-1991),"1,85m",Brazil,"Defender (Centre, Left)",Centre-Back,left,12(3),1075.0,-,1,2,-,89.7,1.7,-,6.62,"Jun 30, 2025",€1.50m,0.2,-,-,-,-,0.2,0.1,-,0.1,-,-,-,0.3,0.1,2.8,1.7,1.1,1.7,0.5,2.2,0.6,0.3,0.9,-,2.6,0.2,0.2,0.8,-,-,-,-,56.5,3.6,2.9,47.1,2.9,0.1,0.1,-,0.1,-,-,0.1,-,-,-
1963,Stefano Turati,AC Monza,SerieA,23 years old (05-09-2001),"1,88m",Italy,Goalkeeper,Goalkeeper,right,30,2677.0,-,-,1,-,67.5,0.4,2,6.62,"Jun 30, 2025",€7.50m,-,-,-,-,-,-,-,-,-,-,-,-,-,-,0.4,0.4,-,-,-,-,-,0.4,-,-,0.8,-,-,-,3.2,0.2,2.1,0.9,31.6,7,10.1,14.3,0.1,-,-,-,-,-,-,-,-,-,-
1964,Albert Gudmundsson,ACF Fiorentina,SerieA,27 years old (15-06-1997),"1,77m",Iceland,"Attacking Midfielder (Centre, Left, Right), Forward",Second Striker,right,16(6),1232.0,6,1,2,-,86.4,0.1,1,6.62,"Jun 30, 2025",€23.00m,1.1,0.3,-,0.2,0.1,1.1,0.6,0.5,-,1.2,0.5,0.6,1.3,0.6,0.7,0.1,0.5,0.4,0.5,0.9,0.3,0.8,0.6,0.1,0.3,-,0.1,0.2,-,-,-,-,19.7,0.5,0.5,16.5,2.1,0.5,0.1,0.5,-,-,-,-,-,-,-
1965,Enzo Le Fée,Sunderland,SerieA,25 years old (03-02-2000),170cm,France,"Midfielder (Centre, Left, Right)",,,4(2),319.0,-,-,1,-,87.7,0.3,-,6.62,,,0.7,-,-,-,-,0.7,0.2,0.5,-,1.3,0.7,0.7,0.7,0.7,1,0.3,0.7,1.2,0.7,1.8,0.8,0.8,1,-,0.3,0.5,-,1,-,-,-,-,42.2,1,1.2,36,4,0.5,0.2,0.3,-,-,-,-,-,-,-
1966,Davide Calabria,Bologna FC 1909,SerieA,28 years old (06-12-1996),"1,76m",Italy,"Defender (Left, Right), Midfielder (Right)",Right-Back,right,6(2),533.0,-,1,2,-,83.3,0.9,-,6.62,"Jun 30, 2025",€7.50m,0.4,-,-,-,-,0.4,-,0.4,-,0.4,0.4,-,1.1,0.4,1.8,0.9,0.9,1.5,0.8,2.3,0.1,0.5,0.8,-,2,-,0.4,0.4,-,-,-,-,38.3,2,2.5,29.9,3.9,1.4,0.1,1.3,0.1,-,-,-,-,-,0.1
1967,Fikayo Tomori,AC Milan,SerieA,27 years old (19-12-1997),"1,85m",England,"Defender (Centre, Right)",Centre-Back,right,15(3),1320.0,-,1,1,1,92.8,1.4,-,6.62,"Jun 30, 2027",€20.00m,0.1,-,-,-,-,0.1,0.1,-,-,0.1,-,0.1,0.3,0.1,2.8,1.4,1.3,1.8,0.4,2.2,0.9,0.3,0.5,-,2.7,0.6,0.3,0.2,-,-,-,-,48.8,1.3,1.6,44,1.9,0.3,0.1,0.3,0.1,-,-,0.1,-,-,-
1968,Christian Kabasele,Udinese Calcio,SerieA,34 years old (24-02-1991),"1,87m",Belgium,Defender (Centre),Centre-Back,right,10(4),997.0,1,-,-,-,85.6,2.2,-,6.62,"Jun 30, 2025",€1.00m,1,0.1,-,0.1,-,1,0.6,0.1,0.3,0.1,-,0.1,0.6,0.2,3.6,2.2,1.4,0.9,0.1,1.1,0.8,0.9,1.4,-,3.6,0.3,0.2,0.4,-,-,-,-,36.6,3.3,2.4,28.1,2.9,0.4,0.1,0.3,-,-,-,-,-,-,-
1969,Ché Adams,Torino FC,SerieA,28 years old (13-07-1996),"1,79m",Scotland,"Attacking Midfielder (Centre, Left), Forward",Centre-Forward,right,27(5),2345.0,9,3,3,-,74.6,1,2,6.62,"Jun 30, 2027",€15.00m,1.6,0.3,0.1,0.2,0.1,1.6,1,0.4,0.2,1.2,0.8,0.3,1.8,1,2.7,1,1.7,0.3,0.1,0.4,0.1,1.1,0.8,0.6,0.5,0.2,-,0.2,-,-,-,-,14.9,0.5,0.3,10.6,3.5,0.8,-,0.8,0.1,-,-,-,-,-,0.1
1970,Ruslan Malinovskyi,Genoa CFC,SerieA,31 years old (04-05-1993),"1,81m",Ukraine,"Midfielder (Centre, Left, Right), Forward",Attacking Midfield,left,4(5),385.0,-,2,2,-,81.6,0.8,-,6.62,"Jun 30, 2027",€3.50m,1,-,-,-,-,1,-,1,-,0.4,0.1,0.3,0.8,0.6,1.4,0.8,0.7,1.3,0.3,1.7,0.1,0.6,1,-,0.4,-,-,0.2,-,-,-,-,21.8,1.1,0.7,16.7,3.3,0.9,0.1,0.8,0.2,-,-,0.2,-,-,-
1971,Jhon Lucumí,Bologna FC 1909,SerieA,26 years old (26-06-1998),"1,87m",Colombia,Defender (Centre),Centre-Back,left,26(2),2286.0,-,1,6,1,91.3,1.4,-,6.61,"Jun 30, 2026",€18.00m,0.4,-,-,-,-,0.4,0.3,-,0.1,0.5,0.1,0.3,0.4,0.1,2.8,1.4,1.4,1.5,0.4,1.9,0.9,0.4,0.7,-,2.8,0.5,0.2,0.6,-,-,-,-,64.2,3.5,2.7,55.1,2.9,0.3,-,0.3,-,-,-,-,-,-,-
1972,Alexis Saelemaekers,AS Roma,SerieA,25 years old (27-06-1999),"1,80m",Belgium,"Midfielder (Left, Right)",Right Winger,right,1,90.0,-,-,1,-,91.7,-,-,6.61,"Jun 30, 2025",€17.00m,-,-,-,-,-,-,-,-,-,-,-,-,1,-,-,-,-,1,-,1,1,2,-,-,-,-,-,-,-,-,-,-,60,2,-,53,5,2,-,2,-,-,-,-,-,-,-
1973,Nicolò Cambiaghi,Bologna FC 1909,SerieA,24 years old (28-12-2000),"1,73m",Italy,"Attacking Midfielder (Centre, Left, Right), Forward",Left Winger,right,2(12),401.0,1,3,-,-,83.8,0.2,-,6.61,"Jun 30, 2029",€7.00m,0.6,0.1,-,0.1,-,0.6,0.4,0.2,-,1.3,0.7,0.6,0.6,0.4,0.7,0.2,0.5,0.9,0.4,1.2,0.1,1.4,0.5,-,0.1,-,-,0.6,-,-,-,-,9.7,0.1,0.1,8,1.5,0.6,0.1,0.6,0.2,0.1,-,-,-,-,0.1
1974,Ismaël Bennacer,Olympique Marseille,SerieA,27 years old (01-12-1997),175cm,Algeria,Midfielder (Centre),,,4(2),304.0,-,-,2,-,90.7,0.5,-,6.61,,,0.5,-,-,-,-,0.5,-,0.5,-,1.7,0.2,1.5,0.5,0.5,0.7,0.5,0.2,0.8,1,1.8,0.5,0.8,0.8,-,0.2,0.5,-,0.3,-,-,-,-,35.7,2,1,30.3,2.3,0.7,0.3,0.3,-,-,-,-,-,-,-
1975,Mattia Bani,Genoa CFC,SerieA,31 years old (10-12-1993),"1,88m",Italy,Defender (Centre),Centre-Back,right,17,1338.0,-,-,3,-,87.7,1.2,-,6.6,"Jun 30, 2026",€2.00m,0.3,-,-,-,-,0.3,0.2,-,0.1,0.2,0.1,0.1,0.2,0.2,2.6,1.2,1.4,1.1,0.2,1.3,1.1,0.5,0.3,0.1,4.5,0.3,-,0.2,-,-,-,-,45.4,2.9,3.1,36.9,2.5,0.1,0.1,0.1,-,-,-,-,-,-,-
1976,Ange-Yoan Bonny,Parma Calcio 1913,SerieA,21 years old (25-10-2003),"1,89m",France,Forward,Centre-Forward,right,26(7),2211.0,6,3,2,-,77.3,0.7,-,6.6,"Jun 30, 2027",€20.00m,1.8,0.2,-,0.2,-,1.8,1.2,0.3,0.2,1.8,0.9,0.9,2.2,1.9,2.5,0.7,1.8,0.8,0.2,0.9,0.1,1.2,0.5,0.4,0.4,0.1,0.1,0.5,-,-,-,-,14.9,0.3,0.2,11.2,3.2,0.8,-,0.8,0.1,-,-,-,-,-,0.1
1977,Daniele Ghilardi,Hellas Verona,SerieA,22 years old (06-01-2003),"1,89m",Italy,Defender (Centre),Centre-Back,right,18(3),1761.0,-,-,7,1,80.8,1.9,-,6.6,-,€4.00m,0.5,-,-,-,-,0.5,0.4,-,-,0.4,0.3,0.1,0.4,0.1,3.7,1.9,1.9,1.8,0.7,2.5,1.1,1.3,1.2,-,4.1,0.6,0.1,0.6,-,-,-,-,33.4,1.8,3.4,25.2,3,0.2,-,0.2,-,-,-,-,-,-,-
1978,Armando Izzo,AC Monza,SerieA,33 years old (02-03-1992),"1,83m",Italy,Defender (Centre),Centre-Back,right,28(1),2429.0,1,1,12,-,88.3,2,2,6.6,"Jun 30, 2026",€2.50m,0.2,-,-,-,-,0.2,0.1,-,-,0.3,0.1,0.2,0.7,0.2,4.4,2,2.4,1.4,0.6,2,1.6,1.6,2.2,-,3.3,1,0.1,0.3,-,-,-,-,49.6,3.3,2.8,40.5,3,0.4,0.1,0.3,-,-,-,-,-,-,-
1979,Ivan Smolcic,Como 1907,SerieA,24 years old (17-08-2000),"1,81m",Croatia,Defender (Right),Right-Back,right,6(2),539.0,-,-,2,-,84.5,1.4,-,6.59,"Jun 30, 2029",€2.00m,0.6,-,-,-,-,0.6,0.5,0.1,-,0.3,0.3,-,1,0.4,2.5,1.4,1.1,1.9,0.4,2.3,1.3,0.6,1.3,-,2.6,0.3,0.1,0.8,-,-,-,-,36.4,2,2.4,28.8,3.3,0.1,-,0.1,-,-,-,-,-,-,-
1980,Federico Baschirotto,US Lecce,SerieA,28 years old (20-09-1996),"1,87m",Italy,Defender (Centre),Centre-Back,right,34,3060.0,2,-,3,-,86.7,2.5,-,6.59,"Jun 30, 2026",€3.80m,0.6,0.1,-,0.1,-,0.6,0.5,-,0.1,0.1,-,0.1,0.4,-,4,2.5,1.5,1,0.2,1.2,0.6,0.2,0.9,-,5.8,0.9,0.1,0.4,-,-,-,-,43.1,3.3,3.1,34,2.6,0.1,-,0.1,-,-,-,-,-,-,-
1981,Hans Nicolussi Caviglia,Venezia FC,SerieA,24 years old (18-06-2000),"1,84m",Italy,Midfielder (Centre),Central Midfield,right,29(2),2510.0,4,2,5,1,82.6,0.7,1,6.59,"Jun 30, 2025",€8.00m,1.5,0.1,-,-,0.1,1.5,0.2,1.4,-,1.5,1,0.4,1.2,1.1,1.5,0.7,0.7,1.4,1.1,2.4,0.8,1,1.3,-,1.6,0.3,-,0.8,-,-,-,-,35.7,2.2,1.8,27.3,4.5,0.7,0.2,0.6,0.1,0.1,-,-,-,-,-
1982,Andrea Pinamonti,Genoa CFC,SerieA,25 years old (19-05-1999),"1,85m",Italy,Forward,Centre-Forward,right,30(3),2603.0,8,1,4,-,63.7,2.4,5,6.59,"Jun 30, 2025",€16.00m,2.2,0.2,-,0.2,-,2.2,1.6,0.5,0.1,0.7,0.4,0.3,1.9,1,5.5,2.4,3,0.3,0.2,0.4,-,1.2,0.6,0.5,0.8,0.1,-,0.3,-,-,-,-,17.5,0.3,0.4,10.8,5.9,0.4,-,0.4,-,-,-,-,-,-,-
1983,Zeki Çelik,AS Roma,SerieA,28 years old (17-02-1997),"1,80m",Turkey,"Defender (Centre, Right), Midfielder (Right)",Right-Back,right,23(4),1919.0,-,2,3,-,83.4,1,2,6.59,"Jun 30, 2026",€5.00m,0.4,-,-,-,-,0.4,0.3,0.1,-,0.4,0.2,0.3,0.6,0.2,1.9,1,0.9,2,0.6,2.6,0.4,0.3,1,-,2.2,0.2,0.4,0.7,-,-,-,-,35.8,1,1.6,28.9,4.3,0.6,0.1,0.5,0.1,-,-,-,-,-,0.1
1984,Manu Koné,AS Roma,SerieA,23 years old (17-05-2001),"1,85m",France,Defensive Midfielder (C),Central Midfield,right,27(3),2225.0,2,1,6,-,90.9,0.6,-,6.59,"Jun 30, 2029",€35.00m,1,0.1,-,-,-,1,0.6,0.4,-,1.8,1.2,0.6,1.6,1.3,1.6,0.6,1,1.2,0.7,1.8,0.6,2.4,0.9,0.1,0.6,0.1,-,0.7,-,-,-,-,37.1,1.2,0.5,32.6,2.9,0.5,-,0.5,-,-,-,-,-,-,-
1985,Giuseppe Pezzella,FC Empoli,SerieA,27 years old (29-11-1997),"1,87m",Italy,"Defender (Left), Midfielder (Left)",Left-Back,left,30(1),2529.0,-,3,6,-,72.6,0.9,2,6.59,"Jun 30, 2026",€2.50m,0.4,-,-,-,-,0.4,0.3,0.2,-,1.5,1,0.5,1.4,1,1.5,0.9,0.5,1.7,0.9,2.5,0.5,1,1.5,0.1,2.6,0.2,0.4,0.7,-,-,-,-,22.1,1,2.1,15,3.9,1.1,0.3,0.8,0.1,0.1,-,-,-,-,-
1986,Alberto Dossena,Como 1907,SerieA,26 years old (13-10-1998),"1,95m",Italy,Defender (Centre),Centre-Back,right,20(3),1829.0,-,2,1,1,87.9,2.7,-,6.58,"Jun 30, 2028",€7.00m,0.5,-,-,-,-,0.5,0.5,-,-,0.3,0.1,0.2,0.3,0.1,3.7,2.7,1,1.4,0.5,2,1,0.7,1,-,3.8,0.5,0.1,0.5,-,-,-,-,44,1.8,2,36.9,3.3,0.2,-,0.2,0.1,-,-,-,-,-,0.1
1987,Lewis Ferguson,Bologna FC 1909,SerieA,25 years old (24-08-1999),"1,81m",Scotland,Midfielder (Centre),Central Midfield,right,7(6),712.0,1,1,-,-,88.5,0.6,-,6.58,"Jun 30, 2028",€24.00m,0.2,0.1,-,0.1,-,0.2,0.1,0.2,-,0.5,0.3,0.2,0.8,0.5,1.5,0.6,0.9,1.4,0.5,1.8,0.2,0.9,1.8,0.1,0.7,0.2,-,0.3,-,-,-,-,34,1.4,0.9,28.7,3,0.8,0.1,0.7,0.1,-,-,-,-,-,0.1
1988,Stephan El Shaarawy,AS Roma,SerieA,32 years old (27-10-1992),"1,78m",Italy,"Midfielder (Centre, Left, Right), Forward",Left Winger,right,12(15),1049.0,3,3,2,-,81.9,0.2,3,6.58,"Jun 30, 2025",€5.00m,1,0.1,-,0.1,-,1,0.6,0.4,-,1.3,0.7,0.6,0.7,0.4,0.7,0.2,0.5,0.6,0.2,0.8,0.4,0.4,0.2,0.2,0.4,-,-,0.1,-,-,-,-,15.1,0.3,0.3,12,2.4,0.5,-,0.4,0.1,-,-,0.1,-,-,-
1989,Patrizio Masini,Genoa CFC,SerieA,24 years old (27-01-2001),"1,82m",Italy,Defensive Midfielder (C),Central Midfield,right,12(10),1173.0,1,-,3,-,79.6,1.2,-,6.58,"Jun 30, 2028",€3.50m,0.3,-,-,-,-,0.3,0.2,-,-,1,0.5,0.5,0.8,0.5,2,1.2,0.8,2,0.6,2.6,0.5,1.9,1.3,-,1.4,0.3,0.1,0.6,-,-,-,-,22.7,0.7,1.1,17.3,3.5,0.2,-,0.2,-,-,-,-,-,-,-
1990,Hassane Kamara,Udinese Calcio,SerieA,31 years old (05-03-1994),"1,70m",Ivory Coast,"Defender (Left), Midfielder (Left, Right)",Left-Back,left,22(5),1801.0,1,3,5,1,80.9,0.7,2,6.58,"Jun 30, 2026",€3.50m,0.6,-,-,-,-,0.6,0.3,0.3,-,1.6,1,0.6,0.9,0.3,1.1,0.7,0.4,1.1,0.4,1.6,0.9,0.8,0.8,-,1.4,0.2,0.1,0.6,-,-,-,-,25.2,1.1,2,19.3,2.9,0.8,0.3,0.5,0.1,0.1,-,-,-,-,-
1991,Jay Idzes,Venezia FC,SerieA,24 years old (02-06-2000),"1,90m",Netherlands,"Defender (Centre), Defensive Midfielder (C)",Centre-Back,right,32,2858.0,1,-,4,-,86.8,1.7,-,6.58,"Jun 30, 2027",€5.00m,0.4,-,-,-,-,0.4,0.3,0.1,0.1,0.2,0.2,-,0.8,0.2,4.1,1.7,2.4,1.4,0.5,1.8,0.9,0.3,1.4,0.1,4.4,0.8,0.1,0.6,-,-,-,-,44.9,1.4,2.8,37.6,3.2,0.2,-,0.2,-,-,-,-,-,-,-
1992,Milan Badelj,Genoa CFC,SerieA,36 years old (25-02-1989),"1,86m",Croatia,Midfielder (Centre),Defensive Midfield,right,20(2),1420.0,1,-,3,-,82.3,0.5,-,6.58,"Jun 30, 2025",€800k,0.6,-,-,-,-,0.6,0.2,0.4,-,0.9,0.5,0.4,0.9,0.5,0.7,0.5,0.3,1.3,0.9,2.2,0.8,0.8,0.8,-,1.9,0.3,-,0.5,-,-,-,-,35.9,2.1,2.1,27.4,4.3,0.5,0.1,0.5,-,-,-,-,-,-,-
1993,Tete Morente,US Lecce,SerieA,28 years old (04-12-1996),"1,84m",Spain,"Midfielder (Centre, Left, Right)",Left Winger,right,21(7),1841.0,3,1,3,-,79.2,1.4,2,6.58,"Jun 30, 2027",€2.00m,1.3,0.1,-,0.1,-,1.3,0.6,0.6,-,1.8,0.8,1,1.2,0.4,2.1,1.4,0.8,0.9,0.9,1.8,0.4,0.9,0.8,-,0.9,-,0.1,0.5,-,-,-,-,20.8,1.3,1.3,15.2,3.1,0.7,0.1,0.6,-,-,-,-,-,-,-
1994,Mario Pasalic,Atalanta BC,SerieA,30 years old (09-02-1995),"1,88m",Croatia,"Midfielder (Centre, Left, Right), Forward",Central Midfield,right,22(8),1829.0,3,3,1,-,88.1,1,1,6.58,"Jun 30, 2025",€13.00m,1.5,0.1,-,0.1,-,1.5,1.1,0.2,0.2,0.6,0.4,0.1,0.8,0.7,1.9,1,0.9,0.8,0.5,1.3,0.4,0.3,0.6,0.1,0.9,0.1,-,0.5,-,-,-,-,41.6,1.6,1,35,3.9,1,-,1,0.1,-,-,-,-,-,0.1
1995,Roberto Piccoli,Cagliari Calcio,SerieA,24 years old (27-01-2001),"1,90m",Italy,Forward,Centre-Forward,right,33,2783.0,9,1,5,-,68.2,2.8,-,6.58,"Jun 30, 2025",€8.00m,2.5,0.3,0.1,0.2,-,2.5,1.7,0.3,0.4,1.7,1.3,0.4,2.9,1.2,7.1,2.8,4.2,0.4,0.2,0.6,0.1,1.5,1.6,0.6,0.8,0.1,-,0.2,-,-,-,-,13.4,0.1,0.2,9,4.1,0.4,-,0.4,-,-,-,-,-,-,-
1996,Lucas Martínez Quarta,River Plate,SerieA,28 years old (10-05-1996),183cm,Argentina,Defender (Centre),,,4(4),349.0,1,-,1,-,88.8,1.5,-,6.57,,,0.4,0.1,0.1,-,-,0.4,-,0.1,0.3,0.3,-,0.3,0.6,0.1,3.1,1.5,1.6,1.5,0.6,2.1,0.4,0.3,1,-,3.1,0.3,-,0.4,-,-,-,-,31.3,1.9,1.6,25.9,1.9,0.1,-,0.1,-,-,-,-,-,-,-
1997,Patrick Dorgu,Manchester United,SerieA,20 years old (26-10-2004),185cm,Denmark,"Defender (Left), Midfielder (Left, Right)",,,21,1843.0,3,1,2,1,78.8,1.5,-,6.57,,,1.7,0.1,-,0.1,-,1.7,0.8,0.8,0.1,2.1,1.5,0.6,1.8,1.8,2.6,1.5,1.1,2.1,1,3.2,0.9,2.6,1.1,0.2,1.7,0.3,0.3,0.9,-,-,-,-,29.4,1.4,1.4,21.8,4.9,0.9,0.1,0.8,-,-,-,-,-,-,-
1998,Álex Jiménez,AC Milan,SerieA,19 years old (08-05-2005),"1,77m",Spain,Defender,Right-Back,right,11(7),1043.0,-,-,5,-,83.5,0.4,-,6.57,"Jun 30, 2028",€10.00m,0.6,-,-,-,-,0.6,0.2,0.4,-,2.2,1,1.2,1.3,0.6,1.1,0.4,0.7,1.2,0.7,1.9,0.7,0.8,0.6,0.3,1,0.2,0.1,0.9,-,-,-,-,22.2,0.8,0.4,17.8,3.3,0.6,0.2,0.4,-,-,-,-,-,-,-
1999,Estanis Pedrola,Bologna FC 1909,SerieA,21 years old (24-08-2003),"1,85m",Spain,Forward,Left Winger,right,0(1),8.0,-,-,-,-,87.5,-,-,6.57,"Jun 30, 2025",€1.80m,2,-,-,-,-,2,1,1,-,3,1,2,-,-,-,-,-,-,-,-,-,-,1,-,-,-,-,-,-,-,-,-,8,-,-,7,1,2,-,2,-,-,-,-,-,-,-
2000,Lucas Beltrán,ACF Fiorentina,SerieA,24 years old (29-03-2001),"1,76m",Argentina,"Attacking Midfielder (Centre), Forward",Attacking Midfield,right,19(11),1766.0,5,4,4,-,78.8,0.8,-,6.57,"Jun 30, 2028",€18.00m,0.9,0.2,-,0.1,-,0.9,0.6,0.2,0.1,1,0.5,0.5,1.2,1.3,2.5,0.8,1.7,0.7,0.4,1.1,0.1,1.5,0.8,0.1,0.4,0.1,0.1,0.4,-,-,-,-,17.8,0.5,0.5,13.6,3.2,0.9,-,0.9,0.1,-,-,-,-,-,0.1
2001,Sebastiano Luperto,Cagliari Calcio,SerieA,28 years old (06-09-1996),"1,91m",Italy,"Defender (Centre, Left)",Centre-Back,left,33,2970.0,1,3,4,-,84.9,1.7,-,6.57,"Jun 30, 2028",€3.50m,0.6,-,-,-,-,0.6,0.4,0.1,0.1,0.2,0.2,-,0.3,0.1,3.3,1.7,1.6,1.3,0.3,1.6,0.9,0.6,0.7,-,4.3,0.4,0.2,0.4,-,-,-,-,43.8,1.6,3.3,35.6,3.3,0.2,0.1,0.2,0.1,-,-,-,-,-,0.1
2002,Juan Cabal,Juventus FC,SerieA,24 years old (08-01-2001),"1,86m",Colombia,Defender (Left),Left-Back,left,6(1),462.0,-,-,1,-,88,1.1,-,6.57,"Jun 30, 2029",€9.00m,0.7,-,-,-,-,0.7,0.3,0.4,-,1,0.4,0.6,0.9,0.6,1.7,1.1,0.6,1.4,0.6,2,0.3,1.4,1,0.1,2,-,-,0.3,-,-,-,-,45.1,1.4,1.3,38.3,4.1,0.1,-,0.1,-,-,-,-,-,-,-
2003,Martín Payero,Udinese Calcio,SerieA,26 years old (11-09-1998),"1,82m",Argentina,Attacking Midfielder (Centre),Central Midfield,right,15(9),1323.0,1,1,5,-,82.2,0.9,1,6.57,"Jun 30, 2027",€6.00m,1.2,-,-,-,-,1.2,0.4,0.8,-,2.7,1.5,1.1,1.1,0.5,1.8,0.9,0.9,1,0.3,1.3,0.5,1.6,1.3,-,0.4,0.1,0.1,0.5,-,-,-,-,16.1,0.7,0.8,12.6,2.1,0.6,0.1,0.5,-,-,-,-,-,-,-
2004,Adam Obert,Cagliari Calcio,SerieA,22 years old (23-08-2002),"1,88m",Slovakia,"Defender (Centre, Left)",Centre-Back,left,12(6),960.0,1,1,4,-,75.6,1.3,-,6.56,"Jun 30, 2029",€3.00m,0.5,0.1,-,0.1,-,0.5,0.3,0.1,0.2,0.6,0.3,0.3,1.3,0.4,2.4,1.3,1.1,1.7,0.6,2.3,1,0.4,1.1,-,2.4,0.4,0.1,0.6,-,-,-,-,20.7,0.8,2.1,14.8,2.9,0.6,0.1,0.5,0.1,-,-,-,-,-,0.1
2005,Tommaso Pobega,Bologna FC 1909,SerieA,25 years old (15-07-1999),"1,88m",Italy,Midfielder (Centre),Central Midfield,left,12(6),1063.0,2,2,4,2,84.2,0.8,1,6.56,"Jun 30, 2025",€10.00m,1.2,0.1,-,0.1,-,1.2,0.5,0.6,0.1,0.4,0.2,0.2,0.7,0.3,1.6,0.8,0.8,1.7,0.4,2.1,0.7,0.6,1.4,-,0.8,0.2,-,0.6,-,-,-,-,22.5,0.9,1.2,18,2.4,0.6,0.1,0.4,0.1,-,-,0.1,-,-,0.1
2006,Giacomo Raspadori,SSC Napoli,SerieA,25 years old (18-02-2000),"1,72m",Italy,"Attacking Midfielder (Centre, Left), Forward",Second Striker,right,7(15),782.0,4,1,1,-,74.3,0.2,1,6.56,"Jun 30, 2028",€20.00m,1.3,0.2,-,0.2,-,1.3,1,0.3,-,0.5,0.2,0.3,0.9,0.4,0.5,0.2,0.4,0.6,0.2,0.8,0.1,0.7,0.4,-,0.4,0.1,-,0.4,-,-,-,-,11.5,0.4,0.3,8.2,2.6,1.1,0.2,0.9,-,-,-,-,-,-,-
2007,Nicolò Savona,Juventus FC,SerieA,22 years old (19-03-2003),"1,92m",Italy,Defender (Right),Right-Back,right,16(9),1458.0,2,1,4,-,91.7,0.3,1,6.56,"Jun 30, 2029",€14.00m,0.2,0.1,-,0.1,-,0.2,0.2,-,-,0.4,0.2,0.2,0.4,0.2,0.8,0.3,0.6,1.1,0.4,1.5,0.3,0.4,0.4,-,0.8,-,0.2,0.2,-,-,-,-,34.6,1.1,1.2,30.7,1.6,0.6,0.2,0.4,-,-,-,-,-,-,-
2008,Patrick Cutrone,Como 1907,SerieA,27 years old (03-01-1998),"1,83m",Italy,Forward,Centre-Forward,right,22(7),1905.0,6,4,1,-,74.9,0.8,2,6.56,"Jun 30, 2028",€7.00m,2.1,0.2,0.1,0.1,-,2.1,1.5,0.4,0.1,0.8,0.5,0.3,2.1,0.9,2.9,0.8,2.1,0.5,0.2,0.7,0.1,0.8,0.8,0.6,0.2,-,0.1,0.4,-,-,-,-,14.4,0.1,0.2,10.7,3.4,0.7,-,0.7,0.1,-,-,-,-,-,0.1
2009,Michael Svoboda,Venezia FC,SerieA,26 years old (15-10-1998),"1,95m",Austria,Defender (Centre),Centre-Back,right,15(1),1314.0,1,-,1,-,85.1,2.3,-,6.56,"Jun 30, 2026",€3.00m,0.3,0.1,-,0.1,-,0.3,0.1,0.1,0.1,0.2,0.1,0.1,0.8,0.7,4.1,2.3,1.8,1.6,0.7,2.3,1.4,0.7,0.4,-,3.9,0.7,0.2,0.5,-,-,-,-,51.3,2.3,2.9,41.4,4.7,0.3,0.1,0.2,-,-,-,-,-,-,-
2010,Maxence Caqueret,Como 1907,SerieA,25 years old (15-02-2000),"1,74m",France,Midfielder (Centre),Central Midfield,right,11(3),847.0,-,3,2,-,84.9,0.2,-,6.56,"Jun 30, 2029",€15.00m,0.3,-,-,-,-,0.3,0.1,0.2,-,1.6,1,0.6,1.6,0.9,0.7,0.2,0.5,2.1,1.1,3.1,0.4,0.4,0.8,-,0.2,0.1,0.1,0.8,-,-,-,-,30.4,0.9,0.5,24.9,4.1,1.1,0.2,0.9,0.2,-,-,-,-,-,0.2
2011,Kyle Walker,AC Milan,SerieA,34 years old (28-05-1990),"1,83m",England,"Defender (Centre, Right), Midfielder (Right)",Right-Back,right,7(2),623.0,-,-,1,-,90.2,0.7,-,6.56,"Jun 30, 2025",€6.00m,0.2,-,-,-,-,0.2,-,0.2,-,0.8,0.2,0.6,0.7,0.4,1.1,0.7,0.4,1.8,0.3,2.1,0.9,0.4,0.7,-,1.4,0.6,0.1,0.4,-,-,-,-,38.7,1.6,1.4,33.3,2.3,0.7,0.1,0.6,-,-,-,-,-,-,-
2012,Philip Billing,SSC Napoli,SerieA,28 years old (11-06-1996),"1,93m",Denmark,"Midfielder (Centre), Forward",Central Midfield,left,1(5),142.0,1,-,-,-,79.2,1.5,-,6.55,"Jun 30, 2025",€12.00m,0.8,0.2,-,0.2,-,0.8,0.3,0.3,0.2,0.2,0.2,-,-,0.2,2.5,1.5,1,1.5,0.2,1.7,0.5,0.2,0.8,-,0.8,0.2,-,0.3,-,-,-,-,12,0.3,0.2,9.2,2.3,0.3,-,0.3,-,-,-,-,-,-,-
2013,Leonardo Spinazzola,SSC Napoli,SerieA,32 years old (25-03-1993),"1,86m",Italy,"Defender (Left, Right), Midfielder (Left)",Left-Back,right,13(10),1170.0,1,1,1,-,84.7,0.1,-,6.55,"Jun 30, 2026",€3.50m,0.4,-,-,-,-,0.4,0.3,0.1,-,2.2,1.3,0.9,0.6,0.6,0.3,0.1,0.1,0.5,0.4,1,0.2,0.4,0.2,-,1,-,0.1,0.4,-,-,-,-,23.3,1.1,1,18.7,2.5,1,0.1,0.9,-,-,-,-,-,-,-
2014,Matteo Darmian,Inter Milan,SerieA,35 years old (02-12-1989),"1,83m",Italy,"Defender (Centre, Left, Right), Midfielder (Left, Right)",Right-Back,right,17(9),1514.0,3,2,2,-,84.2,0.5,2,6.55,"Jun 30, 2026",€4.00m,0.3,0.1,-,0.1,-,0.3,0.2,0.1,-,0.3,0.2,0.2,0.5,0.2,1,0.5,0.5,1,0.4,1.4,0.2,0.7,1,0.2,1.1,0.2,0.2,0.3,-,-,-,-,26.5,1,1.5,21.3,2.7,0.5,0.2,0.4,0.1,-,-,-,-,-,-
2015,Botond Balogh,Parma Calcio 1913,SerieA,22 years old (06-06-2002),"1,89m",Hungary,Defender (Centre),Centre-Back,right,21(5),1860.0,-,1,4,-,89.8,1.3,-,6.55,"Jun 30, 2027",€2.50m,0.1,-,-,-,-,0.1,-,-,-,-,-,-,0.3,-,2.3,1.3,1.1,1.1,0.2,1.3,0.9,0.2,0.6,-,4.8,0.9,0.2,0.3,-,-,-,-,34.7,1.6,1.5,29.6,2.1,0.1,-,0.1,-,-,-,-,-,-,-
2016,Samuel Mbangula,Juventus FC,SerieA,21 years old (16-01-2004),"1,79m",,Attacking Midfielder (Left),Left Winger,right,7(14),698.0,3,3,1,-,89.4,0.1,1,6.55,"Jun 30, 2028",€14.00m,0.4,0.1,-,0.1,-,0.4,0.2,0.1,-,1.3,0.9,0.4,0.6,0.5,0.4,0.1,0.3,0.7,0.3,1,0.1,0.7,0.3,-,0.1,-,-,0.3,-,-,-,-,11.7,0.2,-,10.3,1.2,0.7,-,0.7,0.1,-,-,-,-,-,0.1
2017,Sandi Lovric,Udinese Calcio,SerieA,27 years old (28-03-1998),"1,80m",Slovenia,Midfielder (Centre),Central Midfield,right,29(4),2140.0,2,3,4,-,85.4,-,1,6.55,"Jun 30, 2027",€8.00m,1.3,0.1,-,0.1,-,1.3,0.5,0.8,-,1.5,0.8,0.6,1.4,0.8,0.5,-,0.5,1.4,0.6,2,0.7,1,1.5,-,0.6,0.2,0.1,0.8,-,-,-,-,24,1.4,1.2,19.1,2.3,1,0.1,0.9,0.1,0.1,-,-,-,-,-
2018,Pedro,SS Lazio,SerieA,37 years old (28-07-1987),"1,67m",Spain,"Midfielder (Centre, Left, Right), Forward",Right Winger,both,6(20),949.0,8,1,2,-,86.7,-,-,6.55,"Jun 30, 2025",€1.00m,1,0.3,0.1,0.2,-,1,0.5,0.5,0.1,1,0.6,0.5,0.7,0.7,0.2,-,0.2,0.7,0.4,1,0.1,0.8,0.7,-,0.1,-,-,0.3,-,-,-,-,17.1,0.7,0.2,14.1,2,0.6,0.1,0.5,-,-,-,-,-,-,-
2019,Lautaro Giannetti,Udinese Calcio,SerieA,31 years old (13-11-1993),"1,85m",Argentina,Defender (Centre),Centre-Back,right,11(2),855.0,1,-,4,-,82.1,2.2,1,6.55,"Jun 30, 2026",€2.50m,0.2,0.1,0.1,-,-,0.2,-,0.1,0.1,0.2,0.2,-,0.2,-,3.3,2.2,1.1,1.7,0.5,2.2,1.2,-,0.5,-,3.2,0.8,0.3,0.7,-,-,-,-,28.8,1.2,2.2,22.5,3,0.2,-,0.2,-,-,-,-,-,-,-
2020,Gianluca Busio,Venezia FC,SerieA,22 years old (28-05-2002),"1,72m",USA,Midfielder (Centre),Central Midfield,right,25(5),2263.0,2,-,3,-,78.5,0.9,2,6.54,"Jun 30, 2026",€6.50m,1.1,0.1,-,-,-,1.1,0.6,0.4,-,1.5,1.1,0.5,1.6,1,1.9,0.9,1,1.4,0.9,2.3,0.6,1.4,0.7,0.1,1.5,0.3,0.1,0.8,-,-,-,-,26.3,1.1,0.9,19.6,4.8,0.9,-,0.8,-,-,-,-,-,-,-
2021,Nadir Zortea,Cagliari Calcio,SerieA,25 years old (19-06-1999),"1,87m",Italy,"Defender (Right), Midfielder (Left, Right)",Right Midfield,right,29(2),2421.0,5,-,3,-,73,0.5,1,6.54,"Jun 30, 2028",€4.50m,0.9,0.2,0.1,-,0.1,0.9,0.4,0.5,0.1,2.6,1.5,1.2,1.7,1,1.5,0.5,0.9,0.9,0.6,1.5,0.5,0.6,0.9,-,1.1,-,0.2,0.3,-,-,-,-,19.1,0.4,1,13.5,4.2,0.8,0.2,0.6,-,-,-,-,-,-,-
2022,Santiago Giménez,AC Milan,SerieA,24 years old (18-04-2001),"1,83m",Mexico,Forward,Centre-Forward,left,6(5),604.0,3,1,3,-,81.5,0.5,-,6.54,"Jun 30, 2029",€37.00m,1.9,0.3,0.1,0.2,-,1.9,1.5,0.3,0.2,1.6,1.1,0.5,1.7,0.1,1.5,0.5,0.9,0.5,0.1,0.5,0.1,0.4,0.9,0.5,1,0.1,-,0.2,-,-,-,-,7.4,-,0.1,6,1.3,0.4,-,0.4,0.1,-,-,-,-,-,0.1
2023,Maduka Okoye,Udinese Calcio,SerieA,25 years old (28-08-1999),"1,98m",Nigeria,Goalkeeper,Goalkeeper,right,21,1890.0,-,-,1,-,76.4,0.3,-,6.54,"Jun 30, 2028",€7.50m,-,-,-,-,-,-,-,-,-,-,-,-,-,-,0.3,0.3,-,-,-,-,-,-,-,-,0.8,-,-,-,2.8,0.2,1.8,0.8,31.6,5.9,7.3,18.3,0.1,-,-,-,-,-,-,-,-,-,-
2024,Brenner,Udinese Calcio,SerieA,25 years old (16-01-2000),"1,75m",Brazil,"Attacking Midfielder (Centre), Forward",Centre-Forward,right,5(4),386.0,1,2,-,-,82.2,0.2,-,6.54,"Jun 30, 2028",€4.50m,0.8,0.1,-,0.1,-,0.8,0.4,0.3,-,0.6,0.2,0.3,0.6,1,0.6,0.2,0.3,0.7,0.6,1.2,0.1,0.6,-,-,0.6,-,0.1,0.4,-,-,-,-,11.2,0.4,0.6,8.8,1.4,0.6,0.3,0.2,0.2,0.1,0.1,-,-,-,0.1
2025,Matteo Cancellieri,Parma Calcio 1913,SerieA,23 years old (12-02-2002),"1,85m",Italy,"Attacking Midfielder (Centre, Left, Right), Forward",Right Winger,left,19(7),1431.0,3,-,2,1,70.8,1.1,2,6.54,"Jun 30, 2025",€5.00m,0.8,0.1,-,0.1,-,0.8,0.5,0.3,-,2.7,1.6,1.1,1.3,0.9,2.2,1.1,1.1,1,0.8,1.8,0.5,1.6,1,0.1,1,-,0.2,0.5,-,-,-,-,11.1,0.3,0.5,7.6,2.7,0.4,-,0.4,-,-,-,-,-,-,-
2026,Pietro Comuzzo,ACF Fiorentina,SerieA,20 years old (20-02-2005),"1,85m",Italy,Defender (Centre),Centre-Back,right,21(9),1989.0,-,-,5,-,86.1,2.1,-,6.54,"Jun 30, 2028",€25.00m,0.1,-,-,-,-,0.1,0.1,-,-,-,-,-,0.4,0.1,3.5,2.1,1.4,1.3,0.2,1.5,0.8,0.4,0.7,-,3.2,0.6,0.2,0.4,-,-,-,-,36.5,2,2.2,29.4,2.8,0.2,-,0.2,-,-,-,-,-,-,-
2027,Lazar Samardzic,Atalanta BC,SerieA,23 years old (24-02-2002),"1,84m",Serbia,Attacking Midfielder (Centre),Central Midfield,left,6(23),1039.0,2,1,3,-,84.4,0.1,1,6.54,"Jun 30, 2025",€20.00m,1.1,0.1,-,-,-,1.1,0.6,0.5,-,2,1.1,0.9,1.1,0.6,0.7,0.1,0.6,0.6,0.4,1,0.1,0.3,0.6,-,0.1,-,0.1,0.2,-,-,-,-,20.1,1.5,0.4,15.5,2.8,1,0.2,0.8,-,-,-,-,-,-,-
2028,Daniel Maldini,Atalanta BC,SerieA,23 years old (11-10-2001),"1,88m",Italy,"Attacking Midfielder (Centre, Left), Forward",Attacking Midfield,right,16(4),1317.0,3,-,5,-,74.2,1.2,1,6.54,"Jun 30, 2029",€10.00m,2,0.2,-,0.1,0.1,2,0.8,1,0.2,3.6,2.1,1.5,1.8,1.6,2.5,1.2,1.4,0.7,0.4,1,0.2,2,0.8,0.1,0.5,0.1,0.2,0.3,-,-,-,-,17.1,0.8,0.4,11.9,4,0.6,0.1,0.6,-,-,-,-,-,-,-
2029,Fabio Miretti,Genoa CFC,SerieA,21 years old (03-08-2003),"1,80m",Italy,"Attacking Midfielder (Centre, Left)",Central Midfield,right,22(3),1696.0,3,3,2,-,80.1,0.5,2,6.53,"Jun 30, 2025",€14.00m,1,0.1,-,0.1,-,1,0.7,0.2,-,2.9,1.9,1,2.5,1.4,1.4,0.5,0.9,1.1,0.6,1.7,0.3,2.1,0.9,0.1,0.3,-,0.2,0.8,-,-,-,-,19.7,0.8,1.1,15,2.8,0.9,0.3,0.6,0.1,0.1,-,-,-,-,-
2030,Dennis Man,Parma Calcio 1913,SerieA,26 years old (26-08-1998),"1,83m",Romania,"Attacking Midfielder (Centre, Right)",Right Winger,left,23(9),1999.0,4,4,-,-,81.6,0.3,2,6.53,"Jun 30, 2027",€12.50m,1.4,0.1,-,0.1,-,1.4,1,0.4,-,2.3,1.6,0.8,1.4,1,0.8,0.3,0.5,0.4,0.6,1,0.3,0.5,0.3,0.1,0.3,0.1,0.1,0.4,-,-,-,-,23.3,0.5,0.4,18.5,3.9,1.4,0.1,1.3,0.1,-,-,-,-,-,0.1
2031,Antoine Hainaut,Parma Calcio 1913,SerieA,23 years old (18-02-2002),"1,87m",France,Defender (Right),Right-Back,right,8(13),965.0,1,-,2,-,76.5,1.1,-,6.53,"Jun 30, 2026",€1.00m,0.2,-,-,-,-,0.2,0.1,0.1,-,1,0.5,0.5,0.8,0.3,1.6,1.1,0.5,1.1,0.1,1.2,0.6,0.6,0.5,-,1.8,0.1,0.5,0.4,-,-,-,-,15.6,0.7,1,11.3,2.7,0.2,0.1,0.1,-,-,-,-,-,-,-
2032,Andrea Carboni,AC Monza,SerieA,24 years old (04-02-2001),"1,87m",Italy,"Defender (Centre, Left)",Centre-Back,left,22(1),1926.0,-,1,5,-,85.4,1.5,-,6.53,"Jun 30, 2027",€3.40m,0.3,-,-,-,-,0.3,0.2,0.1,-,0.3,0.1,0.2,0.6,0.2,3.1,1.5,1.6,2.3,0.8,3.1,1,0.7,1.2,-,4,0.6,0.1,0.5,-,-,-,-,41.8,1.7,2.1,34,4,0.2,-,0.1,-,-,-,-,-,-,-
2033,Mikael Ellertsson,Venezia FC,SerieA,23 years old (11-03-2002),"1,82m",,"Midfielder (Centre, Left)",Central Midfield,left,26(6),2228.0,2,2,2,-,73,0.3,1,6.52,"Jun 30, 2025",€2.80m,0.6,0.1,-,0.1,-,0.6,0.4,0.2,-,1.2,0.7,0.4,1.4,0.6,0.9,0.3,0.5,1.6,0.8,2.4,0.4,1.2,0.7,0.1,1.6,0.1,0.5,1.1,-,-,-,-,15.1,0.4,0.8,10.6,3.3,0.6,0.1,0.5,0.1,-,-,-,-,-,0.1
2034,Martin Frese,Hellas Verona,SerieA,27 years old (04-01-1998),"1,79m",Denmark,Defender,Left-Back,left,3(4),354.0,-,-,-,-,73.2,1.1,-,6.52,"Jun 30, 2027",€2.00m,0.1,-,-,-,-,0.1,-,0.1,-,0.1,0.1,-,0.1,-,2.3,1.1,1.1,1.9,0.4,2.3,1,1,1,-,2,0.1,-,0.3,-,-,-,-,21.9,1.3,3.3,14.7,2.6,0.6,0.3,0.3,-,-,-,-,-,-,-
2035,Hernani,Parma Calcio 1913,SerieA,31 years old (27-03-1994),"1,88m",Brazil,"Midfielder (Centre, Left)",Central Midfield,both,13(9),1186.0,3,2,7,-,79,0.8,1,6.52,"Jun 30, 2026",€2.00m,0.8,0.1,-,0.1,-,0.8,0.2,0.6,-,1,0.7,0.3,0.8,0.5,1.6,0.8,0.9,1.8,0.9,2.7,0.8,1.1,1.4,-,0.4,0.2,0.1,0.9,-,-,-,-,23.6,1.6,1,17.1,4,0.9,0.1,0.8,0.1,-,-,-,-,-,-
2036,Jordan Zemura,Udinese Calcio,SerieA,25 years old (14-11-1999),"1,73m",Zimbabwe,"Defender (Left), Midfielder (Left)",Left-Back,left,12(9),1261.0,1,2,2,-,78.6,0.3,1,6.52,"Jun 30, 2027",€5.00m,0.6,-,-,-,-,0.6,0.1,0.4,0.1,2.1,1.1,1,1,0.7,1,0.3,0.7,1.2,0.5,1.7,0.7,0.3,1,0.1,1.4,0.1,0.3,0.6,-,-,-,-,20.7,0.9,1.1,15.4,3.3,0.4,0.1,0.3,0.1,0.1,-,-,-,-,-
2037,Andrea Colpani,ACF Fiorentina,SerieA,25 years old (11-05-1999),"1,84m",Italy,"Attacking Midfielder (Centre, Right)",Attacking Midfield,left,17(5),1410.0,2,1,1,-,86,0.5,-,6.52,"Jun 30, 2025",€12.00m,1.6,0.1,-,0.1,-,1.6,1,0.6,-,1.1,0.7,0.5,1.1,1,1.2,0.5,0.7,0.7,0.4,1,0.4,1,1,-,0.4,-,-,0.3,-,-,-,-,18.5,0.7,0.7,15.2,1.9,0.8,0.1,0.7,-,-,-,-,-,-,-
2038,Máximo Perrone,Como 1907,SerieA,22 years old (07-01-2003),"1,77m",Argentina,Defensive Midfielder (C),Defensive Midfield,left,16(6),1538.0,-,2,5,-,90.9,0.5,-,6.52,"Jun 30, 2025",€9.00m,0.4,-,-,-,-,0.4,0.1,0.2,-,0.3,0.2,0.1,0.9,0.6,1.1,0.5,0.6,1.5,1,2.5,0.7,0.5,1.1,-,1.6,-,-,0.5,-,-,-,-,48.6,1.9,1,42.4,3.4,1.1,0.1,1,0.1,-,-,-,-,-,-
2039,Jesper Karlström,Udinese Calcio,SerieA,29 years old (21-06-1995),"1,85m",Sweden,Attacking Midfielder (Centre),Defensive Midfield,right,32(1),2829.0,-,2,8,-,83.7,0.9,-,6.52,"Jun 30, 2026",€3.50m,0.3,-,-,-,-,0.3,0.2,0.1,-,0.5,0.3,0.2,0.9,0.4,1.7,0.9,0.8,1.7,0.8,2.4,1,0.7,1,-,2.1,0.3,0.2,0.5,-,-,-,-,42.5,2.2,2.8,33.4,4.2,0.5,-,0.5,0.1,-,-,-,-,-,0.1
2040,Nehuén Pérez,FC Porto,SerieA,24 years old (24-06-2000),185cm,Argentina,Defender (Centre),,,2,180.0,-,-,-,-,81.7,1.5,-,6.52,,,-,-,-,-,-,-,-,-,-,0.5,-,0.5,-,-,2,1.5,0.5,0.5,0.5,1,0.5,1,1.5,-,3.5,1,-,-,-,-,-,-,30,4,2,20.5,3.5,-,-,-,-,-,-,-,-,-,-
2041,Marin Pongracic,ACF Fiorentina,SerieA,27 years old (11-09-1997),"1,93m",Croatia,Defender (Centre),Centre-Back,right,12(4),1159.0,-,-,1,1,88.7,1.4,-,6.52,"Jun 30, 2029",€10.00m,0.1,-,-,-,-,0.1,-,-,0.1,0.6,0.1,0.4,0.5,0.3,2.1,1.4,0.7,0.9,0.1,1.1,0.7,0.3,1.3,-,3.9,0.4,0.1,0.4,-,-,-,-,37.7,2.3,1.8,31.2,2.4,0.3,0.1,0.2,-,-,-,-,-,-,-
2042,Lorenzo Pellegrini,AS Roma,SerieA,28 years old (19-06-1996),"1,86m",Italy,"Midfielder (Centre, Left)",Attacking Midfield,right,19(5),1590.0,2,1,4,-,83.9,0.5,-,6.51,"Jun 30, 2026",€14.00m,1.7,0.1,-,0.1,-,1.7,0.8,0.8,0.1,1,0.6,0.4,1.1,0.7,1.3,0.5,0.8,1,0.4,1.4,0.2,1.1,1,0.2,0.9,-,-,0.3,-,-,-,-,23.5,0.7,0.6,19.1,3.2,1.1,0.3,0.8,-,-,-,-,-,-,-
2043,Ruben Loftus-Cheek,AC Milan,SerieA,29 years old (23-01-1996),"1,91m",England,"Midfielder (Centre, Left, Right)",Central Midfield,right,6(9),709.0,-,-,1,-,89.4,0.7,-,6.51,"Jun 30, 2027",€16.00m,0.5,-,-,-,-,0.5,0.3,0.1,0.1,1.1,0.5,0.6,0.8,0.3,1.3,0.7,0.6,1.1,0.3,1.3,0.1,1.3,0.9,-,0.7,-,0.1,0.1,-,-,-,-,18.9,0.5,0.1,16.4,1.9,0.9,-,0.9,-,-,-,-,-,-,-
2044,Jesse Joronen,Venezia FC,SerieA,32 years old (21-03-1993),"1,97m",Finland,Goalkeeper,Goalkeeper,right,7(1),702.0,-,-,-,-,69.4,0.4,1,6.51,"Jun 30, 2025",€600k,-,-,-,-,-,-,-,-,-,-,-,-,-,-,0.4,0.4,-,-,-,-,-,-,0.1,-,1.4,-,-,-,3.4,-,1.8,1.6,31.9,3.6,9.4,18.5,0.4,-,-,-,-,-,-,-,-,-,-
2045,Borna Sosa,Torino FC,SerieA,27 years old (21-01-1998),"1,87m",Croatia,"Defender (Left), Midfielder (Left)",Left Midfield,left,14(5),1187.0,-,-,-,-,83.1,0.8,1,6.51,"Jun 30, 2025",€6.00m,0.2,-,-,-,-,0.2,0.2,0.1,-,0.4,0.2,0.2,0.5,0.1,1.8,0.8,1,1.4,0.5,1.8,0.7,0.4,0.6,0.1,1.5,0.3,0.3,0.4,-,-,-,-,27.9,1.1,1.6,22.1,3.1,0.6,0.1,0.5,-,-,-,-,-,-,-
2046,Morten Thorsby,Genoa CFC,SerieA,28 years old (05-05-1996),"1,88m",Norway,"Midfielder (Centre, Left, Right)",Central Midfield,right,21(7),1819.0,-,1,4,-,68.1,3.6,-,6.51,"Jun 30, 2026",€3.00m,0.5,-,-,-,-,0.5,0.4,-,0.1,0.8,0.5,0.3,1.6,1,7.2,3.6,3.6,1.6,0.4,2,0.2,0.5,1.8,0.3,1,-,-,0.7,-,-,-,-,17.7,0.2,0.3,11.8,5.4,0.9,-,0.9,-,-,-,-,-,-,-
2047,Samuel Chukwueze,AC Milan,SerieA,25 years old (22-05-1999),"1,72m",Nigeria,"Attacking Midfielder (Centre, Right)",Right Winger,left,9(15),850.0,3,-,-,-,83.5,0.3,-,6.51,"Jun 30, 2028",€14.00m,1.3,0.1,-,0.1,-,1.3,0.7,0.5,-,1.8,0.8,1,1,0.4,0.7,0.3,0.4,0.6,0.5,1.1,0.1,0.4,0.1,0.1,0.3,-,-,0.1,-,-,-,-,13.7,0.6,0.3,10.8,2,0.9,-,0.9,-,-,-,-,-,-,-
2048,Adam Marusic,SS Lazio,SerieA,32 years old (17-10-1992),"1,85m",Montenegro,"Defender (Centre, Left, Right), Midfielder (Left, Right)",Right-Back,right,22(9),2091.0,4,-,1,-,87.6,1,1,6.51,"Jun 30, 2026",€4.00m,0.7,0.1,0.1,-,-,0.7,0.4,0.2,0.1,0.7,0.4,0.3,0.3,0.4,1.6,1,0.7,0.9,0.4,1.3,0.5,0.4,0.6,0.1,1.7,0.2,0.1,0.3,-,-,-,-,30.1,0.6,1.1,25.7,2.6,0.4,-,0.4,-,-,-,-,-,-,-
2049,Devyne Rensch,AS Roma,SerieA,22 years old (18-01-2003),"1,81m",Netherlands,"Defender (Centre, Left, Right), Midfielder (Right)",Right-Back,right,4(6),363.0,-,1,-,-,86.3,1,-,6.51,"Jun 30, 2029",€12.00m,0.2,-,-,-,-,0.2,-,0.1,0.1,0.2,0.2,-,0.3,0.2,1.6,1,0.6,1.5,0.1,1.6,0.5,0.6,0.1,-,0.7,0.2,0.1,0.2,-,-,-,-,19.7,0.4,0.9,16.6,1.8,0.2,-,0.2,0.1,-,-,-,-,-,0.1
2050,Hamza Rafia,US Lecce,SerieA,26 years old (02-04-1999),"1,81m",Tunisia,Attacking Midfielder (Centre),Central Midfield,right,14(4),1067.0,-,-,4,-,83.1,0.3,-,6.51,"Jun 30, 2026",€1.70m,0.6,-,-,-,-,0.6,0.3,0.3,-,1.2,0.7,0.6,1.2,1.1,1.1,0.3,0.7,2.4,0.9,3.4,0.2,1.4,1.4,-,0.9,0.1,0.1,0.3,-,-,-,-,26.6,0.8,0.7,21.3,3.8,0.9,0.2,0.7,-,-,-,-,-,-,-
2051,Jonathan Ikoné,Como 1907,SerieA,26 years old (02-05-1998),"1,75m",France,"Attacking Midfielder (Centre, Left, Right), Forward",Right Winger,left,4(6),416.0,2,-,1,-,79.3,0.2,-,6.51,"Jun 30, 2025",€8.00m,1.3,0.2,-,0.2,-,1.3,1.2,0.1,-,2.2,1.5,0.7,0.6,1.1,0.3,0.2,0.1,1.2,0.4,1.6,-,0.5,0.1,0.2,0.1,0.1,-,0.3,-,-,-,-,11.6,0.4,0.1,8.8,2.3,0.2,-,0.2,-,-,-,-,-,-,-
2052,Thomas Kristensen,Udinese Calcio,SerieA,23 years old (17-01-2002),"1,98m",Denmark,Defender (Centre),Centre-Back,right,16(5),1483.0,-,-,4,-,81.2,2.4,-,6.51,"Jun 30, 2028",€6.00m,0.1,-,-,-,-,0.1,-,-,-,0.6,0.1,0.5,0.6,0.3,3.7,2.4,1.2,1.1,0.3,1.4,0.7,0.1,1,-,3.1,0.6,-,0.2,-,-,-,-,36.2,1.9,2.3,27.5,4.5,0.2,-,0.1,-,-,-,-,-,-,-
2053,Saud Abdulhamid,AS Roma,SerieA,25 years old (18-07-1999),"1,75m",Saudi Arabia,Defender,Right-Back,right,2(2),205.0,-,1,-,-,88.7,-,-,6.51,"Jun 30, 2028",€4.00m,0.3,-,-,-,-,0.3,-,0.3,-,2,1.3,0.8,1.3,0.3,0.3,-,0.3,0.8,-,0.8,0.5,1.3,0.5,-,-,-,-,0.5,-,-,-,-,24.3,-,0.8,21.5,2,0.5,-,0.5,0.3,-,-,-,-,-,0.3
2054,Kingsley Ehizibue,Udinese Calcio,SerieA,29 years old (25-05-1995),"1,89m",Netherlands,"Defender (Right), Midfielder (Right)",Right-Back,right,28(3),2334.0,-,1,5,-,78.8,0.9,-,6.5,"Jun 30, 2026",€3.00m,0.5,-,-,-,-,0.5,0.3,0.1,-,0.9,0.6,0.4,0.8,0.6,1.8,0.9,1,1.7,0.5,2.1,0.7,1,1.1,0.2,1.7,0.4,0.3,0.8,-,-,-,-,21,0.7,1,15.8,3.5,0.6,0.1,0.5,-,-,-,-,-,-,-
2055,Alen Sherri,Cagliari Calcio,SerieA,27 years old (15-12-1997),"1,97m",Albania,Goalkeeper,Goalkeeper,right,6,540.0,-,-,-,-,72.5,-,-,6.5,"Jun 30, 2027",€1.00m,-,-,-,-,-,-,-,-,-,-,-,-,-,-,-,-,-,0.2,0.2,0.3,-,-,-,-,0.8,-,-,-,2.7,-,1.8,0.8,29.7,5.2,8,16.3,0.2,0.2,0.2,-,-,-,-,-,-,-,-
2056,Samuele Ricci,Torino FC,SerieA,23 years old (21-08-2001),"1,81m",Italy,Midfielder (Centre),Defensive Midfield,right,31,2619.0,1,1,8,1,89.7,0.6,-,6.5,"Jun 30, 2028",€30.00m,0.6,-,-,-,-,0.6,0.2,0.5,-,0.7,0.5,0.2,1,0.5,1.1,0.6,0.5,1,0.3,1.3,0.8,2.2,1.2,-,1.4,0.3,0.2,0.4,-,-,-,-,37.8,1.7,1,32.2,2.9,0.4,-,0.3,-,-,-,-,-,-,-
2057,Valentino Lazaro,Torino FC,SerieA,29 years old (24-03-1996),"1,81m",Austria,"Defender (Right), Midfielder (Centre, Left, Right)",Left Midfield,right,23(7),2078.0,-,6,5,-,81.3,0.5,1,6.5,"Jun 30, 2025",€4.50m,0.5,-,-,-,-,0.5,0.2,0.2,-,1.1,0.7,0.4,1,0.4,1.3,0.5,0.8,0.8,0.4,1.3,0.3,0.4,0.9,0.1,1,0.2,0.3,0.8,-,-,-,-,27.3,0.8,1,21.3,4.1,0.9,0.3,0.6,0.2,0.1,0.1,-,-,-,0.1
2058,Nicolas Viola,Cagliari Calcio,SerieA,35 years old (12-10-1989),"1,80m",Italy,Midfielder (Centre),Attacking Midfield,left,16(8),1157.0,3,1,2,-,69.9,0.9,2,6.49,"Jun 30, 2025",€1.00m,1.2,0.1,-,0.1,-,1.2,0.7,0.5,-,1.2,0.8,0.4,1.2,0.9,1.8,0.9,0.9,0.6,0.4,1,0.1,1.3,0.8,0.3,0.2,-,-,0.2,-,-,-,-,14.2,0.7,0.8,9.3,3.5,1.1,0.5,0.5,-,-,-,-,-,-,-
2059,Stefan Posch,Atalanta BC,SerieA,27 years old (14-05-1997),"1,90m",Austria,"Defender (Centre, Right)",Centre-Back,right,7(7),711.0,-,-,1,-,78.3,1.1,-,6.49,"Jun 30, 2025",€10.00m,0.1,-,-,-,-,0.1,-,0.1,0.1,0.8,0.6,0.2,0.6,0.9,1.6,1.1,0.6,1.9,0.7,2.6,0.4,1.2,1.1,0.1,1.4,0.3,0.2,1.1,-,-,-,-,29.4,2.6,2.1,20.4,4.3,0.7,0.2,0.5,-,-,-,-,-,-,-
2060,Thórir Helgason,US Lecce,SerieA,24 years old (28-09-2000),"1,87m",Iceland,Attacking Midfielder (Centre),Central Midfield,right,11(6),946.0,-,4,-,-,71.8,0.9,-,6.49,"Jun 30, 2026",€2.50m,0.8,-,-,-,-,0.8,0.4,0.4,0.1,0.7,0.4,0.4,1.4,0.5,1.8,0.9,0.9,0.6,0.2,0.8,0.3,0.6,0.5,0.1,0.3,0.1,0.3,0.2,-,-,-,-,15.2,1,0.5,9.9,3.8,1.2,0.6,0.6,0.2,0.2,0.1,-,0.1,-,0.1
2061,Sofyan Amrabat,Fenerbahce,SerieA,28 years old (21-08-1996),183cm,Morocco,"Defender (Left), Defensive Midfielder (C)",,,2,180.0,-,-,-,-,86,0.5,-,6.49,,,-,-,-,-,-,-,-,-,-,-,-,-,0.5,1,1,0.5,0.5,1.5,-,1.5,-,0.5,2,-,1,0.5,-,-,-,-,-,-,64.5,4.5,3,51,6,1,0.5,0.5,-,-,-,-,-,-,-
2062,Lorenzo De Silvestri,Bologna FC 1909,SerieA,36 years old (23-05-1988),"1,87m",Italy,"Defender (Right), Midfielder (Right)",Right-Back,right,11(4),843.0,1,-,1,-,79,0.8,1,6.49,"Jun 30, 2025",€400k,0.5,0.1,-,0.1,-,0.5,0.5,-,-,0.3,0.2,0.1,0.3,0.1,1.7,0.8,0.9,0.7,0.5,1.3,0.5,0.5,1.1,-,1.8,0.2,0.1,0.5,-,-,-,-,23.2,1.5,1.2,16.8,3.7,0.3,0.1,0.3,-,-,-,-,-,-,-
2063,Magnus Kofod Andersen,Venezia FC,SerieA,25 years old (10-05-1999),176cm,Denmark,Midfielder (Centre),,,7(7),692.0,1,1,1,-,82.4,0.6,-,6.49,,,0.6,0.1,-,0.1,-,0.6,0.1,0.4,-,0.3,0.1,0.1,0.6,0.4,1.1,0.6,0.5,0.9,0.4,1.4,0.4,0.4,0.5,-,0.8,0.1,0.1,0.4,-,-,-,-,20.6,0.7,1.2,16.3,2.4,0.6,0.1,0.5,0.1,0.1,-,-,0.1,-,-
2064,Casper Tengstedt,Hellas Verona,SerieA,24 years old (01-06-2000),"1,84m",Denmark,Forward,Centre-Forward,right,18(4),1396.0,6,1,2,-,70.3,0.8,-,6.49,"Jun 30, 2025",€7.00m,1.7,0.3,-,0.3,-,1.7,1.4,0.2,0.1,1.1,0.7,0.4,1.5,0.3,3.3,0.8,2.5,0.3,0.2,0.5,0.1,0.4,0.2,0.2,1.2,-,-,0.2,-,-,-,-,11.6,0.4,0.4,7.8,3,0.5,-,0.5,-,-,-,-,-,-,-
2065,Tomás Suslov,Hellas Verona,SerieA,22 years old (07-06-2002),"1,74m",Slovakia,"Midfielder (Centre, Left, Right)",Attacking Midfield,left,24(4),1923.0,-,-,4,1,77.7,0.2,-,6.48,"Jun 30, 2027",€6.00m,1.1,-,-,-,-,1.1,0.4,0.7,-,2.6,1.4,1.3,1.7,1.2,1,0.2,0.9,1.9,1.6,3.5,0.6,2.2,1.6,0.1,0.4,0.1,0.1,0.9,-,-,-,-,15.5,1.3,0.8,10.8,2.7,0.9,0.2,0.7,-,-,-,-,-,-,-
2066,Lloyd Kelly,Juventus FC,SerieA,26 years old (06-10-1998),"1,89m",England,"Defender (Centre, Left)",Centre-Back,left,9(1),835.0,-,-,1,-,84.1,3.3,-,6.48,"Jun 30, 2025",€18.00m,0.7,-,-,-,-,0.7,0.4,0.2,0.1,0.1,0.1,-,0.5,0.3,5.5,3.3,2.2,1,0.2,1.2,0.1,0.4,1.1,-,4,0.6,0.1,0.4,-,-,-,-,55.2,1.6,4,44.8,4.8,0.3,0.1,0.2,-,-,-,-,-,-,-
2067,Giovanni Leoni,Parma Calcio 1913,SerieA,18 years old (21-12-2006),"1,96m",Italy,Defender (Centre),Centre-Back,right,11(3),961.0,1,-,3,1,89.1,1.1,1,6.48,"Jun 30, 2029",€6.00m,0.1,0.1,-,0.1,-,0.1,0.1,-,-,0.1,-,0.1,0.4,0.1,1.6,1.1,0.5,0.6,0.1,0.7,1.1,0.4,0.5,-,2.9,0.6,0.1,0.6,-,-,-,-,36.7,0.8,1.6,31.9,2.4,-,-,-,-,-,-,-,-,-,-
2068,José Palomino,Cagliari Calcio,SerieA,35 years old (05-01-1990),"1,88m",Argentina,Defender (Centre),Centre-Back,left,8(7),863.0,1,-,3,-,86.4,0.9,-,6.48,"Jun 30, 2025",€700k,0.1,0.1,0.1,-,-,0.1,-,-,0.1,0.1,0.1,-,0.2,0.1,1.7,0.9,0.8,1.3,0.3,1.5,1.1,0.1,0.4,-,2.3,0.4,-,0.4,-,-,-,-,30.9,1.9,2.1,24.9,2.1,0.1,-,0.1,-,-,-,-,-,-,-
2069,Tammy Abraham,AC Milan,SerieA,27 years old (02-10-1997),"1,94m",England,Forward,Centre-Forward,right,12(16),1181.0,3,4,1,-,70,1.3,-,6.48,"Jun 30, 2025",€15.00m,1,0.1,-,0.1,-,1,0.7,0.1,0.2,0.5,0.4,0.1,0.8,0.5,2.6,1.3,1.3,0.6,0.1,0.7,0.1,0.4,0.8,0.3,0.5,-,-,0.5,-,-,-,-,7.8,0.1,0.1,5.4,2.2,0.5,-,0.5,0.1,-,-,0.1,-,-,0.1
2070,Marko Arnautovic,Inter Milan,SerieA,36 years old (19-04-1989),"1,90m",Austria,"Attacking Midfielder (Centre, Left, Right), Forward",Centre-Forward,both,4(11),447.0,4,2,2,-,74.4,0.7,1,6.48,"Jun 30, 2025",€3.50m,0.8,0.3,0.1,0.1,-,0.8,0.4,-,0.4,0.1,0.1,0.1,0.7,0.2,1.1,0.7,0.5,0.5,0.1,0.6,0.1,0.3,0.3,0.4,0.1,-,-,0.1,-,-,-,-,8.3,0.1,0.1,6.1,2.1,0.5,0.1,0.4,0.1,-,-,0.1,-,-,0.1
2071,Stefano Sabelli,Genoa CFC,SerieA,32 years old (13-01-1993),"1,76m",Italy,"Defender (Right), Midfielder (Right)",Right-Back,right,20(10),1844.0,-,1,3,-,70.8,0.5,-,6.48,"Jun 30, 2026",€1.50m,0.2,-,-,-,-,0.2,0.1,-,-,0.4,0.3,0.1,0.7,0.1,1.4,0.5,0.9,1.8,0.9,2.7,0.7,0.6,0.8,-,1.8,0.2,0.2,0.7,-,-,-,-,26.9,1.7,3.5,17.4,4.4,0.5,0.1,0.4,-,-,-,-,-,-,-
2072,Nicolò Fagioli,ACF Fiorentina,SerieA,24 years old (12-02-2001),"1,78m",Italy,Defensive Midfielder (C),Central Midfield,right,7(4),648.0,-,2,-,-,84.8,0.1,-,6.48,"Jun 30, 2025",€18.00m,0.5,-,-,-,-,0.5,0.2,0.4,-,1.4,0.8,0.5,1.2,0.6,0.3,0.1,0.2,1.3,1.1,2.4,0.3,1,0.5,-,0.8,0.1,-,0.4,-,-,-,-,30.5,2.2,1.7,23.6,2.9,1,0.3,0.7,0.2,-,-,-,-,-,0.2
2073,Michel Aebischer,Bologna FC 1909,SerieA,28 years old (06-01-1997),"1,83m",Switzerland,"Midfielder (Centre, Left, Right)",Central Midfield,right,8(4),653.0,-,-,1,-,89.2,0.4,-,6.48,"Jun 30, 2027",€10.00m,0.8,-,-,-,-,0.8,0.3,0.5,-,0.3,0.2,0.2,0.4,0.5,1.2,0.4,0.8,1.3,0.3,1.7,0.5,1.2,1.2,-,0.4,0.1,0.1,0.3,-,-,-,-,28.7,1.8,0.7,23.8,2.4,0.6,0.1,0.5,-,-,-,-,-,-,-
2074,Alessandro Zanoli,Genoa CFC,SerieA,24 years old (03-10-2000),"1,88m",Italy,"Defender (Right), Midfielder (Right)",Right-Back,right,19(9),1634.0,1,-,3,-,72,0.7,1,6.48,"Jun 30, 2025",€6.00m,0.4,-,-,-,-,0.4,0.3,0.1,-,1.9,1.3,0.6,1.1,0.3,1.4,0.7,0.6,0.9,0.4,1.3,0.4,0.7,0.6,-,1.1,0.1,0.3,0.5,-,-,-,-,13.1,0.3,0.8,9.2,2.9,0.7,0.1,0.5,-,-,-,-,-,-,-
2075,Jurgen Ekkelenkamp,Udinese Calcio,SerieA,25 years old (05-04-2000),"1,88m",Netherlands,"Midfielder (Centre, Left)",Central Midfield,right,18(12),1697.0,3,2,2,-,81.4,0.5,1,6.48,"Jun 30, 2029",€7.50m,0.7,0.1,-,-,-,0.7,0.3,0.3,0.1,0.8,0.6,0.3,0.7,0.2,0.9,0.5,0.5,1.2,0.5,1.7,0.4,0.5,0.9,0.1,0.5,0.1,0.2,0.7,-,-,-,-,20.1,0.5,0.4,15.9,3.3,0.5,-,0.5,0.1,-,-,-,-,-,-
2076,Santiago Pierotti,US Lecce,SerieA,24 years old (03-04-2001),"1,89m",Argentina,"Attacking Midfielder (Centre, Right), Forward",Right Winger,right,20(12),1736.0,4,2,4,-,72.5,1.4,1,6.48,"Jun 30, 2027",€4.00m,1,0.1,-,0.1,-,1,0.8,0.1,-,1.3,0.8,0.6,1.7,0.8,3.3,1.4,1.9,1.3,0.7,2,0.4,0.4,1.5,0.3,0.8,0.2,0.1,0.6,-,-,-,-,11.3,0.2,0.3,7.9,2.8,0.7,-,0.7,0.1,-,-,-,-,-,0.1
2077,Valentin Mihaila,Parma Calcio 1913,SerieA,25 years old (02-02-2000),"1,80m",Romania,Attacking Midfielder (Left),Left Winger,right,16(5),1296.0,-,3,2,-,80.3,0.7,-,6.48,"Jun 30, 2027",€3.00m,1.5,-,-,-,-,1.5,0.7,0.8,-,1.3,0.8,0.5,1.4,1,2,0.7,1.3,1.4,0.6,2,0.4,1,0.8,-,0.2,-,0.1,0.9,-,-,-,-,18.6,0.7,0.4,14.2,3.3,0.8,0.1,0.7,0.1,0.1,-,-,-,-,-
2078,Piotr Zielinski,Inter Milan,SerieA,30 years old (20-05-1994),"1,80m",Poland,"Midfielder (Centre, Left, Right)",Central Midfield,both,6(17),840.0,2,2,-,-,91.9,0.4,-,6.47,"Jun 30, 2028",€14.00m,0.7,0.1,-,0.1,-,0.7,0.3,0.3,-,0.7,0.5,0.3,0.3,0.3,0.5,0.4,0.1,0.5,0.3,0.8,0.3,0.7,0.3,-,0.4,0.2,0.1,0.2,-,-,-,-,25.2,0.8,0.3,22.4,1.7,0.6,-,0.5,0.1,-,-,-,-,-,0.1
2079,Keinan Davis,Udinese Calcio,SerieA,27 years old (13-02-1998),"1,89m",England,Forward,Centre-Forward,left,7(12),814.0,2,1,2,-,76.9,1.5,1,6.47,"Jun 30, 2027",€4.00m,1.1,0.1,-,0.1,-,1.1,0.7,0.2,0.2,1.5,0.8,0.7,1.6,0.9,2.8,1.5,1.3,0.4,0.1,0.5,0.1,0.6,1,0.2,0.2,0.1,-,0.1,-,-,-,-,11.4,0.3,0.1,8.4,2.6,0.8,-,0.8,0.1,-,-,-,-,-,0.1
2080,Liberato Cacace,FC Empoli,SerieA,24 years old (27-09-2000),"1,83m",New Zealand,"Defender (Centre, Left), Midfielder (Centre, Left)",Left-Back,left,20(9),1914.0,2,3,5,-,75.2,1.2,-,6.47,"Jun 30, 2026",€3.00m,0.8,0.1,-,-,-,0.8,0.5,0.3,0.1,1.4,1,0.4,1,0.5,2.7,1.2,1.4,1.1,0.3,1.4,0.7,0.6,0.8,0.2,1.7,0.3,0.2,0.6,-,-,-,-,22.7,1.3,1.9,15.8,3.8,0.7,0.2,0.5,0.1,-,-,-,-,-,0.1
2081,Davide Calabria,Bologna FC 1909,SerieA,28 years old (06-12-1996),"1,76m",Italy,"Defender (Left, Right), Midfielder (Right)",Right-Back,right,4(3),317.0,-,-,-,-,91.7,0.3,-,6.47,"Jun 30, 2025",€7.50m,0.3,-,-,-,-,0.3,0.3,-,-,0.7,0.3,0.4,0.1,0.1,0.3,0.3,-,1.4,0.4,1.9,1.1,0.6,0.4,-,1.1,-,-,0.1,-,-,-,-,27.6,0.4,0.3,24.9,2,0.1,-,0.1,-,-,-,-,-,-,-
2082,Michael Folorunsho,ACF Fiorentina,SerieA,27 years old (07-02-1998),"1,90m",Italy,"Midfielder (Centre, Right)",Central Midfield,right,6(7),620.0,-,-,4,-,75.8,1.3,1,6.47,"Jun 30, 2025",€7.00m,0.5,-,-,-,-,0.5,0.3,0.2,-,1.3,0.7,0.6,0.9,0.7,2.2,1.3,0.8,1.5,0.9,2.4,0.3,1.7,1.2,-,0.5,0.1,0.3,0.6,-,-,-,-,15.9,0.6,0.7,11.5,3.2,0.2,-,0.2,-,-,-,-,-,-,-
2083,Davide Frattesi,Inter Milan,SerieA,25 years old (22-09-1999),"1,78m",Italy,Defensive Midfielder (C),Central Midfield,right,8(19),1124.0,5,1,1,-,84.6,0.4,1,6.47,"Jun 30, 2028",€32.00m,1,0.2,-,0.1,-,1,0.7,0.1,0.2,0.6,0.4,0.3,0.6,0.1,0.9,0.4,0.5,0.6,0.3,0.9,0.2,1.1,0.4,0.1,0.4,0.1,-,0.3,-,-,-,-,11.8,0.2,0.2,9.7,1.6,0.3,-,0.2,-,-,-,-,-,-,-
2084,Lukasz Skorupski,Bologna FC 1909,SerieA,33 years old (05-05-1991),"1,88m",Poland,Goalkeeper,Goalkeeper,right,24,2095.0,-,-,1,-,75.4,0.1,-,6.47,"Jun 30, 2026",€2.50m,-,-,-,-,-,-,-,-,-,-,-,-,-,-,0.1,0.1,-,-,0.1,0.1,-,0.2,-,-,0.8,-,-,-,1.9,0.1,1.3,0.5,36.3,6,8.6,21.4,0.3,-,-,-,-,-,-,-,-,-,-
2085,Gvidas Gineitis,Torino FC,SerieA,21 years old (15-04-2004),"1,91m",Lithuania,Midfielder (Centre),Central Midfield,left,12(14),1185.0,3,1,5,-,80.8,0.3,-,6.46,"Jun 30, 2028",€5.00m,0.9,0.1,-,0.1,-,0.9,0.3,0.6,-,0.5,0.3,0.2,0.8,0.3,1,0.3,0.7,0.8,0.5,1.2,0.5,0.8,0.8,0.1,0.9,0.2,0.2,0.4,-,-,-,-,15,0.5,0.6,11.7,2.3,0.8,0.2,0.6,-,-,-,-,-,-,-
2086,Devis Vásquez,FC Empoli,SerieA,26 years old (12-05-1998),"1,95m",Colombia,Goalkeeper,Goalkeeper,right,28,2520.0,-,-,2,-,55.8,0.3,2,6.46,"Jun 30, 2025",€2.00m,-,-,-,-,-,-,-,-,-,-,-,-,0.1,-,0.4,0.3,-,-,-,-,-,0.1,-,-,0.9,-,-,-,2.7,0.2,1.8,0.7,31.3,6.4,13.5,11.1,0.3,-,-,-,-,-,-,-,-,-,-
2087,Gaetano Oristanio,Venezia FC,SerieA,22 years old (28-09-2002),"1,74m",Italy,"Attacking Midfielder (Centre, Left, Right), Forward",Attacking Midfield,left,27(6),2187.0,2,3,3,-,78,0.5,1,6.46,"Jun 30, 2029",€6.50m,1.2,0.1,-,-,-,1.2,0.6,0.6,0.1,3.5,1.9,1.6,2.4,2,1.6,0.5,1.2,0.5,0.2,0.7,0.2,2.1,1.5,0.3,0.1,-,0.1,0.5,-,-,-,-,11,0.6,0.3,8,2.1,1,0.1,0.9,0.1,-,-,-,-,-,0.1
2088,Alberto Grassi,FC Empoli,SerieA,30 years old (07-03-1995),"1,83m",Italy,Defensive Midfielder (C),Defensive Midfield,right,24(1),1964.0,1,-,8,1,76.6,1,-,6.46,"Jun 30, 2026",€2.00m,0.4,-,-,-,-,0.4,0.4,-,-,0.4,0.2,0.2,1,0.6,1.8,1,0.7,1.4,0.2,1.7,1.2,1.2,1,-,1.4,0.5,0.1,0.4,-,-,-,-,29,1.4,2.4,20.8,4.4,0.3,-,0.3,-,-,-,-,-,-,-
2089,Leandro Chichizola,Spezia,SerieA,35 years old (27-03-1990),185cm,Argentina,Goalkeeper,,,1,90.0,-,-,-,-,70.5,1,-,6.46,,,-,-,-,-,-,-,-,-,-,-,-,-,-,-,1,1,-,-,-,-,-,-,-,-,3,-,-,-,3,1,2,-,44,3,13,28,-,-,-,-,-,-,-,-,-,-,-
2090,Matías Vecino,SS Lazio,SerieA,33 years old (24-08-1991),"1,87m",Uruguay,Midfielder (Centre),Central Midfield,right,6(10),708.0,1,2,5,-,81.5,1.4,-,6.46,"Jun 30, 2025",€2.50m,0.8,0.1,-,0.1,-,0.8,0.5,0.2,0.1,0.1,-,0.1,0.3,0.6,2.4,1.4,1,0.8,0.8,1.6,0.3,0.1,1.1,-,0.6,0.2,0.1,0.3,-,-,-,-,20.3,1.1,0.4,15.4,3.3,0.6,-,0.6,0.1,-,-,-,-,-,0.1
2091,Billy Gilmour,SSC Napoli,SerieA,23 years old (11-06-2001),"1,70m",Scotland,Defensive Midfielder (C),Defensive Midfield,right,11(11),902.0,-,1,-,-,88.7,0.4,-,6.45,"Jun 30, 2029",€16.00m,0.3,-,-,-,-,0.3,-,0.3,-,0.4,0.1,0.2,0.3,0.2,0.8,0.4,0.4,0.9,0.4,1.2,0.3,0.5,0.5,-,0.6,-,0.1,0.2,-,-,-,-,29.6,1.1,0.8,25.1,2.6,0.7,0.3,0.5,-,-,-,-,-,-,-
2092,Vítinha,Genoa CFC,SerieA,25 years old (15-03-2000),"1,78m",,Forward,Centre-Forward,right,13(8),1095.0,-,2,1,-,64.1,1.2,-,6.45,"Jun 30, 2028",€10.00m,1.3,-,-,-,-,1.3,0.6,0.6,0.1,2.8,1.9,0.9,2.1,1.3,2.5,1.2,1.2,1,0.8,1.7,0.5,1,0.8,0.3,0.8,-,-,0.5,-,-,-,-,10.6,0.2,0.4,6.6,3.4,0.6,0.1,0.5,0.1,-,-,-,-,-,-
2093,Kacper Urbanski,AC Monza,SerieA,20 years old (07-09-2004),"1,83m",Poland,"Attacking Midfielder (Centre, Left)",Central Midfield,right,1(6),244.0,1,-,2,-,87.3,0.4,1,6.45,"Jun 30, 2025",€7.00m,0.6,0.1,-,0.1,-,0.6,0.4,0.1,-,0.7,0.3,0.4,1.1,0.4,1.6,0.4,1.1,0.7,0.3,1,0.3,0.6,0.7,-,0.6,0.1,0.1,0.6,-,-,-,-,16.9,0.4,0.1,14.3,2,1.3,0.6,0.7,-,-,-,-,-,-,-
2094,Luca Marianucci,FC Empoli,SerieA,20 years old (23-07-2004),"1,86m",Italy,Defender (Centre),Centre-Back,right,9(6),840.0,-,-,-,1,79,1.7,-,6.45,-,€5.00m,0.3,-,-,-,-,0.3,0.1,0.1,0.1,0.3,0.2,0.1,0.4,0.2,3.7,1.7,1.9,1.5,0.4,1.9,1.2,0.3,0.7,-,3.5,0.5,0.1,0.4,-,-,-,-,22.3,2.3,2.7,15.3,2,0.1,0.1,-,-,-,-,-,-,-,-
2095,Abdou Harroui,Hellas Verona,SerieA,27 years old (13-01-1998),"1,82m",Netherlands,"Midfielder (Centre, Left, Right)",Central Midfield,both,5(5),463.0,1,2,1,-,82,0.8,-,6.45,"Jun 30, 2028",€2.00m,1.5,0.1,-,0.1,-,1.5,1.1,0.4,-,2,1.4,0.6,1.2,1,1.5,0.8,0.7,0.9,-,0.9,0.2,0.3,1,-,0.4,-,0.1,0.5,-,-,-,-,18.9,0.2,0.6,15.3,2.8,0.4,0.1,0.3,0.2,0.1,-,-,-,-,0.1
2096,Lorenzo Colombo,FC Empoli,SerieA,23 years old (08-03-2002),"1,83m",Italy,"Attacking Midfielder (Centre), Forward",Centre-Forward,left,25(9),2132.0,5,2,3,-,68.2,1.6,-,6.45,"Jun 30, 2025",€6.00m,1.6,0.1,-,0.1,-,1.6,0.9,0.5,0.1,1.4,0.7,0.7,2.4,1.4,5.1,1.6,3.5,0.8,0.4,1.2,0.1,1.1,1.2,0.2,0.4,0.1,-,0.9,-,-,-,-,13.8,0.6,0.4,8.8,3.9,0.6,0.1,0.5,0.1,-,-,-,-,-,0.1
2097,Dany Mota,AC Monza,SerieA,26 years old (02-05-1998),"1,80m",Portugal,"Attacking Midfielder (Centre, Left), Forward",Second Striker,right,23(6),1986.0,5,2,3,-,76.1,1.9,1,6.45,"Jun 30, 2027",€5.00m,1.4,0.2,-,0.1,-,1.4,1.1,0.2,0.1,1.2,0.8,0.4,2,1,4.2,1.9,2.4,0.4,0.1,0.6,0.3,1.1,0.9,0.2,0.8,-,0.1,0.6,-,-,-,-,16.7,0.6,0.2,12.2,3.8,0.7,-,0.7,0.1,-,-,-,-,-,-
2098,Emmanuel Gyasi,FC Empoli,SerieA,31 years old (11-01-1994),"1,81m",Ghana,"Midfielder (Centre, Left, Right), Forward",Right Midfield,right,33,2881.0,2,1,5,-,75.5,1.2,-,6.45,"Jun 30, 2025",€2.00m,0.6,0.1,0.1,-,-,0.6,0.4,-,0.2,0.9,0.3,0.5,1.4,0.7,3,1.2,1.8,1.5,0.3,1.9,0.2,0.6,1.3,0.4,1.9,0.2,0.3,0.5,-,-,-,-,20.8,0.5,1.2,15.2,3.9,0.4,-,0.4,-,-,-,-,-,-,-
2099,Gabriele Zappa,Cagliari Calcio,SerieA,25 years old (22-12-1999),"1,87m",Italy,"Defender (Centre, Right), Midfielder (Right)",Right-Back,right,31(2),2733.0,2,-,4,-,78.8,0.6,-,6.44,"Jun 30, 2030",€4.00m,0.3,0.1,-,0.1,-,0.3,0.2,0.1,0.1,0.8,0.5,0.3,0.7,0.2,1.4,0.6,0.8,1.1,0.4,1.5,0.7,0.5,0.6,-,2.2,0.6,0.2,0.5,-,-,-,-,37.8,2.2,3.2,27.6,4.8,0.8,0.2,0.6,-,-,-,-,-,-,-
2100,Daniel Mosquera,Hellas Verona,SerieA,25 years old (20-10-1999),"1,80m",Colombia,Forward,Centre-Forward,right,12(19),1258.0,5,1,3,-,69.7,2.3,1,6.44,"Jun 30, 2028",€1.50m,1.7,0.2,0.1,0.1,-,1.7,1.1,0.3,0.4,0.8,0.3,0.5,1.4,0.5,5,2.3,2.7,0.3,0.4,0.7,-,0.5,1.3,0.2,0.3,-,-,0.3,-,-,-,-,9.8,0.1,0.1,6.7,2.8,0.4,-,0.4,-,-,-,-,-,-,-
2101,Simon Sohm,Parma Calcio 1913,SerieA,24 years old (11-04-2001),"1,88m",Switzerland,Midfielder (Centre),Central Midfield,right,32(1),2681.0,4,-,7,-,86,0.9,2,6.44,"Jun 30, 2027",€5.00m,0.9,0.1,-,0.1,-,0.9,0.5,0.3,0.1,0.8,0.5,0.4,1,0.6,1.6,0.9,0.8,0.8,0.5,1.3,0.7,0.8,0.6,-,1,-,-,0.2,-,-,-,-,33.8,1,0.8,28.1,4,0.6,0.1,0.5,-,-,-,-,-,-,-
2102,Semuel Pizzignacco,AC Monza,SerieA,23 years old (01-09-2001),"1,88m",Italy,Goalkeeper,Goalkeeper,right,4(1),383.0,-,-,-,-,73.6,0.4,-,6.44,"Jun 30, 2027",€800k,-,-,-,-,-,-,-,-,-,-,-,-,-,-,0.4,0.4,-,-,0.2,0.2,-,0.2,-,-,1,-,-,-,2.2,0.2,1.4,0.6,25.8,6.2,6.8,12.8,-,-,-,-,-,-,-,-,-,-,-
2103,Federico Ravaglia,Bologna FC 1909,SerieA,25 years old (11-11-1999),"1,96m",Italy,Goalkeeper,Goalkeeper,right,10(1),965.0,-,-,-,-,76,0.6,-,6.44,"Jun 30, 2028",€1.00m,-,-,-,-,-,-,-,-,-,0.1,-,0.1,-,-,0.6,0.6,-,-,-,-,-,0.4,-,-,1.2,-,-,-,0.9,-,0.5,0.5,36.4,5.4,8.6,22.3,0.1,0.1,0.1,-,-,-,-,-,-,-,-
2104,Jacopo Fazzini,FC Empoli,SerieA,22 years old (16-03-2003),"1,78m",Italy,Attacking Midfielder (Centre),Central Midfield,right,12(4),1039.0,2,-,2,1,79.7,0.7,1,6.44,"Jun 30, 2027",€8.00m,1,0.1,0.1,0.1,-,1,0.6,0.3,0.1,2.1,1.1,1,1.9,1.8,1.4,0.7,0.8,1.6,0.5,2.1,0.4,1.4,1.2,0.1,1.3,0.1,0.1,0.4,-,-,-,-,16,0.3,0.4,12.4,2.9,0.4,-,0.4,-,-,-,-,-,-,-
2105,João Félix,AC Milan,SerieA,25 years old (10-11-1999),"1,81m",Portugal,"Attacking Midfielder (Centre, Left), Forward",Second Striker,right,5(6),506.0,-,-,1,-,81.2,0.4,-,6.44,"Jun 30, 2025",€25.00m,1.7,-,-,-,-,1.7,1,0.7,-,2.5,1.5,1.1,1,0.5,0.8,0.4,0.5,0.4,0.6,1,-,1.6,0.8,0.2,0.7,-,-,0.1,-,-,-,-,16.9,0.7,0.6,13,2.5,0.5,-,0.5,-,-,-,-,-,-,-
2106,Rafael Tolói,Atalanta BC,SerieA,34 years old (10-10-1990),"1,85m",Italy,Defender (Centre),Centre-Back,right,2(8),418.0,-,-,1,-,89.3,0.9,1,6.44,"Jun 30, 2025",€1.50m,0.3,-,-,-,-,0.3,0.1,0.2,-,0.3,0.1,0.2,0.6,0.3,1,0.9,0.1,1,0.7,1.7,0.7,0.2,0.6,-,1,0.2,-,0.6,-,-,-,-,27,0.5,1.2,23.6,1.7,0.3,-,0.3,-,-,-,-,-,-,-
2107,Riccardo Sottil,AC Milan,SerieA,25 years old (03-06-1999),"1,80m",Italy,"Attacking Midfielder (Left, Right)",Left Winger,right,8(10),829.0,1,1,1,-,81,0.2,-,6.43,"Jun 30, 2025",€6.00m,1.2,0.1,-,0.1,-,1.2,0.8,0.4,-,1.5,0.9,0.6,1.2,0.4,0.7,0.2,0.5,0.3,0.1,0.3,0.2,1.8,0.4,0.1,0.2,-,-,0.1,-,-,-,-,12.9,0.3,0.4,10.2,2,0.7,0.1,0.6,0.1,0.1,-,-,-,-,-
2108,Nicolò Casale,Bologna FC 1909,SerieA,27 years old (14-02-1998),"1,91m",Italy,Defender (Centre),Centre-Back,right,7(6),719.0,-,-,1,-,87.4,2.2,-,6.43,"Jun 30, 2025",€7.00m,0.2,-,-,-,-,0.2,0.1,-,0.1,0.2,-,0.2,0.5,-,4,2.2,1.8,0.5,0.3,0.8,1,0.3,1.4,-,3.1,0.5,-,0.3,-,-,-,-,31.2,1.7,0.6,25.6,3.3,0.2,0.1,0.1,-,-,-,-,-,-,-
2109,Matteo Pessina,AC Monza,SerieA,28 years old (21-04-1997),"1,87m",Italy,"Midfielder (Centre, Right)",Central Midfield,left,10(1),857.0,-,-,2,-,87.8,0.9,-,6.43,"Jun 30, 2027",€9.00m,0.3,-,-,-,-,0.3,-,0.3,-,0.9,0.5,0.5,0.8,1.2,1.6,0.9,0.7,1.4,0.5,1.8,1.1,1.2,0.5,-,0.6,-,-,0.5,-,-,-,-,43.8,2.2,1.4,36.3,4,0.4,0.1,0.3,-,-,-,-,-,-,-
2110,Cristiano Biraghi,Torino FC,SerieA,32 years old (01-09-1992),"1,85m",Italy,"Defender (Centre, Left), Midfielder (Left)",Left-Back,left,5(3),431.0,1,-,1,-,91,0.4,-,6.43,"Jun 30, 2025",€2.00m,0.6,0.1,-,-,0.1,0.6,0.1,0.5,-,-,-,-,0.4,-,0.8,0.4,0.4,0.5,0.6,1.1,0.5,0.9,0.5,-,1.3,-,0.1,0.3,-,-,-,-,33.5,1.8,1.6,28.8,1.4,0.8,0.5,0.3,-,-,-,-,-,-,-
2111,Alessandro Vogliacco,Parma Calcio 1913,SerieA,26 years old (14-09-1998),"1,86m",Italy,Defender (Centre),Centre-Back,right,10,775.0,-,-,2,-,92,1.9,-,6.43,"Jun 30, 2025",€2.00m,0.1,-,-,-,-,0.1,0.1,-,-,0.1,-,0.1,0.4,-,3.3,1.9,1.4,0.5,0.2,0.7,0.3,0.5,1,-,3.6,1,0.1,0.5,-,-,-,-,47.5,2.8,2.2,40.9,1.6,0.3,0.1,0.2,-,-,-,-,-,-,-
2112,Marin Sverko,Venezia FC,SerieA,27 years old (04-02-1998),"1,87m",Croatia,Defender (Centre),Centre-Back,left,11(4),1042.0,1,-,3,-,86.2,1.2,-,6.42,"Jun 30, 2026",€1.20m,0.2,0.1,-,0.1,-,0.2,0.1,0.1,-,0.7,0.3,0.4,0.5,0.3,2.4,1.2,1.2,1.1,0.1,1.3,1.1,0.5,0.6,-,2.7,0.3,0.1,0.3,-,-,-,-,34.2,1.9,1.7,27.6,3.1,0.1,0.1,0.1,-,-,-,-,-,-,-
2113,Ivan Provedel,SS Lazio,SerieA,31 years old (17-03-1994),"1,94m",Italy,Goalkeeper,Goalkeeper,right,29,2610.0,-,-,-,-,75.5,0.3,-,6.42,"Jun 30, 2027",€7.00m,-,-,-,-,-,-,-,-,-,-,-,-,-,-,0.4,0.3,-,-,-,-,-,0.2,-,-,0.8,-,-,-,1.8,0.1,1,0.7,35.1,8,8.4,18.6,0.2,0.1,0.1,-,-,-,-,-,-,-,-
2114,Eldor Shomurodov,AS Roma,SerieA,29 years old (29-06-1995),"1,90m",Uzbekistan,"Attacking Midfielder (Centre), Forward",Centre-Forward,right,7(16),789.0,4,3,1,-,77.8,1,-,6.42,"Jun 30, 2026",€4.00m,1.1,0.2,0.1,0.1,-,1.1,0.7,0.1,0.3,1,0.7,0.2,1.7,0.7,2.4,1,1.5,0.5,0.1,0.6,-,0.2,0.4,0.1,-,-,-,0.3,-,-,-,-,9.8,0.2,-,7.4,2.1,0.6,-,0.6,0.1,-,-,-,-,-,0.1
2115,Kristjan Asllani,Inter Milan,SerieA,23 years old (09-03-2002),"1,75m",Albania,Defensive Midfielder (C),Defensive Midfield,right,7(12),714.0,-,2,4,-,92.6,0.2,1,6.42,"Jun 30, 2028",€15.00m,0.6,-,-,-,-,0.6,0.2,0.4,0.1,0.3,0.3,-,0.3,0.1,0.4,0.2,0.2,0.5,0.6,1.2,0.4,0.7,0.4,-,0.5,0.1,0.2,0.3,-,-,-,-,37.1,2.2,1.1,32.2,1.6,0.7,0.3,0.4,0.1,0.1,0.1,-,-,-,0.1
2116,Sergi Roberto,Como 1907,SerieA,33 years old (07-02-1992),"1,78m",Spain,"Defender (Right), Midfielder (Centre, Right)",Central Midfield,right,8(5),697.0,-,1,4,-,90.9,0.5,-,6.42,"Jun 30, 2026",€2.00m,0.5,-,-,-,-,0.5,0.2,0.3,-,0.8,0.5,0.2,1.1,0.4,1.2,0.5,0.7,1.1,0.2,1.2,0.7,1.1,0.5,-,1.1,0.1,-,0.5,-,-,-,-,38.2,0.4,0.3,34.4,3.2,1.2,0.2,0.9,0.1,-,-,-,-,-,0.1
2117,Martin Erlic,Bologna FC 1909,SerieA,27 years old (24-01-1998),"1,93m",Croatia,Defender (Centre),Centre-Back,right,4(3),303.0,-,-,-,-,91.1,1.4,-,6.42,"Jun 30, 2029",€5.00m,0.9,-,-,-,-,0.9,0.7,0.1,-,0.1,0.1,-,0.3,-,2.6,1.4,1.1,0.3,0.1,0.4,0.3,1,1,-,1.1,0.6,0.1,0.1,-,-,-,-,32.1,2.7,1,26.6,1.9,-,-,-,-,-,-,-,-,-,-
2118,Gabriel Charpentier,Parma Calcio 1913,SerieA,25 years old (17-05-1999),"1,88m",France,Forward,Centre-Forward,right,0(10),266.0,1,2,1,-,60.8,1,-,6.42,"Jun 30, 2026",€1.60m,0.9,0.1,-,0.1,-,0.9,0.5,0.3,0.1,0.6,0.4,0.2,1.6,0.4,2.6,1,1.6,0.4,0.1,0.5,-,1,1.3,-,0.7,-,0.2,0.3,-,-,-,-,5.1,0.2,0.1,2.9,1.9,0.7,-,0.7,0.2,-,-,-,-,-,0.2
2119,Lorenzo Montipò,Hellas Verona,SerieA,29 years old (20-02-1996),"1,91m",Italy,Goalkeeper,Goalkeeper,right,33,2970.0,-,-,-,-,44.7,0.3,1,6.41,"Jun 30, 2026",€3.00m,-,-,-,-,-,-,-,-,-,-,-,-,-,-,0.4,0.3,-,-,0.1,0.1,-,0.2,-,-,1.2,-,-,-,2.8,0.2,1.5,1.2,26.8,6.4,14.8,5.6,-,-,-,-,-,-,-,-,-,-,-
2120,Michel Adopo,Cagliari Calcio,SerieA,24 years old (19-07-2000),"1,87m",France,Defensive Midfielder (C),Central Midfield,right,23(8),2079.0,-,1,2,1,84.3,0.8,1,6.41,"Jun 30, 2025",€3.00m,0.6,-,-,-,-,0.6,0.3,0.2,0.1,1.2,0.6,0.6,0.9,0.8,1.5,0.8,0.7,1.5,0.3,1.8,0.7,0.4,0.9,-,0.6,0.1,-,0.4,-,-,-,-,27.1,0.6,0.6,22.2,3.6,0.5,-,0.5,-,-,-,-,-,-,-
2121,Odilon Kossounou,Atalanta BC,SerieA,24 years old (04-01-2001),"1,91m",,"Defender (Centre, Right)",Centre-Back,right,8(6),810.0,-,-,1,-,88,1.2,-,6.41,"Jun 30, 2025",€25.00m,0.4,-,-,-,-,0.4,0.2,0.1,0.1,0.7,0.4,0.4,0.8,0.2,1.9,1.2,0.7,0.9,0.2,1.1,0.6,0.4,0.9,0.1,0.8,0.2,0.2,0.6,-,-,-,-,36.4,1.8,1,30.3,3.4,0.1,-,0.1,-,-,-,-,-,-,-
2122,Mattia Felici,Cagliari Calcio,SerieA,24 years old (17-04-2001),"1,82m",Italy,Midfielder (Left),Left Winger,right,9(9),875.0,-,3,1,-,74.2,0.4,-,6.41,"Jun 30, 2027",€3.00m,0.6,-,-,-,-,0.6,0.4,0.1,0.1,3.1,2.1,1,1.4,0.5,0.9,0.4,0.6,0.9,0.3,1.2,0.4,0.9,1,0.2,0.2,-,0.2,0.6,-,-,-,-,12.7,0.1,0.2,9.3,3.1,0.5,0.1,0.4,0.2,-,-,-,-,-,0.2
2123,Samuele Birindelli,AC Monza,SerieA,25 years old (19-07-1999),"1,76m",Italy,"Defender (Right), Midfielder (Right)",Right-Back,right,14(3),1114.0,2,-,2,-,80.6,0.3,-,6.41,"Jun 30, 2026",€3.00m,0.7,0.1,-,0.1,-,0.7,0.6,0.1,-,0.5,0.3,0.2,1.4,0.6,1,0.3,0.7,1,0.3,1.3,0.5,0.8,0.9,0.1,0.9,0.1,0.4,0.5,-,-,-,-,20.6,0.8,0.9,15.8,3.1,0.9,0.2,0.6,-,-,-,-,-,-,-
2124,Junior Messias,Genoa CFC,SerieA,33 years old (13-05-1991),"1,74m",Brazil,"Midfielder (Centre, Right), Forward",Right Winger,left,5(9),636.0,1,1,1,-,70.4,0.9,-,6.41,"Jun 30, 2025",€2.00m,1.1,0.1,-,0.1,-,1.1,0.6,0.5,-,2.4,1.8,0.6,1.7,0.3,2.4,0.9,1.6,0.7,0.4,1.1,0.4,1,0.5,-,0.9,0.1,-,0.1,-,-,-,-,11.4,0.5,0.5,7.5,2.9,0.4,-,0.4,0.1,-,-,-,-,-,0.1
2125,Luca Caldirola,AC Monza,SerieA,34 years old (01-02-1991),"1,86m",Italy,"Defender (Centre, Left)",Centre-Back,left,8(3),745.0,-,-,4,-,89.4,1.3,-,6.41,"Jun 30, 2025",€800k,0.3,-,-,-,-,0.3,0.2,0.1,-,0.1,-,0.1,0.2,0.1,2.2,1.3,0.9,0.8,0.3,1.1,0.9,1.3,1.5,0.1,3.3,0.5,0.1,0.2,-,-,-,-,45.4,2.1,2.2,38.5,2.6,0.2,0.1,0.1,-,-,-,-,-,-,-
2126,Manuel Lazzari,SS Lazio,SerieA,31 years old (29-11-1993),"1,74m",Italy,"Defender (Right), Midfielder (Right)",Right Midfield,right,16(8),1385.0,-,1,3,-,86.8,0.3,-,6.41,"Jun 30, 2027",€4.00m,0.3,-,-,-,-,0.3,-,0.2,-,1,0.4,0.6,1.1,0.3,0.8,0.3,0.5,1.1,0.4,1.5,0.4,1.1,0.5,-,0.4,0.2,0.4,0.2,-,-,-,-,22.1,0.6,0.4,18.6,2.5,0.7,0.2,0.5,-,-,-,-,-,-,-
2127,Ylber Ramadani,US Lecce,SerieA,29 years old (12-04-1996),"1,85m",,Defensive Midfielder (C),Defensive Midfield,right,21(7),1698.0,-,1,4,-,83.8,0.5,-,6.41,"Jun 30, 2026",€2.20m,0.6,-,-,-,-,0.6,0.1,0.4,-,0.8,0.4,0.4,0.7,0.8,1.4,0.5,0.9,1.8,0.6,2.4,0.9,0.4,0.6,-,0.8,0.3,-,0.6,-,-,-,-,28.6,1.4,1.8,22.5,2.9,0.6,-,0.5,-,-,-,-,-,-,-
2128,Reda Belahyane,SS Lazio,SerieA,20 years old (01-06-2004),"1,73m",France,Defensive Midfielder (C),Defensive Midfield,right,17(5),1657.0,-,2,4,1,84.2,0.2,-,6.4,"Jun 30, 2029",€10.00m,0.3,-,-,-,-,0.3,-,0.2,-,2.4,0.9,1.5,1.5,1,0.9,0.2,0.7,1.6,0.2,1.8,0.5,0.4,1.4,-,0.9,0.4,0.1,0.5,-,-,-,-,31.6,1,1.5,25.7,3.5,0.7,0.1,0.6,0.1,-,-,-,-,-,0.1
2129,Douglas Luiz,Juventus FC,SerieA,26 years old (09-05-1998),"1,77m",Brazil,Midfielder (Centre),Central Midfield,right,3(13),485.0,-,-,2,-,90.8,0.3,-,6.4,"Jun 30, 2029",€38.00m,0.4,-,-,-,-,0.4,0.3,0.2,-,0.8,0.2,0.6,0.4,0.4,0.5,0.3,0.2,0.8,0.2,0.9,0.1,0.4,0.8,-,0.3,0.1,-,0.2,-,-,-,-,24.5,1.6,0.6,20.7,1.7,0.9,0.2,0.7,-,-,-,-,-,-,-
2130,Luka Jovic,AC Milan,SerieA,27 years old (23-12-1997),"1,82m",Serbia,Forward,Centre-Forward,right,3(8),347.0,2,-,1,-,86.4,0.5,1,6.4,"Jun 30, 2025",€2.50m,0.8,0.2,0.1,0.1,-,0.8,0.6,0.1,0.1,0.5,0.1,0.4,0.5,0.2,0.9,0.5,0.5,-,-,-,0.1,0.5,0.4,-,0.2,0.1,-,0.1,-,-,-,-,8,0.2,-,6.7,1.1,0.8,-,0.8,-,-,-,-,-,-,-
2131,Jackson Tchatchoua,Hellas Verona,SerieA,23 years old (14-09-2001),"1,80m",Cameroon,"Defender (Right), Midfielder (Left, Right)",Right-Back,right,32,2809.0,2,2,5,1,79.9,0.9,1,6.4,"Jun 30, 2027",€8.00m,0.4,0.1,-,-,-,0.4,0.3,0.1,-,1.1,0.6,0.6,1.4,0.4,1.9,0.9,1,1.4,0.4,1.8,0.4,0.3,0.8,0.3,1.7,0.3,0.3,0.3,-,-,-,-,22.8,0.6,1.3,17.6,3.3,1,-,1,0.1,-,-,-,-,-,0.1
2132,Suat Serdar,Hellas Verona,SerieA,28 years old (11-04-1997),"1,84m",Germany,"Midfielder (Centre, Left, Right)",Central Midfield,right,13(5),1071.0,1,1,2,1,77.3,0.8,-,6.4,"Jun 30, 2028",€5.00m,1.4,0.1,-,-,0.1,1.4,0.6,0.8,0.1,1.7,0.9,0.8,1.1,0.7,1.5,0.8,0.7,1.4,0.7,2.2,0.4,0.7,1.4,-,0.8,0.2,0.1,0.5,-,-,-,-,21.3,0.9,0.8,15.6,4.1,0.4,-,0.4,0.1,-,-,-,-,-,0.1
2133,Christian Kouamé,FC Empoli,SerieA,27 years old (06-12-1997),"1,85m",Ivory Coast,"Attacking Midfielder (Left, Right), Forward",Centre-Forward,right,5(13),614.0,-,1,1,-,70.5,1.6,-,6.4,"Jun 30, 2025",€6.00m,0.6,-,-,-,-,0.6,0.4,0.1,0.1,1.1,0.7,0.4,0.9,0.7,2.8,1.6,1.2,0.7,0.2,0.9,0.1,0.8,0.7,0.1,0.6,0.1,-,0.1,-,-,-,-,10.2,0.3,0.3,6.9,2.7,0.5,0.1,0.4,0.1,-,-,-,-,-,0.1
2134,Pepe Reina,Como 1907,SerieA,42 years old (31-08-1982),"1,88m",Spain,Goalkeeper,Goalkeeper,right,10,900.0,-,-,-,-,72.5,0.1,-,6.4,"Jun 30, 2025",€600k,-,-,-,-,-,-,-,-,-,0.1,0.1,-,-,-,0.1,0.1,-,-,0.1,0.1,-,0.1,-,-,0.8,-,-,-,2.3,0.1,1.2,1,27.6,5.5,7.4,14.5,0.2,-,-,-,-,-,-,-,-,-,-
2135,Alfred Duncan,Venezia FC,SerieA,32 years old (10-03-1993),"1,78m",Ghana,Defensive Midfielder (C),Central Midfield,left,12(4),959.0,-,-,2,-,83,0.6,-,6.4,"Jun 30, 2026",€2.50m,0.9,-,-,-,-,0.9,0.2,0.8,-,1.4,0.6,0.8,0.9,0.9,1.2,0.6,0.6,1.1,0.6,1.6,0.5,0.7,1.4,-,0.4,0.1,0.1,0.3,-,-,-,-,29.8,1.3,1.7,23.4,3.4,0.7,0.1,0.6,-,-,-,-,-,-,-
2136,Fisayo Dele-Bashiru,SS Lazio,SerieA,24 years old (06-02-2001),"1,86m",Nigeria,"Midfielder (Centre, Left)",Attacking Midfield,right,11(8),894.0,3,1,-,-,89.3,0.2,-,6.4,"Jun 30, 2025",€8.00m,0.8,0.2,-,0.2,-,0.8,0.4,0.4,-,1.1,0.4,0.7,0.8,0.8,0.7,0.2,0.6,0.5,0.2,0.7,0.2,0.2,0.4,-,0.2,0.1,0.1,0.4,-,-,-,-,17.6,0.2,0.1,15.6,1.8,0.5,-,0.5,0.1,-,-,-,-,-,0.1
2137,Sebastian Walukiewicz,Torino FC,SerieA,25 years old (05-04-2000),"1,88m",Poland,"Defender (Centre, Right)",Centre-Back,right,19(8),1602.0,-,-,6,-,83.5,0.8,-,6.39,"Jun 30, 2027",€5.00m,0.2,-,-,-,-,0.2,0.1,0.1,-,0.7,0.5,0.2,0.3,0.2,2.1,0.8,1.3,1.4,0.3,1.7,0.7,0.3,1,-,1.9,0.3,0.2,0.5,-,-,-,-,28.7,1.3,1.4,22.7,3.3,0.1,-,0.1,-,-,-,-,-,-,-
2138,Mandela Keita,Parma Calcio 1913,SerieA,22 years old (10-05-2002),"1,80m",Belgium,Defensive Midfielder (C),Defensive Midfield,right,20(6),1555.0,-,2,4,1,90.8,0.5,-,6.39,"Jun 30, 2029",€11.00m,0.2,-,-,-,-,0.2,-,0.2,-,1,0.5,0.5,1,0.6,0.9,0.5,0.4,1.3,0.5,1.8,0.7,1.2,0.9,-,0.9,0.2,-,0.3,-,-,-,-,24.2,0.9,0.4,21.1,1.8,0.6,0.1,0.5,0.1,-,-,-,-,-,0.1
2139,Tasos Douvikas,Como 1907,SerieA,25 years old (02-08-1999),186cm,Greece,"Attacking Midfielder (Right), Forward",,,3(6),369.0,2,-,1,-,77.3,0.7,-,6.39,,,1,0.2,0.2,-,-,1,0.7,0.1,0.2,0.8,0.3,0.4,1.6,0.7,2.2,0.7,1.6,0.3,0.2,0.6,0.1,1.3,1.1,0.1,0.2,-,-,0.3,-,-,-,-,8.3,0.1,0.2,6.3,1.7,0.3,-,0.3,-,-,-,-,-,-,-
2140,Gaby Jean,US Lecce,SerieA,25 years old (19-02-2000),"1,91m",France,Defender (Centre),Centre-Back,left,16(3),1389.0,-,-,-,-,84.5,2.2,-,6.39,"Jun 30, 2027",€2.00m,0.1,-,-,-,-,0.1,0.1,-,-,0.2,0.1,0.1,0.3,0.3,3.6,2.2,1.4,0.7,0.3,1,0.5,0.7,0.8,-,3.6,0.5,0.1,0.2,-,-,-,-,44.6,2.2,3.3,35.5,3.6,0.1,-,0.1,-,-,-,-,-,-,-
2141,Razvan Marin,Cagliari Calcio,SerieA,28 years old (23-05-1996),"1,78m",Romania,Midfielder (Centre),Defensive Midfield,right,12(17),1267.0,3,2,4,-,81.4,0.3,-,6.39,"Jun 30, 2026",€3.50m,0.7,0.1,-,0.1,-,0.7,0.2,0.5,-,0.7,0.3,0.4,0.5,0.4,0.9,0.3,0.6,0.7,0.4,1.1,0.1,0.4,0.9,-,0.6,-,-,0.2,-,-,-,-,21,1.2,1.5,15.9,2.4,1.1,0.6,0.6,0.1,-,-,-,-,-,-
2142,Amin Sarr,Hellas Verona,SerieA,24 years old (11-03-2001),"1,88m",Sweden,"Attacking Midfielder (Left), Forward",Centre-Forward,right,21(7),1628.0,4,1,1,-,70.9,1.9,-,6.38,"Jun 30, 2025",€4.00m,0.7,0.1,-,0.1,-,0.7,0.5,0.2,0.1,0.9,0.5,0.4,1.6,0.9,4.4,1.9,2.5,0.8,0.1,0.9,0.1,0.6,1.4,0.4,0.5,0.1,-,0.4,-,-,-,-,14.2,0.4,0.2,9.7,3.9,0.7,-,0.7,-,-,-,-,-,-,-
2143,Gianluca Gaetano,Cagliari Calcio,SerieA,24 years old (05-05-2000),"1,83m",Italy,Attacking Midfielder (Centre),Attacking Midfield,right,8(17),934.0,2,4,-,-,74.2,0.4,1,6.38,"Jun 30, 2025",€4.00m,1.2,0.1,-,-,-,1.2,0.6,0.4,0.1,1,0.5,0.5,1.2,0.6,1.2,0.4,0.8,0.4,0.4,0.8,0.2,0.4,0.6,0.2,0.3,-,-,0.3,-,-,-,-,11.9,0.6,0.3,8.2,2.8,0.8,0.1,0.7,0.2,-,-,0.1,-,-,0.1
2144,Yannik Engelhardt,Como 1907,SerieA,24 years old (07-02-2001),"1,84m",Germany,Defensive Midfielder (C),Defensive Midfield,right,11(12),1080.0,1,1,4,-,88.4,0.4,1,6.38,"Jun 30, 2027",€7.00m,0.3,-,-,-,-,0.3,0.2,0.1,0.1,0.7,0.3,0.4,0.9,0.3,0.8,0.4,0.4,1.2,0.5,1.7,0.4,0.8,0.9,-,0.9,0.2,0.2,0.2,-,-,-,-,26.7,0.9,0.5,22.7,2.6,0.5,-,0.5,-,-,-,-,-,-,-
2145,Medon Berisha,US Lecce,SerieA,21 years old (21-10-2003),"1,86m",,Attacking Midfielder (Centre),Central Midfield,right,6(8),605.0,-,1,5,-,82.4,0.4,-,6.38,"Jun 30, 2028",€1.00m,1.6,-,-,-,-,1.6,0.2,1.4,-,0.6,0.4,0.2,0.6,0.1,0.8,0.4,0.4,0.9,0.3,1.1,0.7,0.7,0.9,-,0.3,-,-,0.4,-,-,-,-,22.4,2.5,1.3,15.9,2.6,0.6,0.4,0.2,0.1,-,-,-,-,-,0.1
2146,Fabiano Parisi,ACF Fiorentina,SerieA,24 years old (09-11-2000),"1,78m",Italy,"Defender (Left, Right), Midfielder (Left)",Left-Back,left,9(14),931.0,1,-,2,-,79.9,0.5,-,6.38,"Jun 30, 2028",€5.00m,0.3,-,-,-,-,0.3,0.2,0.1,-,1,0.7,0.3,0.8,0.5,1.1,0.5,0.7,0.9,0.3,1.2,0.6,1.1,0.6,-,0.4,0.1,0.3,0.5,-,-,-,-,14.5,0.6,0.9,11,2,0.2,0.1,0.1,-,-,-,-,-,-,-
2147,Niccolò Pisilli,AS Roma,SerieA,20 years old (23-09-2004),"1,80m",Italy,Attacking Midfielder (Centre),Central Midfield,right,11(14),1160.0,2,1,6,-,85.3,0.1,-,6.38,"Jun 30, 2029",€12.00m,1,0.1,-,0.1,-,1,0.6,0.4,-,0.6,0.4,0.2,1,0.6,0.7,0.1,0.6,0.9,0.4,1.3,0.4,0.5,0.6,-,0.5,0.1,0.1,0.4,-,-,-,-,21.3,0.8,0.6,17.4,2.6,0.4,-,0.4,-,-,-,-,-,-,-
2148,Edoardo Goldaniga,Como 1907,SerieA,31 years old (02-11-1993),"1,93m",Italy,"Defender (Centre, Right)",Centre-Back,right,25(4),2261.0,1,-,9,1,87.2,1.6,-,6.38,"Jun 30, 2026",€2.00m,0.4,-,-,-,-,0.4,0.2,-,0.2,0.2,0.1,0.1,0.3,0.2,2.8,1.6,1.1,1.1,0.1,1.2,0.9,1,1.3,0.1,2.9,0.3,0.1,0.3,-,-,-,-,43.6,2,2.8,36,2.8,0.1,-,0.1,-,-,-,-,-,-,-
2149,Nahuel Estévez,Parma Calcio 1913,SerieA,29 years old (14-11-1995),"1,81m",Argentina,"Defensive Midfielder (C), Midfielder (Right)",Defensive Midfield,right,7(6),647.0,-,-,2,-,79.1,1.1,-,6.38,"Jun 30, 2026",€3.50m,0.3,-,-,-,-,0.3,0.1,0.2,-,0.2,-,0.2,0.2,0.3,1.3,1.1,0.2,1.1,0.7,1.8,0.2,0.7,0.7,-,1.9,0.2,-,0.5,-,-,-,-,22.5,0.8,1.5,16.9,3.2,0.5,0.1,0.4,-,-,-,-,-,-,-
2150,Cheikh Niasse,Hellas Verona,SerieA,25 years old (19-01-2000),"1,88m",,Defensive Midfielder (C),Defensive Midfield,right,6(2),589.0,-,-,3,-,81.9,1.8,-,6.38,"Jun 30, 2025",€2.00m,0.4,-,-,-,-,0.4,0.3,0.1,-,0.8,0.6,0.1,1.5,0.6,3.8,1.8,2,1.6,0.8,2.4,2,1.3,1.1,-,2,0.5,-,1.3,-,-,-,-,22.8,1.3,0.5,17.4,3.6,0.1,-,0.1,-,-,-,-,-,-,-
2151,Mërgim Vojvoda,Como 1907,SerieA,30 years old (01-02-1995),"1,87m",Kosovo,"Defender (Centre, Right), Midfielder (Left, Right)",Right-Back,right,12(5),1108.0,-,-,4,-,86.5,0.5,-,6.38,"Jun 30, 2028",€3.00m,0.3,-,-,-,-,0.3,0.1,0.2,0.1,0.6,0.3,0.4,0.5,0.5,1.1,0.5,0.6,1.1,0.4,1.5,0.4,0.2,0.8,0.1,1.2,0.2,0.2,0.6,-,-,-,-,40.5,1.9,1.4,33.1,4.1,0.6,0.1,0.6,-,-,-,-,-,-,-
2152,Alessandro Vogliacco,Parma Calcio 1913,SerieA,26 years old (14-09-1998),"1,86m",Italy,Defender (Centre),Centre-Back,right,8(4),716.0,2,-,3,-,79.9,0.9,-,6.38,"Jun 30, 2025",€2.00m,0.4,0.2,0.1,0.1,-,0.4,0.2,0.1,0.2,0.1,0.1,-,0.2,0.1,1.6,0.9,0.7,1.3,0.2,1.4,0.8,0.2,1,-,1.6,0.6,0.1,0.3,-,-,-,-,26.1,1.9,2.5,18.9,2.8,0.1,0.1,-,-,-,-,-,-,-,-
2153,Nicola Zalewski,Inter Milan,SerieA,23 years old (23-01-2002),"1,75m",Poland,"Defender (Left), Midfielder (Left, Right)",Left Midfield,right,1(6),206.0,-,1,2,-,89.4,0.1,-,6.37,"Jun 30, 2025",€10.00m,0.1,-,-,-,-,0.1,0.1,-,-,1.6,1,0.6,0.7,0.6,0.6,0.1,0.4,0.4,0.3,0.7,-,0.7,0.4,-,0.3,-,0.1,0.1,-,-,-,-,13.4,0.4,0.3,11.6,1.1,1,0.1,0.9,0.1,-,-,-,-,-,0.1
2154,Domagoj Bradaric,Hellas Verona,SerieA,25 years old (10-12-1999),"1,78m",Croatia,"Defender (Left), Midfielder (Left)",Left-Back,left,21(4),1687.0,-,-,6,-,76.7,0.6,-,6.37,"Jun 30, 2025",€4.00m,0.2,-,-,-,-,0.2,0.1,0.1,-,1.4,0.8,0.6,1.1,0.4,1.4,0.6,0.8,1.3,0.4,1.7,0.5,0.5,0.8,0.1,1.6,0.2,0.2,0.5,-,-,-,-,19.4,0.8,1.3,14.1,3.2,0.8,0.3,0.5,-,-,-,-,-,-,-
2155,Alan Matturro,Genoa CFC,SerieA,20 years old (11-10-2004),"1,89m",Uruguay,Defender (Centre),Centre-Back,left,9(4),896.0,-,-,2,-,79.8,1.2,-,6.37,"Jun 30, 2026",€8.00m,0.3,-,-,-,-,0.3,0.2,0.1,-,0.4,0.2,0.2,0.5,0.2,2.5,1.2,1.3,0.8,0.8,1.7,1.1,0.4,0.8,0.2,2.9,0.2,-,0.5,-,-,-,-,24.8,1.2,2.2,18.6,2.8,0.2,0.1,0.2,-,-,-,-,-,-,-
2156,Darko Lazovic,Hellas Verona,SerieA,34 years old (15-09-1990),"1,81m",Serbia,"Midfielder (Centre, Left, Right)",Left Midfield,right,17(9),1435.0,1,3,-,-,66.8,0.3,-,6.37,"Jun 30, 2025",€1.00m,0.7,-,-,-,-,0.7,0.4,0.3,-,0.8,0.6,0.3,0.5,0.3,0.8,0.3,0.5,0.8,0.7,1.4,0.4,0.2,0.3,0.2,1.4,0.1,0.1,0.6,-,-,-,-,14.3,0.5,1.1,9,3.6,0.7,0.2,0.5,0.1,-,-,-,-,-,-
2157,Pietro Pellegri,FC Empoli,SerieA,24 years old (17-03-2001),"1,89m",Italy,Forward,Centre-Forward,right,5(6),413.0,3,-,3,-,72.5,0.3,2,6.37,"Jun 30, 2025",€2.50m,0.7,0.3,-,0.1,0.2,0.7,0.5,0.3,-,1.3,0.8,0.5,1.5,1.4,2.3,0.3,2,0.6,0.2,0.8,-,0.5,0.9,0.1,0.3,-,-,0.2,-,-,-,-,6.3,0.1,-,4.5,1.7,0.6,-,0.6,-,-,-,-,-,-,-
2158,Karol Linetty,Torino FC,SerieA,30 years old (02-02-1995),"1,75m",Poland,"Midfielder (Centre, Left, Right)",Central Midfield,right,18(9),1525.0,1,-,6,-,85.4,0.3,-,6.37,"Jun 30, 2025",€2.50m,0.6,-,-,-,-,0.6,0.2,0.4,-,0.8,0.5,0.3,0.6,0.3,0.9,0.3,0.5,1.4,0.8,2.2,0.4,0.5,1.4,-,1.1,0.2,-,0.3,-,-,-,-,20.6,1.2,0.6,16.4,2.4,0.4,-,0.3,-,-,-,-,-,-,-
2159,Alessandro Bianco,AC Monza,SerieA,22 years old (01-10-2002),"1,73m",Italy,Midfielder (Centre),Central Midfield,right,25(5),2271.0,1,-,8,-,87.3,0.4,-,6.37,"Jun 30, 2025",€5.00m,0.8,-,-,-,-,0.8,0.2,0.6,-,1.3,0.7,0.6,1.1,0.7,1.2,0.4,0.8,1.5,0.4,1.9,0.6,1.5,1.3,0.1,1.4,0.5,0.1,0.8,-,-,-,-,42.4,2.8,1.7,34.1,3.7,0.5,-,0.5,-,-,-,-,-,-,-
2160,Saba Goglichidze,FC Empoli,SerieA,20 years old (25-06-2004),"1,92m",Georgia,Defender (Centre),Centre-Back,right,27(3),2374.0,-,1,2,1,78.2,1,-,6.37,"Jun 30, 2027",€8.00m,0.2,-,-,-,-,0.2,0.1,0.1,-,0.3,0.2,0.1,0.6,0.2,2.7,1,1.6,2.1,0.8,2.9,1.1,1,0.8,-,2.9,0.5,0.1,0.6,-,-,-,-,28.1,2.3,3.3,19.7,2.9,0.1,-,0.1,-,-,-,-,-,-,-
2161,Lassana Coulibaly,US Lecce,SerieA,29 years old (10-04-1996),"1,83m",Mali,"Midfielder (Centre, Left)",Central Midfield,right,26(8),2317.0,-,-,3,-,83.2,0.9,-,6.37,"Jun 30, 2027",€2.50m,0.1,-,-,-,-,0.1,-,0.1,-,0.9,0.5,0.4,0.9,0.4,1.9,0.9,1,1.3,1,2.3,0.5,1.1,0.9,-,1,0.3,0.2,0.8,-,-,-,-,24.6,1.5,1.2,19,3,0.3,0.1,0.2,-,-,-,-,-,-,-
2162,Pedro Pereira,AC Monza,SerieA,27 years old (22-01-1998),"1,85m",Portugal,"Defender (Centre, Right), Midfielder (Left, Right)",Right-Back,right,29(3),2451.0,1,3,9,-,82.2,0.8,-,6.36,"Jun 30, 2025",€1.80m,0.4,-,-,-,-,0.4,0.3,0.1,-,0.8,0.3,0.4,0.8,0.6,1.9,0.8,1.2,1.5,0.6,2.1,0.5,0.3,1.4,-,1.9,0.3,0.3,0.4,-,-,-,-,26.6,1.1,1.6,20.8,3.2,0.4,0.1,0.3,0.1,0.1,-,-,-,-,-
2163,Arthur Atta,Udinese Calcio,SerieA,22 years old (14-01-2003),"1,89m",France,"Attacking Midfielder (Centre, Right)",Central Midfield,right,9(15),1004.0,-,1,3,-,82.1,0.5,-,6.36,"Jun 30, 2025",€2.50m,1,-,-,-,-,1,0.5,0.4,-,2,1.1,0.9,1.2,0.7,1.3,0.5,0.8,0.8,0.2,1,0.3,0.5,0.5,-,0.5,0.2,0.1,0.1,-,-,-,-,19.3,0.6,0.8,15.3,2.6,0.5,-,0.5,-,-,-,-,-,-,-
2164,Alberto Moreno,Como 1907,SerieA,32 years old (05-07-1992),"1,71m",Spain,"Defender (Left), Midfielder (Left)",Left-Back,left,19(2),1560.0,-,-,4,-,85,0.4,-,6.36,"Jun 30, 2025",€1.80m,0.6,-,-,-,-,0.6,0.2,0.4,-,0.3,0.2,0.1,0.8,0.1,1.3,0.4,0.9,1.1,0.5,1.7,0.6,0.6,0.7,-,1.3,0.1,0.2,0.4,-,-,-,-,37.4,1.9,2.1,29.9,3.5,0.8,0.1,0.7,-,-,-,-,-,-,-
2165,Youssef Maleh,FC Empoli,SerieA,26 years old (22-08-1998),"1,79m",Italy,Attacking Midfielder (Centre),Central Midfield,left,17(5),1514.0,-,1,3,1,73.8,0.5,-,6.36,"Jun 30, 2025",€4.00m,0.8,-,-,-,-,0.8,0.1,0.6,-,0.6,0.4,0.2,1.1,0.5,1.3,0.5,0.8,2,0.8,2.8,0.7,1.3,1.5,-,1,0.3,0.1,0.9,-,-,-,-,24.3,1.3,2.6,16.6,3.7,0.5,-,0.5,-,-,-,-,-,-,-
2166,Yunus Musah,AC Milan,SerieA,22 years old (29-11-2002),"1,78m",USA,"Midfielder (Centre, Right)",Central Midfield,right,17(8),1416.0,-,2,5,-,88.2,0.3,-,6.36,"Jun 30, 2028",€22.00m,0.8,-,-,-,-,0.8,0.4,0.4,-,1.4,0.6,0.8,1.6,0.5,0.9,0.3,0.6,1,0.2,1.2,0.3,0.6,1.3,-,0.3,-,-,0.3,-,-,-,-,24,1,0.4,20.2,2.4,0.9,0.1,0.8,0.1,-,-,-,-,-,-
2167,Alessandro Circati,Parma Calcio 1913,SerieA,21 years old (10-10-2003),"1,90m",Italy,Defender,Centre-Back,right,4,360.0,-,-,1,-,87.6,1.3,-,6.35,"Jun 30, 2029",€8.50m,-,-,-,-,-,-,-,-,-,-,-,-,0.8,0.5,2,1.3,0.8,1,-,1,0.5,0.5,0.8,-,7,1,0.3,0.3,-,-,-,-,42.5,1.5,2.3,35.8,3,-,-,-,-,-,-,-,-,-,-
2168,Amir Richardson,ACF Fiorentina,SerieA,23 years old (24-01-2002),"1,97m",France,Defensive Midfielder (C),Central Midfield,left,6(17),798.0,-,-,5,-,88.4,0.7,-,6.35,"Jun 30, 2029",€9.00m,0.3,-,-,-,-,0.3,0.1,0.1,-,0.7,0.3,0.4,0.7,0.4,1.3,0.7,0.7,1,0.4,1.5,0.2,0.6,1.2,-,1.1,-,-,0.4,-,-,-,-,19.4,0.5,0.5,16.7,1.8,0.3,-,0.3,-,-,-,-,-,-,-
2169,Alessandro Deiola,Cagliari Calcio,SerieA,29 years old (01-08-1995),"1,90m",Italy,Defensive Midfielder (C),Central Midfield,right,14(11),1215.0,1,1,5,-,76.3,1.2,-,6.35,"Jun 30, 2029",€1.60m,0.6,-,-,-,-,0.6,0.2,0.3,0.1,0.1,-,0.1,0.5,0.4,2.3,1.2,1.1,1,0.7,1.8,0.5,0.4,1.1,-,1.2,0.4,0.1,0.4,-,-,-,-,17,0.8,0.8,12.2,3.3,0.1,-,0.1,-,-,-,-,-,-,-
2170,Patrick Ciurria,AC Monza,SerieA,30 years old (09-02-1995),"1,78m",Italy,"Midfielder (Centre, Left, Right)",Right Midfield,both,11(6),998.0,1,1,1,-,79.3,0.3,-,6.35,"Jun 30, 2026",€3.00m,0.6,0.1,-,0.1,-,0.6,0.2,0.3,0.1,0.6,0.4,0.3,1,0.8,1.2,0.3,0.9,1.2,0.4,1.6,0.4,0.6,1,-,1.1,0.2,0.1,0.6,-,-,-,-,17.4,0.8,0.7,12.9,2.9,0.6,0.2,0.5,0.1,-,-,-,-,-,0.1
2171,Danilo,Flamengo,SerieA,33 years old (15-07-1991),184cm,Brazil,"Defender (Centre, Left, Right), Defensive Midfielder (C)",,,6(6),579.0,-,1,2,-,91.1,1.3,-,6.35,,,0.1,-,-,-,-,0.1,0.1,-,-,-,-,-,0.3,0.2,1.9,1.3,0.6,0.8,0.4,1.3,0.8,0.1,0.9,-,1.7,0.3,0.1,0.1,-,-,-,-,45,3,1.5,38,2.5,0.3,-,0.3,0.1,-,-,-,-,-,0.1
2172,Pasquale Mazzocchi,SSC Napoli,SerieA,29 years old (27-07-1995),"1,83m",Italy,"Defender (Left, Right), Midfielder (Left, Right)",Right-Back,right,8(11),687.0,-,-,2,-,83.9,0.2,-,6.35,"Jun 30, 2027",€3.00m,0.2,-,-,-,-,0.2,0.2,-,-,0.9,0.4,0.5,0.7,0.6,0.6,0.2,0.4,0.8,0.4,1.2,0.3,0.3,0.4,0.1,1.2,0.1,0.1,0.2,-,-,-,-,12.1,0.3,0.4,9.9,1.5,0.3,-,0.3,-,-,-,-,-,-,-
2173,Zito Luvumbo,Cagliari Calcio,SerieA,23 years old (09-03-2002),"1,71m",Angola,"Attacking Midfielder (Centre, Left), Forward",Centre-Forward,left,16(7),1401.0,2,2,2,-,72.5,0.3,-,6.34,"Jun 30, 2028",€5.50m,0.8,0.1,-,0.1,-,0.8,0.6,0.2,-,2.3,1.3,1,2.6,1.2,0.8,0.3,0.6,0.3,0.5,0.9,0.1,1.9,1.7,0.3,0.1,-,0.1,0.2,-,-,-,-,9.2,0.3,0.4,6.3,2.1,0.5,0.1,0.4,0.1,0.1,-,-,-,-,-
2174,Marco Brescianini,Atalanta BC,SerieA,25 years old (20-01-2000),"1,88m",Italy,Midfielder (Centre),Central Midfield,left,7(18),841.0,3,2,1,-,81.8,0.4,-,6.34,"Jun 30, 2025",€8.00m,0.7,0.1,-,0.1,-,0.7,0.4,0.1,0.2,0.9,0.6,0.3,1,0.8,0.8,0.4,0.4,0.6,0.1,0.7,0.1,0.3,0.8,0.1,0.2,-,-,0.5,-,-,-,-,13,0.2,0.3,10.4,2.1,0.2,-,0.2,0.1,-,-,-,-,-,-
2175,Pierluigi Gollini,Genoa CFC,SerieA,30 years old (18-03-1995),194cm,Italy,Goalkeeper,,,7,630.0,-,-,1,-,80.8,-,-,6.34,,,-,-,-,-,-,-,-,-,-,-,-,-,-,-,-,-,-,-,-,-,-,-,-,-,0.3,-,-,0.1,2.4,0.1,1.7,0.6,32.7,6.4,6.3,20,-,-,-,-,-,-,-,-,-,-,-
2176,Balthazar Pierret,US Lecce,SerieA,24 years old (15-05-2000),"1,86m",France,Defensive Midfielder (C),Defensive Midfield,left,18(9),1555.0,-,-,2,-,84.6,1,-,6.34,"Jun 30, 2027",€1.50m,0.2,-,-,-,-,0.2,0.1,0.1,-,0.8,0.4,0.4,0.9,0.3,2,1,1.1,1.7,0.6,2.3,0.7,0.7,1,-,1.1,0.1,0.1,0.5,-,-,-,-,27.1,1.1,1.4,21.9,2.7,0.3,-,0.3,-,-,-,-,-,-,-
2177,Mattia Liberali,AC Milan,SerieA,18 years old (06-04-2007),169cm,Italy,Forward,,,1,62.0,-,-,-,-,82.8,1,-,6.34,,,2,-,-,-,-,2,1,1,-,1,1,-,1,2,1,1,-,2,-,2,-,-,1,-,-,-,-,-,-,-,-,-,29,-,-,24,5,1,-,1,-,-,-,-,-,-,-
2178,Alessandro Marcandalli,Venezia FC,SerieA,22 years old (25-10-2002),"1,90m",,Defender (Centre),Centre-Back,right,5(2),344.0,-,-,2,-,74,1.7,-,6.34,"Jun 30, 2025",€2.00m,0.3,-,-,-,-,0.3,0.1,-,0.1,0.1,0.1,-,0.6,-,3.4,1.7,1.7,1,0.4,1.4,0.3,-,1.1,-,3,0.4,0.7,0.4,-,-,-,-,18.7,1,1.9,12.9,3,-,-,-,-,-,-,-,-,-,-
2179,Luca Mazzitelli,Sassuolo,SerieA,29 years old (15-11-1995),184cm,Italy,Defensive Midfielder (C),,,3(8),330.0,1,1,1,-,84.6,0.2,-,6.34,,,0.6,0.1,-,0.1,-,0.6,0.5,0.2,-,0.5,0.1,0.4,0.3,0.5,0.9,0.2,0.7,0.8,0.2,1,0.3,0.4,0.8,-,0.9,0.2,-,0.3,-,-,-,-,16.5,1.5,1.2,12.5,1.4,0.5,-,0.5,0.1,-,-,-,-,-,0.1
2180,Rafa Marín,SSC Napoli,SerieA,22 years old (19-05-2002),"1,91m",Spain,Defender (Centre),Centre-Back,right,1(3),139.0,-,-,1,-,97.5,0.5,-,6.34,"Jun 30, 2029",€7.00m,0.5,-,-,-,-,0.5,-,0.3,0.3,-,-,-,0.3,-,1,0.5,0.5,0.3,0.3,0.5,0.3,0.5,0.5,-,1,0.3,-,-,-,-,-,-,29.5,3.5,0.3,25.3,0.5,-,-,-,-,-,-,-,-,-,-
2181,Liam Henderson,FC Empoli,SerieA,29 years old (25-04-1996),"1,83m",Scotland,Attacking Midfielder (Centre),Central Midfield,right,24(9),2158.0,-,3,10,-,78.4,0.4,-,6.34,"Jun 30, 2025",€1.80m,0.5,-,-,-,-,0.5,-,0.5,-,0.3,0.1,0.2,0.6,0.2,1,0.4,0.6,1.2,0.9,2.1,0.5,0.6,2.3,0.1,1.2,0.2,-,0.4,-,-,-,-,25.3,1.3,1.6,18.5,3.8,0.9,0.2,0.7,0.1,0.1,-,-,-,-,-
2182,Anas Haj Mohamed,Parma Calcio 1913,SerieA,20 years old (26-03-2005),"1,74m",,Forward,Right Winger,right,3(12),448.0,1,2,4,-,79.9,0.5,-,6.33,"Jun 30, 2026",€1.80m,0.5,0.1,-,-,0.1,0.5,0.3,0.1,-,0.9,0.7,0.3,0.7,0.1,0.9,0.5,0.4,0.2,0.1,0.3,0.3,0.7,0.4,-,0.3,0.1,-,0.1,-,-,-,-,9.6,0.3,0.5,7.3,1.4,0.6,-,0.6,0.1,0.1,-,-,-,-,0.1
2183,Nicolò Zaniolo,ACF Fiorentina,SerieA,25 years old (02-07-1999),"1,90m",Italy,"Attacking Midfielder (Centre, Left, Right), Forward",Attacking Midfield,left,0(14),344.0,2,2,4,-,86.7,0.3,-,6.33,"Jun 30, 2025",€16.00m,0.8,0.1,-,0.1,-,0.8,0.5,0.2,0.1,1.1,0.7,0.4,1.3,1,0.6,0.3,0.4,-,0.1,0.1,0.1,1.2,0.6,-,-,-,-,-,-,-,-,-,7,0.1,0.2,6,0.7,0.5,0.1,0.4,0.1,-,-,-,-,-,0.1
2184,Joaquín Correa,Inter Milan,SerieA,30 years old (13-08-1994),"1,88m",Argentina,"Attacking Midfielder (Centre, Left), Forward",Second Striker,right,3(12),419.0,1,2,3,-,87,0.3,1,6.33,"Jun 30, 2025",€3.00m,0.5,0.1,-,0.1,-,0.5,0.3,0.1,0.1,0.2,0.1,0.1,0.5,0.2,1.3,0.3,0.9,0.5,0.5,1,-,0.7,0.4,0.1,0.2,-,-,0.1,-,-,-,-,13.9,0.3,-,11.8,1.8,0.5,-,0.5,0.1,-,-,0.1,-,-,0.1
2185,Giangiacomo Magnani,Palermo,SerieA,29 years old (04-10-1995),190cm,Italy,Defender (Centre),,,11(6),1060.0,1,-,2,-,81.6,1.8,1,6.33,,,0.6,0.1,0.1,-,-,0.6,0.3,0.1,0.3,0.2,0.2,0.1,0.2,0.1,2.8,1.8,1.1,1.2,-,1.2,1,0.6,0.5,-,4.3,0.5,-,0.4,-,-,-,-,22.6,1.5,2.1,17,2.1,0.1,0.1,-,-,-,-,-,-,-,-
2186,Pontus Almqvist,Parma Calcio 1913,SerieA,25 years old (10-07-1999),"1,83m",Sweden,"Attacking Midfielder (Left, Right), Forward",Right Winger,left,10(19),1109.0,1,1,5,-,75.4,0.3,-,6.33,"Jun 30, 2027",€2.50m,0.9,-,-,-,-,0.9,0.6,0.3,-,1.7,1,0.7,1.1,0.4,0.9,0.3,0.6,0.6,0.3,0.9,0.7,0.5,0.5,0.1,0.3,-,-,0.4,-,-,-,-,9.7,0.1,0.1,7.1,2.2,0.3,-,0.3,-,-,-,-,-,-,-
2187,Noah Okafor,SSC Napoli,SerieA,24 years old (24-05-2000),"1,85m",Switzerland,"Attacking Midfielder (Left), Forward",Left Winger,right,5(6),413.0,1,-,-,-,81.3,0.2,-,6.33,"Jun 30, 2025",€15.00m,1.2,0.1,-,0.1,-,1.2,1,0.2,-,2.3,1.2,1.1,1.1,0.8,0.6,0.2,0.5,0.2,0.1,0.3,0.2,0.5,0.5,0.1,0.1,-,-,0.1,-,-,-,-,8.3,0.1,0.2,6.6,1.4,0.4,-,0.4,-,-,-,-,-,-,-
2188,Tommaso Baldanzi,AS Roma,SerieA,22 years old (23-03-2003),"1,70m",Italy,"Attacking Midfielder (Centre, Right)",Attacking Midfield,left,5(22),778.0,1,1,2,-,84.7,-,-,6.33,"Jun 30, 2028",€14.00m,0.7,-,-,-,-,0.7,0.4,0.3,-,1.4,0.8,0.6,0.6,0.3,0.1,-,0.1,0.4,0.2,0.7,0.2,0.6,0.2,-,0.3,-,-,0.1,-,-,-,-,12.1,0.1,0.2,10.2,1.7,0.4,-,0.4,-,-,-,-,-,-,-
2189,Fellipe Jack,Como 1907,SerieA,19 years old (12-01-2006),"1,87m",,Defender,Centre-Back,left,1(6),168.0,-,-,2,-,79.6,0.6,-,6.33,"Jun 30, 2025",€1.40m,-,-,-,-,-,-,-,-,-,0.1,0.1,-,0.7,-,1.1,0.6,0.6,1.3,0.3,1.6,0.6,0.1,0.7,-,0.7,0.3,-,-,-,-,-,-,13.3,0.9,0.9,9.7,1.9,0.1,-,0.1,-,-,-,-,-,-,-
2190,Filippo Terracciano,AC Milan,SerieA,22 years old (08-02-2003),"1,86m",Italy,"Defender (Left), Midfielder (Right)",Right-Back,right,6(6),534.0,-,-,3,-,89.7,0.8,-,6.32,"Jun 30, 2028",€4.50m,0.3,-,-,-,-,0.3,0.2,0.1,-,0.2,0.2,-,0.1,0.4,1.3,0.8,0.4,0.8,0.4,1.2,0.5,0.8,0.9,0.1,0.8,-,0.1,0.1,-,-,-,-,18.6,0.2,0.3,16.5,1.6,0.2,-,0.2,-,-,-,-,-,-,-
2191,Marco Sportiello,AC Milan,SerieA,32 years old (10-05-1992),"1,92m",Italy,Goalkeeper,Goalkeeper,right,1(1),125.0,-,-,-,-,82.7,-,-,6.32,"Jun 30, 2027",€1.50m,-,-,-,-,-,-,-,-,-,-,-,-,-,-,-,-,-,-,-,-,-,-,-,-,0.5,-,-,-,2,-,0.5,1.5,26,4,4,17.5,0.5,-,-,-,-,-,-,-,-,-,-
2192,Anass Salah-Eddine,AS Roma,SerieA,23 years old (18-01-2002),"1,81m",Netherlands,"Defender (Left), Defensive Midfielder (C)",Left-Back,left,2(1),153.0,-,1,-,-,86.4,-,-,6.32,"Jun 30, 2028",€8.00m,0.7,-,-,-,-,0.7,0.3,-,0.3,1,1,-,0.7,0.3,0.3,-,0.3,0.3,-,0.3,0.3,0.3,0.7,-,0.7,-,-,-,-,-,-,-,27,0.3,0.7,23,3,0.7,-,0.7,0.3,0.3,-,-,-,-,-
2193,Warren Bondo,AC Milan,SerieA,21 years old (15-09-2003),"1,77m",France,Defensive Midfielder (C),Central Midfield,right,19(1),1623.0,-,-,3,1,89.7,0.3,-,6.31,"Jun 30, 2029",€10.00m,0.7,-,-,-,-,0.7,0.1,0.6,-,2,1,1,1,1.5,0.7,0.3,0.4,1.8,0.3,2.1,0.3,1.8,1.6,0.1,0.3,0.3,0.1,0.5,-,-,-,-,30.2,1.1,0.6,26.1,2.6,0.3,-,0.3,-,-,-,-,-,-,-
2194,Matías Moreno,ACF Fiorentina,SerieA,21 years old (24-09-2003),"1,93m",,Defender (Centre),Centre-Back,right,2(2),144.0,-,-,-,-,84.1,0.8,-,6.31,"Jun 30, 2029",€4.00m,-,-,-,-,-,-,-,-,-,0.8,-,0.8,0.3,0.3,2,0.8,1.3,2,-,2,0.3,-,1,-,2.3,0.3,-,1,-,-,-,-,17.3,0.5,0.3,14,2.5,0.3,-,0.3,-,-,-,-,-,-,-
2195,Tyronne Ebuehi,FC Empoli,SerieA,29 years old (16-12-1995),"1,87m",Nigeria,"Defender (Left, Right)",Right-Back,right,0(3),63.0,-,-,-,-,64,1,-,6.31,"Jun 30, 2025",€1.50m,-,-,-,-,-,-,-,-,-,0.3,-,0.3,1,0.7,1.3,1,0.3,0.7,-,0.7,0.7,0.7,-,-,-,-,-,0.3,-,-,-,-,8.3,-,0.3,5.3,2.7,-,-,-,-,-,-,-,-,-,-
2196,Florinel Coman,Cagliari Calcio,SerieA,27 years old (10-04-1998),"1,82m",Romania,Attacking Midfielder (Left),Left Winger,right,2(6),246.0,1,-,1,-,82.7,0.5,-,6.31,"Jun 30, 2025",€6.00m,0.5,0.1,-,-,0.1,0.5,0.3,0.3,-,0.6,0.4,0.3,1.4,0.8,0.8,0.5,0.3,0.6,-,0.6,0.1,0.9,0.9,-,0.3,-,-,0.3,-,-,-,-,9.4,0.1,0.1,7.6,1.5,0.1,-,0.1,-,-,-,-,-,-,-
2197,Antoine Bernede,Hellas Verona,SerieA,25 years old (26-05-1999),"1,78m",France,Midfielder (Centre),Central Midfield,right,6(4),488.0,1,-,2,-,76.1,0.5,-,6.31,"Jun 30, 2025",€3.50m,0.4,0.1,-,0.1,-,0.4,0.1,0.3,-,0.3,0.2,0.1,1.2,0.5,1,0.5,0.5,1.4,0.6,2,0.5,0.3,1.5,-,0.3,0.1,-,0.4,-,-,-,-,18.8,1.1,1,13.2,3.5,0.9,0.2,0.7,-,-,-,-,-,-,-
2198,Grigoris Kastanos,Hellas Verona,SerieA,27 years old (30-01-1998),"1,79m",Cyprus,"Midfielder (Centre, Right)",Attacking Midfield,left,8(17),850.0,1,1,3,-,72.9,0.6,-,6.31,"Jun 30, 2025",€1.80m,0.9,-,-,-,-,0.9,0.2,0.6,0.1,0.6,0.6,-,0.3,0.4,1.3,0.6,0.7,0.9,0.5,1.4,0.3,0.8,0.6,-,0.3,0.1,-,0.6,-,-,-,-,11.5,0.6,0.5,7.8,2.6,0.5,0.2,0.2,-,-,-,-,-,-,-
2199,Samuel Iling-Junior,Middlesbrough,SerieA,21 years old (04-10-2003),182cm,England,"Defender (Left), Midfielder (Left)",,,0(7),113.0,1,-,-,-,77.9,-,1,6.3,,,0.6,0.1,-,0.1,-,0.6,0.4,0.1,-,1,0.6,0.4,0.4,0.1,0.4,-,0.4,0.4,0.1,0.6,0.3,0.1,0.3,-,0.1,-,0.1,0.1,-,-,-,-,11,0.4,0.4,8.1,2,0.1,-,0.1,-,-,-,-,-,-,-
2200,Noah Okafor,SSC Napoli,SerieA,24 years old (24-05-2000),"1,85m",Switzerland,"Attacking Midfielder (Left), Forward",Left Winger,right,0(4),36.0,-,-,-,-,71.4,0.5,-,6.3,"Jun 30, 2025",€15.00m,0.3,-,-,-,-,0.3,-,0.3,-,1.8,1.3,0.5,0.5,0.5,1,0.5,0.5,0.8,-,0.8,-,0.3,0.5,-,0.3,-,-,-,-,-,-,-,3.5,0.3,0.3,2.3,0.8,0.8,0.3,0.5,-,-,-,-,-,-,-
2201,Jean-Daniel Akpa Akpro,AC Monza,SerieA,32 years old (11-10-1992),"1,80m",Ivory Coast,"Defender (Right), Midfielder (Centre, Left, Right)",Central Midfield,right,8(2),612.0,-,-,3,-,78.9,0.8,-,6.3,"Jun 30, 2025",€500k,-,-,-,-,-,-,-,-,-,2.7,2,0.7,1.6,0.2,2.1,0.8,1.3,1.7,0.8,2.5,0.9,1,1.9,-,0.9,0.4,0.1,1.3,-,-,-,-,20.4,0.5,0.7,15.6,3.6,0.2,-,0.2,-,-,-,-,-,-,-
2202,Francesco Zampano,Venezia FC,SerieA,31 years old (30-09-1993),"1,77m",Italy,"Defender (Right), Midfielder (Left, Right)",Right-Back,right,17(5),1614.0,1,2,5,-,76.9,0.5,-,6.3,"Jun 30, 2025",€1.10m,0.3,-,-,-,-,0.3,0.3,-,-,1.2,0.8,0.4,1.3,0.8,1.3,0.5,0.8,1.4,0.6,2,0.3,0.9,1.1,0.2,1.1,-,0.2,0.9,-,-,-,-,20.5,0.9,1.3,14.9,3.4,0.5,-,0.5,0.1,-,-,-,-,-,-
2203,Pawel Dawidowicz,Hellas Verona,SerieA,29 years old (20-05-1995),"1,89m",Poland,"Defender (Centre), Defensive Midfielder (C)",Centre-Back,both,22(2),1685.0,-,-,6,1,84,1.3,-,6.3,"Jun 30, 2025",€2.50m,0.2,-,-,-,-,0.2,0.1,-,-,0.2,0.1,0.1,0.3,0.1,2.4,1.3,1.2,1.8,0.4,2.1,0.8,0.4,1.3,-,2.6,0.2,-,0.4,-,-,-,-,30.3,1.5,2.5,24,2.3,-,-,-,-,-,-,-,-,-,-
2204,Giorgio Scalvini,Atalanta BC,SerieA,21 years old (11-12-2003),"1,94m",Italy,Defender (Centre),Centre-Back,right,4(2),274.0,-,-,2,-,84.5,1.3,-,6.29,"Jun 30, 2028",€35.00m,0.7,-,-,-,-,0.7,0.3,0.3,-,1.2,0.3,0.8,0.3,-,2.3,1.3,1,1.3,0.7,2,0.7,0.2,1.2,-,1.2,-,-,-,-,-,-,-,32.3,1.8,1.2,25.5,3.8,-,-,-,-,-,-,-,-,-,-
2205,Oussama El Azzouzi,Bologna FC 1909,SerieA,23 years old (29-05-2001),"1,89m",Netherlands,Defensive Midfielder (C),Defensive Midfield,right,0(1),7.0,-,-,-,-,75,-,-,6.29,"Jun 30, 2027",€2.00m,-,-,-,-,-,-,-,-,-,-,-,-,-,-,-,-,-,-,-,-,2,2,-,-,-,-,-,-,-,-,-,-,4,-,-,3,1,-,-,-,-,-,-,-,-,-,-
2206,Lucas Gourna-Douath,AS Roma,SerieA,21 years old (05-08-2003),"1,85m",France,Defensive Midfielder (C),Defensive Midfield,right,2(2),189.0,-,-,2,-,91.3,-,-,6.29,"Jun 30, 2025",€8.00m,0.5,-,-,-,-,0.5,0.3,0.3,-,0.8,0.8,-,-,1.3,1,-,1,1.8,1,2.8,-,1,1.8,0.3,0.3,0.3,-,-,-,-,-,-,23,0.5,0.5,20.5,1.5,0.3,-,0.3,-,-,-,-,-,-,-
2207,Ivan Ilic,Torino FC,SerieA,24 years old (17-03-2001),"1,86m",Serbia,Midfielder (Centre),Central Midfield,left,8(8),797.0,1,-,4,-,87.2,0.3,-,6.28,"Jun 30, 2027",€18.00m,0.6,0.1,-,0.1,-,0.6,0.3,0.4,-,0.8,0.5,0.3,1,0.6,1,0.3,0.8,0.2,0.3,0.4,0.3,1.3,0.7,0.1,0.4,-,-,-,-,-,-,-,26.9,0.8,0.5,22.6,2.9,0.4,-,0.4,-,-,-,-,-,-,-
2208,Stefano Sensi,AC Monza,SerieA,29 years old (05-08-1995),"1,68m",Italy,Attacking Midfielder (Centre),Central Midfield,right,2(7),226.0,1,-,-,-,89.3,0.2,-,6.28,"Jun 30, 2025",€1.50m,0.7,0.1,-,0.1,-,0.7,0.1,0.6,-,0.7,0.2,0.4,0.1,0.2,0.4,0.2,0.2,0.9,0.1,1,0.3,0.6,0.3,-,0.2,0.2,-,0.1,-,-,-,-,25,1.7,1.2,20.7,1.4,-,-,-,-,-,-,-,-,-,-
2209,Isaak Touré,Udinese Calcio,SerieA,22 years old (28-03-2003),"2,06m",,Defender (Centre),Centre-Back,left,11(1),738.0,1,-,2,2,92.5,0.6,-,6.28,"Jun 30, 2025",€8.00m,0.3,0.1,0.1,-,-,0.3,0.1,-,0.3,0.8,0.4,0.4,0.6,-,1.1,0.6,0.5,0.6,0.1,0.7,0.8,0.5,1.3,0.1,1.2,0.5,0.3,0.8,-,-,-,-,42.5,2.1,0.9,37.3,2.3,0.2,-,0.2,-,-,-,-,-,-,-
2210,Konan N’Dri,US Lecce,SerieA,24 years old (27-10-2000),"1,74m",,"Midfielder (Left, Right), Forward",Right Winger,left,0(8),193.0,-,-,-,-,82.9,0.1,-,6.28,"Jun 30, 2027",€1.50m,1,-,-,-,-,1,0.5,0.5,-,1.6,1,0.6,0.9,0.6,0.3,0.1,0.1,0.3,0.1,0.4,0.1,0.6,0.3,-,-,-,-,0.3,-,-,-,-,4.4,0.1,-,3.5,0.8,0.6,0.1,0.5,-,-,-,-,-,-,-
2211,Gianluca Caprari,AC Monza,SerieA,31 years old (30-07-1993),"1,71m",Italy,"Attacking Midfielder (Centre, Left, Right), Forward",Second Striker,right,14(16),1359.0,2,1,3,-,87,0.1,-,6.28,"Jun 30, 2026",€1.50m,0.8,0.1,-,0.1,-,0.8,0.5,0.3,-,1.1,0.9,0.2,1.2,0.9,0.5,0.1,0.3,0.6,0.2,0.8,0.2,1.2,0.5,0.1,0.1,-,-,0.4,-,-,-,-,17.5,0.8,0.3,14.4,2,0.9,0.2,0.7,-,-,-,-,-,-,-
2212,Michael Kayode,Brentford FC,SerieA,20 years old (10-07-2004),179cm,,Defender (Right),,,1(4),124.0,-,-,-,-,70.2,0.4,-,6.27,,,0.2,-,-,-,-,0.2,0.2,-,-,1.2,0.6,0.6,0.2,0.6,0.4,0.4,-,0.2,-,0.2,0.4,0.4,0.2,-,1.4,0.2,-,0.4,-,-,-,-,9.4,-,1.4,6.6,1.4,0.2,-,0.2,-,-,-,-,-,-,-
2213,Antoine Makoumbou,Cagliari Calcio,SerieA,26 years old (18-07-1998),"1,87m",Congo,Defensive Midfielder (C),Defensive Midfield,right,23(6),1886.0,-,1,1,1,89.5,0.1,1,6.27,"Jun 30, 2026",€4.00m,0.2,-,-,-,-,0.2,-,0.2,-,0.7,0.3,0.3,0.5,0.7,0.7,0.1,0.6,1.3,0.2,1.4,0.5,0.5,0.8,-,0.7,0.1,0.1,0.7,-,-,-,-,35.1,1.1,1.4,30.4,2.3,0.1,-,0.1,-,-,-,-,-,-,-
2214,Patric,SS Lazio,SerieA,32 years old (17-04-1993),"1,84m",Spain,"Defender (Centre, Right), Midfielder (Right)",Centre-Back,right,6(5),605.0,1,-,3,-,89.2,0.7,-,6.27,"Jun 30, 2027",€4.00m,0.2,0.1,0.1,-,-,0.2,0.1,-,0.1,-,-,-,0.2,-,1.4,0.7,0.6,0.8,0.4,1.2,0.3,0.5,0.5,-,1.9,0.2,0.1,0.1,-,-,-,-,36.2,2.3,2.9,30,1,0.1,-,0.1,-,-,-,-,-,-,-
2215,Simone Scuffet,SSC Napoli,SerieA,28 years old (31-05-1996),"1,93m",Italy,Goalkeeper,Goalkeeper,right,13,1170.0,-,-,-,-,66.6,0.2,1,6.27,"Jun 30, 2025",€2.00m,-,-,-,-,-,-,-,-,-,-,-,-,-,-,0.3,0.2,0.1,-,0.1,0.1,-,0.1,-,-,0.9,-,-,-,2.5,0.1,1.2,1.3,27.2,7.5,8.9,10.6,0.2,-,-,-,-,-,-,-,-,-,-
2216,Cheick Conde,Venezia FC,SerieA,24 years old (26-07-2000),"1,85m",Guinea,Midfielder,Defensive Midfield,right,1(6),106.0,-,-,2,-,76.7,0.9,-,6.26,"Jun 30, 2027",€2.00m,0.1,-,-,-,-,0.1,-,0.1,-,0.4,0.1,0.3,0.1,0.6,1,0.9,0.1,0.9,0.4,1.3,0.6,0.3,0.7,-,0.4,0.1,-,0.6,-,-,-,-,6.1,-,-,4.7,1.4,0.1,-,0.1,-,-,-,-,-,-,-
2217,Milan Djuric,Parma Calcio 1913,SerieA,34 years old (22-05-1990),"1,99m",Bosnia-Herzegovina,Forward,Centre-Forward,right,3(3),231.0,-,-,1,-,47.7,3.8,-,6.26,"Jun 30, 2026",€1.50m,0.7,-,-,-,-,0.7,0.7,-,-,0.2,-,0.2,0.2,0.3,5.8,3.8,2,-,0.3,0.3,-,0.7,0.3,0.2,0.2,-,-,0.5,-,-,-,-,10.8,-,-,5.2,5.7,-,-,-,-,-,-,-,-,-,-
2218,Ridgeciano Haps,Venezia FC,SerieA,31 years old (12-06-1993),"1,75m",Netherlands,"Defender (Left), Midfielder (Left)",Left-Back,left,12(9),1199.0,-,-,3,-,81.2,0.6,-,6.26,"Jun 30, 2026",€1.00m,0.6,-,-,-,-,0.6,0.4,0.2,-,0.6,0.3,0.2,0.4,0.2,1.3,0.6,0.7,1,0.3,1.4,0.3,0.7,0.5,-,1.6,0.1,0.4,0.6,-,-,-,-,20.3,0.9,1.7,15.6,2.1,0.2,-,0.2,-,-,-,-,-,-,-
2219,Thijs Dallinga,Bologna FC 1909,SerieA,24 years old (03-08-2000),"1,90m",Netherlands,Forward,Centre-Forward,right,9(19),950.0,2,-,1,-,72.6,1.4,-,6.26,"Jun 30, 2028",€12.00m,1,0.1,-,-,-,1,0.9,-,0.1,0.4,0.3,0.1,1.4,0.7,2.6,1.4,1.3,0.4,-,0.4,-,0.6,0.8,0.2,0.4,-,-,0.3,-,-,-,-,8.6,0.1,0.1,6.1,2.3,0.3,-,0.3,-,-,-,-,-,-,-
2220,Flavius Daniliuc,Hellas Verona,SerieA,24 years old (27-04-2001),"1,88m",Austria,"Defender (Centre, Right)",Centre-Back,right,8(8),906.0,-,-,-,-,85.3,1.1,-,6.26,"Jun 30, 2025",€4.00m,0.3,-,-,-,-,0.3,0.2,0.1,-,0.4,0.2,0.3,0.4,0.3,2.1,1.1,0.9,1.4,0.6,2,0.4,0.1,0.7,-,1.5,0.1,0.1,0.4,-,-,-,-,21.7,0.7,1.2,17.8,2,0.1,-,0.1,-,-,-,-,-,-,-
2221,Andrea Belotti,Benfica,SerieA,31 years old (20-12-1993),181cm,Italy,Forward,,,7(11),589.0,2,-,1,-,78.3,1.1,-,6.26,,,1.1,0.1,0.1,0.1,-,1.1,0.6,0.2,0.2,0.3,0.2,0.1,0.6,0.6,2.6,1.1,1.5,0.4,0.2,0.6,0.1,1.1,0.5,0.3,0.4,-,-,0.2,-,-,-,-,6.4,0.1,0.1,4.9,1.3,0.4,-,0.4,-,-,-,-,-,-,-
2222,Tijjani Noslin,SS Lazio,SerieA,25 years old (07-07-1999),"1,78m",Netherlands,"Attacking Midfielder (Left, Right), Forward",Right Winger,right,8(21),835.0,2,2,2,-,78,0.9,-,6.26,"Jun 30, 2029",€12.00m,0.6,0.1,-,0.1,-,0.6,0.4,0.1,0.1,0.7,0.4,0.3,0.8,0.4,1.9,0.9,1,0.2,0.2,0.4,-,0.5,0.7,-,0.2,-,0.1,0.5,-,-,-,-,7.8,0.2,0.1,5.9,1.6,0.4,0.1,0.3,0.1,-,-,-,-,-,0.1
2223,Gaetano Castrovilli,AC Monza,SerieA,28 years old (17-02-1997),"1,87m",Italy,"Midfielder (Centre, Left)",Central Midfield,right,5(4),467.0,-,-,-,-,81,0.1,-,6.26,"Jun 30, 2025",€3.50m,0.7,-,-,-,-,0.7,0.4,0.2,-,1.1,0.7,0.4,1,0.7,0.6,0.1,0.4,1.3,0.7,2,0.2,0.6,0.6,0.1,0.7,0.2,0.1,0.6,-,-,-,-,19.3,0.4,0.6,15.2,3.1,0.6,-,0.6,-,-,-,-,-,-,-
2224,Woyo Coulibaly,Leicester City,SerieA,25 years old (26-05-1999),188cm,France,Defender (Right),,,12(2),1085.0,-,1,1,1,88.4,0.6,-,6.26,,,0.2,-,-,-,-,0.2,0.1,0.1,-,1.2,0.6,0.6,1.4,0.8,1.3,0.6,0.6,0.9,0.4,1.4,0.6,0.9,0.9,0.1,1.4,0.1,0.4,1.2,-,-,-,-,36.9,0.6,0.9,32,3.4,0.6,-,0.6,0.1,-,-,-,-,-,0.1
2225,Mehdi Taremi,Inter Milan,SerieA,32 years old (18-07-1992),"1,85m",Iran,"Attacking Midfielder (Left), Forward",Centre-Forward,right,4(18),576.0,1,1,1,-,81.7,0.7,-,6.25,"Jun 30, 2027",€5.00m,0.5,-,-,-,-,0.5,0.4,-,0.1,0.4,0.2,0.2,0.5,0.2,1.5,0.7,0.8,0.1,0.1,0.2,-,0.4,0.4,0.2,0.4,-,-,0.3,-,-,-,-,8,-,-,6.5,1.4,0.5,-,0.5,-,-,-,-,-,-,-
2226,Marco Silvestri,FC Empoli,SerieA,34 years old (02-03-1991),"1,91m",Italy,Goalkeeper,Goalkeeper,right,5,450.0,-,-,-,-,59.1,0.2,-,6.25,"Jun 30, 2025",€500k,-,-,-,-,-,-,-,-,-,-,-,-,-,-,0.2,0.2,-,-,0.4,0.4,-,-,-,-,1.2,-,-,-,3.2,0.2,2,1,26.4,7.6,10.8,8,-,-,-,-,-,-,-,-,-,-,-
2227,Tomás Palacios,AC Monza,SerieA,22 years old (28-04-2003),"1,96m",Argentina,Defender (Centre),Centre-Back,left,3(3),300.0,-,-,1,-,89,0.8,-,6.25,"Jun 30, 2025",€5.00m,0.2,-,-,-,-,0.2,-,0.2,-,1.2,0.2,1,0.3,0.3,1.3,0.8,0.5,1.2,0.7,1.8,0.8,1,0.2,-,1.5,0.3,-,0.3,-,-,-,-,39.5,2,2,33.2,2.3,-,-,-,-,-,-,-,-,-,-
2228,Caleb Ekuban,Genoa CFC,SerieA,31 years old (23-03-1994),"1,82m",Ghana,"Attacking Midfielder (Centre, Left, Right), Forward",Centre-Forward,right,3(13),503.0,1,3,1,-,71.6,0.7,-,6.25,"Jun 30, 2026",€1.50m,1.1,0.1,0.1,-,-,1.1,0.7,0.3,0.2,0.6,0.4,0.1,1,0.8,1.8,0.7,1.1,0.2,-,0.2,0.1,0.5,0.7,0.3,0.3,0.1,-,0.2,-,-,-,-,5.5,0.2,0.1,3.8,1.4,0.4,-,0.4,0.2,0.1,-,-,-,-,0.1
2229,Nicola Zalewski,Inter Milan,SerieA,23 years old (23-01-2002),"1,75m",Poland,"Defender (Left), Midfielder (Left, Right)",Left Midfield,right,4(8),532.0,-,-,-,-,78,0.4,-,6.25,"Jun 30, 2025",€10.00m,0.4,-,-,-,-,0.4,0.2,0.3,-,1.3,1.2,0.2,0.7,0.3,1.1,0.4,0.7,0.7,0.4,1.1,0.3,1.1,0.2,0.1,0.5,0.2,0.2,0.4,-,-,-,-,17.4,0.4,0.9,13.2,2.9,0.8,0.3,0.6,-,-,-,-,-,-,-
2230,Enzo Ebosse,Jagiellonia Bialystok,SerieA,26 years old (11-03-1999),185cm,Cameroon,Defender (Centre),,,0(2),90.0,-,-,1,-,86.8,0.5,-,6.25,,,-,-,-,-,-,-,-,-,-,0.5,-,0.5,0.5,-,0.5,0.5,-,-,1,1,0.5,-,0.5,-,0.5,1.5,-,-,-,-,-,-,26.5,2,1,21,2.5,0.5,-,0.5,-,-,-,-,-,-,-
2231,Nicolò Fagioli,ACF Fiorentina,SerieA,24 years old (12-02-2001),"1,78m",Italy,Defensive Midfielder (C),Central Midfield,right,5(12),565.0,-,-,4,-,91.1,0.1,-,6.24,"Jun 30, 2025",€18.00m,0.7,-,-,-,-,0.7,0.3,0.4,-,0.2,0.1,0.1,0.6,0.1,0.2,0.1,0.1,0.8,0.2,1,0.1,0.3,0.6,-,0.3,-,-,0.2,-,-,-,-,23.8,1.1,0.6,20.5,1.5,0.2,0.1,0.2,-,-,-,-,-,-,-
2232,Keita Baldé,AC Monza,SerieA,30 years old (08-03-1995),"1,78m",Senegal,"Attacking Midfielder (Left, Right), Forward",Left Winger,both,6(2),465.0,1,-,1,-,90.5,0.4,-,6.24,"Jun 30, 2025",€1.00m,1.3,0.1,-,-,0.1,1.3,0.9,0.4,-,1.6,1.1,0.5,1.9,1.4,1.8,0.4,1.4,0.1,0.1,0.3,0.1,2.4,0.9,0.1,-,-,-,0.4,-,-,-,-,17.1,0.5,0.1,15,1.5,0.3,-,0.3,-,-,-,-,-,-,-
2233,Lameck Banda,US Lecce,SerieA,24 years old (29-01-2001),"1,69m",Zambia,Attacking Midfielder (Left),Left Winger,right,6(8),574.0,-,1,1,-,84,0.1,-,6.24,"Jun 30, 2026",€6.00m,1.1,-,-,-,-,1.1,0.5,0.5,0.1,1.9,1.3,0.6,1.1,0.6,1.1,0.1,0.9,0.6,0.6,1.1,0.1,1.3,0.6,0.1,0.3,-,0.1,0.4,-,-,-,-,8.9,0.1,0.1,7.4,1.3,0.7,0.1,0.6,0.1,0.1,-,-,-,-,-
2234,Leonardo Pavoletti,Cagliari Calcio,SerieA,36 years old (26-11-1988),"1,88m",Italy,Forward,Centre-Forward,right,1(24),408.0,2,-,4,-,58.8,2.2,1,6.24,"Jun 30, 2026",€700k,0.7,0.1,0.1,-,-,0.7,0.4,0.1,0.2,-,-,-,0.7,-,4.2,2.2,2,-,-,-,-,0.2,1,0.3,0.1,-,-,0.1,-,-,-,-,6.1,-,0.2,3.6,2.4,0.4,-,0.4,-,-,-,-,-,-,-
2235,Mateusz Kowalski,Parma Calcio 1913,SerieA,19 years old (21-07-2005),"1,97m",Poland,Midfielder,Second Striker,right,1,57.0,-,-,-,-,66.7,-,-,6.24,"Jun 30, 2028",€300k,1,-,-,-,-,1,-,-,1,-,-,-,2,2,3,-,3,-,-,-,-,-,1,-,1,-,-,1,-,-,-,-,12,-,-,8,4,-,-,-,-,-,-,-,-,-,-
2236,Drissa Camara,Parma Calcio 1913,SerieA,23 years old (18-02-2002),"1,79m",Ivory Coast,Midfielder,Central Midfield,right,1(18),384.0,-,-,3,-,77.1,0.2,-,6.24,"Jun 30, 2025",€1.80m,0.8,-,-,-,-,0.8,0.5,0.3,-,1.4,0.5,0.8,0.6,0.1,0.7,0.2,0.5,0.5,0.4,0.9,0.1,0.7,0.8,0.1,0.1,-,-,0.3,-,-,-,-,8.3,0.2,0.4,6.2,1.5,0.2,-,0.2,-,-,-,-,-,-,-
2237,Antonio Sanabria,Torino FC,SerieA,29 years old (04-03-1996),"1,80m",Paraguay,Forward,Centre-Forward,right,15(9),1254.0,2,1,2,-,79.1,0.9,-,6.24,"Jun 30, 2026",€4.00m,0.8,0.1,-,0.1,-,0.8,0.5,0.2,0.1,0.4,0.2,0.2,1.3,0.9,3.2,0.9,2.3,0.1,0.1,0.3,-,0.5,0.7,-,0.5,-,-,0.2,-,-,-,-,10.6,0.1,0.1,8.3,2.1,0.4,-,0.4,-,-,-,-,-,-,-
2238,Matteo Prati,Cagliari Calcio,SerieA,21 years old (28-12-2003),"1,85m",,Defensive Midfielder (C),Defensive Midfield,right,8(3),558.0,-,-,1,-,72.4,-,-,6.24,"Jun 30, 2028",€7.00m,0.3,-,-,-,-,0.3,-,0.3,-,0.8,0.5,0.3,0.4,0.2,0.6,-,0.6,0.9,0.7,1.6,0.6,0.5,0.7,-,0.9,0.2,-,0.3,-,-,-,-,21.1,1.5,3.5,13.7,2.4,0.5,0.1,0.5,-,-,-,-,-,-,-
2239,Alieu Njie,Torino FC,SerieA,19 years old (14-05-2005),"1,85m",Sweden,Forward,Left Winger,right,0(16),381.0,1,-,1,-,69.9,0.8,-,6.24,"Jun 30, 2027",€2.50m,0.6,0.1,0.1,-,-,0.6,0.3,0.3,0.1,1.2,0.8,0.4,0.9,0.6,1.9,0.8,1.1,0.3,0.2,0.5,-,0.8,0.8,0.1,0.1,0.1,-,0.3,-,-,-,-,5.2,0.2,0.1,3.4,1.4,0.3,-,0.3,-,-,-,-,-,-,-
2240,Franco Carboni,Venezia FC,SerieA,22 years old (04-04-2003),"1,90m",Argentina,Defender,Left-Back,left,3(5),224.0,-,-,2,-,71.6,0.3,-,6.24,"Jun 30, 2025",€1.00m,0.1,-,-,-,-,0.1,-,0.1,-,0.8,0.5,0.3,0.5,0.4,0.6,0.3,0.4,0.6,0.4,1,-,0.3,0.4,-,1.1,0.1,0.3,-,-,-,-,-,9.3,0.4,1.3,6.3,1.4,0.3,-,0.3,-,-,-,-,-,-,-
2241,Jonathan Ikoné,Como 1907,SerieA,26 years old (02-05-1998),"1,75m",France,"Attacking Midfielder (Centre, Left, Right), Forward",Right Winger,left,1(13),325.0,-,-,-,-,85.1,-,-,6.23,"Jun 30, 2025",€8.00m,0.6,-,-,-,-,0.6,0.6,0.1,-,1.2,0.7,0.5,0.3,0.5,0.4,-,0.4,0.4,0.1,0.5,0.1,0.5,0.2,-,-,-,0.1,0.2,-,-,-,-,7.2,0.1,0.1,6,1,0.1,-,0.1,-,-,-,-,-,-,-
2242,Alberto Costa,Juventus FC,SerieA,21 years old (29-09-2003),"1,86m",,Defender (Right),Right-Back,right,0(5),116.0,-,-,1,-,87.4,0.2,-,6.23,"Jun 30, 2029",€10.00m,0.4,-,-,-,-,0.4,0.4,-,-,1.2,1,0.2,0.6,-,0.6,0.2,0.4,1.2,0.2,1.4,0.2,0.2,0.8,-,0.6,-,-,0.8,-,-,-,-,17.4,0.4,0.2,14.8,2,0.2,-,0.2,-,-,-,-,-,-,-
2243,Danilo D'Ambrosio,AC Monza,SerieA,36 years old (09-09-1988),"1,80m",Italy,"Defender (Centre, Left, Right), Midfielder (Left, Right)",Centre-Back,right,12(8),1095.0,-,1,2,1,88.3,0.8,-,6.23,"Jun 30, 2025",€800k,0.5,-,-,-,-,0.5,0.3,0.1,0.1,0.4,0.3,0.1,0.8,0.1,2,0.8,1.2,1.4,0.5,1.9,0.8,0.6,0.9,0.2,1.8,0.4,0.1,0.2,-,-,-,-,30.3,1.4,1.3,25.3,2.3,0.3,-,0.3,0.1,-,-,-,-,-,0.1
2244,Danilo Veiga,US Lecce,SerieA,22 years old (25-09-2002),"1,83m",Portugal,"Defender (Right), Midfielder (Right)",Right-Back,right,2(7),271.0,-,-,-,-,66.2,0.3,-,6.23,"Jun 30, 2027",€1.00m,0.3,-,-,-,-,0.3,0.1,0.1,0.1,1.1,0.6,0.6,0.6,0.4,1,0.3,0.7,0.8,0.6,1.3,0.4,0.7,0.7,-,0.6,-,0.1,0.6,-,-,-,-,8.6,0.1,0.8,5.6,2.1,0.7,0.2,0.4,-,-,-,-,-,-,-
2245,Issa Doumbia,Venezia FC,SerieA,21 years old (16-10-2003),"1,87m",Italy,Midfielder (Centre),Central Midfield,right,9(11),823.0,-,-,-,-,77.5,0.9,-,6.23,"Jun 30, 2029",€2.00m,0.7,-,-,-,-,0.7,0.4,0.3,0.1,0.7,0.3,0.5,1.1,0.8,1.8,0.9,0.9,0.7,0.4,1,0.4,0.5,0.8,-,0.6,0.2,0.1,0.6,-,-,-,-,11.5,0.1,0.5,8.9,2.1,0.2,-,0.2,-,-,-,-,-,-,-
2246,Marco Palestra,Atalanta BC,SerieA,20 years old (03-03-2005),"1,86m",Italy,Midfielder,Right Midfield,right,0(7),99.0,-,-,-,-,82.1,0.1,-,6.23,-,€3.00m,-,-,-,-,-,-,-,-,-,0.9,0.7,0.1,0.3,-,0.3,0.1,0.1,0.7,-,0.7,-,0.9,0.1,-,0.4,-,-,0.3,-,-,-,-,8,-,0.1,6.6,1.3,0.3,-,0.3,-,-,-,-,-,-,-
2247,Mattia De Sciglio,FC Empoli,SerieA,32 years old (20-10-1992),"1,83m",Italy,"Defender (Centre, Left, Right), Midfielder (Left, Right)",Right-Back,right,8(9),765.0,1,-,-,1,77.7,0.4,-,6.22,"Jun 30, 2025",€1.00m,0.3,0.1,0.1,-,-,0.3,0.1,0.1,0.1,0.2,0.2,0.1,0.3,0.2,0.5,0.4,0.1,1.1,0.2,1.2,0.5,0.3,0.5,-,1.9,0.2,0.2,0.4,-,-,-,-,15.5,1.1,1.5,11,2,0.2,0.1,0.1,-,-,-,-,-,-,-
2248,Rui Modesto,Udinese Calcio,SerieA,25 years old (07-10-1999),"1,81m",Angola,Midfielder,Right Midfield,right,2(15),397.0,-,-,1,-,71.2,0.4,-,6.22,"Jun 30, 2029",€1.80m,0.1,-,-,-,-,0.1,0.1,-,-,0.4,0.3,0.1,0.4,0.1,0.8,0.4,0.4,0.7,0.1,0.8,0.4,0.3,0.5,0.1,0.6,-,-,0.3,-,-,-,-,8.6,0.3,0.6,5.8,1.8,0.3,-,0.3,-,-,-,-,-,-,-
2249,Federico Barba,FC Sion,SerieA,31 years old (01-09-1993),187cm,Italy,"Defender (Centre, Left)",,,5(2),431.0,-,-,-,-,89.3,0.7,-,6.22,,,0.3,-,-,-,-,0.3,0.3,-,-,-,-,-,0.1,0.1,1.9,0.7,1.1,0.3,0.4,0.7,0.6,0.1,0.4,-,2.1,0.3,-,-,-,-,-,-,40,1.3,1.6,34.4,2.7,-,-,-,-,-,-,-,-,-,-
2250,Jean Onana,Genoa CFC,SerieA,25 years old (08-01-2000),"1,89m",Cameroon,Defensive Midfielder (C),Defensive Midfield,right,1(6),185.0,-,-,-,-,82.1,0.7,-,6.22,"Jun 30, 2025",€3.00m,0.1,-,-,-,-,0.1,-,0.1,-,0.4,0.3,0.1,0.7,0.7,1.7,0.7,1,1.3,0.4,1.7,0.3,0.1,0.9,-,1,-,0.1,0.4,-,-,-,-,12,0.4,0.9,9.4,1.3,0.3,-,0.3,-,-,-,-,-,-,-
2251,Vasilije Adzic,Juventus FC,SerieA,18 years old (12-05-2006),"1,85m",Montenegro,Midfielder,Attacking Midfield,right,0(3),24.0,-,-,-,-,75,0.7,-,6.22,"Jun 30, 2029",€3.00m,0.3,-,-,-,-,0.3,-,0.3,-,0.3,0.3,-,-,0.3,1.3,0.7,0.7,0.7,0.3,1,-,-,0.3,-,-,-,-,-,-,-,-,-,5.3,-,-,4,1.3,-,-,-,-,-,-,-,-,-,-
2252,Cyril Ngonge,SSC Napoli,SerieA,24 years old (26-05-2000),"1,80m",Belgium,"Attacking Midfielder (Centre, Right), Forward",Right Winger,left,1(14),186.0,-,-,2,-,85.3,0.3,-,6.22,"Jun 30, 2028",€10.00m,0.8,-,-,-,-,0.8,0.4,0.4,-,1.3,0.9,0.5,0.3,0.5,0.5,0.3,0.3,0.5,0.1,0.7,0.1,0.9,0.5,0.1,0.3,-,-,0.2,-,-,-,-,4.5,0.1,0.1,3.8,0.6,0.2,0.1,0.1,-,-,-,-,-,-,-
2253,Andy Pelmard,UD Las Palmas,SerieA,25 years old (12-03-2000),181cm,France,"Defender (Centre, Right)",,,1(2),127.0,-,-,1,-,80.8,-,-,6.21,,,-,-,-,-,-,-,-,-,-,0.3,-,0.3,-,-,0.3,-,0.3,2,-,2,-,-,0.7,-,1.3,-,0.3,0.3,-,-,-,-,8.7,1,0.7,6,1,-,-,-,-,-,-,-,-,-,-
2254,Oier Zarraga,Udinese Calcio,SerieA,26 years old (04-01-1999),"1,75m",Spain,"Defensive Midfielder (C), Midfielder (Right)",Central Midfield,right,6(12),643.0,-,-,-,-,87.8,0.2,-,6.21,"Jun 30, 2027",€2.00m,0.2,-,-,-,-,0.2,-,0.2,-,0.3,0.2,0.1,0.4,0.2,0.8,0.2,0.6,0.8,0.6,1.3,0.1,0.3,0.5,-,0.3,0.2,-,0.2,-,-,-,-,10.9,0.4,0.3,9.2,1,0.3,-,0.3,-,-,-,-,-,-,-
2255,John Yeboah,Venezia FC,SerieA,24 years old (23-06-2000),"1,70m",Ecuador,"Attacking Midfielder (Right), Forward",Attacking Midfield,left,7(22),906.0,1,1,6,-,76.8,0.2,-,6.21,"Jun 30, 2028",€2.50m,0.8,-,-,-,-,0.8,0.4,0.3,0.1,1.7,1,0.7,1.3,0.8,0.4,0.2,0.3,0.1,0.3,0.4,0.1,0.6,0.4,0.1,0.1,-,-,0.1,-,-,-,-,8.3,0.1,0.1,6.2,1.8,0.6,0.1,0.5,-,-,-,-,-,-,-
2256,Daniel Maldini,Atalanta BC,SerieA,23 years old (11-10-2001),"1,88m",Italy,"Attacking Midfielder (Centre, Left), Forward",Attacking Midfield,right,0(6),118.0,-,-,-,-,58.1,1,-,6.21,"Jun 30, 2029",€10.00m,0.5,-,-,-,-,0.5,0.3,0.2,-,1.5,1,0.5,0.3,0.5,1.5,1,0.5,0.2,-,0.2,-,1,0.2,0.2,-,-,-,0.2,-,-,-,-,7.2,0.2,-,4,3,-,-,-,-,-,-,-,-,-,-
2257,Reda Belahyane,SS Lazio,SerieA,20 years old (01-06-2004),"1,73m",France,Defensive Midfielder (C),Defensive Midfield,right,1(5),191.0,-,-,-,1,90.3,0.3,-,6.21,"Jun 30, 2029",€10.00m,-,-,-,-,-,-,-,-,-,1,0.5,0.5,1,0.3,0.3,0.3,-,1.3,-,1.3,0.2,0.2,0.7,-,0.8,0.3,-,0.2,-,-,-,-,15.5,0.5,0.5,13.5,1,-,-,-,-,-,-,-,-,-,-
2258,Jonas Rouhi,Juventus FC,SerieA,21 years old (07-01-2004),"1,83m",Sweden,Defender,Left-Back,left,1(4),208.0,-,-,-,-,78.8,-,-,6.21,"Jun 30, 2028",€2.00m,-,-,-,-,-,-,-,-,-,1,0.6,0.4,1,1,0.8,-,0.8,0.8,0.2,1,0.6,0.4,0.8,-,0.2,-,0.2,0.4,-,-,-,-,27.4,0.4,1.8,21.2,4,-,-,-,-,-,-,-,-,-,-
2259,Nicolas Haas,FC Empoli,SerieA,29 years old (23-01-1996),"1,78m",Switzerland,Defensive Midfielder (C),Central Midfield,right,2(8),281.0,-,-,1,-,82.4,0.3,-,6.21,"Jun 30, 2025",€700k,0.1,-,-,-,-,0.1,-,0.1,-,0.1,0.1,-,0.3,0.3,0.8,0.3,0.5,1.1,0.4,1.5,0.4,0.3,1.1,-,0.5,0.1,0.1,0.1,-,-,-,-,11.9,0.2,0.8,9.6,1.3,0.2,-,0.2,-,-,-,-,-,-,-
2260,Davide Faraoni,Hellas Verona,SerieA,33 years old (25-10-1991),"1,80m",Italy,"Defender (Right), Midfielder (Right)",Right-Back,right,4(5),258.0,-,-,1,-,73.5,0.1,-,6.21,"Jun 30, 2025",€1.00m,0.1,-,-,-,-,0.1,-,-,0.1,0.1,0.1,-,0.3,-,1.1,0.1,1,1.1,0.7,1.8,0.2,0.1,0.8,0.2,1.2,0.3,0.1,0.4,-,-,-,-,7.6,0.1,0.7,5.4,1.3,0.2,-,0.2,-,-,-,-,-,-,-
2261,Mohamed Kaba,US Lecce,SerieA,23 years old (27-10-2001),"1,85m",France,Midfielder (Centre),Central Midfield,right,1(11),337.0,-,-,1,-,79.4,0.7,-,6.21,"Jun 30, 2027",€2.30m,0.3,-,-,-,-,0.3,0.3,-,-,0.4,0.3,0.1,0.9,0.4,1.5,0.7,0.8,1,0.1,1.1,0.3,0.7,0.4,-,0.8,0.3,-,0.6,-,-,-,-,11.8,0.3,0.4,9,2,0.1,-,0.1,-,-,-,-,-,-,-
2262,Mateusz Wieteska,PAOK Thessaloniki FC,SerieA,28 years old (11-02-1997),187cm,Poland,Defender (Centre),,,1(4),182.0,-,-,1,-,86.3,0.4,-,6.2,,,0.2,-,-,-,-,0.2,0.2,-,-,-,-,-,0.2,-,1.8,0.4,1.4,0.2,-,0.2,1.4,-,0.8,-,1,0.4,0.2,0.2,-,-,-,-,19,1.2,1.2,15.2,1.4,0.2,-,0.2,-,-,-,-,-,-,-
2263,Honest Ahanor,Genoa CFC,SerieA,17 years old (23-02-2008),"1,84m",Italy,Defender,Left-Back,left,2(2),174.0,-,-,-,-,71.1,0.3,-,6.2,"Jun 30, 2027",€3.00m,0.5,-,-,-,-,0.5,0.5,-,-,0.3,0.3,-,1.3,0.3,0.8,0.3,0.5,1,0.5,1.5,-,1.3,-,-,0.8,-,-,0.3,-,-,-,-,9.5,0.5,0.5,6.3,2.3,0.3,-,0.3,-,-,-,-,-,-,-
2264,Nicolò Zaniolo,ACF Fiorentina,SerieA,25 years old (02-07-1999),"1,90m",Italy,"Attacking Midfielder (Centre, Left, Right), Forward",Attacking Midfield,left,3(5),281.0,-,-,2,-,75,0.4,-,6.2,"Jun 30, 2025",€16.00m,1,-,-,-,-,1,0.4,0.6,-,1.9,1.1,0.8,1.8,1.1,1.6,0.4,1.3,0.3,0.3,0.5,-,1.8,1.4,0.4,0.1,0.1,-,0.1,-,-,-,-,7,0.4,0.1,4.9,1.6,0.4,-,0.4,-,-,-,-,-,-,-
2265,Antonio Candela,Real Valladolid CF,SerieA,25 years old (27-04-2000),185cm,Italy,"Defender (Centre, Right), Midfielder (Right)",,,12(2),1013.0,-,1,2,-,77.9,1,-,6.2,,,0.4,-,-,-,-,0.4,0.2,0.1,-,0.9,0.4,0.4,1.2,0.7,1.9,1,0.9,2.2,0.6,2.8,0.6,0.3,1,-,1.4,0.4,0.2,0.1,-,-,-,-,23.6,0.5,1.2,17.9,4,0.6,0.1,0.6,0.1,-,-,-,-,-,0.1
2266,Kevin Martins,AC Monza,SerieA,20 years old (31-01-2005),"1,80m",Italy,Forward,Right Winger,right,1(8),178.0,-,1,1,-,73.3,0.2,-,6.2,"Jun 30, 2027",€1.50m,-,-,-,-,-,-,-,-,-,0.7,0.2,0.4,0.9,0.1,0.3,0.2,0.1,0.6,0.3,0.9,0.1,0.4,0.3,-,0.2,-,0.2,0.1,-,-,-,-,5,0.1,0.1,3.6,1.2,0.2,-,0.2,0.1,0.1,-,-,-,-,-
2267,Jeff Ekhator,Genoa CFC,SerieA,18 years old (11-11-2006),"1,88m",Italy,Forward,Centre-Forward,right,6(16),728.0,1,1,1,-,71.2,0.7,-,6.2,"Jun 30, 2029",€5.00m,0.5,-,-,-,-,0.5,0.4,0.1,-,0.6,0.4,0.2,1.5,0.4,2.2,0.7,1.5,0.3,0.2,0.5,0.1,0.5,0.6,0.1,0.2,-,-,0.4,-,-,-,-,6.6,0.1,-,4.6,1.9,0.5,-,0.5,-,-,-,-,-,-,-
2268,Joël Schingtienne,Venezia FC,SerieA,22 years old (14-08-2002),"1,88m",Belgium,"Defender (Centre, Right)",Centre-Back,right,8(4),781.0,-,-,2,-,86.3,0.3,-,6.2,"Jun 30, 2029",€3.00m,-,-,-,-,-,-,-,-,-,0.8,0.3,0.4,1.2,0.3,1,0.3,0.7,1.7,0.5,2.2,0.9,0.1,0.4,-,1.4,0.5,-,0.7,-,-,-,-,25.5,0.5,0.8,21.5,2.8,0.2,-,0.2,-,-,-,-,-,-,-
2269,Alphadjo Cissè,Hellas Verona,SerieA,18 years old (22-10-2006),"1,81m",,Forward,Attacking Midfield,,0(2),7.0,-,-,-,-,75,0.5,-,6.2,-,€1.40m,1,-,-,-,-,1,-,1,-,-,-,-,-,-,0.5,0.5,-,-,-,-,-,-,0.5,-,-,-,-,-,-,-,-,-,4,-,-,3,1,-,-,-,-,-,-,-,-,-,-
2270,Cher Ndour,ACF Fiorentina,SerieA,20 years old (27-07-2004),"1,90m",Italy,Defensive Midfielder (C),Central Midfield,both,2(3),245.0,-,-,-,-,78.8,2.2,-,6.19,"Jun 30, 2029",€5.00m,0.2,-,-,-,-,0.2,0.2,-,-,0.4,0.4,-,0.6,0.8,4.6,2.2,2.4,0.6,1,1.6,0.4,1.2,0.6,-,0.8,0.2,-,0.6,-,-,-,-,23.6,0.2,0.4,18.4,4.6,0.2,-,0.2,-,-,-,-,-,-,-
2271,Tajon Buchanan,Villarreal CF,SerieA,26 years old (08-02-1999),183cm,Canada,"Defender (Right), Midfielder (Centre, Left, Right)",,,0(6),89.0,-,-,-,-,87.5,0.2,-,6.19,,,-,-,-,-,-,-,-,-,-,1.5,1,0.5,0.3,0.3,0.2,0.2,-,0.5,0.2,0.7,-,0.7,0.3,-,0.3,-,0.2,-,-,-,-,-,6.7,-,0.2,5.8,0.7,0.2,-,0.2,-,-,-,-,-,-,-
2272,Junior Sambia,FC Empoli,SerieA,28 years old (07-09-1996),"1,85m",France,"Defender (Right), Midfielder (Centre, Left, Right)",Right-Back,right,2(12),311.0,-,-,-,-,71.4,0.4,-,6.19,"Jun 30, 2025",€1.40m,0.5,-,-,-,-,0.5,0.2,0.3,-,0.8,0.5,0.3,0.5,0.4,0.8,0.4,0.4,0.9,-,0.9,0.1,0.2,0.2,-,0.2,-,0.1,0.1,-,-,-,-,6.5,0.3,0.4,4.4,1.4,0.3,0.1,0.1,-,-,-,-,-,-,-
2273,Lior Kassa,Genoa CFC,SerieA,19 years old (27-09-2005),"1,85m",Israel,Midfielder,Defensive Midfield,right,2(5),205.0,-,-,2,-,85,0.1,-,6.19,"Jun 30, 2025",€1.50m,0.7,-,-,-,-,0.7,0.3,0.3,0.1,0.7,0.6,0.1,0.9,0.1,0.6,0.1,0.4,0.6,0.4,1,0.3,0.4,0.6,-,0.3,0.1,-,0.4,-,-,-,-,8.6,1,0.7,6.3,0.6,0.3,0.1,0.1,-,-,-,-,-,-,-
2274,Daniele Baselli,Como 1907,SerieA,33 years old (12-03-1992),182cm,Italy,Midfielder (Centre),,,1(1),23.0,-,-,-,-,88.9,-,-,6.19,,,-,-,-,-,-,-,-,-,-,-,-,-,0.5,-,0.5,-,0.5,-,-,-,0.5,0.5,-,-,0.5,-,-,-,-,-,-,-,13.5,0.5,-,11.5,1.5,-,-,-,-,-,-,-,-,-,-
2275,Iker Bravo,Udinese Calcio,SerieA,20 years old (13-01-2005),"1,82m",Spain,Forward,Centre-Forward,right,4(22),620.0,2,1,3,-,83.9,0.4,-,6.19,"Jun 30, 2028",€2.50m,0.5,0.1,-,-,-,0.5,0.3,0.2,-,1,0.7,0.4,1.1,0.5,1.4,0.4,1,0.3,0.2,0.5,-,0.4,0.5,-,0.1,-,-,0.1,-,-,-,-,6.5,0.2,0.1,5.2,0.9,0.2,-,0.2,-,-,-,-,-,-,-
2276,Adrien Tameze,Torino FC,SerieA,31 years old (04-02-1994),"1,82m",France,"Defender (Centre), Midfielder (Centre)",Defensive Midfield,right,9(11),648.0,-,-,3,-,87.9,0.6,-,6.18,"Jun 30, 2026",€3.50m,0.4,-,-,-,-,0.4,0.2,0.1,0.1,0.8,0.6,0.2,0.5,0.2,1,0.6,0.4,0.3,0.5,0.7,0.5,0.2,0.4,-,0.2,0.3,0.2,0.2,-,-,-,-,14.5,0.6,0.2,12.2,1.6,0.3,-,0.3,-,-,-,-,-,-,-
2277,Giovanni Fabbian,Bologna FC 1909,SerieA,22 years old (14-01-2003),"1,86m",Italy,Attacking Midfielder (Centre),Attacking Midfield,right,8(20),951.0,3,1,2,-,74.6,0.6,-,6.18,"Jun 30, 2028",€13.00m,0.7,0.1,-,0.1,-,0.7,0.6,-,0.1,0.5,0.4,-,1.1,0.6,1.9,0.6,1.2,0.4,0.2,0.6,0.1,0.8,0.8,-,0.1,0.1,-,0.2,-,-,-,-,6.3,0.1,0.2,4.6,1.4,0.3,-,0.3,-,-,-,-,-,-,-
2278,Gianluca Lapadula,Spezia,SerieA,35 years old (07-02-1990),178cm,Peru,Forward,,,1(11),303.0,-,-,1,-,63.3,0.9,-,6.18,,,1.3,-,-,-,-,1.3,1,0.2,0.1,0.2,-,0.2,0.5,0.1,1.6,0.9,0.7,0.2,0.1,0.3,-,0.1,0.8,0.1,0.1,-,-,-,-,-,-,-,5,-,0.1,3.2,1.8,0.3,-,0.3,-,-,-,-,-,-,-
2279,Lorenzo Anghelè,Juventus FC,SerieA,20 years old (26-02-2005),,,Forward,,,0(1),5.0,-,-,-,-,100,-,-,6.18,,,-,-,-,-,-,-,-,-,-,1,-,1,-,-,2,-,2,-,-,-,-,-,-,-,-,-,-,-,-,-,-,-,4,1,-,3,-,-,-,-,-,-,-,-,-,-,-
2280,Mitchel Bakker,LOSC Lille,SerieA,24 years old (20-06-2000),185cm,Netherlands,"Defender (Left), Midfielder (Left, Right)",,,0(1),21.0,-,-,-,-,87.5,1,-,6.18,,,-,-,-,-,-,-,-,-,-,-,-,-,-,-,2,1,1,1,-,1,-,-,1,-,-,-,-,-,-,-,-,-,8,-,-,7,1,-,-,-,-,-,-,-,-,-,-
2281,Jesper Karlsson,US Lecce,SerieA,26 years old (25-07-1998),"1,79m",Sweden,"Attacking Midfielder (Left, Right), Forward",Left Winger,right,4(7),393.0,1,-,2,-,78.9,0.1,-,6.18,"Jun 30, 2025",€4.50m,0.9,0.1,-,0.1,-,0.9,0.3,0.5,0.1,0.6,0.3,0.4,0.6,0.5,0.6,0.1,0.5,0.3,0.5,0.7,-,-,0.3,-,0.2,-,0.1,0.1,-,-,-,-,9.9,0.1,0.3,7.7,1.8,0.5,0.1,0.4,-,-,-,-,-,-,-
2282,Ola Solbakken,FC Empoli,SerieA,26 years old (07-09-1998),"1,89m",Norway,"Attacking Midfielder (Centre, Right)",Right Winger,left,7(11),676.0,-,-,1,-,70.4,0.5,-,6.18,"Jun 30, 2025",€2.50m,0.2,-,-,-,-,0.2,0.2,-,-,0.7,0.4,0.3,0.7,0.4,1.5,0.5,1,0.3,0.2,0.5,0.1,0.1,0.4,0.1,0.4,-,-,-,-,-,-,-,8.8,0.4,0.2,5.8,2.4,0.4,-,0.4,-,-,-,-,-,-,-
2283,Marco Sala,US Lecce,SerieA,25 years old (04-06-1999),"1,82m",Italy,Defender,Left-Back,left,0(2),71.0,-,-,-,-,81.8,-,-,6.18,"Jun 30, 2025",€1.00m,-,-,-,-,-,-,-,-,-,-,-,-,-,-,1,-,1,0.5,0.5,1,-,0.5,0.5,-,-,-,-,0.5,-,-,-,-,16.5,-,0.5,13.5,2.5,0.5,-,0.5,-,-,-,-,-,-,-
2284,Federico Cassa,Atalanta BC,SerieA,19 years old (01-02-2006),176cm,,Midfielder,,,0(2),12.0,-,-,-,-,83.3,-,-,6.18,,,-,-,-,-,-,-,-,-,-,0.5,0.5,-,-,-,0.5,-,0.5,-,-,-,-,0.5,1,-,-,-,-,0.5,-,-,-,-,3,-,-,2.5,0.5,-,-,-,-,-,-,-,-,-,-
2285,Marcus Pedersen,Torino FC,SerieA,24 years old (16-07-2000),"1,84m",Norway,"Defender (Left, Right), Midfielder (Right)",Right Midfield,right,15(12),1355.0,-,-,3,-,77.8,0.2,-,6.17,"Jun 30, 2025",€3.50m,0.3,-,-,-,-,0.3,0.2,0.1,-,0.9,0.7,0.2,0.8,0.4,0.9,0.2,0.7,0.4,0.2,0.7,0.5,0.2,0.6,0.1,0.9,0.1,0.3,0.3,-,-,-,-,13.5,0.6,0.5,10,2.5,0.3,0.1,0.1,-,-,-,-,-,-,-
2286,Ante Rebic,US Lecce,SerieA,31 years old (21-09-1993),"1,85m",Croatia,"Attacking Midfielder (Centre, Left, Right), Forward",Left Winger,right,7(19),736.0,1,-,3,1,65.7,1,-,6.17,"Jun 30, 2025",€1.50m,0.5,-,-,-,-,0.5,0.3,0.1,-,1.1,0.8,0.3,1.4,0.5,2.3,1,1.3,0.4,0.2,0.6,0.1,0.5,0.7,0.2,0.2,-,-,0.2,-,-,-,-,9.8,0.2,0.2,6.3,3.2,0.7,0.1,0.5,-,-,-,-,-,-,-
2287,Gianluca Scamacca,Atalanta BC,SerieA,26 years old (01-01-1999),"1,95m",Italy,Forward,Centre-Forward,right,0(1),5.0,-,-,-,-,100,-,-,6.17,"Jun 30, 2027",€24.00m,1,-,-,-,-,1,1,-,-,-,-,-,-,-,-,-,-,-,-,-,-,-,-,-,-,-,-,-,-,-,-,-,1,-,-,1,-,-,-,-,-,-,-,-,-,-,-
2288,Kevin Zeroli,AC Monza,SerieA,20 years old (11-01-2005),"1,87m",Italy,Midfielder,Central Midfield,right,0(1),11.0,-,-,-,-,100,-,-,6.17,"Jun 30, 2025",€3.50m,-,-,-,-,-,-,-,-,-,-,-,-,-,1,-,-,-,1,-,1,-,-,-,-,-,-,-,-,-,-,-,-,9,-,-,9,-,-,-,-,-,-,-,-,-,-,-
2289,Tommaso Rubino,ACF Fiorentina,SerieA,18 years old (10-11-2006),170cm,,Midfielder,,,0(1),7.0,-,-,-,-,33.3,-,-,6.17,,,-,-,-,-,-,-,-,-,-,-,-,-,-,-,-,-,-,-,1,1,-,-,1,-,-,-,-,-,-,-,-,-,3,-,-,1,2,1,-,1,-,-,-,-,-,-,-
2290,Riccardo Sottil,AC Milan,SerieA,25 years old (03-06-1999),"1,80m",Italy,"Attacking Midfielder (Left, Right)",Left Winger,right,1(4),116.0,-,-,-,-,85.7,0.2,-,6.17,"Jun 30, 2025",€6.00m,0.4,-,-,-,-,0.4,0.2,-,0.2,0.8,0.6,0.2,0.6,0.2,0.2,0.2,-,0.2,-,0.2,-,0.6,0.2,-,-,-,-,-,-,-,-,-,8.4,0.2,0.4,7,0.8,0.4,-,0.4,-,-,-,-,-,-,-
2291,Ibrahim Sulemana,Atalanta BC,SerieA,21 years old (22-05-2003),"1,80m",Ghana,Defensive Midfielder (C),Defensive Midfield,right,1(5),122.0,-,-,1,-,87.6,0.8,-,6.17,"Jun 30, 2028",€6.00m,-,-,-,-,-,-,-,-,-,0.2,0.2,-,0.7,0.3,1.2,0.8,0.3,0.8,0.3,1.2,-,0.3,0.3,-,0.2,-,-,0.2,-,-,-,-,18.8,0.2,-,16.3,2.3,-,-,-,-,-,-,-,-,-,-
2292,Gastón Pereiro,Bari,SerieA,29 years old (11-06-1995),188cm,Uruguay,"Attacking Midfielder (Centre, Left, Right), Forward",,,0(2),29.0,-,-,-,-,78.6,0.5,-,6.16,,,-,-,-,-,-,-,-,-,-,-,-,-,-,-,1,0.5,0.5,0.5,-,0.5,-,0.5,-,-,0.5,-,-,-,-,-,-,-,7,-,0.5,5.5,1,-,-,-,-,-,-,-,-,-,-
2293,Kacper Urbanski,AC Monza,SerieA,20 years old (07-09-2004),"1,83m",Poland,"Attacking Midfielder (Centre, Left)",Central Midfield,right,6(2),502.0,-,-,1,-,87.7,0.8,-,6.16,"Jun 30, 2025",€7.00m,0.6,-,-,-,-,0.6,0.3,0.4,-,1,0.6,0.4,0.8,1.3,2.4,0.8,1.6,0.6,0.4,1,0.3,0.5,1,-,1,0.3,0.1,0.6,-,-,-,-,30.5,1.8,0.3,25,3.5,0.5,-,0.5,-,-,-,-,-,-,-
2294,Kevin Bonifazi,US Lecce,SerieA,28 years old (19-05-1996),187cm,Italy,Defender (Centre),,,0(3),62.0,-,-,-,-,88.1,0.3,-,6.16,,,-,-,-,-,-,-,-,-,-,0.7,0.3,0.3,0.7,-,0.7,0.3,0.3,0.3,-,0.3,0.7,-,-,-,1,0.3,-,-,-,-,-,-,14,-,1,12.3,0.7,-,-,-,-,-,-,-,-,-,-
2295,Jesper Karlsson,US Lecce,SerieA,26 years old (25-07-1998),"1,79m",Sweden,"Attacking Midfielder (Left, Right), Forward",Left Winger,right,3(4),297.0,1,-,1,-,76.7,0.3,-,6.16,"Jun 30, 2025",€4.50m,0.9,0.1,-,0.1,-,0.9,0.4,0.4,-,0.9,0.6,0.3,0.9,1.3,0.9,0.3,0.6,0.1,0.3,0.4,-,0.6,0.9,0.1,0.3,-,0.1,0.6,-,-,-,-,12.9,-,0.1,9.9,2.9,0.3,-,0.3,-,-,-,-,-,-,-
2296,Rémi Oudin,Sampdoria,SerieA,28 years old (18-11-1996),185cm,France,"Midfielder (Centre, Left, Right), Forward",,,3(8),295.0,-,-,1,-,77.2,0.1,-,6.16,,,0.3,-,-,-,-,0.3,-,0.3,-,0.5,0.3,0.3,0.5,0.3,0.2,0.1,0.1,0.3,0.2,0.5,0.2,0.1,0.2,-,0.1,0.2,-,0.4,-,-,-,-,10.4,1.1,0.6,6.9,1.7,0.5,0.2,0.4,-,-,-,-,-,-,-
2297,Brooke Norton-Cuffy,Genoa CFC,SerieA,21 years old (12-01-2004),"1,81m",England,"Defender (Right), Midfielder (Right)",Right-Back,right,4(6),374.0,-,-,-,-,75.4,0.6,-,6.16,"Jun 30, 2029",€3.50m,0.2,-,-,-,-,0.2,0.1,0.1,-,0.9,0.9,-,0.8,0.2,1,0.6,0.4,0.9,0.1,1,0.3,0.1,0.3,-,0.6,-,0.3,0.4,-,-,-,-,12.2,0.6,0.6,8.6,2.4,0.1,-,0.1,-,-,-,-,-,-,-
2298,Filippo Melegoni,Carrarese,SerieA,26 years old (18-02-1999),186cm,Italy,"Midfielder (Centre, Right)",,,1(2),88.0,-,1,-,-,58.3,0.3,-,6.16,,,0.3,-,-,-,-,0.3,-,0.3,-,0.7,0.3,0.3,1,0.3,0.3,0.3,-,0.3,1.3,1.7,-,0.3,-,-,0.7,-,-,-,-,-,-,-,4,-,-,2.3,1.7,0.3,-,0.3,0.3,-,-,0.3,-,-,-
2299,Emil Bohinen,Frosinone,SerieA,26 years old (12-03-1999),189cm,Norway,Defensive Midfielder (C),,,1(2),165.0,-,-,-,-,80.2,1,-,6.15,,,0.7,-,-,-,-,0.7,-,0.7,-,-,-,-,1.3,0.7,1.3,1,0.3,1.3,1,2.3,0.3,1,1,-,2,-,-,0.7,-,-,-,-,28.7,0.7,0.3,22.3,5.3,1,-,1,-,-,-,-,-,-,-
2300,Alessio Iovine,Como 1907,SerieA,34 years old (01-02-1991),"1,74m",Italy,Midfielder,Right Midfield,right,3(6),374.0,-,-,2,-,76.1,0.3,-,6.15,-,€400k,0.1,-,-,-,-,0.1,-,0.1,-,0.1,-,0.1,0.1,-,1.1,0.3,0.8,0.6,0.7,1.2,0.3,0.7,0.6,-,2.1,0.1,0.2,0.7,-,-,-,-,17.7,1.4,2,12,2.2,0.3,0.1,0.2,-,-,-,-,-,-,-
2301,Mathis Lambourde,Hellas Verona,SerieA,19 years old (09-01-2006),"1,79m",France,Forward,Centre-Forward,left,0(7),83.0,1,-,1,-,57.1,0.3,-,6.15,"Jun 30, 2029",€500k,0.3,0.1,-,0.1,-,0.3,0.1,0.1,-,0.4,0.3,0.1,0.4,0.9,0.9,0.3,0.6,0.4,0.3,0.7,-,0.1,0.6,-,0.1,-,-,0.4,-,-,-,-,3,-,-,1.7,1.3,0.1,-,0.1,-,-,-,-,-,-,-
2302,Warren Bondo,AC Milan,SerieA,21 years old (15-09-2003),"1,77m",France,Defensive Midfielder (C),Central Midfield,right,3(1),164.0,-,-,1,-,91.6,0.3,-,6.15,"Jun 30, 2029",€10.00m,0.3,-,-,-,-,0.3,-,0.3,-,0.3,-,0.3,0.5,0.3,0.5,0.3,0.3,1.3,-,1.3,-,1,0.3,-,0.5,-,-,0.3,-,-,-,-,20.8,0.5,-,18.5,1.8,0.3,-,0.3,-,-,-,-,-,-,-
2303,James Abankwah,Watford,SerieA,21 years old (16-01-2004),182cm,Ireland,Defender (Centre),,,0(6),85.0,-,-,1,-,78.3,0.3,-,6.15,,,0.2,-,-,-,-,0.2,0.2,-,-,-,-,-,0.2,0.5,0.7,0.3,0.3,0.7,0.2,0.8,0.2,0.5,0.7,-,0.5,0.2,-,0.2,-,-,-,-,7.7,0.2,1,5.8,0.7,-,-,-,-,-,-,-,-,-,-
2304,Dani Silva,FC Midtjylland,SerieA,25 years old (11-04-2000),180cm,Portugal,Defensive Midfielder (C),,,4(7),405.0,-,-,1,-,85.5,0.6,-,6.15,,,0.2,-,-,-,-,0.2,-,0.2,-,0.1,-,0.1,0.4,0.5,1,0.6,0.4,0.4,0.3,0.6,0.5,0.4,0.4,-,0.6,0.1,0.1,0.1,-,-,-,-,20.6,0.5,0.5,17.1,2.5,0.3,0.1,0.2,-,-,-,-,-,-,-
2305,Francesco Camarda,AC Milan,SerieA,17 years old (10-03-2008),184cm,Italy,Forward,,,1(8),155.0,-,-,-,-,86.7,0.6,-,6.15,,,0.6,-,-,-,-,0.6,0.4,0.1,-,0.8,0.6,0.2,0.7,0.3,1.3,0.6,0.8,0.6,0.4,1,-,0.1,0.7,0.2,0.3,0.1,-,-,-,-,-,-,3.3,-,-,2.9,0.4,0.2,-,0.2,-,-,-,-,-,-,-
2306,Vanja Vlahovic,Atalanta BC,SerieA,21 years old (23-03-2004),184cm,Serbia,Forward,,,0(3),58.0,-,-,-,-,66.7,-,-,6.14,,,0.3,-,-,-,-,0.3,0.3,-,-,0.7,0.7,-,2,0.3,1,-,1,0.3,-,0.3,-,1,-,-,-,-,-,-,-,-,-,-,2,-,-,1.3,0.7,0.7,-,0.7,-,-,-,-,-,-,-
2307,Daniel Oyegoke,Hellas Verona,SerieA,22 years old (03-01-2003),"1,88m",England,"Defender (Centre, Right), Midfielder (Right)",Right-Back,right,0(5),99.0,-,-,1,-,81.5,-,-,6.14,"Jun 30, 2028",€400k,0.2,-,-,-,-,0.2,-,0.2,-,0.6,0.2,0.4,0.4,0.4,0.4,-,0.4,0.4,-,0.4,0.2,-,0.4,-,1.2,-,0.2,0.2,-,-,-,-,5.4,0.2,0.4,4.2,0.6,-,-,-,-,-,-,-,-,-,-
2308,Jacopo Bacci,FC Empoli,SerieA,19 years old (19-06-2005),173cm,Italy,Midfielder,,,0(3),29.0,-,-,-,-,60,0.3,-,6.14,,,-,-,-,-,-,-,-,-,-,-,-,-,-,-,0.3,0.3,-,0.3,-,0.3,0.3,0.3,-,-,0.3,-,-,-,-,-,-,-,3.3,0.3,1,1.7,0.3,-,-,-,-,-,-,-,-,-,-
2309,Arvid Brorsson,AC Monza,SerieA,25 years old (08-05-1999),"1,93m",Sweden,Defender (Centre),Centre-Back,right,1(2),105.0,-,-,-,-,84.8,1,-,6.14,"Jun 30, 2027",€600k,-,-,-,-,-,-,-,-,-,-,-,-,-,-,1.7,1,0.7,0.7,-,0.7,-,-,-,-,4.3,1.3,-,0.3,-,-,-,-,22,0.7,1,18,2.3,-,-,-,-,-,-,-,-,-,-
2310,Simone Verdi,Sassuolo,SerieA,32 years old (12-07-1992),171cm,Italy,"Attacking Midfielder (Centre, Left, Right), Forward",,,0(9),108.0,-,-,1,-,59.1,-,-,6.14,,,0.2,-,-,-,-,0.2,-,0.2,-,0.2,-,0.2,-,0.4,-,-,-,0.2,0.2,0.4,-,0.1,0.1,-,0.1,-,0.1,0.2,-,-,-,-,4.9,0.2,0.3,2.7,1.7,0.7,0.3,0.3,-,-,-,-,-,-,-
2311,Kevin Zeroli,AC Monza,SerieA,20 years old (11-01-2005),"1,87m",Italy,Midfielder,Central Midfield,right,3(3),315.0,-,-,-,-,75,0.7,-,6.14,"Jun 30, 2025",€3.50m,0.8,-,-,-,-,0.8,0.7,0.2,-,0.2,0.2,-,1.2,0.5,1,0.7,0.3,0.8,0.2,1,0.3,0.2,0.5,0.2,1,0.2,0.2,0.8,-,-,-,-,13.3,0.2,0.2,9.8,3.2,0.2,-,0.2,-,-,-,-,-,-,-
2312,Mirko Maric,Venezia FC,SerieA,29 years old (16-05-1995),"1,88m",Croatia,Forward,Centre-Forward,left,4(3),319.0,-,-,-,-,79.8,1.4,-,6.14,"Jun 30, 2025",€700k,0.9,-,-,-,-,0.9,0.7,0.1,-,0.9,0.6,0.3,1.7,0.6,4.4,1.4,3,0.3,0.4,0.7,0.1,0.6,0.4,0.4,1.4,-,-,0.3,-,-,-,-,12.7,0.1,-,10,2.6,0.1,-,0.1,-,-,-,-,-,-,-
2313,Yann Karamoh,Torino FC,SerieA,26 years old (08-07-1998),"1,84m",France,"Attacking Midfielder (Centre, Left, Right), Forward",Left Winger,right,10(19),1042.0,-,1,2,-,72.7,0.2,-,6.14,"Jun 30, 2025",€2.20m,0.9,-,-,-,-,0.9,0.6,0.2,-,1.3,0.9,0.4,0.9,0.9,0.5,0.2,0.3,0.2,0.2,0.3,0.1,0.5,0.4,0.1,0.2,0.1,-,0.3,-,-,-,-,8.7,0.1,0.2,6.2,2.2,0.3,-,0.3,-,-,-,-,-,-,-
2314,Alessandro Gabrielloni,Como 1907,SerieA,30 years old (10-07-1994),"1,78m",Italy,Forward,Centre-Forward,right,0(14),129.0,1,1,1,-,57.4,0.2,-,6.13,"Jun 30, 2027",€1.00m,0.4,0.1,0.1,-,-,0.4,0.1,0.1,0.1,-,-,-,0.1,0.2,1,0.2,0.8,-,0.2,0.2,-,0.3,0.4,0.1,0.1,-,-,-,-,-,-,-,3.4,-,0.1,1.9,1.3,0.3,-,0.3,0.1,-,-,-,-,-,0.1
2315,Bjarki Bjarkason,Venezia FC,SerieA,24 years old (11-05-2000),"1,80m",Iceland,Midfielder,Left Midfield,right,1(8),159.0,-,-,2,-,89.5,-,-,6.13,"Jun 30, 2027",€800k,-,-,-,-,-,-,-,-,-,0.7,0.6,0.1,0.2,-,-,-,-,0.3,0.1,0.4,0.2,0.9,0.2,-,0.4,-,-,0.1,-,-,-,-,8.4,0.1,0.1,7.4,0.8,0.1,-,0.1,-,-,-,-,-,-,-
2316,Alexis Sánchez,Udinese Calcio,SerieA,36 years old (19-12-1988),"1,69m",Chile,"Midfielder (Centre, Left, Right), Forward",Centre-Forward,right,5(5),358.0,-,-,-,-,83.5,0.1,-,6.13,"Jun 30, 2026",€2.00m,0.5,-,-,-,-,0.5,0.3,0.2,-,0.5,0.3,0.2,1.2,0.8,1.2,0.1,1.1,0.3,0.4,0.7,0.3,0.8,0.3,0.4,-,-,-,0.4,-,-,-,-,12.7,0.7,0.2,9.9,1.9,0.2,0.1,0.1,-,-,-,-,-,-,-
2317,Mathias Løvik,Parma Calcio 1913,SerieA,21 years old (06-12-2003),"1,83m",,Defender,Left-Back,left,0(5),81.0,-,-,-,-,81,0.4,-,6.13,"Jun 30, 2029",€5.00m,0.2,-,-,-,-,0.2,0.2,-,-,0.6,0.4,0.2,1,0.2,0.8,0.4,0.4,0.2,0.2,0.4,0.4,-,0.4,-,0.6,0.2,-,-,-,-,-,-,8.4,0.6,0.4,6.2,1.2,0.2,-,0.2,-,-,-,-,-,-,-
2318,Loum Tchaouna,SS Lazio,SerieA,21 years old (08-09-2003),"1,80m",France,"Attacking Midfielder (Centre, Right), Forward",Right Winger,left,6(18),651.0,1,-,2,1,76.3,0.2,-,6.13,"Jun 30, 2029",€10.00m,1,-,-,-,-,1,0.6,0.3,-,0.4,0.2,0.2,1.1,0.3,1.3,0.2,1.1,0.3,0.3,0.6,0.2,0.3,0.4,-,0.5,-,-,0.2,-,-,-,-,8.8,0.2,0.3,6.5,1.8,0.4,-,0.4,-,-,-,-,-,-,-
2319,Christian Gytkjær,Venezia FC,SerieA,34 years old (06-05-1990),"1,85m",Denmark,Forward,Centre-Forward,right,5(21),587.0,2,-,-,-,56.6,0.8,-,6.12,"Jun 30, 2025",€700k,0.5,0.1,-,-,-,0.5,0.3,0.1,0.1,-,-,-,0.6,0.3,2.6,0.8,1.8,0.2,-,0.3,-,0.2,0.3,0.2,0.3,-,-,-,-,-,-,-,5,0.1,-,2.7,2.2,0.2,-,0.2,-,-,-,-,-,-,-
2320,Gaetano Castrovilli,AC Monza,SerieA,28 years old (17-02-1997),"1,87m",Italy,"Midfielder (Centre, Left)",Central Midfield,right,1(8),140.0,-,-,-,-,84.4,-,-,6.12,"Jun 30, 2025",€3.50m,0.2,-,-,-,-,0.2,0.1,0.1,-,0.2,0.1,0.1,0.2,0.4,-,-,-,0.6,0.2,0.8,0.3,0.1,0.4,-,0.1,-,-,0.3,-,-,-,-,8.6,0.4,0.1,6.8,1.2,0.2,-,0.2,-,-,-,-,-,-,-
2321,Alberto Manzoni,Atalanta BC,SerieA,19 years old (25-06-2005),178cm,Italy,Midfielder,,,0(1),5.0,-,-,-,-,91.7,1,-,6.12,,,1,-,-,-,-,1,-,1,-,-,-,-,-,-,1,1,-,-,-,-,-,1,1,-,-,-,-,-,-,-,-,-,12,-,-,11,1,-,-,-,-,-,-,-,-,-,-
2322,Omari Forson,AC Monza,SerieA,20 years old (20-07-2004),"1,79m",England,Forward,Right Winger,left,0(7),107.0,-,-,-,-,88.1,-,-,6.12,"Jun 30, 2028",€2.00m,0.4,-,-,-,-,0.4,-,0.4,-,0.7,0.3,0.4,0.6,0.3,0.1,-,0.1,0.3,0.1,0.4,-,0.3,0.3,0.1,-,-,-,0.3,-,-,-,-,9.6,0.4,-,8,1.1,0.6,-,0.6,-,-,-,-,-,-,-
2323,Faride Alidou,Kaiserslautern,SerieA,23 years old (18-07-2001),186cm,Germany,"Attacking Midfielder (Left, Right)",,,0(3),68.0,-,-,-,-,88.2,0.3,-,6.11,,,0.3,-,-,-,-,0.3,-,0.3,-,1.3,0.7,0.7,0.3,0.3,0.3,0.3,-,-,-,-,0.3,-,0.3,-,0.7,-,0.3,0.3,-,-,-,-,5.7,-,-,5,0.7,0.3,-,0.3,-,-,-,-,-,-,-
2324,Roberto Gagliardini,AC Monza,SerieA,31 years old (07-04-1994),"1,88m",Italy,Defensive Midfielder (C),Central Midfield,right,0(8),174.0,-,-,1,-,87,0.6,-,6.11,"Jun 30, 2025",€2.00m,-,-,-,-,-,-,-,-,-,0.3,0.1,0.1,0.5,0.5,1.4,0.6,0.8,0.4,0.4,0.8,0.3,0.9,0.8,-,0.5,-,-,0.1,-,-,-,-,15.4,0.6,1,12.8,1,0.1,-,0.1,-,-,-,-,-,-,-
2325,Giovanni Simeone,SSC Napoli,SerieA,29 years old (05-07-1995),"1,80m",Argentina,"Attacking Midfielder (Right), Forward",Centre-Forward,right,1(26),365.0,1,1,1,-,72.3,0.3,-,6.11,"Jun 30, 2026",€8.00m,0.5,-,-,-,-,0.5,0.4,0.1,-,0.4,0.2,0.2,0.7,0.4,1.5,0.3,1.2,0.1,0.2,0.3,-,0.6,0.2,0.1,0.2,0.1,-,0.3,-,-,-,-,3.7,-,-,2.7,1,0.3,-,0.3,-,-,-,-,-,-,-
2326,Wylan Cyprien,Parma Calcio 1913,SerieA,30 years old (28-01-1995),180cm,France,Midfielder (Centre),,,0(2),26.0,-,-,-,-,70,-,-,6.11,,,0.5,-,-,-,-,0.5,0.5,-,-,-,-,-,-,-,-,-,-,-,0.5,0.5,0.5,-,-,-,-,-,-,0.5,-,-,-,-,10,1,1,6,2,-,-,-,-,-,-,-,-,-,-
2327,Emmanuel Ekong,Malmoe FF,SerieA,22 years old (25-06-2002),176cm,Sweden,Forward,,,0(15),173.0,-,-,1,-,67.4,0.1,-,6.1,,,0.3,-,-,-,-,0.3,0.1,0.2,-,1.3,0.9,0.5,0.5,0.6,0.6,0.1,0.5,0.3,-,0.3,0.1,0.3,0.2,0.1,0.1,0.1,-,0.1,-,-,-,-,2.9,0.1,0.1,1.9,0.9,0.1,-,0.1,-,-,-,-,-,-,-
2328,Domen Crnigoj,Venezia FC,SerieA,29 years old (18-11-1995),"1,88m",Slovenia,"Attacking Midfielder (Centre, Right)",Central Midfield,right,1(7),131.0,-,-,-,-,54.3,0.3,-,6.1,"Jun 30, 2026",€900k,0.1,-,-,-,-,0.1,0.1,-,-,0.1,0.1,-,0.9,0.1,0.9,0.3,0.6,0.5,0.1,0.6,0.5,0.5,0.3,-,0.5,0.3,-,0.4,-,-,-,-,5.8,0.1,0.5,3,2.1,-,-,-,-,-,-,-,-,-,-
2329,Simone Pafundi,Udinese Calcio,SerieA,19 years old (14-03-2006),"1,66m",Italy,Midfielder,Attacking Midfield,left,0(8),94.0,-,-,-,-,86.8,-,-,6.1,"Jun 30, 2026",€6.00m,0.3,-,-,-,-,0.3,0.1,0.1,-,0.9,0.8,0.1,0.1,0.1,0.3,-,0.3,0.4,0.4,0.8,-,0.8,0.1,-,0.1,-,-,-,-,-,-,-,6.6,0.1,0.1,5.6,0.8,0.1,-,0.1,-,-,-,-,-,-,-
2330,Dailon Livramento,Hellas Verona,SerieA,23 years old (04-05-2001),"1,85m",,Forward,Centre-Forward,right,8(18),888.0,1,1,2,1,59.3,1.1,-,6.1,"Jun 30, 2028",€800k,0.5,-,-,-,-,0.5,0.4,-,0.1,0.9,0.7,0.2,1,0.4,2.8,1.1,1.8,0.5,0.2,0.7,0.1,0.2,0.7,0.3,0.2,0.1,0.1,0.3,-,-,-,-,5.6,0.1,0.1,3.2,2.2,0.3,-,0.3,-,-,-,-,-,-,-
2331,Mirko Maric,Venezia FC,SerieA,29 years old (16-05-1995),"1,88m",Croatia,Forward,Centre-Forward,left,1(7),101.0,-,-,-,-,63.2,0.8,-,6.1,"Jun 30, 2025",€700k,0.1,-,-,-,-,0.1,0.1,-,-,0.1,-,0.1,0.4,0.1,2.3,0.8,1.5,0.1,0.1,0.3,0.1,0.3,0.3,-,0.1,0.1,-,-,-,-,-,-,4.8,-,-,3,1.8,0.1,-,0.1,-,-,-,-,-,-,-
2332,Tomás Palacios,AC Monza,SerieA,22 years old (28-04-2003),"1,96m",Argentina,Defender (Centre),Centre-Back,left,0(2),10.0,-,-,-,-,100,-,-,6.1,"Jun 30, 2025",€5.00m,-,-,-,-,-,-,-,-,-,-,-,-,-,-,-,-,-,-,-,-,0.5,-,-,-,-,-,-,-,-,-,-,-,7.5,0.5,-,7,-,-,-,-,-,-,-,-,-,-,-
2333,Yordan Osorio,Parma Calcio 1913,SerieA,30 years old (10-05-1994),"1,89m",Venezuela,Defender (Centre),Centre-Back,right,2(1),172.0,-,-,-,-,88,0.7,-,6.09,"Jun 30, 2025",€1.70m,0.3,-,-,-,-,0.3,-,0.3,-,-,-,-,0.3,-,1,0.7,0.3,1.7,-,1.7,1.3,0.7,1.7,-,2,0.3,-,0.7,-,-,-,-,39,1.3,2.3,33,2.3,0.3,-,0.3,-,-,-,-,-,-,-
2334,Ben Kone,Frosinone,SerieA,25 years old (14-03-2000),172cm,Ivory Coast,Midfielder,,,0(4),48.0,-,-,1,-,95.8,-,-,6.09,,,0.3,-,-,-,-,0.3,-,0.3,-,0.3,-,0.3,1.3,1.3,0.3,-,0.3,0.5,0.3,0.8,0.3,0.3,0.3,-,0.3,-,-,-,-,-,-,-,6,-,-,5.8,0.3,-,-,-,-,-,-,-,-,-,-
2335,Sergiu Perciun,Torino FC,SerieA,19 years old (23-04-2006),175cm,Moldova,Midfielder,,,0(1),14.0,-,-,-,-,75,-,-,6.09,,,-,-,-,-,-,-,-,-,-,1,1,-,-,-,-,-,-,-,-,-,-,-,1,-,-,-,-,2,-,-,-,-,4,-,-,3,1,-,-,-,-,-,-,-,-,-,-
2336,Ismael Konaté,FC Empoli,SerieA,19 years old (29-03-2006),183cm,Italy,Forward,,,0(9),61.0,-,-,-,-,47.8,0.3,-,6.09,,,0.2,-,-,-,-,0.2,0.1,0.1,-,0.1,-,0.1,0.6,0.1,1,0.3,0.7,0.4,0.1,0.6,-,0.2,0.3,-,-,0.2,0.1,0.1,-,-,-,-,2.6,0.1,0.1,1.1,1.2,-,-,-,-,-,-,-,-,-,-
2337,Nicola Sansone,US Lecce,SerieA,33 years old (10-09-1991),"1,74m",Italy,"Attacking Midfielder (Left, Right), Forward",Left Winger,right,1(5),63.0,-,-,1,-,88.9,-,-,6.09,"Jun 30, 2025",€400k,0.5,-,-,-,-,0.5,0.2,0.3,-,0.2,0.2,-,0.2,0.2,0.2,-,0.2,-,-,-,-,0.2,-,0.2,-,-,-,-,-,-,-,-,3,-,-,2.7,0.3,0.2,-,0.2,-,-,-,-,-,-,-
2338,Adrian Benedyczak,Parma Calcio 1913,SerieA,24 years old (24-11-2000),"1,91m",Poland,Forward,Left Winger,both,2(6),194.0,-,-,-,-,66.7,1.1,-,6.08,"Jun 30, 2028",€4.50m,0.4,-,-,-,-,0.4,0.3,0.1,-,0.1,0.1,-,0.6,0.4,2.5,1.1,1.4,-,0.1,0.1,-,0.6,0.4,0.1,1,0.1,-,0.3,-,-,-,-,6,0.4,0.4,3.6,1.6,0.1,-,0.1,-,-,-,-,-,-,-
2339,Richie Sagrado,Venezia FC,SerieA,21 years old (30-01-2004),"1,82m",,"Defender (Right), Midfielder (Right)",Right-Back,right,3,143.0,-,-,1,-,81.5,0.7,-,6.08,"Jun 30, 2028",€2.00m,0.3,-,-,-,-,0.3,-,0.3,-,-,-,-,1,-,0.7,0.7,-,0.7,-,0.7,1,0.7,0.7,-,1.3,-,-,0.3,-,-,-,-,9,-,0.7,7.3,1,-,-,-,-,-,-,-,-,-,-
2340,Lorenzo Venturino,Genoa CFC,SerieA,18 years old (22-06-2006),169cm,,Forward,,,0(4),88.0,-,-,-,-,55.6,0.3,-,6.08,,,0.5,-,-,-,-,0.5,0.3,0.3,-,0.5,0.3,0.3,1.8,0.3,0.5,0.3,0.3,0.5,0.3,0.8,-,0.3,0.5,-,0.5,-,0.3,0.3,-,-,-,-,6.8,-,0.3,3.8,2.8,0.5,-,0.5,-,-,-,-,-,-,-
2341,Oliver Provstgaard,SS Lazio,SerieA,21 years old (04-06-2003),"1,94m",Denmark,Defender,Centre-Back,left,0(1),22.0,-,-,-,-,91.7,-,-,6.08,"Jun 30, 2029",€3.50m,-,-,-,-,-,-,-,-,-,-,-,-,-,-,1,-,1,-,-,-,-,-,-,-,1,-,-,1,-,-,-,-,12,-,-,11,1,-,-,-,-,-,-,-,-,-,-
2342,Viktor Kovalenko,FC Empoli,SerieA,29 years old (14-02-1996),"1,82m",Ukraine,Midfielder (Centre),Attacking Midfield,right,0(6),72.0,-,-,-,-,72.2,0.5,-,6.08,"Jun 30, 2025",€1.00m,0.5,-,-,-,-,0.5,0.2,0.3,-,0.2,-,0.2,0.2,0.3,1,0.5,0.5,0.3,0.2,0.5,-,0.3,0.3,-,-,-,-,-,-,-,-,-,6,0.2,0.2,4.2,1.5,-,-,-,-,-,-,-,-,-,-
2343,Silvere Ganvoula,AC Monza,SerieA,28 years old (29-06-1996),"1,91m",Congo,Forward,Centre-Forward,right,4(3),326.0,-,-,-,-,61.7,2.3,-,6.08,"Jun 30, 2026",€2.00m,0.6,-,-,-,-,0.6,0.4,-,0.1,1.1,0.9,0.3,2.6,1.1,4,2.3,1.7,-,0.1,0.1,0.1,1.1,0.6,0.1,0.7,-,-,0.1,-,-,-,-,8.6,0.3,-,5,3.3,0.1,-,0.1,-,-,-,-,-,-,-
2344,Ali Jasim,Almere City FC,SerieA,21 years old (20-01-2004),178cm,,Midfielder,,,0(2),9.0,-,-,-,-,87.5,0.5,-,6.07,,,-,-,-,-,-,-,-,-,-,-,-,-,-,-,0.5,0.5,-,0.5,-,0.5,-,-,0.5,-,-,-,-,-,-,-,-,-,4,-,0.5,3.5,-,-,-,-,-,-,-,-,-,-,-
2345,Alessandro Marcandalli,Venezia FC,SerieA,22 years old (25-10-2002),"1,90m",,Defender (Centre),Centre-Back,right,1(1),47.0,-,-,-,-,60,1,-,6.07,"Jun 30, 2025",€2.00m,-,-,-,-,-,-,-,-,-,-,-,-,-,-,1,1,-,0.5,-,0.5,-,-,-,-,1,-,-,-,-,-,-,-,10,0.5,-,5.5,4,-,-,-,-,-,-,-,-,-,-
2346,Samuel Dahl,Benfica,SerieA,22 years old (04-03-2003),174cm,Sweden,Defender,,,0(2),41.0,-,-,-,-,88.5,-,-,6.07,,,-,-,-,-,-,-,-,-,-,0.5,0.5,-,0.5,-,0.5,-,0.5,1,0.5,1.5,-,-,1,-,-,-,-,1,-,-,-,-,13,-,0.5,11.5,1,-,-,-,-,-,-,-,-,-,-
2347,Alessandro Bianco,AC Monza,SerieA,22 years old (01-10-2002),"1,73m",Italy,Midfielder (Centre),Central Midfield,right,0(1),17.0,-,-,-,-,81.8,-,-,6.06,"Jun 30, 2025",€5.00m,-,-,-,-,-,-,-,-,-,-,-,-,1,-,-,-,-,-,1,1,-,-,-,-,-,-,-,-,-,-,-,-,11,1,-,8,2,-,-,-,-,-,-,-,-,-,-
2348,Szymon Zurkowski,FC Empoli,SerieA,27 years old (25-09-1997),"1,85m",Poland,Attacking Midfielder (Centre),Central Midfield,right,0(5),102.0,-,-,-,-,81.8,-,-,6.05,"Jun 30, 2025",€2.50m,0.4,-,-,-,-,0.4,0.4,-,-,0.8,0.4,0.4,1,0.8,-,-,-,1.2,-,1.2,0.2,0.2,0.4,-,0.4,-,-,0.6,-,-,-,-,6.6,-,0.2,5.4,1,-,-,-,-,-,-,-,-,-,-
2349,Francesco Caputo,FC Empoli,SerieA,37 years old (06-08-1987),181cm,Italy,Forward,,,0(1),5.0,-,-,-,-,100,-,-,6.05,,,-,-,-,-,-,-,-,-,-,-,-,-,-,-,-,-,-,-,-,-,-,-,-,-,-,-,-,-,-,-,-,-,2,-,-,2,-,-,-,-,-,-,-,-,-,-,-
2350,Marco Sala,US Lecce,SerieA,25 years old (04-06-1999),"1,82m",Italy,Defender,Left-Back,left,3(5),259.0,-,-,3,-,77.8,0.1,-,6.05,"Jun 30, 2025",€1.00m,-,-,-,-,-,-,-,-,-,0.3,0.1,0.1,0.1,0.1,0.4,0.1,0.3,1.1,0.4,1.5,0.1,0.1,0.6,-,1,-,0.1,0.3,-,-,-,-,15.8,0.5,1.5,11.8,2,0.1,-,0.1,-,-,-,-,-,-,-
2351,Ben Godfrey,Ipswich Town,SerieA,27 years old (15-01-1998),184cm,England,"Defender (Centre, Left, Right)",,,0(1),22.0,-,-,-,-,77.8,-,-,6.04,,,-,-,-,-,-,-,-,-,-,-,-,-,1,-,-,-,-,-,1,1,-,-,1,-,-,1,-,-,-,-,-,-,9,-,-,7,2,-,-,-,-,-,-,-,-,-,-
2352,Filip Marchwinski,US Lecce,SerieA,23 years old (10-01-2002),"1,87m",Poland,Midfielder,Attacking Midfield,both,0(1),14.0,-,-,-,-,80,-,-,6.04,"Jun 30, 2028",€3.00m,-,-,-,-,-,-,-,-,-,-,-,-,-,-,-,-,-,-,-,-,-,1,-,-,-,-,-,-,-,-,-,-,5,-,-,4,1,-,-,-,-,-,-,-,-,-,-
2353,Oliver Abildgaard,Pisa,SerieA,28 years old (10-06-1996),192cm,Denmark,Defensive Midfielder (C),,,0(1),7.0,-,-,-,-,100,-,-,6.04,,,-,-,-,-,-,-,-,-,-,-,-,-,-,-,-,-,-,-,-,-,-,1,-,-,-,-,-,1,-,-,-,-,1,-,-,1,-,-,-,-,-,-,-,-,-,-,-
2354,Samuele Vignato,AC Monza,SerieA,21 years old (24-02-2004),"1,72m",Italy,Attacking Midfielder (Centre),Attacking Midfield,right,3(13),443.0,-,-,-,-,80.6,0.3,-,6.03,"Jun 30, 2025",€3.50m,0.2,-,-,-,-,0.2,0.2,-,-,0.8,0.5,0.3,0.5,0.6,1.2,0.3,0.9,0.4,0.2,0.6,-,0.2,0.2,0.1,0.3,-,0.1,0.1,-,-,-,-,8.7,0.2,0.3,6.8,1.4,0.1,0.1,-,-,-,-,-,-,-,-
2355,Daniel Fila,Venezia FC,SerieA,22 years old (21-08-2002),"1,90m",Czech Republic,Forward,Centre-Forward,left,5(3),408.0,1,-,1,1,80,0.4,-,6.03,"Jun 30, 2029",€3.00m,0.8,0.1,0.1,-,-,0.8,0.5,0.1,0.1,0.5,0.3,0.3,1.6,1.3,2.5,0.4,2.1,0.3,0.3,0.5,-,0.8,1.4,0.4,0.5,-,-,0.6,-,-,-,-,8.8,0.3,0.3,6.8,1.5,0.8,-,0.8,-,-,-,-,-,-,-
2356,Nicholas Pierini,Sassuolo,SerieA,26 years old (06-08-1998),176cm,Italy,Forward,,,0(2),82.0,-,-,-,-,82.4,0.5,-,6.03,,,0.5,-,-,-,-,0.5,-,0.5,-,0.5,0.5,-,1,1.5,2,0.5,1.5,-,0.5,0.5,-,1,0.5,-,-,-,-,1,-,-,-,-,8.5,-,-,7,1.5,1,0.5,0.5,-,-,-,-,-,-,-
2357,Ali Dembélé,Torino FC,SerieA,21 years old (05-01-2004),"1,89m",France,Defender,Right Midfield,right,1(10),132.0,1,-,1,1,78.8,0.2,-,6.02,"Jun 30, 2026",€800k,0.1,0.1,-,0.1,-,0.1,0.1,-,-,0.4,0.3,0.1,0.3,0.3,0.7,0.2,0.5,0.4,-,0.4,-,-,0.3,-,0.5,0.1,-,-,-,-,-,-,4.7,0.1,0.1,3.6,0.9,0.1,-,0.1,-,-,-,-,-,-,-
2358,Mario Balotelli,Genoa CFC,SerieA,34 years old (12-08-1990),"1,89m",Italy,Forward,Centre-Forward,right,0(6),57.0,-,-,2,-,36.4,0.3,-,6.02,"Jun 30, 2025",€500k,0.3,-,-,-,-,0.3,-,0.3,-,-,-,-,0.2,-,0.7,0.3,0.3,-,-,-,-,0.3,0.3,-,0.2,-,-,-,-,-,-,-,1.8,0.2,-,0.5,1.2,-,-,-,-,-,-,-,-,-,-
2359,David Ankeye,Genoa CFC,SerieA,22 years old (22-05-2002),191cm,,Forward,,,0(4),43.0,-,-,-,-,85.7,-,-,6.02,,,-,-,-,-,-,-,-,-,-,0.3,-,0.3,-,0.5,0.3,-,0.3,-,0.3,0.3,-,0.3,0.8,-,0.3,-,-,-,-,-,-,-,1.8,-,-,1.5,0.3,-,-,-,-,-,-,-,-,-,-
2360,Emil Audero,Palermo,SerieA,28 years old (18-01-1997),190cm,Italy,Goalkeeper,,,8,720.0,-,-,-,-,80.3,0.3,-,6.02,,,-,-,-,-,-,-,-,-,-,-,-,-,-,-,0.4,0.3,0.1,-,0.1,0.1,-,0.1,-,-,0.5,-,-,-,2,-,1.3,0.8,27.9,3.6,5.3,18.8,0.3,-,-,-,-,-,-,-,-,-,-
2361,Mattia Valoti,Cremonese,SerieA,31 years old (06-09-1993),187cm,Italy,"Attacking Midfielder (Centre, Left)",,,0(5),36.0,-,-,1,-,63.2,-,-,6.02,,,-,-,-,-,-,-,-,-,-,-,-,-,-,0.2,0.2,-,0.2,0.6,0.4,1,-,0.4,0.4,-,0.4,-,-,0.4,-,-,-,-,3.8,0.2,0.4,2.2,1,-,-,-,-,-,-,-,-,-,-
2362,Davide Bartesaghi,AC Milan,SerieA,19 years old (29-12-2005),193cm,Italy,Defender,,,0(3),58.0,-,-,-,1,85,0.3,-,6.02,,,0.3,-,-,-,-,0.3,-,0.3,-,0.7,0.7,-,-,-,0.3,0.3,-,0.7,-,0.7,0.7,-,0.3,0.3,0.3,0.3,-,-,-,-,-,-,6.7,0.3,0.3,5.3,0.7,0.3,-,0.3,-,-,-,-,-,-,-
2363,Michael Folorunsho,ACF Fiorentina,SerieA,27 years old (07-02-1998),"1,90m",Italy,"Midfielder (Centre, Right)",Central Midfield,right,0(6),31.0,-,-,-,-,71.4,0.3,-,6.02,"Jun 30, 2025",€7.00m,0.2,-,-,-,-,0.2,0.2,-,-,0.5,0.5,-,0.3,-,0.7,0.3,0.3,0.5,0.3,0.8,0.2,0.2,0.3,-,-,-,0.2,-,-,-,-,-,2.3,-,-,1.7,0.7,-,-,-,-,-,-,-,-,-,-
2364,Andrea Petagna,AC Monza,SerieA,29 years old (30-06-1995),"1,90m",Italy,Forward,Centre-Forward,left,2(8),291.0,-,-,1,-,65.1,0.7,-,6.01,"Jun 30, 2027",€1.40m,0.4,-,-,-,-,0.4,0.3,0.1,-,0.4,0.2,0.2,0.8,0.3,2.3,0.7,1.6,0.1,0.1,0.2,0.1,0.4,0.5,0.3,0.1,-,0.1,-,-,-,-,-,6.3,0.3,0.1,3.8,2.1,0.1,-,0.1,-,-,-,-,-,-,-
2365,Junior Ajayi,Hellas Verona,SerieA,20 years old (11-10-2004),"1,85m",Ivory Coast,Forward,Centre-Forward,right,0(2),11.0,-,-,-,-,100,-,-,6.01,-,€300k,-,-,-,-,-,-,-,-,-,-,-,-,0.5,-,0.5,-,0.5,-,-,-,-,0.5,0.5,-,-,-,-,-,-,-,-,-,2,-,-,2,-,-,-,-,-,-,-,-,-,-,-
2366,Aaron Ciammaglichella,Torino FC,SerieA,20 years old (26-01-2005),180cm,Italy,Midfielder,,,0(1),1.0,-,-,-,-,-,-,-,6.0,,,-,-,-,-,-,-,-,-,-,-,-,-,-,-,-,-,-,-,-,-,-,-,-,-,-,-,-,-,-,-,-,-,-,-,-,-,-,-,-,-,-,-,-,-,-,-,-
2367,Alessio Zerbin,Venezia FC,SerieA,26 years old (03-03-1999),"1,82m",Italy,"Midfielder (Left, Right)",Left Winger,right,0(2),2.0,-,-,-,-,-,-,-,6.0,"Jun 30, 2025",€4.00m,-,-,-,-,-,-,-,-,-,0.5,0.5,-,-,-,-,-,-,1,-,1,-,-,-,-,-,-,-,-,-,-,-,-,-,-,-,-,-,-,-,-,-,-,-,-,-,-,-
2368,Kingstone Mutandwa,Cagliari Calcio,SerieA,22 years old (05-01-2003),"1,80m",Zambia,Forward,Centre-Forward,right,0(5),89.0,-,-,-,-,73.9,0.4,-,6.0,"Jun 30, 2028",€1.00m,0.8,-,-,-,-,0.8,0.4,0.4,-,0.6,0.4,0.2,0.4,-,1.2,0.4,0.8,-,-,-,-,0.2,0.8,-,-,-,-,-,-,-,-,-,4.6,-,-,3.4,1.2,-,-,-,-,-,-,-,-,-,-
2369,Lorenzo Tosto,FC Empoli,SerieA,19 years old (29-01-2006),188cm,,Defender,,,0(1),1.0,-,-,-,-,100,-,-,6.0,,,-,-,-,-,-,-,-,-,-,-,-,-,-,-,-,-,-,-,-,-,-,-,-,-,-,-,-,-,-,-,-,-,4,-,-,4,-,-,-,-,-,-,-,-,-,-,-
2370,Nikita Contini,SSC Napoli,SerieA,28 years old (21-05-1996),"1,90m",Italy,Goalkeeper,Goalkeeper,right,1,1.0,-,-,1,-,-,-,-,6.0,"Jun 30, 2025",€400k,-,-,-,-,-,-,-,-,-,-,-,-,-,-,-,-,-,-,-,-,-,-,-,-,-,-,-,-,-,-,-,-,-,-,-,-,-,-,-,-,-,-,-,-,-,-,-
2371,Nunzio Lella,Bari,SerieA,24 years old (28-07-2000),186cm,Italy,Midfielder,,,0(1),5.0,-,-,-,-,100,-,-,6.0,,,-,-,-,-,-,-,-,-,-,-,-,-,-,-,1,-,1,-,-,-,-,1,1,-,-,-,-,-,-,-,-,-,1,-,-,1,-,-,-,-,-,-,-,-,-,-,-
2372,Tammy Abraham,AC Milan,SerieA,27 years old (02-10-1997),"1,94m",England,Forward,Centre-Forward,right,0(1),1.0,-,-,-,-,33.3,1,-,6.0,"Jun 30, 2025",€15.00m,-,-,-,-,-,-,-,-,-,-,-,-,1,-,1,1,-,-,1,1,-,-,-,-,-,-,-,-,-,-,-,-,3,1,-,-,2,-,-,-,-,-,-,-,-,-,-
2373,Yllan Okou,Hellas Verona,SerieA,22 years old (23-12-2002),"1,89m",France,Defender,Centre-Back,left,0(1),1.0,-,-,-,-,-,-,-,5.99,"Jun 30, 2025",€900k,-,-,-,-,-,-,-,-,-,-,-,-,-,-,-,-,-,-,-,-,-,-,-,-,-,-,-,1,-,-,-,-,1,-,1,-,-,-,-,-,-,-,-,-,-,-,-
2374,Antonio Raimondo,Salernitana,SerieA,21 years old (18-03-2004),185cm,Italy,Forward,,,0(9),86.0,-,-,-,-,66.7,0.1,-,5.98,,,0.1,-,-,-,-,0.1,-,-,0.1,-,-,-,0.6,0.3,0.8,0.1,0.7,0.2,-,0.2,-,0.1,0.2,0.1,-,-,-,-,-,-,-,-,2.7,-,-,1.8,0.9,0.1,-,0.1,-,-,-,-,-,-,-
2375,Bob Omoregbe,AC Milan,SerieA,21 years old (05-11-2003),185cm,,Forward,,,0(1),2.0,-,-,-,-,100,-,-,5.98,,,-,-,-,-,-,-,-,-,-,-,-,-,-,-,-,-,-,-,-,-,-,-,1,-,-,-,-,-,-,-,-,-,1,-,-,1,-,-,-,-,-,-,-,-,-,-,-
2376,Petar Stojanovic,Salernitana,SerieA,29 years old (07-10-1995),178cm,Slovenia,"Defender (Right), Midfielder (Right)",,,0(1),2.0,-,-,-,-,33.3,-,-,5.98,,,-,-,-,-,-,-,-,-,-,-,-,-,-,-,-,-,-,-,-,-,-,-,-,-,-,-,-,-,-,-,-,-,3,-,2,1,-,-,-,-,-,-,-,-,-,-,-
2377,Stefan Lekovic,AC Monza,SerieA,21 years old (09-01-2004),"1,92m",Serbia,Defender,Centre-Back,right,3(3),319.0,-,-,-,-,86.1,0.8,-,5.98,"Jun 30, 2025",€1.80m,0.3,-,-,-,-,0.3,0.2,0.2,-,0.5,0.2,0.3,0.5,-,1.7,0.8,0.8,1.3,1,2.3,1,0.5,0.8,-,0.3,0.7,0.2,-,-,-,-,-,26.3,1,1,21.7,2.7,-,-,-,-,-,-,-,-,-,-
2378,Walid Cheddira,RCD Espanyol Barcelona,SerieA,27 years old (22-01-1998),187cm,Morocco,Forward,,,0(1),11.0,-,-,-,-,66.7,-,-,5.97,,,-,-,-,-,-,-,-,-,-,-,-,-,-,-,1,-,1,-,-,-,-,-,-,-,-,-,-,-,-,-,-,-,3,-,-,2,1,1,-,1,-,-,-,-,-,-,-
2379,Mario Hermoso,Bayer 04 Leverkusen,SerieA,29 years old (18-06-1995),184cm,Spain,"Defender (Centre, Left)",,,2(6),246.0,-,-,-,1,90.7,0.4,-,5.95,,,0.1,-,-,-,-,0.1,0.1,-,-,0.4,0.1,0.3,-,0.1,1,0.4,0.6,0.3,0.1,0.4,0.5,0.1,0.9,-,1.6,0.1,-,-,-,-,-,-,24.1,1,0.4,20.9,1.9,-,-,-,-,-,-,-,-,-,-
2380,Diego Pugno,Juventus FC,SerieA,18 years old (07-07-2006),174cm,,Forward,,,0(1),6.0,-,-,-,-,100,-,-,5.95,,,-,-,-,-,-,-,-,-,-,1,1,-,-,-,2,-,2,-,-,-,-,-,-,-,-,-,-,-,-,-,-,-,2,-,-,2,-,1,-,1,-,-,-,-,-,-,-
2381,Damián Pizarro,Udinese Calcio,SerieA,20 years old (28-03-2005),"1,87m",Chile,Forward,Centre-Forward,right,0(2),14.0,-,-,-,-,66.7,-,-,5.94,"Jun 30, 2029",€4.00m,-,-,-,-,-,-,-,-,-,-,-,-,-,-,0.5,-,0.5,-,-,-,-,-,-,-,-,-,-,-,-,-,-,-,1.5,-,-,1,0.5,-,-,-,-,-,-,-,-,-,-
2382,Saad El Haddad,Venezia FC,SerieA,19 years old (24-07-2005),"1,75m",Morocco,Midfielder,Attacking Midfield,right,0(3),27.0,-,-,-,-,76.9,-,-,5.93,"Jun 30, 2027",€250k,-,-,-,-,-,-,-,-,-,-,-,-,1.3,0.7,0.3,-,0.3,-,-,-,-,0.3,0.3,-,-,-,-,-,-,-,-,-,4.3,-,-,3.3,1,0.3,-,0.3,-,-,-,-,-,-,-
2383,Federico Accornero,Genoa CFC,SerieA,21 years old (05-02-2004),175cm,,Midfielder,,,0(1),4.0,-,-,-,-,80,-,-,5.92,,,-,-,-,-,-,-,-,-,-,-,-,-,2,-,1,-,1,-,-,-,-,-,-,-,-,-,-,-,-,-,-,-,5,-,-,4,1,-,-,-,-,-,-,-,-,-,-
2384,Sebastian Otoa,Genoa CFC,SerieA,20 years old (13-05-2004),"1,98m",,Defender,Centre-Back,right,1,21.0,-,-,-,1,87.5,-,-,5.92,"Jun 30, 2028",€2.00m,-,-,-,-,-,-,-,-,-,-,-,-,-,1,-,-,-,-,1,1,-,-,2,-,-,-,-,-,-,-,-,-,8,1,-,6,1,-,-,-,-,-,-,-,-,-,-
2385,Maat Caprini,ACF Fiorentina,SerieA,19 years old (11-02-2006),180cm,,Forward,,,0(2),7.0,-,-,-,-,83.3,-,-,5.89,,,-,-,-,-,-,-,-,-,-,1,1,-,1.5,0.5,1,-,1,-,-,-,-,-,-,0.5,-,-,-,-,-,-,-,-,3,-,-,2.5,0.5,-,-,-,-,-,-,-,-,-,-
2386,Arijon Ibrahimovic,SS Lazio,SerieA,19 years old (11-12-2005),"1,76m",Germany,Attacking Midfielder (Left),Attacking Midfield,right,0(1),7.0,-,-,-,-,75,-,-,5.89,"Jun 30, 2025",€4.00m,2,-,-,-,-,2,-,2,-,-,-,-,-,-,-,-,-,-,-,-,-,-,-,-,-,-,-,-,-,-,-,-,4,-,-,3,1,-,-,-,-,-,-,-,-,-,-
2387,Alberto Cerri,Salernitana,SerieA,29 years old (16-04-1996),194cm,Italy,Forward,,,0(5),82.0,-,-,-,-,65.2,0.8,-,5.89,,,0.8,-,-,-,-,0.8,0.6,-,0.2,-,-,-,0.4,0.6,1.6,0.8,0.8,-,-,-,-,0.2,0.6,0.4,0.2,-,-,0.4,-,-,-,-,4.6,0.2,-,2.8,1.6,-,-,-,-,-,-,-,-,-,-
2388,Saba Sazonov,Torino FC,SerieA,23 years old (01-02-2002),192cm,Russia,Defender (Centre),,,0(1),2.0,-,-,-,-,-,-,-,5.88,,,-,-,-,-,-,-,-,-,-,-,-,-,-,-,-,-,-,-,-,-,-,-,-,-,-,1,-,-,-,-,-,-,-,-,-,-,-,-,-,-,-,-,-,-,-,-,-
2389,Thomas Campaniello,FC Empoli,SerieA,17 years old (29-02-2008),180cm,Italy,Forward,,,0(2),22.0,-,-,-,-,69.2,0.5,-,5.87,,,0.5,-,-,-,-,0.5,0.5,-,-,-,-,-,0.5,-,1.5,0.5,1,-,0.5,0.5,-,0.5,-,-,-,-,-,-,-,-,-,-,6.5,-,-,4.5,2,-,-,-,-,-,-,-,-,-,-
2390,Rares Burnete,US Lecce,SerieA,21 years old (31-01-2004),"1,85m",Romania,Forward,Centre-Forward,right,0(3),23.0,-,-,-,-,55.6,-,-,5.86,"Jun 30, 2029",€700k,0.3,-,-,-,-,0.3,0.3,-,-,-,-,-,1.3,0.7,0.3,-,0.3,-,0.3,0.3,-,0.3,0.3,-,-,-,-,-,-,-,-,-,3,-,0.3,1.7,1,-,-,-,-,-,-,-,-,-,-
2391,Valentin Gendrey,TSG 1899 Hoffenheim,SerieA,24 years old (21-06-2000),179cm,France,"Defender (Right), Midfielder (Right)",,,2,180.0,-,-,-,-,84.2,0.5,-,5.86,,,1,-,-,-,-,1,1,-,-,-,-,-,0.5,-,2.5,0.5,2,1,-,1,1,1,0.5,-,0.5,0.5,-,1,-,-,-,-,19,-,-,16,3,1,-,1,-,-,-,-,-,-,-
2392,Jacopo Seghetti,FC Empoli,SerieA,20 years old (17-02-2005),"1,89m",Italy,Goalkeeper,Goalkeeper,right,1,90.0,-,-,-,-,56.3,-,-,5.82,-,€1.00m,-,-,-,-,-,-,-,-,-,-,-,-,-,-,-,-,-,-,-,-,-,-,-,-,-,-,-,-,3,-,1,2,16,4,6,5,1,-,-,-,-,-,-,-,-,-,-
2393,Matthias Braunöder,Como 1907,SerieA,23 years old (27-03-2002),"1,74m",Austria,Midfielder,Central Midfield,right,3(5),266.0,-,-,1,1,87.7,0.1,-,5.78,"Jun 30, 2027",€1.60m,0.3,-,-,-,-,0.3,0.1,0.1,-,0.5,0.4,0.1,0.4,0.3,0.6,0.1,0.5,1.3,0.5,1.8,0.3,0.6,1.3,-,0.5,-,-,0.4,-,-,-,-,18.3,0.8,0.6,15.3,1.6,-,-,-,-,-,-,-,-,-,-
2394,Dele Alli,Como 1907,SerieA,29 years old (11-04-1996),"1,88m",England,"Midfielder (Centre, Left), Forward",Attacking Midfield,right,0(1),9.0,-,-,-,1,100,-,-,4.96,"Jun 30, 2026",€3.50m,-,-,-,-,-,-,-,-,-,-,-,-,1,-,-,-,-,-,-,-,-,-,1,-,-,-,-,-,-,-,-,-,3,-,-,3,-,-,-,-,-,-,-,-,-,-,-
2395,Alessandro Florenzi,AC Milan,SerieA,,"1,73m",,,Right-Back,right,,,,,,,,,,,"Jun 30, 2025",€1.50m,,,,,,,,,,,,,,,,,,,,,,,,,,,,,,,,,,,,,,,,,,,,,,,
2396,Lorenzo Torriani,AC Milan,SerieA,,"1,97m",,,Goalkeeper,right,,,,,,,,,,,"Jun 30, 2027",€500k,,,,,,,,,,,,,,,,,,,,,,,,,,,,,,,,,,,,,,,,,,,,,,,
2397,Andrea Mazza,AC Monza,SerieA,,"1,90m",,,Goalkeeper,right,,,,,,,,,,,"Jun 30, 2027",€75k,,,,,,,,,,,,,,,,,,,,,,,,,,,,,,,,,,,,,,,,,,,,,,,
2398,Leonardo Colombo,AC Monza,SerieA,,"1,75m",,,Defensive Midfield,right,,,,,,,,,,,"Jun 30, 2027",€250k,,,,,,,,,,,,,,,,,,,,,,,,,,,,,,,,,,,,,,,,,,,,,,,
2399,Maat Daniel Caprini,ACF Fiorentina,SerieA,,"1,80m",,,Left Winger,right,,,,,,,,,,,"Jun 30, 2027",€2.00m,,,,,,,,,,,,,,,,,,,,,,,,,,,,,,,,,,,,,,,,,,,,,,,
2400,Tommaso Martinelli,ACF Fiorentina,SerieA,,"1,94m",,,Goalkeeper,right,,,,,,,,,,,"Jun 30, 2029",€1.80m,,,,,,,,,,,,,,,,,,,,,,,,,,,,,,,,,,,,,,,,,,,,,,,
2401,Buba Sangaré,AS Roma,SerieA,,"1,83m",,,Right-Back,right,,,,,,,,,,,"Jun 30, 2027",€1.00m,,,,,,,,,,,,,,,,,,,,,,,,,,,,,,,,,,,,,,,,,,,,,,,
2402,Pierluigi Gollini,AS Roma,SerieA,,"1,94m",,,Goalkeeper,right,,,,,,,,,,,"Jun 30, 2027",€1.00m,,,,,,,,,,,,,,,,,,,,,,,,,,,,,,,,,,,,,,,,,,,,,,,
2403,Renato Marin,AS Roma,SerieA,,"1,93m",,,Goalkeeper,right,,,,,,,,,,,"Jun 30, 2025",€500k,,,,,,,,,,,,,,,,,,,,,,,,,,,,,,,,,,,,,,,,,,,,,,,
2404,Francesco Rossi,Atalanta BC,SerieA,,"1,93m",,,Goalkeeper,right,,,,,,,,,,,"Jun 30, 2025",€100k,,,,,,,,,,,,,,,,,,,,,,,,,,,,,,,,,,,,,,,,,,,,,,,
2405,Andri Fannar Baldursson,Bologna FC 1909,SerieA,,"1,87m",,,Central Midfield,right,,,,,,,,,,,"Jun 30, 2025",€900k,,,,,,,,,,,,,,,,,,,,,,,,,,,,,,,,,,,,,,,,,,,,,,,
2406,Nicola Bagnolini,Bologna FC 1909,SerieA,,"1,94m",,,Goalkeeper,right,,,,,,,,,,,"Jun 30, 2027",€200k,,,,,,,,,,,,,,,,,,,,,,,,,,,,,,,,,,,,,,,,,,,,,,,
2407,Jakub Jankto,Cagliari Calcio,SerieA,,"1,84m",,,Left Midfield,left,,,,,,,,,,,"Jun 30, 2025",€1.00m,,,,,,,,,,,,,,,,,,,,,,,,,,,,,,,,,,,,,,,,,,,,,,,
2408,Giuseppe Ciocci,Cagliari Calcio,SerieA,,"1,93m",,,Goalkeeper,right,,,,,,,,,,,"Jun 30, 2027",€100k,,,,,,,,,,,,,,,,,,,,,,,,,,,,,,,,,,,,,,,,,,,,,,,
2409,Pierre Bolchini,Como 1907,SerieA,,"2,00m",,,Goalkeeper,left,,,,,,,,,,,-,€50k,,,,,,,,,,,,,,,,,,,,,,,,,,,,,,,,,,,,,,,,,,,,,,,
2410,Mauro Vigorito,Como 1907,SerieA,,"1,87m",,,Goalkeeper,right,,,,,,,,,,,-,€150k,,,,,,,,,,,,,,,,,,,,,,,,,,,,,,,,,,,,,,,,,,,,,,,
2411,Naj Razi,Como 1907,SerieA,,"1,75m",,,Attacking Midfield,both,,,,,,,,,,,"Jun 30, 2026",€300k,,,,,,,,,,,,,,,,,,,,,,,,,,,,,,,,,,,,,,,,,,,,,,,
2412,Anastasios Douvikas,Como 1907,SerieA,,"1,86m",,,Centre-Forward,right,,,,,,,,,,,"Jun 30, 2029",€8.00m,,,,,,,,,,,,,,,,,,,,,,,,,,,,,,,,,,,,,,,,,,,,,,,
2413,Iván Azón,Como 1907,SerieA,,"1,82m",,,Centre-Forward,right,,,,,,,,,,,"Jun 30, 2029",€3.00m,,,,,,,,,,,,,,,,,,,,,,,,,,,,,,,,,,,,,,,,,,,,,,,
2414,Giuseppe Mazzaglia,Como 1907,SerieA,,"1,80m",,,Central Midfield,right,,,,,,,,,,,"Jun 30, 2027",€250k,,,,,,,,,,,,,,,,,,,,,,,,,,,,,,,,,,,,,,,,,,,,,,,
2415,Federico Brancolini,FC Empoli,SerieA,,"1,92m",,,Goalkeeper,right,,,,,,,,,,,"Jun 30, 2027",€200k,,,,,,,,,,,,,,,,,,,,,,,,,,,,,,,,,,,,,,,,,,,,,,,
2416,Saba Sazonov,FC Empoli,SerieA,,"1,94m",,,Centre-Back,right,,,,,,,,,,,"Jun 30, 2025",€2.50m,,,,,,,,,,,,,,,,,,,,,,,,,,,,,,,,,,,,,,,,,,,,,,,
2417,Hugo Cuenca,Genoa CFC,SerieA,,"1,83m",,,Attacking Midfield,left,,,,,,,,,,,-,€300k,,,,,,,,,,,,,,,,,,,,,,,,,,,,,,,,,,,,,,,,,,,,,,,
2418,Daniele Sommariva,Genoa CFC,SerieA,,"1,85m",,,Goalkeeper,right,,,,,,,,,,,"Jun 30, 2025",€100k,,,,,,,,,,,,,,,,,,,,,,,,,,,,,,,,,,,,,,,,,,,,,,,
2419,Benjamin Siegrist,Genoa CFC,SerieA,,"1,96m",,,Goalkeeper,right,,,,,,,,,,,"Jun 30, 2025",€650k,,,,,,,,,,,,,,,,,,,,,,,,,,,,,,,,,,,,,,,,,,,,,,,
2420,Alessandro Berardi,Hellas Verona,SerieA,,"1,85m",,,Goalkeeper,right,,,,,,,,,,,"Jun 30, 2025",€50k,,,,,,,,,,,,,,,,,,,,,,,,,,,,,,,,,,,,,,,,,,,,,,,
2421,Federico Magro,Hellas Verona,SerieA,,"1,90m",,,Goalkeeper,right,,,,,,,,,,,-,€300k,,,,,,,,,,,,,,,,,,,,,,,,,,,,,,,,,,,,,,,,,,,,,,,
2422,Tobias Slotsager,Hellas Verona,SerieA,,"1,90m",,,Centre-Back,right,,,,,,,,,,,-,€2.00m,,,,,,,,,,,,,,,,,,,,,,,,,,,,,,,,,,,,,,,,,,,,,,,
2423,Luan Patrick,Hellas Verona,SerieA,,"1,90m",,,Centre-Back,right,,,,,,,,,,,"Jun 30, 2026",€1.30m,,,,,,,,,,,,,,,,,,,,,,,,,,,,,,,,,,,,,,,,,,,,,,,
2424,Raffaele Di Gennaro,Inter Milan,SerieA,,"1,88m",,,Goalkeeper,right,,,,,,,,,,,"Jun 30, 2025",€300k,,,,,,,,,,,,,,,,,,,,,,,,,,,,,,,,,,,,,,,,,,,,,,,
2425,Valentín Carboni,Inter Milan,SerieA,,"1,85m",,,Attacking Midfield,left,,,,,,,,,,,"Jun 30, 2029",€12.00m,,,,,,,,,,,,,,,,,,,,,,,,,,,,,,,,,,,,,,,,,,,,,,,
2426,Carlo Pinsoglio,Juventus FC,SerieA,,"1,94m",,,Goalkeeper,left,,,,,,,,,,,"Jun 30, 2026",€200k,,,,,,,,,,,,,,,,,,,,,,,,,,,,,,,,,,,,,,,,,,,,,,,
2427,Arkadiusz Milik,Juventus FC,SerieA,,"1,86m",,,Centre-Forward,left,,,,,,,,,,,"Jun 30, 2027",€2.00m,,,,,,,,,,,,,,,,,,,,,,,,,,,,,,,,,,,,,,,,,,,,,,,
2428,Kenan Yıldız,Juventus FC,SerieA,,"1,87m",,,Left Winger,both,,,,,,,,,,,"Jun 30, 2029",€45.00m,,,,,,,,,,,,,,,,,,,,,,,,,,,,,,,,,,,,,,,,,,,,,,,
2429,Richard Marcone,Parma Calcio 1913,SerieA,,"1,84m",,,Goalkeeper,right,,,,,,,,,,,"Jun 30, 2025",€250k,,,,,,,,,,,,,,,,,,,,,,,,,,,,,,,,,,,,,,,,,,,,,,,
2430,Edoardo Corvi,Parma Calcio 1913,SerieA,,"1,87m",,,Goalkeeper,right,,,,,,,,,,,"Jun 30, 2027",€350k,,,,,,,,,,,,,,,,,,,,,,,,,,,,,,,,,,,,,,,,,,,,,,,
2431,André Anderson,SS Lazio,SerieA,,"1,80m",,,Attacking Midfield,right,,,,,,,,,,,"Jun 30, 2025",€200k,,,,,,,,,,,,,,,,,,,,,,,,,,,,,,,,,,,,,,,,,,,,,,,
2432,Cristo Muñoz,SS Lazio,SerieA,,-,,,Attacking Midfield,right,,,,,,,,,,,"Jun 30, 2027",€250k,,,,,,,,,,,,,,,,,,,,,,,,,,,,,,,,,,,,,,,,,,,,,,,
2433,Taty Castellanos,SS Lazio,SerieA,,"1,78m",,,Centre-Forward,right,,,,,,,,,,,"Jun 30, 2028",€25.00m,,,,,,,,,,,,,,,,,,,,,,,,,,,,,,,,,,,,,,,,,,,,,,,
2434,Toma Bašić,SS Lazio,SerieA,,"1,90m",,,Central Midfield,left,,,,,,,,,,,"Jun 30, 2026",€1.00m,,,,,,,,,,,,,,,,,,,,,,,,,,,,,,,,,,,,,,,,,,,,,,,
2435,Alessio Furlanetto,SS Lazio,SerieA,,"1,91m",,,Goalkeeper,,,,,,,,,,,,"Jun 30, 2028",€50k,,,,,,,,,,,,,,,,,,,,,,,,,,,,,,,,,,,,,,,,,,,,,,,
2436,Filipe Bordon,SS Lazio,SerieA,,"1,93m",,,Centre-Back,right,,,,,,,,,,,"Jun 30, 2028",€500k,,,,,,,,,,,,,,,,,,,,,,,,,,,,,,,,,,,,,,,,,,,,,,,
2437,Davide Renzetti,SS Lazio,SerieA,,"1,94m",,,Goalkeeper,right,,,,,,,,,,,"Jun 30, 2027",€100k,,,,,,,,,,,,,,,,,,,,,,,,,,,,,,,,,,,,,,,,,,,,,,,
2438,Claudio Turi,SSC Napoli,SerieA,,-,,,Goalkeeper,right,,,,,,,,,,,-,€150k,,,,,,,,,,,,,,,,,,,,,,,,,,,,,,,,,,,,,,,,,,,,,,,
2439,Luis Hasa,SSC Napoli,SerieA,,"1,72m",,,Central Midfield,right,,,,,,,,,,,"Jun 30, 2029",€1.00m,,,,,,,,,,,,,,,,,,,,,,,,,,,,,,,,,,,,,,,,,,,,,,,
2440,Antonio Donnarumma,Torino FC,SerieA,,"1,92m",,,Goalkeeper,right,,,,,,,,,,,"Jun 30, 2026",€300k,,,,,,,,,,,,,,,,,,,,,,,,,,,,,,,,,,,,,,,,,,,,,,,
2441,Perr Schuurs,Torino FC,SerieA,,"1,91m",,,Centre-Back,right,,,,,,,,,,,"Jun 30, 2026",€10.00m,,,,,,,,,,,,,,,,,,,,,,,,,,,,,,,,,,,,,,,,,,,,,,,
2442,Emirhan İlkhan,Torino FC,SerieA,,"1,75m",,,Central Midfield,right,,,,,,,,,,,"Jun 30, 2026",€2.50m,,,,,,,,,,,,,,,,,,,,,,,,,,,,,,,,,,,,,,,,,,,,,,,
2443,Nikola Vlašić,Torino FC,SerieA,,"1,79m",,,Attacking Midfield,right,,,,,,,,,,,"Jun 30, 2027",€8.00m,,,,,,,,,,,,,,,,,,,,,,,,,,,,,,,,,,,,,,,,,,,,,,,
2444,Zanos Savva,Torino FC,SerieA,,"1,91m",,,Right Winger,left,,,,,,,,,,,"Jun 30, 2026",€1.00m,,,,,,,,,,,,,,,,,,,,,,,,,,,,,,,,,,,,,,,,,,,,,,,
2445,Amine Salama,Torino FC,SerieA,,"1,92m",,,Centre-Forward,right,,,,,,,,,,,"Jun 30, 2025",€1.80m,,,,,,,,,,,,,,,,,,,,,,,,,,,,,,,,,,,,,,,,,,,,,,,
2446,Christian Früchtl,US Lecce,SerieA,,"1,93m",,,Goalkeeper,left,,,,,,,,,,,"Jun 30, 2027",€1.50m,,,,,,,,,,,,,,,,,,,,,,,,,,,,,,,,,,,,,,,,,,,,,,,
2447,Jasper Samooja,US Lecce,SerieA,,"1,93m",,,Goalkeeper,right,,,,,,,,,,,"Jun 30, 2026",€75k,,,,,,,,,,,,,,,,,,,,,,,,,,,,,,,,,,,,,,,,,,,,,,,
2448,Sebastian Esposito,US Lecce,SerieA,,"1,91m",,,Centre-Back,right,,,,,,,,,,,-,€200k,,,,,,,,,,,,,,,,,,,,,,,,,,,,,,,,,,,,,,,,,,,,,,,
2449,Vernon Addo,US Lecce,SerieA,,"1,88m",,,Left-Back,left,,,,,,,,,,,"Jun 30, 2027",€150k,,,,,,,,,,,,,,,,,,,,,,,,,,,,,,,,,,,,,,,,,,,,,,,
2450,Joel Voelkerling Persson,US Lecce,SerieA,,"1,94m",,,Centre-Forward,right,,,,,,,,,,,"Jun 30, 2027",€350k,,,,,,,,,,,,,,,,,,,,,,,,,,,,,,,,,,,,,,,,,,,,,,,
2451,Jeppe Corfitzen,US Lecce,SerieA,,"1,79m",,,Right Winger,left,,,,,,,,,,,"Jun 30, 2025",€400k,,,,,,,,,,,,,,,,,,,,,,,,,,,,,,,,,,,,,,,,,,,,,,,
2452,Joan González,US Lecce,SerieA,,"1,90m",,,Central Midfield,right,,,,,,,,,,,"Jun 30, 2027",€800k,,,,,,,,,,,,,,,,,,,,,,,,,,,,,,,,,,,,,,,,,,,,,,,
2453,David Pejičić,Udinese Calcio,SerieA,,-,,,Attacking Midfield,right,,,,,,,,,,,"Jun 30, 2027",€1.00m,,,,,,,,,,,,,,,,,,,,,,,,,,,,,,,,,,,,,,,,,,,,,,,
2454,Matteo Palma,Udinese Calcio,SerieA,,"1,94m",,,Centre-Back,right,,,,,,,,,,,"Jun 30, 2027",€1.00m,,,,,,,,,,,,,,,,,,,,,,,,,,,,,,,,,,,,,,,,,,,,,,,
2455,Edoardo Piana,Udinese Calcio,SerieA,,"1,98m",,,Goalkeeper,right,,,,,,,,,,,-,€50k,,,,,,,,,,,,,,,,,,,,,,,,,,,,,,,,,,,,,,,,,,,,,,,
2456,Matteo Grandi,Venezia FC,SerieA,,"1,90m",,,Goalkeeper,right,,,,,,,,,,,"Jun 30, 2025",€150k,,,,,,,,,,,,,,,,,,,,,,,,,,,,,,,,,,,,,,,,,,,,,,,
2457,Andrei Radu,Venezia FC,SerieA,,"1,88m",,,Goalkeeper,right,,,,,,,,,,,"Jun 30, 2025",€2.50m,,,,,,,,,,,,,,,,,,,,,,,,,,,,,,,,,,,,,,,,,,,,,,,
2458,Benjamin Bourigeaud,Stade Rennais FC,Ligue1,31 years old (14-01-1994),178cm,France,"Midfielder (Centre, Left, Right)",,,1,81.0,1,-,-,-,85.7,2,-,7.99,,,2,1,-,-,1,2,1,1,-,1,-,1,1,1,4,2,2,1,2,3,2,-,-,-,1,1,-,1,-,-,-,-,42,3,1,33,5,-,-,-,-,-,-,-,-,-,-
2459,Logan Costa,Villarreal CF,Ligue1,24 years old (01-04-2001),190cm,France,Defender (Centre),,,1,90.0,-,-,-,-,83.3,4,-,7.73,,,-,-,-,-,-,-,-,-,-,-,-,-,-,1,6,4,2,2,-,2,2,-,-,-,4,2,-,-,-,-,-,-,54,3,6,42,3,1,-,1,-,-,-,-,-,-,-
2460,Ousmane Dembélé,Paris Saint-Germain,Ligue1,27 years old (15-05-1997),"1,78m",France,"Attacking Midfielder (Centre, Left, Right), Forward",Right Winger,both,19(9),1663.0,21,6,2,-,83.3,0.1,9,7.7,"Jun 30, 2028",€75.00m,3.3,0.8,0.1,0.6,-,3.3,2.2,0.8,0.3,3.3,1.9,1.5,1.4,1,0.3,0.1,0.2,0.4,0.3,0.7,0.3,0.5,0.3,0.3,-,-,-,0.1,-,-,-,-,34,1.2,0.5,27.2,5.2,2.3,0.2,2,0.2,-,-,-,-,-,0.2
2461,Ismail Jakobs,Galatasaray,Ligue1,25 years old (17-08-1999),184cm,Senegal,"Defender (Left), Midfielder (Left)",,,2,180.0,-,-,-,-,88.5,0.5,-,7.55,,,-,-,-,-,-,-,-,-,-,-,-,-,-,-,3.5,0.5,3,2.5,1,3.5,1,1.5,0.5,-,3,-,-,-,-,-,-,-,39,1,-,33.5,4.5,2,1,1,-,-,-,-,-,-,-
2462,Amine Gouiri,Olympique Marseille,Ligue1,25 years old (16-02-2000),"1,81m",France,"Attacking Midfielder (Centre, Left, Right), Forward",Centre-Forward,right,9(2),789.0,7,3,-,-,89.7,0.2,2,7.44,"Jun 30, 2029",€20.00m,3.9,0.6,-,0.4,0.3,3.9,2.8,1,0.1,1.4,0.8,0.5,1.3,1.1,1.1,0.2,0.9,0.5,0.1,0.5,-,0.3,0.7,0.4,0.1,-,-,0.5,-,-,-,-,21.2,0.1,0.1,18.9,2.1,1.9,0.8,1.1,0.3,0.1,0.1,-,-,-,0.2
2463,Mika Biereth,AS Monaco,Ligue1,22 years old (08-02-2003),"1,87m",,Forward,Centre-Forward,right,14,1149.0,13,2,1,-,62.7,1.4,4,7.41,"Jun 30, 2029",€25.00m,2.9,0.9,0.4,0.6,-,2.9,2.1,0.1,0.6,0.7,0.6,0.1,2.5,1.1,3.4,1.4,2,0.3,0.3,0.6,0.3,1.8,1.3,0.4,0.4,-,-,0.7,-,-,-,-,15.1,0.1,0.1,9.4,5.6,1.5,0.1,1.4,0.1,-,-,-,-,-,0.1
2464,Mason Greenwood,Olympique Marseille,Ligue1,23 years old (01-10-2001),"1,81m",Jamaica,"Attacking Midfielder (Centre, Left, Right), Forward",Right Winger,both,29(2),2550.0,18,4,2,-,83.2,0.2,10,7.36,"Jun 30, 2029",€35.00m,3.4,0.6,0.1,0.5,0.1,3.4,1.8,1.4,0.2,3.9,2.2,1.7,1.7,1.4,0.5,0.2,0.2,1.1,0.6,1.7,0.3,1.1,0.7,0.1,0.2,-,-,0.2,-,-,-,-,37.9,1.8,1.2,29.8,5.2,1.3,0.2,1.1,0.1,-,-,-,-,-,0.1
2465,Rayan Cherki,Olympique Lyon,Ligue1,21 years old (17-08-2003),"1,77m",France,"Attacking Midfielder (Centre, Left, Right), Forward",Right Winger,both,20(7),1843.0,8,10,3,-,84.9,0.1,6,7.35,"Jun 30, 2026",€35.00m,1.3,0.3,-,0.3,-,1.3,0.9,0.3,0.1,3.2,1.6,1.6,1.6,1.5,0.4,0.1,0.3,0.5,0.8,1.3,0.3,1.1,0.6,0.1,0.2,-,-,0.2,-,-,-,-,40.5,1.4,0.5,32.9,5.6,2.5,0.4,2.1,0.4,0.1,-,0.1,-,-,0.1
2466,Andrey Santos,RC Strasbourg Alsace,Ligue1,20 years old (03-05-2004),"1,80m",Brazil,Defensive Midfielder (C),Central Midfield,right,29,2587.0,9,3,7,-,88.1,1.2,2,7.34,"Jun 30, 2025",€25.00m,1.3,0.3,0.1,0.1,0.1,1.3,0.4,0.6,0.3,1.2,0.6,0.6,1.4,0.3,1.9,1.2,0.8,3.5,1.2,4.7,0.8,1.9,0.9,-,2.2,0.4,0.1,1,-,-,-,-,48.8,1.6,0.8,41.3,5,0.9,0.2,0.7,0.1,-,-,-,-,-,0.1
2467,Achraf Hakimi,Paris Saint-Germain,Ligue1,26 years old (04-11-1998),"1,81m",Morocco,"Defender (Left, Right), Midfielder (Right)",Right-Back,right,23(1),1978.0,4,6,4,-,91,0.4,-,7.33,"Jun 30, 2029",€65.00m,1.3,0.2,-,0.1,-,1.3,0.6,0.6,0.1,2.1,1,1,1.5,0.6,0.9,0.4,0.5,2,1.2,3.1,1.2,1,0.8,0.3,0.6,0.1,0.2,1,-,-,-,-,76.9,1.5,0.8,68.5,6.2,2.1,0.3,1.8,0.3,-,-,-,-,-,0.3
2468,Bradley Barcola,Paris Saint-Germain,Ligue1,22 years old (02-09-2002),"1,82m",France,"Attacking Midfielder (Left, Right), Forward",Left Winger,right,24(7),1976.0,13,10,2,-,83.8,0.4,4,7.27,"Jun 30, 2028",€70.00m,2.3,0.4,-,0.4,-,2.3,1.7,0.3,0.2,4.1,3,1,1.9,0.6,0.6,0.4,0.2,0.8,0.7,1.5,0.6,0.6,0.9,0.2,0.3,0.1,-,0.7,-,-,-,-,25,0.4,0.2,20.6,3.9,1.5,0.1,1.4,0.3,-,-,-,-,-,0.3
2469,Gaëtan Perrin,AJ Auxerre,Ligue1,28 years old (07-06-1996),"1,69m",France,"Attacking Midfielder (Centre, Left, Right)",Right Winger,right,28(3),2445.0,9,9,1,-,78.3,0.1,7,7.26,"Jun 30, 2026",€6.00m,1.8,0.3,-,0.2,0.1,1.8,0.9,0.8,-,3.9,2.1,1.7,1.2,1.8,0.5,0.1,0.4,1.6,0.8,2.4,0.4,0.5,0.7,0.3,0.1,-,-,0.3,-,-,-,-,24.5,1.4,0.6,17.8,4.7,2.2,0.8,1.4,0.3,0.2,0.1,-,-,-,0.1
2470,Jonathan Clauss,OGC Nice,Ligue1,32 years old (25-09-1992),"1,78m",France,"Defender (Right), Midfielder (Left, Right)",Right-Back,right,24(1),2047.0,3,8,7,-,78,0.6,3,7.25,"Jun 30, 2026",€6.00m,1,0.1,-,0.1,-,1,0.7,0.3,-,1,0.6,0.4,1.2,0.3,1,0.6,0.4,1.9,1,2.9,1.8,0.4,1,-,2.4,0.1,0.2,0.7,-,-,-,-,36.8,1,1.9,27.7,6.2,2.1,0.7,1.4,0.3,0.2,0.1,-,-,-,0.1
2471,Désiré Doué,Paris Saint-Germain,Ligue1,19 years old (03-06-2005),"1,81m",France,"Attacking Midfielder (Centre, Left, Right)",Left Winger,right,17(11),1599.0,6,6,1,-,85.8,0.3,2,7.23,"Jun 30, 2029",€60.00m,1.9,0.2,-,0.2,-,1.9,1.3,0.6,-,4.2,2.4,1.8,1.7,1.1,0.6,0.3,0.4,1.5,0.8,2.3,0.4,1.3,1,-,0.3,-,-,0.7,-,-,-,-,33.6,0.8,0.7,28.1,4.1,1.9,0.1,1.8,0.2,0.1,-,0.1,-,-,0.1
2472,Jérémy Jacquet,Stade Rennais FC,Ligue1,19 years old (13-07-2005),"1,90m",France,Defender (Centre),Centre-Back,right,9,778.0,-,1,-,-,86.2,2.1,2,7.2,"Jun 30, 2027",€5.00m,0.9,-,-,-,-,0.9,0.8,-,0.1,0.9,0.3,0.6,0.4,0.3,3.3,2.1,1.2,2.4,0.8,3.2,2.3,0.7,1.2,-,4.6,0.3,0.2,0.6,-,-,-,-,47.3,2.8,1.8,38,4.8,0.4,-,0.4,0.1,-,-,-,-,-,0.1
2473,João Neves,Paris Saint-Germain,Ligue1,20 years old (27-09-2004),"1,74m",Portugal,Defensive Midfielder (C),Defensive Midfield,right,20(7),1730.0,3,8,1,-,92.2,0.8,4,7.18,"Jun 30, 2029",€65.00m,1,0.1,-,0.1,-,1,0.6,0.2,0.1,1.1,0.5,0.6,0.9,0.6,1.2,0.8,0.4,2.3,0.6,2.9,0.8,1.1,0.6,0.1,0.7,0.3,0.1,0.7,-,-,-,-,55.2,2.3,0.6,48.6,3.7,1.2,0.2,1,0.3,0.1,-,-,-,-,0.2
2474,Evann Guessand,OGC Nice,Ligue1,23 years old (01-07-2001),"1,88m",France,"Attacking Midfielder (Centre, Left, Right), Forward",Centre-Forward,right,28(3),2435.0,11,7,2,-,78.1,0.9,5,7.16,"Jun 30, 2028",€25.00m,1.9,0.4,0.1,0.3,-,1.9,1.5,0.2,0.2,3.1,1.7,1.4,2.3,2,2,0.9,1.1,1.3,0.2,1.5,0.5,2,1.4,0.3,0.4,0.1,0.1,0.7,-,-,-,-,16.5,0.1,0.2,12.8,3.5,1,-,1,0.2,-,-,0.1,-,-,0.1
2475,Dilane Bakwa,RC Strasbourg Alsace,Ligue1,22 years old (26-08-2002),"1,80m",France,"Midfielder (Centre, Left, Right)",Right Winger,left,26(1),2270.0,5,8,4,-,80.8,0.4,5,7.16,"Jun 30, 2027",€18.00m,1.8,0.2,-,0.1,0.1,1.8,0.8,1,-,4.1,2.5,1.6,1.9,1.2,0.7,0.4,0.3,0.9,0.4,1.3,0.4,2.5,1,0.1,0.9,-,0.1,0.7,-,-,-,-,30.1,1.7,1,22.7,4.8,1.7,0.6,1,0.3,0.1,-,-,-,-,0.1
2476,Khvicha Kvaratskhelia,Paris Saint-Germain,Ligue1,24 years old (12-02-2001),"1,83m",Georgia,"Attacking Midfielder (Centre, Left, Right), Forward",Left Winger,both,10(3),830.0,2,3,-,-,88.6,0.2,2,7.14,"Jun 30, 2029",€80.00m,2.1,0.2,-,0.2,-,2.1,0.9,1,0.2,3.5,2,1.5,1.2,1.8,0.5,0.2,0.3,1.5,0.8,2.2,0.2,1.4,0.7,-,0.2,-,0.1,0.5,-,-,-,-,35.1,0.5,0.3,30.6,3.7,1.7,0.2,1.5,0.2,0.1,-,-,-,-,0.2
2477,Ludovic Blas,Stade Rennais FC,Ligue1,27 years old (31-12-1997),"1,80m",France,"Midfielder (Centre, Left, Right), Forward",Right Winger,left,23(3),2051.0,6,7,6,-,81.3,0.5,2,7.11,"Jun 30, 2027",€18.00m,2,0.2,-,0.2,-,2,1.3,0.6,-,4.1,2.6,1.5,2.6,1.5,1.9,0.5,1.4,1.3,0.7,2,0.5,1.8,1.1,-,0.3,0.1,-,0.5,-,-,-,-,27.8,1.3,0.7,21.3,4.5,1.7,0.6,1.1,0.3,0.1,-,-,-,-,0.1
2478,Corentin Tolisso,Olympique Lyon,Ligue1,30 years old (03-08-1994),"1,81m",France,"Defender (Right), Midfielder (Centre, Right)",Central Midfield,right,26(4),2234.0,7,4,4,-,86,1.8,-,7.11,"Jun 30, 2027",€10.00m,1.7,0.2,0.1,0.1,-,1.7,0.9,0.5,0.3,0.6,0.3,0.3,1,0.6,3.8,1.8,2,1.8,1,2.8,0.7,1.6,1.5,0.3,1.2,0.4,0.1,1.3,-,-,-,-,48.7,1.7,1.3,40.2,5.5,1,-,1,0.1,-,-,-,-,-,0.1
2479,Lee Kang-In,Paris Saint-Germain,Ligue1,24 years old (19-02-2001),"1,74m",South Korea,"Midfielder (Centre, Left, Right), Forward",Right Winger,left,17(11),1533.0,6,6,1,-,91.8,0.1,2,7.1,"Jun 30, 2028",€30.00m,1.4,0.2,-,0.2,-,1.4,0.8,0.6,-,1.8,0.8,1,0.8,0.8,0.5,0.1,0.4,0.8,0.6,1.4,0.1,0.8,0.6,-,0.1,-,-,0.3,-,-,-,-,38.5,1.4,0.4,33.9,2.8,1.9,0.3,1.6,0.2,0.1,-,-,-,-,0.1
2480,Théo De Percin,AJ Auxerre,Ligue1,24 years old (02-02-2001),"1,85m",France,Goalkeeper,Goalkeeper,right,2,180.0,-,-,-,-,49.1,-,1,7.1,"Jun 30, 2028",€300k,-,-,-,-,-,-,-,-,-,-,-,-,-,-,-,-,-,-,0.5,0.5,-,-,-,-,1.5,-,-,-,3,-,2,1,26.5,7.5,13.5,5.5,-,-,-,-,-,-,-,-,-,-,-
2481,Benjamin André,LOSC Lille,Ligue1,34 years old (03-08-1990),"1,80m",France,"Defender (Right), Midfielder (Centre, Left, Right)",Defensive Midfield,right,28,2513.0,-,3,12,-,84,3.1,3,7.09,"Jun 30, 2026",€6.00m,0.5,-,-,-,-,0.5,0.4,0.1,-,0.8,0.5,0.3,1.6,1.1,5.9,3.1,2.8,3.4,1.4,4.8,1.7,1.7,1.7,0.1,1.8,0.2,0.2,1.3,-,-,-,-,63,3.3,2,49.6,8.1,0.7,0.1,0.6,0.1,-,-,-,-,-,0.1
2482,Jubal,AJ Auxerre,Ligue1,31 years old (29-08-1993),"1,90m",Brazil,Defender (Centre),Centre-Back,right,28,2463.0,6,-,6,-,86,2.6,2,7.09,"Jun 30, 2025",€2.00m,1.1,0.2,0.1,0.1,-,1.1,0.7,0.2,0.2,0.1,-,0.1,0.3,0.1,3.6,2.6,1,2.1,0.4,2.5,0.8,0.7,0.9,-,6.6,1.2,0.1,0.9,-,-,-,-,33.7,2.2,2.8,26.8,1.9,0.2,-,0.2,-,-,-,-,-,-,-
2483,Djordje Petrovic,RC Strasbourg Alsace,Ligue1,25 years old (08-10-1999),"1,90m",Serbia,Goalkeeper,Goalkeeper,right,28,2520.0,-,-,2,-,78.6,0.2,4,7.08,"Jun 30, 2025",€18.00m,-,-,-,-,-,-,-,-,-,-,-,-,-,-,0.2,0.2,-,-,-,-,-,0.1,-,-,1,-,-,-,3.8,0.3,2.6,0.9,46.3,5.7,9.3,30.8,0.6,-,-,-,-,-,-,-,-,-,-
2484,Diego Moreira,RC Strasbourg Alsace,Ligue1,20 years old (06-08-2004),"1,79m",Portugal,"Defender (Left), Midfielder (Left)",Left Winger,left,26(3),2382.0,2,7,4,1,81.2,0.9,4,7.07,"Jun 30, 2029",€10.00m,0.8,0.1,-,0.1,-,0.8,0.6,0.2,0.1,4.2,2.2,2,2.1,0.9,2,0.9,1,1.3,0.8,2.1,1.1,1.1,0.9,0.1,1.9,0.1,0.2,0.7,-,-,-,-,34.9,1,0.8,27.4,5.7,1,0.2,0.8,0.2,0.1,-,-,-,-,0.1
2485,Adrien Rabiot,Olympique Marseille,Ligue1,30 years old (03-04-1995),"1,91m",France,"Midfielder (Centre, Left)",Central Midfield,left,24(2),2213.0,7,3,4,-,87.5,1.1,1,7.06,"Jun 30, 2026",€25.00m,1.4,0.3,0.1,0.2,-,1.4,0.9,0.3,0.2,1.8,0.9,0.9,1.7,1.2,2,1.1,0.9,1.7,0.4,2.2,0.8,1.1,2,0.4,1.1,-,-,0.7,-,-,-,-,52.5,0.6,0.8,45.3,5.7,0.8,0.1,0.8,0.1,-,-,-,-,-,0.1
2486,Moses Simon,FC Nantes,Ligue1,29 years old (12-07-1995),"1,68m",Nigeria,"Midfielder (Centre, Left, Right), Forward",Left Winger,right,28(1),2359.0,7,9,2,-,74.9,0.2,4,7.06,"Jun 30, 2026",€12.00m,1.4,0.2,-,0.2,-,1.4,1.1,0.3,-,4.5,2.5,2,2,1.8,1.4,0.2,1.2,0.6,0.5,1.1,0.4,1.6,0.3,0.3,0.4,-,-,0.4,-,-,-,-,17.7,0.6,0.7,12.7,3.8,1.9,0.3,1.6,0.3,0.1,-,-,-,-,0.2
2487,Lilian Brassier,Stade Rennais FC,Ligue1,25 years old (02-11-1999),"1,86m",France,"Defender (Centre, Left)",Centre-Back,left,11,966.0,1,-,-,-,86.4,2.3,-,7.06,"Jun 30, 2025",€10.00m,1.2,0.1,0.1,-,-,1.2,0.6,0.3,0.3,0.4,0.2,0.2,0.5,0.1,2.8,2.3,0.5,0.9,0.2,1.1,1.8,1,0.5,-,4.3,0.9,0.2,0.5,-,-,-,-,63.6,3.5,4,51.5,4.6,0.5,0.1,0.4,-,-,-,-,-,-,-
2488,Pierre-Emile Højbjerg,Olympique Marseille,Ligue1,29 years old (05-08-1995),"1,85m",Denmark,Midfielder (Centre),Defensive Midfield,right,27,2396.0,2,3,5,-,92.6,0.8,1,7.06,"Jun 30, 2025",€20.00m,1.1,0.1,-,-,-,1.1,0.5,0.6,0.1,0.9,0.6,0.3,1,0.8,1.4,0.8,0.6,2,1.2,3.2,1.5,1.4,0.9,-,1.1,0.1,0.1,0.9,-,-,-,-,97.2,1.8,1.3,88.1,5.9,1.4,0.2,1.2,0.1,-,-,-,-,-,0.1
2489,Ludovic Ajorque,Stade Brestois 29,Ligue1,31 years old (25-02-1994),"1,96m",France,Forward,Centre-Forward,left,26(2),2253.0,12,2,5,-,69.2,4.2,2,7.06,"Jun 30, 2025",€4.00m,1.6,0.4,0.2,0.2,-,1.6,1.1,0.1,0.4,0.5,0.3,0.2,1.9,0.3,8.6,4.2,4.4,0.8,0.8,1.6,0.2,0.8,2,0.4,0.8,0.2,-,0.5,-,-,-,-,20.8,0.8,0.3,13.6,6.1,1.1,0.1,1.1,0.1,-,-,-,-,-,0.1
2490,Edon Zhegrova,LOSC Lille,Ligue1,26 years old (31-03-1999),"1,80m",,Attacking Midfielder (Right),Right Winger,left,12,986.0,4,1,1,-,86,0.3,1,7.05,"Jun 30, 2026",€25.00m,1.9,0.3,-,0.3,0.1,1.9,0.8,1.1,0.1,4.6,2.7,1.9,1.9,2.4,0.4,0.3,0.2,0.4,0.4,0.8,0.3,0.9,0.8,0.4,0.1,-,-,0.7,-,-,-,-,28.7,0.5,0.3,24.2,3.8,1.3,0.3,1.1,0.1,0.1,-,-,-,-,-
2491,Maghnes Akliouche,AS Monaco,Ligue1,23 years old (25-02-2002),"1,83m",France,"Attacking Midfielder (Centre, Right)",Right Winger,left,25(4),2229.0,4,8,2,-,85.1,0.1,3,7.04,"Jun 30, 2028",€40.00m,1.9,0.1,-,0.1,-,1.9,1.3,0.4,0.1,3.2,1.7,1.6,2.6,1.4,0.8,0.1,0.7,1.7,0.8,2.5,0.4,1.1,1,0.3,0.4,-,-,0.7,-,-,-,-,37,1,0.5,30.6,5,1.6,0.1,1.5,0.3,-,-,0.1,-,-,0.2
2492,Valentín Barco,RC Strasbourg Alsace,Ligue1,20 years old (23-07-2004),"1,70m",Argentina,"Defender (Left), Midfielder (Centre, Left)",Left-Back,left,11,913.0,-,2,2,-,84.4,0.6,-,7.03,"Jun 30, 2025",€8.00m,0.8,-,-,-,-,0.8,0.2,0.6,-,1.6,0.9,0.7,1.7,0.7,1.3,0.6,0.6,2.5,0.7,3.3,0.9,2.2,1,-,1.4,0.1,0.8,0.4,-,-,-,-,46.7,1.5,1.8,38,5.5,0.5,0.2,0.3,0.2,-,-,0.1,-,-,0.1
2493,Kevin Danso,Tottenham Hotspur,Ligue1,26 years old (19-09-1998),190cm,Austria,Defender (Centre),,,12,1080.0,-,-,3,-,86,3.4,2,7.02,,,0.8,-,-,-,-,0.8,0.7,0.1,0.1,0.5,0.4,0.1,1,0.5,5.3,3.4,1.9,1.6,0.3,1.9,1.7,0.9,2.3,0.1,5,1.6,0.2,0.5,-,-,-,-,63.7,2.7,3.8,52.2,5.2,0.5,0.2,0.3,-,-,-,-,-,-,-
2494,Gaëtan Laborde,OGC Nice,Ligue1,30 years old (03-05-1994),"1,81m",France,"Attacking Midfielder (Centre, Left, Right), Forward",Centre-Forward,left,18(7),1628.0,9,4,1,-,73.5,1.7,2,7.02,"Jun 30, 2026",€6.00m,2.8,0.4,-,0.3,0.1,2.8,2,0.5,0.2,1.4,0.7,0.7,1.7,0.6,3.4,1.7,1.7,0.7,0.5,1.2,0.2,0.6,1,0.2,0.6,0.2,0.1,0.5,-,-,-,-,17,0.3,0.3,12.2,4.2,0.9,-,0.9,0.2,-,-,-,-,-,0.1
2495,Luis Henrique,Olympique Marseille,Ligue1,23 years old (14-12-2001),"1,81m",Brazil,"Midfielder (Left, Right)",Right Winger,right,28(3),2505.0,7,6,-,-,84.6,-,3,7.02,"Jun 30, 2028",€18.00m,0.9,0.2,0.1,0.1,-,0.9,0.5,0.2,0.2,2.8,1.3,1.6,0.9,0.5,0.1,-,0.1,0.5,-,0.5,0.3,0.3,0.3,0.3,1,0.1,-,0.4,-,-,-,-,39.1,0.9,0.9,32.1,5.1,1.6,0.1,1.5,0.2,-,-,-,-,-,0.2
2496,Emmanuel Agbadou,Wolverhampton Wanderers,Ligue1,27 years old (17-06-1997),192cm,Ivory Coast,"Defender (Centre, Right), Defensive Midfielder (C)",,,14,1260.0,-,-,3,-,88.1,1.3,3,7.01,,,1.1,-,-,-,-,1.1,0.1,0.9,0.1,0.9,0.2,0.6,0.6,0.4,2.2,1.3,0.9,1.8,0.5,2.3,1.4,0.4,0.9,-,4.5,0.9,0.1,0.6,-,-,-,-,65.3,5.5,4.5,52,3.3,0.6,0.2,0.4,-,-,-,-,-,-,-
2497,Lamine Camara,AS Monaco,Ligue1,21 years old (01-01-2004),"1,73m",Senegal,Midfielder (Centre),Central Midfield,right,23(4),1899.0,2,6,8,1,87.1,0.9,2,7.01,"Jun 30, 2029",€20.00m,1,0.1,-,-,-,1,0.2,0.7,-,0.9,0.4,0.4,1.4,0.7,1.6,0.9,0.8,2.3,0.7,3.1,1,1.3,1.6,-,1,0.1,0.1,0.9,-,-,-,-,46.1,2.6,1.3,37.6,4.6,1.6,0.7,0.9,0.2,0.1,0.1,-,-,-,-
2498,Yehvann Diouf,Stade Reims,Ligue1,25 years old (16-11-1999),"1,90m",France,Goalkeeper,Goalkeeper,right,31,2790.0,-,-,1,-,66.1,0.3,1,7.01,"Jun 30, 2027",€9.00m,-,-,-,-,-,-,-,-,-,0.1,-,0.1,-,-,0.3,0.3,-,0.1,0.1,0.1,-,0.1,-,-,1,-,-,-,4.1,0.4,2.5,1.2,31.8,5.8,10.4,15.3,0.4,-,-,-,-,-,-,-,-,-,-
2499,Djaoui Cissé,Stade Rennais FC,Ligue1,21 years old (31-01-2004),"1,88m",France,Midfielder (Centre),Central Midfield,right,11,898.0,1,-,4,-,88.5,0.4,-,7.01,"Jun 30, 2029",€5.00m,1.2,0.1,-,-,0.1,1.2,-,1.2,-,1.5,0.5,1.1,0.9,0.9,1.5,0.4,1.1,2.3,0.8,3.1,1.2,1.2,2,-,0.7,0.4,-,1.7,-,-,-,-,45.2,4.1,1.1,35.9,4.1,0.5,0.2,0.4,-,-,-,-,-,-,-
2500,Hamed Traoré,AJ Auxerre,Ligue1,25 years old (16-02-2000),"1,77m",Ivory Coast,"Attacking Midfielder (Centre, Left, Right)",Attacking Midfield,right,24,1967.0,10,2,5,-,77.8,0.5,3,7.0,"Jun 30, 2025",€18.00m,2.7,0.4,0.1,0.3,-,2.7,1.3,1.2,0.3,4,2.7,1.3,2.8,2,1.3,0.5,0.8,1.7,1.5,3.3,0.3,1.6,1.3,0.3,0.5,-,-,0.6,-,-,-,-,21.4,0.9,0.7,15.7,4,1.1,0.3,0.8,0.1,-,-,-,-,-,-
2501,Jonathan David,LOSC Lille,Ligue1,25 years old (14-01-2000),"1,78m",Canada,"Attacking Midfielder (Centre), Forward",Centre-Forward,both,25(4),2306.0,16,4,4,-,83,0.6,5,7.0,"Jun 30, 2025",€45.00m,2.2,0.6,0.2,0.4,-,2.2,1.6,0.3,0.3,1.2,0.6,0.7,2.1,1.3,1.9,0.6,1.3,0.7,0.3,1,0.1,1.1,0.8,0.2,0.3,0.1,-,0.4,-,-,-,-,20.9,0.3,0.1,17,3.4,1.1,-,1.1,0.1,-,-,-,-,-,0.1
2502,Hicham Boudaoui,OGC Nice,Ligue1,25 years old (23-09-1999),"1,75m",Algeria,"Midfielder (Centre, Right)",Central Midfield,right,24(2),2182.0,2,2,9,-,84.5,0.6,-,6.99,"Jun 30, 2027",€10.00m,1.5,0.1,-,0.1,-,1.5,0.8,0.6,0.1,2.3,1.5,0.8,1.2,0.8,1.9,0.6,1.3,2.7,0.8,3.5,0.8,1.7,1.5,-,1.6,0.4,-,1,-,-,-,-,38.7,1.4,0.9,31.3,5.1,0.8,-,0.7,0.1,-,-,0.1,-,-,-
2503,Przemyslaw Frankowski,Galatasaray,Ligue1,30 years old (12-04-1995),175cm,Poland,"Defender (Right), Midfielder (Centre, Left, Right)",,,16(2),1389.0,4,2,3,-,83.4,0.4,1,6.99,,,0.9,0.2,-,0.2,0.1,0.9,0.5,0.4,-,0.9,0.6,0.3,0.9,0.4,0.8,0.4,0.4,1.8,0.6,2.4,1.1,0.4,1,0.1,1.3,0.1,0.2,0.4,-,-,-,-,48.7,1.3,1.8,39.3,6.3,1.1,0.2,0.9,0.1,0.1,-,0.1,-,-,-
2504,Vitinha,Paris Saint-Germain,Ligue1,25 years old (13-02-2000),"1,72m",Portugal,Midfielder (Centre),Central Midfield,right,19(9),1946.0,5,1,1,-,94,-,1,6.99,"Jun 30, 2029",€60.00m,1,0.2,-,0.1,-,1,0.4,0.6,-,1.4,0.5,0.9,1.1,0.7,0.1,-,0.1,1.5,0.8,2.3,0.5,0.4,0.3,-,0.6,0.3,-,0.7,-,-,-,-,80.6,5.2,0.9,70.5,4,0.8,0.1,0.7,-,-,-,-,-,-,-
2505,Denis Zakaria,AS Monaco,Ligue1,28 years old (20-11-1996),"1,90m",Switzerland,"Defender (Centre), Defensive Midfielder (C)",Defensive Midfield,right,22(1),1965.0,5,3,5,-,90.9,0.7,1,6.99,"Jun 30, 2028",€30.00m,1.3,0.2,-,0.2,-,1.3,0.7,0.5,0.1,1.5,0.7,0.9,1.3,0.9,1.1,0.7,0.4,1.6,0.4,2,1.3,0.8,1.2,-,1.3,0.3,0.2,0.9,-,-,-,-,47.3,1.2,0.7,41.8,3.6,0.6,-,0.6,0.1,-,-,-,-,-,0.1
2506,Vanderson,AS Monaco,Ligue1,23 years old (21-06-2001),"1,73m",Brazil,"Defender (Right), Midfielder (Right)",Right-Back,right,23(3),1991.0,1,3,4,1,79.6,0.8,2,6.99,"Jun 30, 2028",€20.00m,0.8,-,-,-,-,0.8,0.6,0.2,-,1.8,0.9,0.9,1.4,0.5,1.8,0.8,1,2.8,0.7,3.5,1.5,0.8,1,-,2.2,0.2,0.2,1.4,-,-,-,-,42.9,3,2.7,31.2,6.1,0.9,0.1,0.8,0.1,-,-,0.1,-,-,-
2507,Marco Asensio,Aston Villa,Ligue1,29 years old (21-01-1996),182cm,Spain,"Attacking Midfielder (Centre, Left, Right), Forward",,,8(4),620.0,2,4,-,-,90.2,0.1,-,6.98,,,2.2,0.2,0.1,0.1,-,2.2,1.4,0.4,0.3,0.7,0.3,0.3,0.3,0.4,0.3,0.1,0.2,0.3,0.5,0.8,-,0.3,0.1,0.3,0.1,-,-,0.1,-,-,-,-,26.4,0.8,0.3,23.1,2.3,1.3,-,1.3,0.3,0.2,-,0.1,-,-,0.1
2508,Emanuel Emegha,RC Strasbourg Alsace,Ligue1,22 years old (03-02-2003),"1,96m",Netherlands,Forward,Centre-Forward,right,26,2218.0,14,3,6,-,80.9,1,2,6.98,"Jun 30, 2028",€20.00m,2.3,0.5,0.2,0.3,-,2.3,1.9,0.1,0.3,1,0.7,0.3,2.3,1.1,2.4,1,1.4,0.2,0.2,0.4,-,1.4,1.3,0.9,1.1,0.2,-,0.5,-,-,-,-,12.5,-,0.1,10.1,2.3,0.7,-,0.7,0.1,-,-,-,-,-,0.1
2509,Thilo Kehrer,AS Monaco,Ligue1,28 years old (21-09-1996),"1,86m",Germany,"Defender (Centre, Left, Right), Midfielder (Right)",Centre-Back,both,26,2295.0,4,-,1,-,90.1,2,1,6.98,"Jun 30, 2028",€15.00m,0.5,0.2,0.1,-,-,0.5,0.3,-,0.1,0.1,0.1,-,0.2,0.1,3.3,2,1.3,1.4,0.6,2,1.3,0.8,0.8,-,4.1,0.3,0.1,0.3,-,-,-,-,67,3.2,3.1,57.3,3.5,0.2,0.1,0.1,-,-,-,-,-,-,-
2510,Junya Ito,Stade Reims,Ligue1,32 years old (09-03-1993),"1,76m",Japan,"Midfielder (Left, Right), Forward",Right Winger,right,30(1),2588.0,4,3,1,-,75.8,0.5,4,6.98,"Jun 30, 2026",€8.00m,1,0.1,0.1,-,-,1,0.5,0.3,0.2,3.3,1.9,1.5,2.6,1.2,1.4,0.5,0.9,1.4,1.4,2.8,0.4,1,0.5,0.3,0.4,0.1,0.1,0.9,-,-,-,-,29.8,0.7,1.1,21.8,6.1,2.6,0.6,2,0.1,0.1,-,-,-,-,-
2511,Nathan Zézé,FC Nantes,Ligue1,19 years old (18-06-2005),"1,90m",,Defender (Centre),Centre-Back,left,15,1315.0,-,-,4,-,86.1,1.8,1,6.96,"Jun 30, 2028",€12.00m,0.3,-,-,-,-,0.3,0.3,-,-,0.3,0.1,0.2,0.4,-,3.3,1.8,1.5,2.1,0.6,2.7,1.5,0.7,0.9,-,7.2,0.5,0.1,0.8,-,-,-,-,47.9,2.5,3.9,38.8,2.8,-,-,-,-,-,-,-,-,-,-
2512,Nicolás Tagliafico,Olympique Lyon,Ligue1,32 years old (31-08-1992),"1,71m",Argentina,"Defender (Centre, Left), Midfielder (Left)",Left-Back,left,19(2),1635.0,3,1,6,-,88.4,1.1,1,6.95,"Jun 30, 2025",€7.00m,1,0.1,-,0.1,-,1,0.8,0.2,-,0.4,0.3,-,1,0.2,2.1,1.1,1,2.5,0.8,3.2,1.5,1.1,1.4,-,2,0.3,0.2,0.7,-,-,-,-,48.1,1.1,1.2,41.5,4.4,0.2,-,0.2,-,-,-,-,-,-,-
2513,Donovan Léon,AJ Auxerre,Ligue1,32 years old (03-11-1992),"1,87m",France,Goalkeeper,Goalkeeper,right,29,2610.0,-,2,4,-,51.4,0.3,2,6.95,"Jun 30, 2027",€800k,-,-,-,-,-,-,-,-,-,-,-,-,-,-,0.3,0.3,-,-,0.1,0.1,-,0.1,-,-,0.9,-,-,0.1,3.8,0.4,2.4,0.9,30.5,8,14.8,7.7,0.1,0.1,0.1,-,0.1,-,-,-,0.1,-,-
2514,Karl-Johan Johnsson,RC Strasbourg Alsace,Ligue1,35 years old (28-01-1990),"1,88m",Sweden,Goalkeeper,Goalkeeper,right,3,270.0,-,-,-,-,79.6,0.3,-,6.93,"Jun 30, 2026",€400k,-,-,-,-,-,-,-,-,-,-,-,-,-,-,0.3,0.3,-,-,0.3,0.3,-,-,0.3,-,2,-,-,-,5.3,0.3,3.7,1.3,36,3,6.3,25.7,1,-,-,-,-,-,-,-,-,-,-
2515,Nuno Mendes,Paris Saint-Germain,Ligue1,22 years old (19-06-2002),"1,83m",Portugal,"Defender (Left), Midfielder (Left)",Left-Back,left,18(5),1586.0,1,2,3,-,88.4,0.7,1,6.93,"Jun 30, 2029",€55.00m,0.8,-,-,-,-,0.8,0.3,0.5,0.1,2.1,1,1.2,1.2,0.9,1.1,0.7,0.4,1.3,0.7,1.9,0.7,0.8,0.6,-,1.4,0.3,0.1,0.7,-,-,-,-,54.1,2.2,1.3,45.7,5,1.1,0.3,0.9,0.1,-,-,-,-,-,-
2516,Guéla Doué,RC Strasbourg Alsace,Ligue1,22 years old (17-10-2002),"1,87m",France,"Defender (Centre, Right)",Right-Back,right,27(2),2472.0,1,1,6,-,86.6,1.8,1,6.93,"Jun 30, 2029",€12.00m,0.6,-,-,-,-,0.6,0.4,0.1,0.1,1.2,0.4,0.8,1.3,0.3,2.9,1.8,1.1,2,0.5,2.5,1.1,0.6,1.1,-,4.7,0.2,0.2,1,-,-,-,-,55.6,1.3,2.8,46.8,4.7,0.3,0.1,0.3,-,-,-,-,-,-,-
2517,Hákon Haraldsson,LOSC Lille,Ligue1,22 years old (10-04-2003),"1,78m",,"Attacking Midfielder (Centre, Left, Right), Forward",Attacking Midfield,right,18(4),1539.0,5,3,3,-,82.5,0.1,2,6.93,"Jun 30, 2028",€15.00m,1.5,0.2,-,0.2,-,1.5,0.9,0.5,-,1.9,0.8,1.1,1.8,0.5,0.6,0.1,0.5,1.5,0.7,2.2,0.3,1.2,0.7,0.1,0.2,-,-,0.4,-,-,-,-,35.9,1.1,0.6,28.5,5.7,1.5,0.1,1.3,0.1,-,-,-,-,-,0.1
2518,Charlie Cresswell,FC Toulouse,Ligue1,22 years old (17-08-2002),"1,90m",England,Defender (Centre),Centre-Back,right,27(2),2413.0,3,1,4,-,83,3.3,1,6.92,"Jun 30, 2028",€7.00m,1.1,0.1,0.1,-,-,1.1,0.9,-,0.2,0.3,0.2,0.1,0.7,0.1,4.9,3.3,1.6,1.2,0.6,1.8,1,0.4,0.9,0.1,6,0.9,0.1,0.5,-,-,-,-,49.5,2.1,4.5,39,3.9,0.2,-,0.2,-,-,-,-,-,-,-
2519,Youssouf Ndayishimiye,OGC Nice,Ligue1,26 years old (27-10-1998),"1,83m",Burundi,"Defender (Centre), Defensive Midfielder (C)",Centre-Back,right,22(1),1934.0,3,-,5,-,89.9,1.6,-,6.92,"Jun 30, 2027",€12.00m,0.5,0.1,-,0.1,-,0.5,0.3,0.1,-,0.3,0.1,0.3,0.6,0.3,2.8,1.6,1.2,1.7,0.5,2.2,0.9,0.6,0.8,-,5,0.8,0.1,0.7,-,-,-,-,56.7,1.7,2.8,49.3,2.9,0.2,0.1,0.1,-,-,-,-,-,-,-
2520,Cristian Cásseres,FC Toulouse,Ligue1,25 years old (20-01-2000),"1,76m",Venezuela,"Midfielder (Centre, Right)",Central Midfield,right,28(1),2435.0,1,3,9,-,81.7,0.7,2,6.91,"Jun 30, 2027",€5.00m,0.6,-,-,-,-,0.6,0.2,0.3,-,1.1,0.4,0.7,1.2,0.3,1.2,0.7,0.6,3,1.2,4.2,1.3,1.4,1.7,-,1.1,0.2,-,0.9,-,-,-,-,41.6,1.9,1.8,32,5.8,0.9,0.2,0.7,0.1,-,-,-,-,-,0.1
2521,Mahdi Camara,Stade Brestois 29,Ligue1,26 years old (30-06-1998),"1,78m",France,"Defender (Centre, Right), Midfielder (Centre)",Central Midfield,right,28(3),2402.0,5,2,5,-,87.8,0.6,2,6.91,"Jun 30, 2027",€10.00m,1.5,0.2,-,0.1,0.1,1.5,0.8,0.5,0.1,1.9,1.1,0.8,1.1,0.9,1.6,0.6,1,2.1,0.6,2.8,1,1.4,1.2,0.1,0.8,0.1,0.1,1.1,-,-,-,-,32.2,0.5,0.5,27.7,3.5,0.7,-,0.7,0.1,-,-,-,-,-,0.1
2522,Patrik Carlgren,FC Nantes,Ligue1,33 years old (08-01-1992),"1,89m",Sweden,Goalkeeper,Goalkeeper,right,4(1),416.0,-,-,-,-,60.6,-,1,6.91,"Jun 30, 2026",€800k,-,-,-,-,-,-,-,-,-,-,-,-,-,-,0.2,-,0.2,-,-,-,-,0.2,-,-,0.6,-,-,-,4.2,0.2,3,1,21.8,5,8.6,8.2,-,-,-,-,-,-,-,-,-,-,-
2523,Marquinhos,Paris Saint-Germain,Ligue1,30 years old (14-05-1994),"1,83m",Brazil,"Defender (Centre, Right), Defensive Midfielder (C)",Centre-Back,right,18(3),1651.0,1,-,3,-,94.9,1.5,-,6.91,"Jun 30, 2028",€40.00m,0.3,-,-,-,-,0.3,0.1,-,0.1,0.2,-,0.1,0.1,-,2.3,1.5,0.9,1.4,0.4,1.8,0.5,0.3,0.9,-,2.8,0.6,0.1,0.6,-,-,-,-,82.7,4.2,1.9,74.2,2.3,0.4,-,0.4,-,-,-,-,-,-,-
2524,Wilfried Singo,AS Monaco,Ligue1,24 years old (25-12-2000),"1,90m",Ivory Coast,"Defender (Centre, Right), Midfielder (Right)",Centre-Back,right,20(4),1823.0,1,2,4,-,86.5,2,1,6.91,"Jun 30, 2028",€25.00m,0.7,-,-,-,-,0.7,0.4,0.1,0.2,0.5,0.2,0.3,0.5,0.3,3.2,2,1.1,1.3,0.3,1.7,1.8,1.3,1.3,0.1,4,0.2,0.1,0.3,-,-,-,-,51.3,2.3,3.3,42,3.6,0.3,-,0.3,0.1,-,-,-,-,-,0.1
2525,Marcin Bulka,OGC Nice,Ligue1,25 years old (04-10-1999),"1,99m",Poland,Goalkeeper,Goalkeeper,right,31,2790.0,-,-,-,-,77.5,0.4,2,6.9,"Jun 30, 2026",€20.00m,-,-,-,-,-,-,-,-,-,-,-,-,0.1,-,0.4,0.4,-,-,-,-,-,0.1,-,-,0.8,-,-,-,3.7,0.2,2.3,1.2,27.6,4.7,5.7,16.7,0.5,-,-,-,-,-,-,-,-,-,-
2526,Gideon Mensah,AJ Auxerre,Ligue1,26 years old (18-07-1998),"1,78m",Ghana,"Defender (Left), Midfielder (Left)",Left-Back,left,24(2),2094.0,-,1,2,-,82.2,0.6,-,6.9,"Jun 30, 2026",€3.50m,0.2,-,-,-,-,0.2,0.1,0.1,-,2,1,1.1,1.4,1.2,1.3,0.6,0.7,2.3,1.1,3.4,1.7,0.9,1.2,-,2.7,0.2,0.3,0.8,-,-,-,-,35.5,2.2,2.3,27,4,0.8,0.3,0.5,-,-,-,-,-,-,-
2527,Anthony Rouault,Stade Rennais FC,Ligue1,23 years old (29-05-2001),"1,86m",France,Defender (Centre),Centre-Back,right,8,703.0,-,-,-,-,90.4,2.9,-,6.9,"Jun 30, 2029",€10.00m,0.8,-,-,-,-,0.8,0.6,-,0.1,-,-,-,0.1,0.3,4.3,2.9,1.4,0.9,-,0.9,0.9,0.1,0.6,-,6,1.3,-,0.1,-,-,-,-,66.1,2.8,2.6,57,3.8,-,-,-,-,-,-,-,-,-,-
2528,Tiago Santos,LOSC Lille,Ligue1,22 years old (23-07-2002),"1,75m",,Defender (Right),Right-Back,right,4(3),405.0,-,-,1,-,83.1,1,-,6.9,"Jun 30, 2029",€15.00m,1.1,-,-,-,-,1.1,0.4,0.7,-,3,1.3,1.7,1.9,0.4,1.6,1,0.6,1.7,0.4,2.1,0.3,1.4,0.9,0.3,0.6,-,-,0.3,-,-,-,-,26.1,0.6,1,21.1,3.4,0.7,0.1,0.6,-,-,-,-,-,-,-
2529,Fabián Ruiz,Paris Saint-Germain,Ligue1,29 years old (03-04-1996),"1,89m",Spain,"Midfielder (Centre, Left)",Central Midfield,left,20(8),1834.0,4,4,1,-,91.4,0.1,2,6.9,"Jun 30, 2027",€35.00m,1.5,0.1,-,0.1,-,1.5,0.7,0.7,0.1,0.7,0.2,0.5,0.8,0.6,0.4,0.1,0.3,1.3,0.9,2.2,0.6,0.4,0.2,0.2,0.9,0.1,0.1,0.8,-,-,-,-,53.8,2.4,0.7,46.7,3.9,1.2,0.1,1.1,0.1,-,-,-,-,-,0.1
2530,Aleksandr Golovin,AS Monaco,Ligue1,28 years old (30-05-1996),"1,78m",Russia,"Midfielder (Centre, Left, Right)",Attacking Midfield,right,13(6),1155.0,3,-,1,-,79.2,0.5,1,6.9,"Jun 30, 2029",€25.00m,1.3,0.2,-,0.1,0.1,1.3,0.5,0.7,-,1.9,0.8,1.2,1.4,0.9,1.2,0.5,0.7,2,1.2,3.2,0.6,1.1,1.3,0.1,0.3,0.2,0.1,0.6,-,-,-,-,33.9,2.2,1.5,24.7,5.5,1.3,0.2,1.1,-,-,-,-,-,-,-
2531,Melvin Bard,OGC Nice,Ligue1,24 years old (06-11-2000),"1,73m",France,"Defender (Centre, Left), Midfielder (Left)",Left-Back,left,19(2),1672.0,2,-,2,2,80.9,1,1,6.89,"Jun 30, 2028",€12.00m,0.9,0.1,-,0.1,-,0.9,0.7,0.2,-,2.1,1.2,0.9,1.2,0.5,1.6,1,0.6,2.2,0.8,3,1.2,0.8,0.7,0.1,2.1,0.6,0.5,1,-,-,-,-,37.4,1.1,2.8,29.1,4.4,0.7,0.2,0.4,-,-,-,-,-,-,-
2532,Juma Bah,RC Lens,Ligue1,19 years old (11-04-2006),"1,95m",,Defender (Centre),Centre-Back,right,5(2),417.0,-,-,2,-,93.5,2.1,-,6.89,"Jun 30, 2025",€4.00m,0.3,-,-,-,-,0.3,0.3,-,-,0.4,-,0.4,0.3,0.3,3,2.1,0.9,1.6,0.3,1.9,1.6,0.1,0.6,-,3.9,0.7,-,0.1,-,-,-,-,35.1,0.4,0.1,32.4,2.1,0.1,-,0.1,-,-,-,-,-,-,-
2533,Abdukodir Khusanov,Manchester City,Ligue1,21 years old (29-02-2004),186cm,Uzbekistan,Defender (Centre),,,11(2),976.0,-,-,2,1,89,2.2,-,6.89,,,0.5,-,-,-,-,0.5,0.2,0.3,-,0.1,-,0.1,0.4,0.1,3.1,2.2,0.9,1.2,0.3,1.5,2,0.2,1,-,4.3,0.8,0.1,0.5,-,-,-,-,41.1,2.4,2,34.2,2.5,0.2,-,0.2,-,-,-,-,-,-,-
2534,Willian Pacho,Paris Saint-Germain,Ligue1,23 years old (16-10-2001),"1,87m",Ecuador,Defender (Centre),Centre-Back,left,22(5),2041.0,-,1,2,-,94.9,1,-,6.88,"Jun 30, 2029",€45.00m,0.1,-,-,-,-,0.1,0.1,-,-,0.2,0.2,-,0.6,0.1,2,1,1,2,0.3,2.4,1.5,0.3,0.7,-,3.1,0.8,0.1,0.5,-,-,-,-,69.4,1.4,1.6,64.4,2,0.1,-,0.1,-,-,-,-,-,-,-
2535,Mathew Ryan,RC Lens,Ligue1,33 years old (08-04-1992),"1,84m",Australia,Goalkeeper,Goalkeeper,right,11,990.0,-,-,-,-,67.5,0.4,2,6.87,"Jun 30, 2025",€2.50m,-,-,-,-,-,-,-,-,-,-,-,-,-,0.1,0.4,0.4,-,0.1,0.1,0.2,-,0.1,-,-,0.7,-,-,-,3,0.4,2.1,0.5,23.2,4.4,7.4,11.3,0.2,-,-,-,-,-,-,-,-,-,-
2536,Yahia Fofana,Angers SCO,Ligue1,24 years old (21-08-2000),"1,94m",Ivory Coast,Goalkeeper,Goalkeeper,right,31,2790.0,-,-,4,-,63.2,0.3,1,6.87,"Jun 30, 2026",€6.00m,-,-,-,-,-,-,-,-,-,0.1,-,0.1,-,-,0.4,0.3,0.1,-,0.1,0.1,-,0.3,-,-,0.9,-,-,-,4.2,0.2,2.7,1.3,25,5.7,9.1,10.1,0.1,-,-,-,-,-,-,-,-,-,-
2537,Zuriko Davitashvili,AS Saint-Étienne,Ligue1,24 years old (15-02-2001),"1,75m",Georgia,"Attacking Midfielder (Centre, Left, Right)",Right Winger,right,29(1),2524.0,8,7,2,-,82.9,0.5,2,6.86,"Jun 30, 2028",€10.00m,2.1,0.3,-,0.2,0.1,2.1,1.1,1,-,3.9,2.3,1.6,2.2,1.7,1.9,0.5,1.4,0.7,1.1,1.8,0.4,1.2,0.6,0.1,0.4,-,-,0.7,-,-,-,-,25.6,0.3,0.4,20.9,4,1.5,0.1,1.3,0.2,0.1,-,-,-,-,0.1
2538,Gabriel Suazo,FC Toulouse,Ligue1,27 years old (09-08-1997),"1,78m",Chile,"Defender (Left), Midfielder (Left)",Left-Back,left,23(6),2141.0,-,6,-,-,82.6,0.5,1,6.86,"Jun 30, 2026",€4.00m,0.2,-,-,-,-,0.2,0.2,0.1,-,1.3,0.5,0.9,1.2,0.5,1.1,0.5,0.7,2,1.4,3.5,1.2,1,1.1,0.1,1.3,0.1,0.1,0.8,-,-,-,-,34.5,1.1,1.1,27.4,4.9,1.3,0.3,1,0.2,0.1,-,-,-,-,0.1
2539,Azor Matusiwa,Stade Rennais FC,Ligue1,27 years old (28-04-1998),"1,73m",Netherlands,Defensive Midfielder (C),Defensive Midfield,right,21(5),1905.0,1,2,3,-,87.1,1.2,1,6.86,"Jun 30, 2028",€10.00m,0.4,-,-,-,-,0.4,0.2,0.2,-,0.7,0.2,0.6,0.8,0.6,1.8,1.2,0.6,2.4,0.4,2.8,1.3,1.2,1.1,-,1.7,0.3,0.2,0.6,-,-,-,-,40,1.9,0.5,33,4.6,0.5,0.2,0.4,0.1,-,-,-,-,-,0.1
2540,Baptiste Santamaría,OGC Nice,Ligue1,30 years old (09-03-1995),"1,83m",France,Defensive Midfielder (C),Defensive Midfield,right,10(1),850.0,-,-,1,-,84.6,1.9,1,6.86,"Jun 30, 2025",€7.00m,1.5,-,-,-,-,1.5,0.5,0.9,-,1,0.3,0.7,1.2,0.6,2.9,1.9,1,1.7,0.6,2.4,1.4,1.6,1.3,-,1.5,0.2,0.3,1,-,-,-,-,40.2,2.2,1.5,31.8,4.7,0.8,-,0.8,-,-,-,-,-,-,-
2541,Lucas Perri,Olympique Lyon,Ligue1,27 years old (10-12-1997),"1,97m",Brazil,Goalkeeper,Goalkeeper,right,30,2700.0,-,-,1,-,73,0.5,2,6.86,"Jun 30, 2028",€10.00m,-,-,-,-,-,-,-,-,-,-,-,-,-,0.1,0.5,0.5,-,-,0.1,0.2,-,0.1,-,-,1.1,-,-,-,3.6,0.1,2,1.5,26.8,3.8,7,15.8,0.2,-,-,-,-,-,-,-,-,-,-
2542,Alexsandro Ribeiro,LOSC Lille,Ligue1,25 years old (09-08-1999),"1,91m",Brazil,Defender (Centre),Centre-Back,right,27,2430.0,1,1,9,-,91.2,2.1,2,6.85,"Jun 30, 2028",€15.00m,0.6,-,-,-,-,0.6,0.5,-,0.1,0.3,0.1,0.2,0.7,0.3,2.8,2.1,0.7,1.1,0.4,1.5,0.9,1.1,1,0.1,4.7,0.4,-,0.3,-,-,-,-,78.4,4,3,67.6,3.9,0.3,-,0.2,-,-,-,-,-,-,-
2543,Douglas Augusto,FC Nantes,Ligue1,28 years old (13-01-1997),"1,73m",Brazil,Defensive Midfielder (C),Central Midfield,left,26,2137.0,4,2,8,-,87,0.8,-,6.85,"Jun 30, 2027",€6.00m,1.2,0.2,-,0.1,-,1.2,0.7,0.5,0.1,0.8,0.3,0.5,0.6,0.5,2.1,0.8,1.2,2.4,0.7,3.1,1.1,1.3,1.5,-,1.5,0.4,0.1,1.4,-,-,-,-,40.8,1.7,1.4,33.9,3.9,0.5,0.1,0.5,0.1,-,-,-,-,-,0.1
2544,Alidu Seidu,Stade Rennais FC,Ligue1,24 years old (04-06-2000),"1,73m",Ghana,"Defender (Centre, Right)",Centre-Back,right,10(1),807.0,-,-,4,-,86.4,0.9,-,6.85,"Jun 30, 2029",€9.00m,0.3,-,-,-,-,0.3,0.2,0.1,-,1.6,0.8,0.8,0.5,0.9,2.1,0.9,1.2,2,0.3,2.3,1.3,2.5,0.9,0.1,1.5,0.5,-,0.6,-,-,-,-,41.5,1.5,1.9,34.4,3.7,0.5,-,0.5,-,-,-,-,-,-,-
2545,Ali Abdi,OGC Nice,Ligue1,31 years old (20-12-1993),"1,83m",Tunisia,Midfielder (Left),Left-Back,left,15(7),1257.0,4,2,2,-,79.5,0.9,3,6.85,"Jun 30, 2027",€3.00m,1.2,0.2,-,0.1,-,1.2,0.7,0.4,0.1,1.1,0.7,0.5,1.2,0.6,1.5,0.9,0.7,1.9,0.6,2.5,0.9,0.5,1.1,0.2,1.3,0.2,0.2,0.6,-,-,-,-,21.1,0.4,1,16.4,3.3,0.8,0.2,0.6,0.1,0.1,-,-,-,-,-
2546,Alexandre Lacazette,Olympique Lyon,Ligue1,33 years old (28-05-1991),"1,75m",France,"Midfielder (Centre, Left, Right), Forward",Centre-Forward,right,22(6),1892.0,13,2,5,-,72.5,0.6,1,6.85,"Jun 30, 2025",€8.00m,1.9,0.5,0.2,0.3,-,1.9,1.4,0.2,0.3,1,0.6,0.4,1.8,0.6,1.7,0.6,1.1,0.5,0.4,0.8,0.3,1,1.6,0.7,0.2,0.1,-,0.4,-,-,-,-,17.4,0.5,0.5,12.2,4.3,0.8,-,0.8,0.1,-,-,-,-,-,-
2547,Morgan Sanson,OGC Nice,Ligue1,30 years old (18-08-1994),"1,80m",France,"Midfielder (Centre, Left, Right)",Central Midfield,right,1(2),109.0,2,-,-,-,77.1,0.3,-,6.85,"Jun 30, 2027",€5.00m,1.3,0.7,-,0.7,-,1.3,0.7,0.7,-,0.7,0.7,-,1.3,0.3,0.3,0.3,-,1.3,0.7,2,1,-,0.3,-,0.3,-,-,0.7,-,-,-,-,16,1.7,0.7,10.7,3,0.3,-,0.3,-,-,-,-,-,-,-
2548,Aron Dønnum,FC Toulouse,Ligue1,27 years old (20-04-1998),"1,78m",Norway,"Midfielder (Centre, Left, Right)",Left Midfield,left,29(1),2518.0,1,2,5,-,76.7,0.4,2,6.85,"Jun 30, 2028",€4.00m,0.9,-,-,-,-,0.9,0.5,0.4,-,3.4,1.9,1.5,1.3,1.1,0.9,0.4,0.5,1.8,0.7,2.5,0.9,1.6,1.2,-,0.9,0.1,0.3,0.8,-,-,-,-,30.2,2.4,1.6,20.8,5.5,1.4,0.5,0.9,0.1,-,-,-,-,-,-
2549,Adrien Thomasson,RC Lens,Ligue1,31 years old (10-12-1993),"1,75m",France,"Midfielder (Centre, Left, Right)",Attacking Midfield,right,28(2),2370.0,2,4,5,-,84,0.6,2,6.83,"Jun 30, 2026",€5.00m,1.3,0.1,-,-,-,1.3,0.7,0.3,0.2,1.8,1.1,0.8,2,1.3,2,0.6,1.4,2.8,1.2,4,0.6,1.4,1.6,0.2,0.9,0.1,-,1.2,-,-,-,-,48.1,1.3,1,39.1,6.6,1.6,0.1,1.4,0.1,-,-,-,-,-,0.1
2550,Hervé Koffi,RC Lens,Ligue1,28 years old (16-10-1996),"1,86m",Burkina Faso,Goalkeeper,Goalkeeper,right,5,450.0,-,-,2,-,67.9,0.2,-,6.83,"Jun 30, 2028",€1.50m,-,-,-,-,-,-,-,-,-,-,-,-,-,-,0.2,0.2,-,0.2,-,0.2,-,-,-,-,1.4,-,-,-,3.6,0.4,2.8,0.4,22.4,4,7,11.2,0.2,-,-,-,-,-,-,-,-,-,-
2551,Eliesse Ben Seghir,AS Monaco,Ligue1,20 years old (16-02-2005),"1,78m",Morocco,"Attacking Midfielder (Centre, Left), Forward",Left Winger,right,18(12),1648.0,6,3,-,-,82.3,0.5,2,6.83,"Jun 30, 2027",€30.00m,2,0.2,-,0.2,-,2,0.9,1.1,-,3,1.9,1.1,1.9,1.1,1.2,0.5,0.7,1,0.4,1.4,0.4,1.8,0.8,0.1,-,-,0.1,0.6,-,-,-,-,27.8,0.5,0.5,22.4,4.4,1.1,0.2,0.9,0.1,0.1,-,-,-,-,-
2552,Marshall Munetsi,Wolverhampton Wanderers,Ligue1,28 years old (22-06-1996),188cm,Zimbabwe,"Defender (Centre), Midfielder (Centre)",,,19,1694.0,4,2,5,-,69.7,2.2,-,6.83,,,1.7,0.2,0.2,0.1,-,1.7,1.2,0.2,0.3,0.6,0.3,0.3,1.4,0.3,4.8,2.2,2.6,1.9,0.8,2.7,0.9,1.6,1.5,0.1,1.6,0.2,0.2,1.3,-,-,-,-,19.5,0.6,0.9,13,4.9,1,0.1,0.9,0.1,-,-,-,-,-,0.1
2553,Ismaël Bennacer,Olympique Marseille,Ligue1,27 years old (01-12-1997),"1,75m",Algeria,Midfielder (Centre),Defensive Midfield,left,6(4),542.0,-,2,1,-,93.2,0.2,-,6.83,"Jun 30, 2025",€15.00m,0.3,-,-,-,-,0.3,0.1,0.2,-,1.1,0.4,0.7,0.6,1.1,0.6,0.2,0.4,2,0.5,2.5,0.9,0.9,1.7,-,0.1,-,-,0.5,-,-,-,-,68.1,1.9,0.8,61.6,3.8,1.2,0.3,0.9,0.2,-,-,0.1,0.1,-,-
2554,Caio Henrique,AS Monaco,Ligue1,27 years old (31-07-1997),"1,78m",Brazil,"Defender (Left), Midfielder (Centre, Left)",Left-Back,left,18(6),1663.0,-,5,3,-,78.5,0.4,-,6.83,"Jun 30, 2027",€15.00m,0.1,-,-,-,-,0.1,-,0.1,-,0.6,0.1,0.5,0.9,0.3,1.1,0.4,0.7,1.3,0.8,2.1,0.7,0.8,0.6,0.2,1.7,0.2,0.2,0.6,-,-,-,-,39.1,1.5,3,29.3,5.4,1.4,0.4,1,0.2,0.2,-,-,-,-,-
2555,Mory Gbane,Stade Reims,Ligue1,24 years old (25-12-2000),"1,88m",Ivory Coast,"Defender (Centre), Defensive Midfielder (C)",Defensive Midfield,right,10,856.0,-,-,1,-,85.9,1.2,-,6.83,"Jun 30, 2029",€4.00m,0.4,-,-,-,-,0.4,0.1,0.3,-,0.4,-,0.4,0.5,0.3,1.8,1.2,0.6,1.8,0.9,2.7,1.7,0.1,0.8,-,7,0.9,-,0.1,-,-,-,-,38.2,1.7,2.4,31.1,3,0.3,-,0.3,-,-,-,-,-,-,-
2556,Brice Samba,Stade Rennais FC,Ligue1,31 years old (25-04-1994),"1,87m",France,Goalkeeper,Goalkeeper,left,14,1260.0,-,-,3,-,75.4,0.4,1,6.82,"Jun 30, 2029",€15.00m,-,-,-,-,-,-,-,-,-,-,-,-,-,-,0.4,0.4,-,0.1,-,0.1,-,0.1,-,-,0.9,-,-,-,3.4,0.3,2.4,0.6,34.8,5.5,8.1,20.7,0.5,-,-,-,-,-,-,-,-,-,-
2557,Gift Orban,TSG 1899 Hoffenheim,Ligue1,22 years old (17-07-2002),178cm,Nigeria,Forward,,,2(1),186.0,2,-,1,-,67.7,0.3,-,6.81,,,1.3,0.7,0.3,0.3,-,1.3,0.7,-,0.7,1.7,1,0.7,2,-,2,0.3,1.7,-,0.3,0.3,-,0.3,1.7,1.3,-,-,-,-,-,-,-,-,10.3,1,-,6,3.3,0.3,-,0.3,-,-,-,-,-,-,-
2558,Tanguy Ndombélé,OGC Nice,Ligue1,28 years old (28-12-1996),"1,81m",France,Midfielder (Centre),Central Midfield,right,12(6),1134.0,1,2,2,-,88.3,0.2,-,6.81,"Jun 30, 2026",€10.00m,0.6,0.1,-,0.1,-,0.6,0.3,0.1,0.2,2.6,1.2,1.4,1.6,1.2,0.7,0.2,0.6,1.9,0.4,2.4,0.8,1.6,0.6,-,0.4,-,0.1,0.5,-,-,-,-,26.1,0.8,0.4,22.2,2.6,1,0.1,0.9,0.1,-,-,0.1,-,-,0.1
2559,Leonardo Balerdi,Olympique Marseille,Ligue1,26 years old (26-01-1999),"1,87m",Argentina,Defender (Centre),Centre-Back,right,24,2006.0,-,-,6,1,94.1,1.5,-,6.81,"Jun 30, 2028",€20.00m,0.5,-,-,-,-,0.5,0.3,0.2,-,1,0.3,0.8,0.8,0.5,2.4,1.5,0.8,2,0.8,2.8,1.3,0.8,1,-,2.7,0.6,-,0.4,-,-,-,-,95.8,2.7,1.9,87.5,3.7,0.3,-,0.3,-,-,-,-,-,-,-
2560,Yanis Zouaoui,Le Havre AC,Ligue1,27 years old (28-04-1998),"1,83m",,Defender (Left),Left-Back,left,9(6),945.0,-,2,3,-,74.8,0.5,2,6.81,"Jun 30, 2027",€800k,0.3,-,-,-,-,0.3,-,0.3,-,1.2,0.3,0.9,1.1,0.2,0.7,0.5,0.3,1.2,0.3,1.5,0.5,0.8,0.5,0.1,2.4,0.1,0.5,0.8,-,-,-,-,25.1,1.4,2.7,17.4,3.6,1.7,0.9,0.9,0.1,0.1,0.1,-,-,-,-
2561,Gonçalo Ramos,Paris Saint-Germain,Ligue1,23 years old (20-06-2001),"1,85m",Portugal,"Attacking Midfielder (Centre), Forward",Centre-Forward,right,10(9),868.0,7,2,-,-,80.6,1,-,6.8,"Jun 30, 2028",€45.00m,2.4,0.4,0.2,0.2,-,2.4,1.6,0.1,0.7,0.5,0.5,0.1,0.6,0.5,1.7,1,0.7,0.6,0.2,0.7,-,0.5,0.4,0.4,0.2,0.1,-,0.2,-,-,-,-,10.3,0.1,-,8.3,2,0.7,-,0.7,0.1,-,-,-,-,-,0.1
2562,Mohammed Salisu,AS Monaco,Ligue1,26 years old (17-04-1999),"1,88m",Ghana,"Defender (Centre, Left)",Centre-Back,left,11(4),1021.0,1,-,2,-,85.4,2.4,-,6.8,"Jun 30, 2028",€15.00m,0.5,0.1,0.1,-,-,0.5,0.3,-,0.2,0.1,0.1,-,0.4,0.1,3.6,2.4,1.2,1.9,0.2,2.1,1.1,0.2,0.6,0.1,3.5,0.5,0.1,0.1,-,-,-,-,51.5,1.7,2.9,42.3,4.6,0.2,0.1,0.1,-,-,-,-,-,-,-
2563,Ismaily,LOSC Lille,Ligue1,35 years old (11-01-1990),"1,77m",Brazil,Defender (Left),Left-Back,left,8(6),754.0,-,1,3,-,88.8,0.7,-,6.8,"Jun 30, 2025",€1.50m,0.6,-,-,-,-,0.6,0.4,0.2,-,1.2,0.7,0.5,0.6,0.5,1.6,0.7,0.9,2.1,0.6,2.7,0.7,0.4,0.8,-,2.3,0.1,0.4,0.8,-,-,-,-,32,0.6,0.7,27.9,2.9,0.3,-,0.3,0.1,-,-,-,-,-,0.1
2564,Beraldo,Paris Saint-Germain,Ligue1,21 years old (24-11-2003),"1,86m",,"Defender (Centre, Left)",Centre-Back,left,20(2),1815.0,1,-,5,-,94.8,2,-,6.79,"Jun 30, 2028",€25.00m,0.5,-,-,-,-,0.5,0.4,0.1,-,-,-,-,0.4,0.1,2.9,2,0.9,1.6,0.6,2.2,0.9,0.4,0.9,-,2.5,0.3,0.1,0.3,-,-,-,-,85.9,2.9,1.4,78.5,3.1,0.3,0.1,0.2,-,-,-,-,-,-,-
2565,Lucas Stassin,AS Saint-Étienne,Ligue1,20 years old (29-11-2004),"1,83m",Belgium,Forward,Centre-Forward,right,23(5),1897.0,12,4,4,-,76.4,0.6,3,6.79,"Jun 30, 2028",€7.00m,1.6,0.4,0.1,0.3,-,1.6,1.1,0.3,0.2,1.6,0.9,0.8,2.1,0.7,1.8,0.6,1.1,0.6,0.5,1.1,0.1,0.9,1.1,0.3,0.3,-,-,0.4,-,-,-,-,16.8,0.3,0.1,12.5,3.9,0.6,-,0.6,0.1,-,-,-,-,-,0.1
2566,Adrien Truffert,Stade Rennais FC,Ligue1,23 years old (20-11-2001),"1,76m",France,"Defender (Left), Midfielder (Left)",Left-Back,left,28(2),2485.0,2,1,3,-,84.2,1,1,6.79,"Jun 30, 2026",€15.00m,0.7,0.1,-,-,-,0.7,0.4,0.3,-,1.3,0.9,0.5,1.1,0.7,1.9,1,0.9,1.9,0.5,2.4,0.9,1.1,0.8,0.1,1.5,0.2,0.1,1.2,-,-,-,-,37,0.7,1.3,30.4,4.6,1.2,0.5,0.7,-,-,-,-,-,-,-
2567,Neil El Aynaoui,RC Lens,Ligue1,23 years old (02-07-2001),"1,85m",France,Defensive Midfielder (C),Central Midfield,right,14(7),1319.0,5,1,4,-,88.3,1,2,6.79,"Jun 30, 2027",€10.00m,0.7,0.2,-,0.2,-,0.7,0.4,0.3,-,0.9,0.7,0.2,1,0.9,1.6,1,0.7,1.7,0.9,2.6,1,1.2,1.3,-,1.2,0.3,-,1,-,-,-,-,37.8,1,0.8,32.3,3.7,0.8,0.2,0.6,-,-,-,-,-,-,-
2568,Julien Le Cardinal,Stade Brestois 29,Ligue1,27 years old (03-08-1997),"1,84m",France,Defender (Centre),Centre-Back,right,15(1),1379.0,-,1,3,-,87.2,1.8,-,6.79,"Jun 30, 2027",€1.50m,0.6,-,-,-,-,0.6,0.6,-,0.1,0.4,0.1,0.3,0.2,0.4,3,1.8,1.2,1.7,0.3,2,2.1,0.8,0.8,-,4.4,0.9,0.3,0.3,-,-,-,-,50.4,4.4,3.6,39.5,2.9,0.3,0.1,0.2,0.1,-,-,-,-,-,0.1
2569,Arnaud Kalimuendo,Stade Rennais FC,Ligue1,23 years old (20-01-2002),"1,75m",France,Forward,Centre-Forward,right,29(1),2380.0,14,3,2,-,80.7,0.7,2,6.79,"Jun 30, 2027",€20.00m,2.3,0.5,0.2,0.3,-,2.3,1.6,0.4,0.3,1.8,1.2,0.6,1.8,1.8,2.5,0.7,1.8,0.6,0.2,0.8,0.1,1.2,0.9,0.4,0.4,0.1,-,0.2,-,-,-,-,18,0.6,0.1,13.9,3.3,0.6,-,0.6,0.1,-,-,-,-,-,0.1
2570,Pierre Lees-Melou,Stade Brestois 29,Ligue1,31 years old (25-05-1993),"1,85m",France,"Midfielder (Centre, Left, Right)",Defensive Midfield,right,15(3),1360.0,2,2,5,-,85.6,0.2,1,6.79,"Jun 30, 2027",€7.00m,1.1,0.1,-,0.1,-,1.1,0.3,0.7,0.1,0.9,0.4,0.5,1.2,0.4,0.6,0.2,0.4,2.5,1.4,3.9,0.6,1.3,1.5,-,1.2,0.1,-,0.6,-,-,-,-,48.4,4.4,2.3,37.1,4.7,0.8,0.3,0.5,0.1,-,-,-,-,-,0.1
2571,Kenny Lala,Stade Brestois 29,Ligue1,33 years old (03-10-1991),"1,78m",France,"Defender (Left, Right), Midfielder (Right)",Right-Back,right,26(1),2416.0,3,2,5,-,81.2,0.2,-,6.78,"Jun 30, 2027",€2.50m,0.4,0.1,-,0.1,-,0.4,0.1,0.3,-,0.7,0.3,0.4,0.9,0.4,0.6,0.2,0.4,2.3,0.6,3,0.9,0.5,0.6,-,2.1,0.3,0.4,0.6,-,-,-,-,46.6,3.9,3,33.9,5.7,1.3,0.4,0.9,0.1,0.1,-,-,-,-,-
2572,Gerónimo Rulli,Olympique Marseille,Ligue1,32 years old (20-05-1992),"1,89m",Argentina,Goalkeeper,Goalkeeper,right,31,2790.0,-,-,1,-,86.2,0.3,2,6.77,"Jun 30, 2027",€8.00m,-,-,-,-,-,-,-,-,-,-,-,-,-,-,0.4,0.3,-,0.1,0.1,0.2,-,0.3,0.1,-,1,-,-,-,2.8,0.2,1.7,0.8,31.2,3.8,4,23.1,0.3,0.1,-,-,-,-,-,-,-,-,-
2573,Clinton Mata,Olympique Lyon,Ligue1,32 years old (07-11-1992),"1,80m",Angola,"Defender (Centre, Right), Midfielder (Right)",Right-Back,right,25(2),2258.0,-,3,4,-,89.9,0.8,1,6.77,"Jun 30, 2026",€4.00m,0.1,-,-,-,-,0.1,0.1,-,-,1.1,0.6,0.5,0.6,0.4,1.3,0.8,0.6,1.5,0.3,1.8,1.7,1.2,1,-,2.6,0.6,0.1,0.3,-,-,-,-,54.3,1.8,2.9,47,2.6,0.4,-,0.3,0.1,0.1,-,-,-,-,-
2574,Himad Abdelli,Angers SCO,Ligue1,25 years old (17-11-1999),"1,85m",France,"Attacking Midfielder (Centre, Left), Forward",Attacking Midfield,right,29,2583.0,6,1,4,-,84.8,0.5,-,6.77,"Jun 30, 2026",€7.00m,1.1,0.2,0.1,0.1,-,1.1,0.3,0.6,0.2,4,2.1,1.9,1.7,1.6,1.1,0.5,0.6,1.6,1,2.6,0.8,1,1.4,0.1,0.7,-,0.1,0.7,-,-,-,-,50.7,1.7,1.2,41.3,6.4,1.2,0.1,1,-,-,-,-,-,-,-
2575,Joseph Okumu,Stade Reims,Ligue1,27 years old (26-05-1997),"1,90m",Kenya,Defender (Centre),Centre-Back,right,17(2),1499.0,1,-,3,1,83.2,1.5,1,6.77,"Jun 30, 2028",€7.00m,0.6,0.1,-,0.1,-,0.6,0.5,0.1,-,0.9,0.2,0.7,0.6,0.1,2.3,1.5,0.8,1.3,0.4,1.7,1.2,0.7,0.7,-,5.7,0.9,0.2,0.5,-,-,-,-,50.9,4.9,4.8,37.5,3.8,0.2,0.1,0.1,-,-,-,-,-,-,-
2576,Milan Skriniar,Fenerbahce,Ligue1,30 years old (11-02-1995),188cm,Slovakia,Defender (Centre),,,4(1),381.0,-,-,1,-,96.5,1.4,-,6.77,,,0.6,-,-,-,-,0.6,0.6,-,-,0.6,0.6,-,0.4,-,2.4,1.4,1,1.4,-,1.4,0.6,1,0.8,0.2,2.8,1.2,0.4,0.2,-,-,-,-,74.6,2.8,0.8,69.2,1.8,0.2,-,0.2,-,-,-,-,-,-,-
2577,Keito Nakamura,Stade Reims,Ligue1,24 years old (28-07-2000),"1,80m",,Attacking Midfielder (Left),Left Winger,right,29(1),2482.0,11,2,4,-,77.7,0.2,1,6.77,"Jun 30, 2028",€10.00m,2.5,0.4,-,0.3,-,2.5,1.7,0.7,0.1,2.3,1.5,0.8,2.1,1.3,0.7,0.2,0.5,0.8,0.6,1.4,0.4,0.3,0.9,0.3,0.6,-,-,0.7,-,-,-,-,21.1,0.8,0.8,15.6,3.9,0.6,-,0.6,0.1,-,-,-,-,-,-
2578,Pierre Ekwah,AS Saint-Étienne,Ligue1,23 years old (15-01-2002),"1,89m",France,Defensive Midfielder (C),Defensive Midfield,left,26,2309.0,1,-,3,-,88.6,1.1,1,6.76,"Jun 30, 2025",€5.00m,0.7,-,-,-,-,0.7,0.1,0.7,-,1,0.5,0.5,0.9,0.6,1.7,1.1,0.5,2,0.7,2.7,1.8,1.3,1.3,-,2.7,0.5,-,0.5,-,-,-,-,53.7,2.7,2.1,44.9,4,0.5,0.1,0.4,-,-,-,-,-,-,-
2579,Vincent Sierro,FC Toulouse,Ligue1,29 years old (08-10-1995),"1,85m",Switzerland,Midfielder (Centre),Central Midfield,right,24(2),2140.0,5,1,4,-,80.7,1.1,-,6.76,"Jun 30, 2026",€4.00m,1.1,0.2,-,0.1,-,1.1,0.4,0.6,0.1,0.9,0.6,0.3,1.6,0.7,2.2,1.1,1.2,1.7,1,2.6,0.6,1.1,1.1,-,1.3,0.2,0.2,0.9,-,-,-,-,45.2,2.2,3.2,34.2,5.5,1.1,0.3,0.8,-,-,-,-,-,-,-
2580,Sebastian Nanasi,RC Strasbourg Alsace,Ligue1,22 years old (16-05-2002),"1,78m",Sweden,"Attacking Midfielder (Centre, Left), Forward",Left Midfield,right,25(3),1998.0,5,4,-,-,84.4,0.1,-,6.76,"Jun 30, 2029",€15.00m,1,0.2,-,0.1,-,1,0.8,0.1,0.1,1.4,0.8,0.6,0.7,0.5,0.4,0.1,0.3,0.7,0.4,1.1,0.3,0.6,0.3,-,0.5,0.1,0.1,0.7,-,-,-,-,24.5,0.5,0.3,20.2,3.5,1.2,0.4,0.8,0.1,0.1,0.1,-,-,-,0.1
2581,Malick Fofana,Olympique Lyon,Ligue1,20 years old (31-03-2005),"1,69m",Belgium,Midfielder (Left),Left Winger,right,13(13),1317.0,5,4,1,-,82.1,0.1,1,6.76,"Jun 30, 2028",€25.00m,1,0.2,-,0.2,-,1,0.9,0.1,-,1.8,1,0.7,1.2,0.6,0.4,0.1,0.3,0.7,0.3,1,0.3,1.2,0.3,0.3,0.1,-,0.1,0.4,-,-,-,-,17.2,0.2,0.3,14,2.8,0.7,-,0.6,0.2,-,-,-,-,-,0.1
2582,Lorenz Assignon,Stade Rennais FC,Ligue1,24 years old (22-06-2000),"1,81m",France,"Defender (Right), Midfielder (Right)",Right-Back,right,25(4),2155.0,3,4,8,-,81.7,1.1,2,6.76,"Jun 30, 2028",€9.00m,0.7,0.1,-,0.1,-,0.7,0.4,0.2,-,2.3,1.5,0.8,1.9,1.2,1.8,1.1,0.7,1.6,0.8,2.3,0.8,0.8,1.7,0.2,1.8,0.1,0.6,0.6,-,-,-,-,32,0.7,0.9,25.4,5,0.9,-,0.9,0.1,0.1,-,-,-,-,0.1
2583,Brice Samba,Stade Rennais FC,Ligue1,31 years old (25-04-1994),"1,87m",France,Goalkeeper,Goalkeeper,left,15,1350.0,-,-,1,-,78.9,-,1,6.76,"Jun 30, 2029",€15.00m,-,-,-,-,-,-,-,-,-,0.1,-,0.1,-,-,-,-,-,-,-,-,0.1,0.1,-,-,0.5,-,-,-,2.7,-,1.7,1,30,7.3,6.1,16.3,0.3,-,-,-,-,-,-,-,-,-,-
2584,Brendan Chardonnet,Stade Brestois 29,Ligue1,30 years old (22-12-1994),"1,81m",France,Defender (Centre),Centre-Back,right,26,2327.0,1,-,6,-,81.5,2.2,-,6.76,"Jun 30, 2027",€6.00m,0.5,-,-,-,-,0.5,0.5,-,-,-,-,-,0.3,-,3.8,2.2,1.6,1.6,0.6,2.2,1.1,0.7,1.4,-,6,1.1,0.3,0.7,-,-,-,-,44,4,5.5,31.8,2.7,0.3,0.2,0.1,-,-,-,-,-,-,-
2585,Abdoulaye Touré,Le Havre AC,Ligue1,31 years old (03-03-1994),"1,88m",France,Defensive Midfielder (C),Defensive Midfield,right,23(2),2061.0,8,1,5,-,83,1.3,2,6.76,"Jun 30, 2025",€3.00m,1.8,0.3,-,0.3,-,1.8,0.7,1,0.1,1.2,0.6,0.6,1.1,1.2,2,1.3,0.7,2.3,0.8,3.1,1.2,1.8,1.1,-,1.4,0.7,0.1,0.6,-,-,-,-,35.7,2.6,1.5,27,4.6,0.2,-,0.2,-,-,-,-,-,-,-
2586,Gautier Lloris,Le Havre AC,Ligue1,29 years old (18-07-1995),"1,91m",France,Defender (Centre),Centre-Back,left,30,2680.0,2,1,5,-,87.8,2.1,2,6.76,"Jun 30, 2026",€3.00m,0.4,0.1,-,0.1,-,0.4,0.2,0.1,0.1,0.2,0.1,0.1,0.4,0.1,3.2,2.1,1.2,2.2,0.5,2.7,1,0.2,1,0.1,6.1,0.7,0.1,0.4,-,-,-,-,47.7,2.5,3.4,39.4,2.4,0.2,-,0.2,-,-,-,-,-,-,-
2587,Clément Akpa,AJ Auxerre,Ligue1,23 years old (24-11-2001),"1,81m",,Defender (Centre),Centre-Back,left,26(2),2245.0,-,1,6,-,83.8,1.2,-,6.75,"Jun 30, 2027",€3.00m,0.2,-,-,-,-,0.2,0.1,0.1,-,0.8,0.5,0.3,0.3,0.1,2.1,1.2,1,1.9,0.5,2.4,1.4,1,0.4,-,4.5,0.5,0.1,0.9,-,-,-,-,35.5,2.9,2.8,26.8,2.9,0.3,-,0.3,-,-,-,-,-,-,-
2588,Bafodé Diakité,LOSC Lille,Ligue1,24 years old (06-01-2001),"1,84m",France,"Defender (Centre, Right)",Centre-Back,right,30,2677.0,4,1,6,1,93.2,2.1,2,6.75,"Jun 30, 2028",€25.00m,0.5,0.1,-,0.1,-,0.5,0.4,-,0.1,0.3,-,0.3,0.4,0.2,2.8,2.1,0.7,1,0.3,1.3,0.9,0.6,1.5,-,3.1,0.6,0.1,0.4,-,-,-,-,71.2,2.4,2,63.9,2.9,0.1,-,0.1,-,-,-,-,-,-,-
2589,Thomas Meunier,LOSC Lille,Ligue1,33 years old (12-09-1991),"1,91m",Belgium,"Defender (Right), Midfielder (Right)",Right-Back,right,18(9),1656.0,2,-,4,-,83.2,1,2,6.75,"Jun 30, 2026",€2.00m,0.9,0.1,-,0.1,-,0.9,0.7,0.2,-,0.9,0.4,0.4,0.8,0.4,1.6,1,0.6,1.9,0.6,2.4,1.1,0.1,0.9,0.1,1.7,0.2,0.3,0.4,-,-,-,-,39.6,1.6,1.7,31.4,4.9,0.4,-,0.4,-,-,-,-,-,-,-
2590,Lucas Chevalier,LOSC Lille,Ligue1,23 years old (06-11-2001),"1,89m",France,Goalkeeper,Goalkeeper,right,31,2790.0,-,-,-,-,76.5,0.2,-,6.75,"Jun 30, 2027",€30.00m,-,-,-,-,-,-,-,-,-,-,-,-,-,-,0.2,0.2,-,0.1,-,0.1,-,0.2,-,-,0.6,-,-,-,2.7,0.2,1.7,0.8,27.8,4.7,6.3,16.5,0.2,0.1,0.1,-,-,-,-,-,-,-,-
2591,Duje Caleta-Car,Olympique Lyon,Ligue1,28 years old (17-09-1996),"1,93m",Croatia,Defender (Centre),Centre-Back,right,16(1),1428.0,1,-,8,-,91.5,2.2,-,6.75,"Jun 30, 2027",€8.00m,0.6,0.1,-,0.1,-,0.6,0.3,0.1,0.2,0.1,0.1,0.1,0.4,0.1,3,2.2,0.8,1.1,0.5,1.5,0.9,0.5,1.4,0.1,5.2,1.4,0.1,0.4,-,-,-,-,52.9,2.3,2.1,46.1,2.4,0.1,-,0.1,-,-,-,-,-,-,-
2592,Téji Savanier,Montpellier HSC,Ligue1,33 years old (22-12-1991),"1,72m",France,Midfielder (Centre),Attacking Midfield,right,26(2),2292.0,2,5,4,1,76.8,0.8,-,6.75,"Jun 30, 2026",€3.00m,1.7,0.1,-,0.1,-,1.7,0.4,1.3,-,2.4,1.5,1,1.6,1,1.6,0.8,0.9,1,0.9,1.9,0.5,2.2,0.8,-,0.7,-,-,0.6,-,-,-,-,44.7,6.5,3.4,27.8,7,2.5,1,1.5,0.2,0.1,0.1,-,-,-,-
2593,Jonathan Gradit,RC Lens,Ligue1,32 years old (24-11-1992),"1,80m",France,"Defender (Centre, Right)",Centre-Back,right,21(1),1846.0,-,-,4,-,85.2,2.7,1,6.74,"Jun 30, 2028",€4.00m,0.7,-,-,-,-,0.7,0.5,0.3,-,0.4,0.3,0.1,0.5,0.1,4.6,2.7,1.9,1.9,0.7,2.6,1,0.6,1.3,-,4.4,0.4,-,0.6,-,-,-,-,52.1,2.9,3.3,41.5,4.4,0.5,-,0.4,-,-,-,-,-,-,-
2594,Abdoulaye Ndiaye,Stade Brestois 29,Ligue1,23 years old (10-04-2002),"1,95m",Senegal,Defender (Centre),Centre-Back,left,16(3),1442.0,1,-,3,1,85.8,2.3,-,6.74,"Jun 30, 2025",€3.00m,0.5,0.1,-,0.1,-,0.5,0.4,-,0.1,0.3,0.3,0.1,0.5,0.2,4.2,2.3,1.8,2,0.5,2.5,0.4,0.8,0.8,-,6.2,0.7,0.3,0.5,-,-,-,-,39.3,2.9,2.2,30.7,3.4,0.1,-,0.1,-,-,-,-,-,-,-
2595,Christopher Opéri,Istanbul Basaksehir,Ligue1,28 years old (29-04-1997),183cm,France,"Defender (Left), Midfielder (Left)",,,13,1170.0,-,2,-,1,78.8,0.8,1,6.74,,,0.5,-,-,-,-,0.5,0.2,0.4,-,2.1,1,1.1,1.1,0.8,1.3,0.8,0.5,1,0.4,1.4,1.1,1.2,0.7,0.2,1.8,0.5,0.5,1.1,-,-,-,-,38.8,1.5,2.2,29.2,6,1.8,1,0.8,0.2,0.1,-,-,0.1,-,-
2596,Lassine Sinayoko,AJ Auxerre,Ligue1,25 years old (08-12-1999),"1,86m",Mali,"Attacking Midfielder (Left, Right), Forward",Left Winger,right,22(9),2046.0,3,7,5,-,78.8,0.8,-,6.73,"Jun 30, 2026",€3.50m,1.7,0.1,-,0.1,-,1.7,1.2,0.4,0.1,2.2,1.5,0.8,1.4,1.2,2.6,0.8,1.8,1,0.4,1.4,0.3,0.9,1,0.4,1,0.1,0.1,0.5,-,-,-,-,18.6,0.3,0.3,14.3,3.6,1.1,-,1.1,0.2,0.1,-,0.1,-,-,0.1
2597,Kévin Danois,AJ Auxerre,Ligue1,20 years old (28-06-2004),"1,83m",France,Midfielder (Centre),Central Midfield,right,16(6),1459.0,-,-,1,-,82.9,0.6,-,6.73,"Jun 30, 2028",€4.00m,0.8,-,-,-,-,0.8,0.5,0.2,-,1.9,0.9,1,1.1,1.1,1.5,0.6,0.9,2.2,1.2,3.4,0.9,0.8,1,0.1,0.9,0.1,-,0.6,-,-,-,-,31.7,1.8,1.2,24.5,4.2,1.1,0.2,1,-,-,-,-,-,-,-
2598,Cédric Kipré,Stade Reims,Ligue1,28 years old (09-12-1996),"1,93m",France,Defender (Centre),Centre-Back,right,23(2),1922.0,-,1,4,2,89.9,1.4,1,6.73,"Jun 30, 2027",€3.00m,0.3,-,-,-,-,0.3,0.2,0.1,-,0.4,-,0.4,0.5,0.1,2.2,1.4,0.8,1.4,0.3,1.7,1.1,0.4,0.8,-,5.6,1,0.1,0.5,-,-,-,-,45.6,2.1,2,38.9,2.6,0.3,0.1,0.2,-,-,-,-,-,-,-
2599,Amir Murillo,Olympique Marseille,Ligue1,29 years old (11-02-1996),"1,84m",Panama,"Defender (Centre, Left, Right), Midfielder (Right)",Right-Back,right,24(3),2167.0,1,3,2,-,90.2,1.4,-,6.73,"Jun 30, 2028",€9.00m,0.4,-,-,-,-,0.4,-,0.3,0.1,1,0.5,0.5,0.9,0.3,2,1.4,0.6,1.6,0.5,2.1,0.6,0.9,1,-,2.2,0.3,0.1,0.4,-,-,-,-,58,1,0.9,51.3,4.8,0.9,0.1,0.7,0.1,-,-,-,-,-,0.1
2600,Al Musrati,AS Monaco,Ligue1,29 years old (06-04-1996),189cm,Libya,Defensive Midfielder (C),,,3(6),355.0,-,1,-,-,87.7,1.9,-,6.73,,,1.1,-,-,-,-,1.1,0.6,0.6,-,0.4,0.2,0.2,0.3,0.2,2.4,1.9,0.6,1.6,0.4,2,0.4,0.3,0.6,-,0.8,0.1,0.1,0.2,-,-,-,-,31.7,2.1,1.2,25.7,2.7,0.6,0.1,0.4,0.1,-,-,-,-,-,0.1
2601,Arnaud Nordin,1.FSV Mainz 05,Ligue1,26 years old (17-06-1998),170cm,France,"Attacking Midfielder (Centre, Left, Right), Forward",,,14(2),1172.0,4,1,2,-,75.9,0.8,1,6.73,,,1.8,0.3,0.1,0.1,0.1,1.8,1.1,0.5,0.1,3.2,1.8,1.4,2.3,0.9,2,0.8,1.2,1.5,0.6,2.1,0.3,2.5,0.8,0.1,0.4,-,0.1,0.8,-,-,-,-,17.9,0.1,0.4,13.4,3.9,0.9,0.1,0.9,0.1,-,-,-,-,-,0.1
2602,Warren Zaïre-Emery,Paris Saint-Germain,Ligue1,19 years old (08-03-2006),"1,78m",France,"Defender (Right), Defensive Midfielder (C), Midfielder (Right)",Central Midfield,right,21(5),1842.0,1,1,3,-,93,0.3,-,6.73,"Jun 30, 2029",€60.00m,0.6,-,-,-,-,0.6,0.3,0.3,-,1.4,0.7,0.7,1.3,1,0.8,0.3,0.5,1.7,0.7,2.4,0.7,0.7,0.7,-,0.7,0.2,0.1,1,-,-,-,-,56.4,1.1,0.7,51.3,3.2,0.5,0.1,0.5,-,-,-,-,-,-,-
2603,Ruben Aguilar,RC Lens,Ligue1,32 years old (26-04-1993),"1,72m",France,"Defender (Right), Midfielder (Right)",Right-Back,right,12(3),1050.0,1,1,4,-,83.1,0.7,-,6.73,"Jun 30, 2026",€4.00m,0.7,0.1,-,0.1,-,0.7,0.3,0.3,0.1,1.4,0.8,0.6,1.2,0.4,1.6,0.7,0.9,2.3,0.9,3.2,0.9,1,0.9,0.3,1.5,0.2,-,1.3,-,-,-,-,42.2,1.5,1.1,33.6,6,0.6,-,0.6,0.1,-,-,-,-,-,0.1
2604,Rasmus Nicolaisen,FC Toulouse,Ligue1,28 years old (16-03-1997),"1,91m",Denmark,Defender (Centre),Centre-Back,left,7,624.0,-,1,-,-,88,3,-,6.73,"Jun 30, 2025",€5.00m,0.7,-,-,-,-,0.7,0.4,-,0.3,0.3,0.1,0.1,0.1,0.3,4.3,3,1.3,0.9,0.3,1.1,1.4,1.1,0.6,-,3.6,0.7,-,0.7,-,-,-,-,54.9,3.6,2.6,44.7,4,0.3,0.1,0.1,0.1,-,-,0.1,-,-,-
2605,Issa Soumaré,Le Havre AC,Ligue1,24 years old (10-10-2000),"1,82m",Senegal,"Attacking Midfielder (Left), Forward",Left Winger,right,18(8),1635.0,4,3,-,-,65.9,3.2,1,6.72,"Jun 30, 2026",€1.50m,1.3,0.2,-,0.1,-,1.3,0.8,0.5,-,1.9,1.3,0.6,2.2,1,5,3.2,1.8,0.7,1.2,1.9,0.5,1.8,0.5,0.2,0.9,0.2,-,0.5,-,-,-,-,17,0.5,0.3,10.7,5.5,0.9,-,0.9,0.1,-,-,-,-,-,0.1
2606,Sinaly Diomandé,AJ Auxerre,Ligue1,24 years old (09-04-2001),"1,84m",Ivory Coast,"Defender (Centre, Right)",Centre-Back,right,19(1),1676.0,3,2,4,-,84.1,1.2,-,6.72,"Jun 30, 2027",€5.00m,0.5,0.2,0.1,0.1,0.1,0.5,0.3,0.2,0.1,0.7,0.3,0.4,0.6,0.3,2.2,1.2,1,1.7,0.5,2.2,1.4,1,1,-,4.1,0.9,0.2,0.9,-,-,-,-,38.2,2.3,2.7,29.9,3.4,0.2,0.1,0.2,0.1,-,-,-,-,-,0.1
2607,Valentin Rongier,Olympique Marseille,Ligue1,30 years old (07-12-1994),"1,72m",France,"Defender (Right), Midfielder (Centre)",Central Midfield,right,16(7),1429.0,3,1,5,-,90.6,0.6,-,6.72,"Jun 30, 2026",€9.00m,0.5,0.1,-,0.1,-,0.5,0.2,0.3,-,0.7,0.2,0.5,0.8,0.7,1.1,0.6,0.5,1.9,0.7,2.6,1.3,0.5,1.5,-,1.1,0.3,0.1,0.9,-,-,-,-,55.6,0.7,0.6,49.7,4.6,0.4,-,0.4,-,-,-,-,-,-,-
2608,Romain Del Castillo,Stade Brestois 29,Ligue1,29 years old (29-03-1996),"1,72m",France,"Attacking Midfielder (Centre, Left, Right), Forward",Right Winger,left,12(11),1096.0,5,3,-,-,76.4,0.3,1,6.71,"Jun 30, 2027",€8.00m,0.8,0.2,-,0.2,-,0.8,0.6,0.1,-,1.7,0.9,0.7,1.5,0.7,0.8,0.3,0.4,1.3,0.6,1.8,0.3,0.7,0.4,-,0.2,-,-,0.7,-,-,-,-,21.2,0.8,0.7,15.4,4.3,1.3,0.7,0.6,0.1,-,-,-,-,-,-
2609,Mamadou Sarr,RC Strasbourg Alsace,Ligue1,19 years old (29-08-2005),"1,94m",France,Defender (Centre),Centre-Back,right,24,2119.0,-,1,3,-,93.7,1,1,6.71,"Jun 30, 2029",€15.00m,0.2,-,-,-,-,0.2,-,-,0.1,0.8,0.4,0.4,0.5,0.4,2.1,1,1.1,1.3,0.3,1.6,1,0.4,1.1,-,4.2,0.8,-,0.2,-,-,-,-,63.3,2.1,1.8,57.2,2.2,0.2,0.1,0.1,-,-,-,-,-,-,-
2610,Habib Diarra,RC Strasbourg Alsace,Ligue1,21 years old (03-01-2004),"1,78m",France,"Midfielder (Centre, Left, Right)",Central Midfield,right,25(2),2160.0,4,3,5,-,86.8,0.3,1,6.71,"Jun 30, 2028",€20.00m,0.9,0.1,-,0.1,-,0.9,0.6,0.3,-,1.7,1.2,0.4,1,0.8,0.9,0.3,0.5,0.7,0.4,1.1,0.4,1.8,0.9,-,1.4,0.2,0.1,0.6,-,-,-,-,31.1,0.9,0.8,26,3.3,0.8,0.1,0.7,0.1,-,-,-,-,-,0.1
2611,Geoffrey Kondogbia,Olympique Marseille,Ligue1,32 years old (15-02-1993),"1,88m",Central African Rep.,"Defender (Centre), Defensive Midfielder (C)",Defensive Midfield,left,21(3),1931.0,-,-,1,-,92.5,1.1,-,6.71,"Jun 30, 2027",€8.00m,0.3,-,-,-,-,0.3,0.3,-,-,0.6,0.2,0.4,0.5,0.5,1.8,1.1,0.7,2.5,0.3,2.8,0.9,0.7,0.8,-,2.6,0.3,0.1,0.7,-,-,-,-,71.3,1.5,1.7,64.5,3.7,0.2,-,0.2,-,-,-,-,-,-,-
2612,Andrew Omobamidele,RC Strasbourg Alsace,Ligue1,22 years old (23-06-2002),"1,88m",Ireland,Defender (Centre),Centre-Back,right,6(2),514.0,-,-,3,-,94.3,1,-,6.71,"Jun 30, 2025",€10.00m,-,-,-,-,-,-,-,-,-,0.3,0.1,0.1,0.4,0.1,1.4,1,0.4,0.9,0.4,1.3,0.9,0.9,1.4,-,4.3,1,0.1,0.5,-,-,-,-,48.1,1.1,1,44.3,1.8,-,-,-,-,-,-,-,-,-,-
2613,Joshua King,FC Toulouse,Ligue1,33 years old (15-01-1992),"1,80m",Norway,"Attacking Midfielder (Centre, Left, Right), Forward",Centre-Forward,right,18(7),1444.0,5,2,2,-,74.7,1.3,2,6.7,"Jun 30, 2025",€2.00m,1.6,0.2,0.1,0.1,-,1.6,1,0.4,0.2,2,0.8,1.2,1.6,1.2,3.3,1.3,2,0.3,0.2,0.6,0.2,0.8,1.2,0.2,0.6,0.1,0.1,0.3,-,-,-,-,11.7,0.1,0.2,8.6,2.8,0.6,-,0.6,0.1,-,-,-,-,-,0.1
2614,Mathias Pereira Lage,Stade Brestois 29,Ligue1,28 years old (30-11-1996),"1,80m",France,"Midfielder (Centre, Left, Right)",Left Winger,right,15(11),1330.0,2,7,3,-,72.8,1.3,3,6.7,"Jun 30, 2025",€2.00m,1,0.1,-,-,-,1,0.7,0.4,-,0.8,0.5,0.3,1.2,0.6,2.6,1.3,1.3,1.3,0.7,2,0.7,0.9,1.1,0.1,0.5,0.1,0.1,0.5,-,-,-,-,12.2,0.2,0.2,8.6,3.2,0.8,0.2,0.6,0.3,0.1,-,-,-,-,0.2
2615,Saïdou Sow,FC Nantes,Ligue1,22 years old (04-07-2002),"1,87m",Guinea,Defender (Centre),Centre-Back,right,9,800.0,1,-,1,-,83.6,1.4,-,6.7,"Jun 30, 2025",€6.00m,0.6,0.1,-,0.1,-,0.6,0.4,-,0.1,0.7,0.2,0.4,0.2,0.2,3.6,1.4,2.1,1.9,0.4,2.3,1.4,0.6,0.8,-,4.8,1.3,0.3,0.8,-,-,-,-,44,3.1,5,33.7,2.2,0.2,-,0.2,-,-,-,-,-,-,-
2616,Matthis Abline,FC Nantes,Ligue1,22 years old (28-03-2003),"1,82m",France,"Attacking Midfielder (Left, Right), Forward",Centre-Forward,right,30(1),2519.0,8,2,2,-,68.6,1.7,1,6.7,"Jun 30, 2028",€12.00m,2.2,0.3,-,0.2,-,2.2,1.7,0.4,0.1,2.6,1.6,1,2.8,1.8,4,1.7,2.4,0.4,0.2,0.5,0.1,1.6,0.9,0.2,1,-,-,0.5,-,-,-,-,14.3,0.3,0.5,9.5,4,0.7,-,0.7,0.1,-,-,-,-,-,0.1
2617,Florent Hanin,Angers SCO,Ligue1,35 years old (04-02-1990),"1,77m",France,"Defender (Left), Midfielder (Left)",Left-Back,left,28(2),2418.0,1,2,2,-,81.5,0.6,-,6.69,"Jun 30, 2025",€350k,0.4,-,-,-,-,0.4,0.2,0.1,-,0.7,0.4,0.3,0.9,0.2,1.5,0.6,0.9,1.9,0.9,2.8,1.5,1,0.5,-,2.4,0.3,0.6,0.6,-,-,-,-,39.4,2.2,2.2,29.9,5.1,0.8,0.2,0.5,0.1,0.1,-,-,-,-,-
2618,Leo Østigård,TSG 1899 Hoffenheim,Ligue1,25 years old (28-11-1999),182cm,Norway,Defender (Centre),,,14(2),1228.0,1,-,5,-,84.8,3,-,6.69,,,0.4,0.1,-,0.1,-,0.4,0.3,-,0.1,0.1,0.1,0.1,0.4,0.1,4.4,3,1.4,1.3,0.4,1.7,0.9,0.3,1.1,-,4.9,0.6,0.1,0.1,-,-,-,-,49.8,3.3,2.9,38.9,4.7,0.1,-,0.1,-,-,-,-,-,-,-
2619,Farid El Melali,Angers SCO,Ligue1,27 years old (13-07-1997),"1,68m",Algeria,"Defender (Right), Midfielder (Left, Right)",Left Winger,both,22(7),1852.0,2,3,1,-,77.3,0.2,1,6.69,"Jun 30, 2025",€4.00m,1.5,0.1,-,-,0.1,1.5,0.6,0.9,-,4,2.2,1.8,2.1,1.4,0.9,0.2,0.7,0.9,0.7,1.6,0.5,1.6,0.7,0.3,0.3,-,0.1,0.6,-,-,-,-,14.4,0.3,0.7,10.8,2.6,0.9,0.2,0.7,0.1,0.1,0.1,-,-,-,-
2620,Amine Harit,Olympique Marseille,Ligue1,27 years old (18-06-1997),"1,80m",Morocco,"Attacking Midfielder (Centre, Left, Right), Forward",Attacking Midfield,right,8(4),503.0,2,3,1,1,87,0.1,-,6.69,"Jun 30, 2027",€10.00m,0.7,0.2,-,0.2,-,0.7,0.4,0.3,-,1.6,0.9,0.7,1.2,1,0.5,0.1,0.4,0.7,0.1,0.8,0.3,1.3,0.5,-,0.1,-,-,0.5,-,-,-,-,19.3,0.3,0.2,16.5,2.3,1.3,0.2,1.2,0.3,-,-,-,-,-,0.3
2621,Jordan Lefort,Angers SCO,Ligue1,31 years old (09-08-1993),"1,84m",France,"Defender (Centre, Left)",Centre-Back,left,31,2790.0,-,1,1,-,83.6,1.2,-,6.69,"Jun 30, 2026",€1.20m,0.2,-,-,-,-,0.2,0.2,-,-,0.5,0.3,0.3,0.5,0.1,2.1,1.2,0.8,1.7,0.5,2.1,1,0.5,0.4,-,5.8,1,0.4,0.6,-,-,-,-,51.4,2.8,4.5,40.1,3.9,0.3,0.1,0.2,-,-,-,-,-,-,-
2622,Matvey Safonov,Paris Saint-Germain,Ligue1,26 years old (25-02-1999),"1,92m",Russia,Goalkeeper,Goalkeeper,right,8(1),788.0,-,-,-,-,76.8,-,-,6.68,"Jun 30, 2029",€22.00m,-,-,-,-,-,-,-,-,-,-,-,-,-,-,-,-,-,-,-,-,0.1,0.1,-,-,0.6,-,-,0.1,1.8,0.1,1,0.7,27.3,4.6,6.2,16.4,0.1,-,-,-,-,-,-,-,-,-,-
2623,Mohamed Abdelmonem,OGC Nice,Ligue1,26 years old (01-02-1999),"1,83m",Egypt,Defender (Centre),Centre-Back,right,10(2),856.0,-,-,2,-,90.7,2.6,-,6.68,"Jun 30, 2028",€4.00m,-,-,-,-,-,-,-,-,-,0.3,0.3,0.1,0.3,0.3,4.2,2.6,1.6,1.8,0.8,2.5,1.3,0.8,0.8,-,4.5,0.4,0.2,0.5,-,-,-,-,42.8,1.5,1.3,37.3,2.7,-,-,-,-,-,-,-,-,-,-
2624,Félix Lemaréchal,RC Strasbourg Alsace,Ligue1,21 years old (07-08-2003),"1,80m",France,Midfielder (Centre),Attacking Midfield,right,17(7),1527.0,3,3,2,-,81.5,0.4,-,6.68,"Jun 30, 2029",€7.00m,0.9,0.1,-,0.1,-,0.9,0.7,0.1,0.1,1.5,0.8,0.7,2,0.9,1.3,0.4,1,1.4,0.6,2,0.6,0.4,1.1,0.1,0.7,0.2,0.1,1.3,-,-,-,-,23.4,0.5,0.5,18.6,3.8,1,0.1,0.9,0.1,-,-,-,-,-,0.1
2625,Beres Owusu,Quevilly,Ligue1,21 years old (19-09-2003),,France,Defender,,,1,90.0,-,-,-,-,60,2,-,6.68,,,-,-,-,-,-,-,-,-,-,-,-,-,1,1,2,2,-,2,-,2,-,1,1,-,4,2,1,-,-,-,-,-,25,3,4,12,6,1,1,-,-,-,-,-,-,-,-
2626,Ainsley Maitland-Niles,Olympique Lyon,Ligue1,27 years old (29-08-1997),"1,80m",England,"Defender (Left, Right), Midfielder (Centre, Left, Right)",Right-Back,right,17(12),1708.0,1,4,1,-,86.6,0.4,-,6.68,"Jun 30, 2027",€10.00m,0.7,-,-,-,-,0.7,0.3,0.3,0.1,1.2,0.7,0.5,0.8,0.7,0.9,0.4,0.5,2.1,0.8,3,0.8,0.3,0.4,0.1,1.7,0.1,-,0.8,-,-,-,-,31.7,1.2,1,26.3,3.3,0.8,0.1,0.8,0.1,0.1,-,-,-,-,0.1
2627,Rémy Cabella,LOSC Lille,Ligue1,35 years old (08-03-1990),"1,72m",France,"Midfielder (Centre, Left, Right), Forward",Attacking Midfield,right,11(10),899.0,-,2,1,-,87.2,-,2,6.68,"Jun 30, 2025",€3.00m,1.2,-,-,-,-,1.2,0.6,0.4,0.2,1.7,0.8,0.9,0.7,0.4,0.3,-,0.3,1.6,0.6,2.2,0.4,0.9,0.8,-,0.1,-,-,0.4,-,-,-,-,28.7,0.2,-,24.9,3.6,1,0.2,0.7,0.1,-,-,-,-,-,-
2628,Haris Belkebla,Angers SCO,Ligue1,31 years old (28-01-1994),"1,77m",Algeria,Defensive Midfielder (C),Central Midfield,right,21(1),1795.0,-,1,1,-,88.1,0.5,1,6.68,"Jun 30, 2026",€2.00m,0.1,-,-,-,-,0.1,-,0.1,-,1,0.6,0.4,1.2,0.5,1.4,0.5,1,2.5,0.9,3.4,1.6,1.5,0.8,-,2,0.4,-,1,-,-,-,-,37.4,1.2,1.1,31.8,3.4,0.2,-,0.2,-,-,-,-,-,-,-
2629,Gianluigi Donnarumma,Paris Saint-Germain,Ligue1,26 years old (25-02-1999),"1,96m",Italy,Goalkeeper,Goalkeeper,right,23,2002.0,-,-,2,-,85,0.2,-,6.67,"Jun 30, 2026",€35.00m,-,-,-,-,-,-,-,-,-,-,-,-,-,-,0.2,0.2,-,-,-,0.1,-,0.1,-,-,0.7,-,-,-,2.1,0.2,1.2,0.7,22.7,2.6,3.3,16.7,0.1,-,-,-,-,-,-,-,-,-,-
2630,Gabriel Osho,AJ Auxerre,Ligue1,26 years old (14-08-1998),"1,85m",England,"Defender (Centre, Right), Defensive Midfielder (C)",Centre-Back,right,19,1567.0,1,-,1,1,89.6,1.1,-,6.67,"Jun 30, 2025",€3.00m,0.4,0.1,0.1,-,-,0.4,0.3,-,0.1,0.4,0.2,0.2,0.4,0.2,1.6,1.1,0.6,1.2,0.4,1.5,0.6,0.5,0.6,-,4.1,0.9,0.1,0.7,-,-,-,-,38.4,2.2,1.8,32.3,2.2,0.1,-,0.1,-,-,-,-,-,-,-
2631,Mohamed-Ali Cho,OGC Nice,Ligue1,21 years old (19-01-2004),"1,82m",France,"Attacking Midfielder (Centre, Right), Forward",Right Winger,left,21(4),1618.0,3,4,2,-,77.5,0.6,-,6.67,"Jun 30, 2028",€15.00m,1.4,0.1,-,0.1,-,1.4,1,0.3,0.1,2.8,2,0.8,2.7,1,1.7,0.6,1.1,0.5,0.3,0.8,0.2,1.6,0.5,0.4,0.2,-,0.1,0.6,-,-,-,-,16.6,0.3,0.2,12.6,3.5,1.2,0.1,1.1,0.2,-,-,-,-,-,0.2
2632,Valentin Atangana Edoa,Stade Reims,Ligue1,19 years old (25-08-2005),"1,76m",France,Defensive Midfielder (C),Central Midfield,right,30(1),2599.0,1,-,7,-,88.1,1.5,-,6.67,"Jun 30, 2027",€9.00m,1,-,-,-,-,1,0.5,0.4,-,1.5,1,0.5,1.7,0.7,2.4,1.5,0.9,2,0.3,2.3,1.1,1.5,1.6,0.2,1.7,0.5,0.1,0.5,-,-,-,-,31.2,0.6,0.7,26.9,3,0.3,-,0.3,-,-,-,-,-,-,-
2633,Jean-Eudes Aholou,Angers SCO,Ligue1,31 years old (20-03-1994),"1,86m",Ivory Coast,Defensive Midfielder (C),Defensive Midfield,left,26,1978.0,2,-,7,-,84.7,1.5,2,6.67,"Jun 30, 2026",€2.00m,1,0.1,-,-,-,1,0.6,0.4,-,1.1,0.6,0.5,1.2,0.6,2.4,1.5,0.9,2.2,1,3.2,1.3,1,1.9,-,1.2,0.5,-,0.8,-,-,-,-,29.2,0.5,1.1,24.3,3.4,0.4,-,0.4,-,-,-,-,-,-,-
2634,Mathieu Gorgelin,Le Havre AC,Ligue1,34 years old (05-08-1990),"1,87m",France,Goalkeeper,Goalkeeper,left,13,1170.0,-,-,2,-,74,0.5,1,6.67,"Jun 30, 2025",€200k,-,-,-,-,-,-,-,-,-,0.1,-,0.1,0.1,-,0.6,0.5,0.2,0.2,0.1,0.2,-,0.2,-,-,1.1,-,-,-,3.5,0.1,2.5,1,28.4,6.4,7.2,14.6,0.2,-,-,-,-,-,-,-,-,-,-
2635,Takumi Minamino,AS Monaco,Ligue1,30 years old (16-01-1995),"1,72m",Japan,"Attacking Midfielder (Centre, Left, Right), Forward",Left Winger,right,24(4),1987.0,5,3,4,-,74,0.6,1,6.67,"Jun 30, 2027",€15.00m,1.8,0.2,0.1,0.1,-,1.8,1.1,0.4,0.3,1.3,0.9,0.4,1.8,0.7,1.6,0.6,1,1,0.9,1.9,0.3,0.7,1,0.4,0.5,-,0.1,0.8,-,-,-,-,22.5,0.6,0.4,16.1,5.5,1.3,0.1,1.3,0.1,-,-,-,-,-,0.1
2636,Sofiane Diop,OGC Nice,Ligue1,24 years old (09-06-2000),"1,75m",France,"Attacking Midfielder (Centre, Left, Right)",Left Winger,right,8(17),980.0,6,3,3,-,80.6,0.1,1,6.66,"Jun 30, 2027",€12.00m,0.9,0.2,0.2,0.1,-,0.9,0.4,0.3,0.2,1.2,0.8,0.4,0.8,0.6,0.4,0.1,0.3,0.9,0.5,1.4,0.6,0.8,0.6,0.1,0.2,0.1,-,0.7,-,-,-,-,19.6,0.7,0.5,15.1,3.3,0.9,0.2,0.8,0.1,-,-,0.1,-,-,-
2637,Yann Gboho,FC Toulouse,Ligue1,24 years old (14-01-2001),"1,78m",Ivory Coast,"Attacking Midfielder (Centre, Left), Forward",Left Winger,right,24(4),2076.0,2,3,2,-,78.1,0.2,3,6.66,"Jun 30, 2026",€8.00m,1.6,0.1,-,-,-,1.6,1.2,0.4,-,4,2.3,1.7,2.1,1.7,1.2,0.2,1,0.9,0.6,1.5,0.2,2.1,0.5,-,0.1,-,-,0.7,-,-,-,-,19.3,0.2,0.3,14.9,3.9,1,0.1,0.9,0.1,-,-,-,-,-,0.1
2638,Mitchel Bakker,LOSC Lille,Ligue1,24 years old (20-06-2000),"1,89m",Netherlands,"Defender (Left), Midfielder (Left, Right)",Left-Back,left,13(9),1089.0,3,2,3,1,83.7,0.1,1,6.66,"Jun 30, 2025",€7.00m,1,0.1,-,0.1,-,1,0.5,0.5,-,1,0.5,0.5,0.8,0.5,0.6,0.1,0.5,1,0.3,1.4,0.5,0.4,0.8,0.2,0.5,-,0.2,0.4,-,-,-,-,23.7,0.8,0.5,19.1,3.4,1,0.2,0.8,0.1,-,-,-,-,-,0.1
2639,Sam Amo-Ameyaw,RC Strasbourg Alsace,Ligue1,18 years old (18-07-2006),"1,74m",,Forward,Right Winger,left,2(4),207.0,2,-,-,-,91.3,-,-,6.66,"Jun 30, 2025",€2.00m,1.2,0.3,-,0.3,-,1.2,0.8,0.3,-,1.8,1.2,0.7,0.8,0.3,0.5,-,0.5,0.5,0.7,1.2,0.3,0.7,0.3,-,0.2,-,-,0.5,-,-,-,-,11.5,-,0.2,10.5,0.8,0.5,-,0.5,-,-,-,-,-,-,-
2640,Djibril Sidibé,FC Toulouse,Ligue1,32 years old (29-07-1992),"1,83m",France,"Defender (Centre, Left, Right), Midfielder (Right)",Right-Back,right,21(4),1854.0,-,2,1,-,81.6,0.7,-,6.66,"Jun 30, 2025",€1.20m,0.2,-,-,-,-,0.2,0.2,-,-,0.6,0.2,0.4,0.8,0.4,1.1,0.7,0.4,2.2,0.6,2.9,0.8,0.7,0.8,0.1,2.1,0.1,-,0.2,-,-,-,-,38.5,1.6,2.5,29.8,4.6,0.6,0.2,0.4,0.1,-,-,0.1,-,-,-
2641,Moussa Niakhaté,Olympique Lyon,Ligue1,29 years old (08-03-1996),"1,90m",Senegal,"Defender (Centre, Left)",Centre-Back,left,27(1),2455.0,-,-,-,-,91.6,1.2,1,6.66,"Jun 30, 2028",€15.00m,0.1,-,-,-,-,0.1,-,-,-,0.1,-,0.1,0.3,0.1,1.9,1.2,0.8,1.5,0.3,1.7,0.8,0.5,1,-,4.4,0.5,0.3,0.3,-,-,-,-,59.2,1.9,2.1,52.3,2.9,0.2,-,0.1,-,-,-,-,-,-,-
2642,Chuba Akpom,LOSC Lille,Ligue1,29 years old (09-10-1995),"1,83m",England,"Attacking Midfielder (Centre, Right), Forward",Centre-Forward,right,5(6),518.0,2,1,-,-,69.3,1.3,-,6.65,"Jun 30, 2025",€8.00m,1.4,0.2,-,0.2,-,1.4,1,0.1,0.3,0.8,0.5,0.4,1.1,0.3,2,1.3,0.7,0.6,0.3,0.9,-,1.2,0.6,0.2,0.3,-,-,0.6,-,-,-,-,6.8,0.2,-,4.5,2.1,0.5,-,0.5,0.1,-,-,-,-,-,0.1
2643,Osame Sahraoui,LOSC Lille,Ligue1,23 years old (11-06-2001),"1,70m",Norway,Attacking Midfielder (Left),Left Winger,right,10(17),1207.0,3,3,1,-,86.1,-,-,6.65,"Jun 30, 2029",€12.00m,0.9,0.1,-,0.1,-,0.9,0.7,0.2,-,2.9,1.6,1.3,1.4,0.8,0.3,-,0.3,0.4,0.2,0.6,0.3,0.4,0.3,-,0.3,-,-,0.4,-,-,-,-,20.5,0.3,0.1,17.4,2.8,1.1,0.1,1,0.1,-,-,0.1,-,-,-
2644,Justin Bourgault,Stade Brestois 29,Ligue1,19 years old (14-09-2005),"1,85m",France,Defender,Left-Back,left,2,123.0,1,-,-,-,73.3,0.5,-,6.65,"Jun 30, 2029",€300k,1,0.5,-,-,0.5,1,-,1,-,-,-,-,0.5,0.5,2,0.5,1.5,1,-,1,-,0.5,0.5,-,0.5,-,-,-,-,-,-,-,30,1.5,3.5,20.5,4.5,0.5,-,0.5,-,-,-,-,-,-,-
2645,Facundo Medina,RC Lens,Ligue1,25 years old (28-05-1999),"1,84m",Argentina,"Defender (Centre, Left)",Centre-Back,left,26,2277.0,-,1,10,1,88.6,1.2,-,6.65,"Jun 30, 2028",€25.00m,1,-,-,-,-,1,0.5,0.4,0.1,1,0.7,0.4,1,0.5,2,1.2,0.8,1.5,0.5,2,1.2,0.7,1.1,-,2,0.4,0.1,0.8,-,-,-,-,62.2,3,3.3,52,3.8,0.9,-,0.9,-,-,-,-,-,-,-
2646,Yaya Fofana,Stade Reims,Ligue1,20 years old (12-06-2004),"1,80m",Mali,Midfielder (Centre),Central Midfield,right,8(4),638.0,1,1,4,-,77,0.3,-,6.65,"Jun 30, 2029",€5.00m,1.1,0.1,-,0.1,-,1.1,0.5,0.6,-,1.8,0.7,1.2,1.2,0.7,1.2,0.3,0.8,1.4,0.7,2.1,0.3,0.6,1.3,-,0.2,0.2,-,0.8,-,-,-,-,18.8,0.4,0.6,14.1,3.8,0.6,0.1,0.5,0.1,0.1,-,-,-,-,-
2647,Elisha Owusu,AJ Auxerre,Ligue1,27 years old (07-11-1997),"1,82m",France,Defensive Midfielder (C),Defensive Midfield,right,26,2194.0,1,3,7,-,81.8,0.6,1,6.64,"Jun 30, 2027",€3.00m,0.2,-,-,-,-,0.2,-,0.2,-,0.8,0.5,0.3,1,0.9,1.7,0.6,1,2.7,0.6,3.3,1.6,0.8,1.8,-,1.2,0.3,0.1,0.9,-,-,-,-,29.6,1.2,1.5,23,3.9,0.5,0.1,0.5,0.1,-,-,-,-,-,0.1
2648,Junior Mwanga,Le Havre AC,Ligue1,21 years old (11-05-2003),"1,84m",France,Defensive Midfielder (C),Defensive Midfield,both,9,774.0,1,1,1,1,85.2,0.8,1,6.64,"Jun 30, 2025",€6.00m,1.4,0.1,-,-,0.1,1.4,0.6,0.8,0.1,1.4,0.8,0.7,0.8,1.6,1.4,0.8,0.7,2.7,0.7,3.3,0.8,0.6,1.9,-,1.6,0.2,0.2,0.7,-,-,-,-,37.6,3.3,2.4,28.7,3.1,0.6,0.2,0.3,0.1,0.1,-,-,-,-,-
2649,Gautier Larsonneur,AS Saint-Étienne,Ligue1,28 years old (23-02-1997),"1,81m",France,Goalkeeper,Goalkeeper,right,31,2790.0,-,-,5,-,61.1,0.4,-,6.63,"Jun 30, 2026",€3.50m,-,-,-,-,-,-,-,-,-,-,-,-,-,-,0.5,0.4,0.1,-,0.1,0.1,-,0.4,-,-,1.2,-,-,-,4,0.3,2.4,1.3,31.1,5.1,11.6,13.9,0.5,-,-,-,-,-,-,-,-,-,-
2650,Sergio Akieme,Stade Reims,Ligue1,27 years old (16-12-1997),"1,75m",Equatorial Guinea,"Defender (Left), Midfielder (Left)",Left-Back,left,26(1),2300.0,1,3,5,-,86.5,0.7,1,6.63,"Jun 30, 2028",€7.00m,0.9,-,-,-,-,0.9,0.5,0.4,-,1.1,0.7,0.5,1,0.6,1.5,0.7,0.9,1.1,0.5,1.6,0.6,0.7,0.8,-,3,0.3,0.4,0.6,-,-,-,-,31.4,0.7,2,26.4,2.2,0.7,0.1,0.6,0.1,0.1,-,-,-,-,-
2651,Amadou Koné,Stade Reims,Ligue1,19 years old (14-05-2005),-,,Defensive Midfielder (C),Defensive Midfield,left,14(7),1089.0,-,-,2,1,87.2,0.8,-,6.63,"Jun 30, 2028",€1.50m,0.5,-,-,-,-,0.5,-,0.4,-,1.1,0.5,0.6,0.9,0.5,1.7,0.8,1,2.1,0.5,2.6,0.8,2.1,0.8,-,1.5,0.1,0.1,0.5,-,-,-,-,24.6,1.3,0.7,20.1,2.4,0.3,-,0.2,-,-,-,-,-,-,-
2652,Nicolas Pallois,FC Nantes,Ligue1,37 years old (19-09-1987),"1,89m",,Defender (Centre),Centre-Back,left,21(3),1864.0,-,2,8,-,84.1,0.8,-,6.62,"Jun 30, 2025",€500k,0.1,-,-,-,-,0.1,-,0.1,-,0.3,0.2,0.1,0.3,0.1,1.5,0.8,0.7,2.5,1,3.5,1.2,0.5,0.8,-,6.4,0.7,0.3,1.2,-,-,-,-,31.4,2.5,2.7,24,2.3,0.1,-,0.1,0.1,-,-,-,-,-,-
2653,Breel Embolo,AS Monaco,Ligue1,28 years old (14-02-1997),"1,87m",Switzerland,"Attacking Midfielder (Centre, Right), Forward",Centre-Forward,right,18(9),1687.0,6,4,5,-,70.9,1.1,1,6.62,"Jun 30, 2026",€12.00m,1.8,0.2,-,0.2,-,1.8,1.4,0.1,0.3,1.5,1,0.5,2.2,1.9,2.1,1.1,1,0.7,0.4,1.1,0.1,1.4,0.9,0.4,0.3,-,-,0.3,-,-,-,-,14.1,0.5,0.3,9.5,3.8,1.1,0.1,1,0.1,-,-,-,-,-,0.1
2654,Florian Sotoca,RC Lens,Ligue1,34 years old (25-10-1990),"1,87m",France,"Midfielder (Centre, Right), Forward",Centre-Forward,right,22(7),1783.0,1,1,3,1,78.1,1.5,1,6.61,"Jun 30, 2026",€2.50m,1.6,-,-,-,-,1.6,1.2,0.3,0.1,1.3,0.8,0.6,0.7,0.8,2.4,1.5,0.9,0.8,0.3,1.1,0.4,0.7,0.5,0.2,0.8,0.1,0.1,0.3,-,-,-,-,29.9,1,0.7,22.4,5.9,0.6,0.2,0.4,-,-,-,-,-,-,-
2655,Ki-Jana Hoever,AJ Auxerre,Ligue1,23 years old (18-01-2002),"1,83m",Netherlands,"Defender (Left, Right), Midfielder (Right)",Right-Back,right,25(3),2046.0,1,2,1,1,72.5,0.8,-,6.61,"Jun 30, 2025",€4.50m,0.4,-,-,-,-,0.4,0.2,0.2,-,1.1,0.8,0.3,1.1,0.4,1.4,0.8,0.6,1.7,0.9,2.6,0.7,0.4,0.7,-,2.2,0.1,0.2,1.1,-,-,-,-,27.4,1.4,2,18.4,5.5,0.8,0.2,0.6,0.1,-,-,-,-,-,-
2656,Arouna Sangante,Le Havre AC,Ligue1,23 years old (12-04-2002),"1,89m",Senegal,"Defender (Centre, Right)",Centre-Back,right,13,1008.0,2,-,4,1,86.6,2,-,6.61,"Jun 30, 2026",€10.00m,0.5,0.2,0.1,0.1,-,0.5,0.2,0.1,0.2,0.3,0.1,0.2,0.7,0.4,3.6,2,1.6,1.5,0.4,1.9,1.5,1,1.5,0.1,3.8,0.4,-,0.4,-,-,-,-,47.2,1.8,3.2,39.1,3.1,0.2,-,0.2,-,-,-,-,-,-,-
2657,Kévin Pedro,AS Saint-Étienne,Ligue1,19 years old (21-02-2006),183cm,France,Defender,,,0(1),9.0,-,-,-,-,57.1,-,-,6.61,,,-,-,-,-,-,-,-,-,-,1,-,1,-,-,-,-,-,3,-,3,2,-,1,-,1,-,-,1,-,-,-,-,7,-,3,4,-,-,-,-,-,-,-,-,-,-,-
2658,Mark McKenzie,FC Toulouse,Ligue1,26 years old (25-02-1999),"1,84m",USA,Defender (Centre),Centre-Back,right,27(1),2318.0,1,-,2,1,87.5,1.5,1,6.61,"Jun 30, 2027",€6.00m,0.3,-,-,-,-,0.3,0.2,-,-,0.3,0.2,0.1,0.5,0.2,2.7,1.5,1.2,1.7,0.4,2.1,0.8,0.4,1.1,-,4.2,0.5,0.1,0.4,-,-,-,-,42.5,2,2,35.3,3.3,0.1,0.1,-,-,-,-,-,-,-,-
2659,Georges Mikautadze,Olympique Lyon,Ligue1,24 years old (31-10-2000),"1,76m",Georgia,Forward,Centre-Forward,right,12(19),1318.0,10,6,2,-,79.2,0.4,2,6.61,"Jun 30, 2028",€20.00m,1.6,0.3,0.1,0.3,-,1.6,1.3,0.2,0.2,1.8,1.3,0.5,1.4,0.6,1.6,0.4,1.2,0.2,0.2,0.4,0.1,0.7,0.2,0.1,0.2,-,-,0.4,-,-,-,-,12.4,0.4,0.1,9.5,2.5,0.6,-,0.6,0.2,-,-,-,-,-,0.2
2660,Christian Mawissa,AS Monaco,Ligue1,20 years old (18-04-2005),"1,84m",France,"Defender (Centre, Left)",Centre-Back,left,15(4),1318.0,-,-,3,-,87,1.5,-,6.61,"Jun 30, 2029",€12.00m,0.1,-,-,-,-,0.1,0.1,-,-,1.4,0.9,0.5,0.9,0.5,2.4,1.5,0.9,2,0.9,2.9,1.3,0.4,0.9,-,1.9,0.3,0.2,0.9,-,-,-,-,40.6,0.7,1.7,34.6,3.6,0.1,-,0.1,-,-,-,-,-,-,-
2661,Ismaël Doukouré,RC Strasbourg Alsace,Ligue1,21 years old (24-07-2003),"1,83m",France,"Defender (Centre), Defensive Midfielder (C)",Centre-Back,right,28,2388.0,1,1,7,-,88.7,0.9,-,6.6,"Jun 30, 2026",€15.00m,0.1,-,-,-,-,0.1,-,-,-,0.5,0.1,0.4,0.7,0.6,1.4,0.9,0.5,1.3,0.3,1.5,0.9,0.6,0.9,-,3.5,0.4,0.1,0.6,-,-,-,-,52.3,1.4,2.3,45,3.6,0.4,0.1,0.3,-,-,-,-,-,-,-
2662,Jhoanner Chávez,RC Lens,Ligue1,23 years old (25-04-2002),"1,82m",Ecuador,"Defender (Left), Midfielder (Left)",Left-Back,left,7(3),600.0,1,-,1,-,77.2,0.7,1,6.6,"Jun 30, 2028",€4.00m,0.5,0.1,0.1,-,-,0.5,0.3,0.1,0.1,0.6,0.3,0.3,1.1,0.8,1.2,0.7,0.5,0.9,0.5,1.4,0.6,0.8,1,0.2,1.2,0.1,0.1,0.9,-,-,-,-,22.8,0.9,0.8,16.7,4.4,0.9,0.3,0.6,-,-,-,-,-,-,-
2663,Josué Casimir,Le Havre AC,Ligue1,23 years old (24-09-2001),"1,78m",Guadeloupe,"Midfielder (Left, Right), Forward",Right Winger,right,20(4),1738.0,3,2,4,-,76.3,0.3,1,6.6,"Jun 30, 2025",€3.50m,1,0.1,-,0.1,-,1,0.8,0.2,-,1.8,1,0.8,1.8,1.2,1.3,0.3,0.9,1.3,0.3,1.6,0.2,1.7,1,0.3,1.1,-,0.3,0.6,-,-,-,-,16.7,0.5,0.5,12.3,3.5,0.9,0.1,0.8,0.1,-,-,-,-,-,-
2664,Soungoutou Magassa,AS Monaco,Ligue1,21 years old (08-10-2003),"1,90m",France,"Defender (Centre), Defensive Midfielder (C)",Defensive Midfield,right,10(8),898.0,-,1,5,-,85.6,0.6,-,6.6,"Jun 30, 2029",€12.00m,0.4,-,-,-,-,0.4,0.1,0.3,0.1,1.1,0.4,0.6,0.6,0.6,1.8,0.6,1.2,2.3,0.9,3.2,1.2,0.8,1.3,-,0.9,0.2,0.1,0.6,-,-,-,-,29.8,1.4,1.1,24.1,3.2,0.3,0.1,0.3,0.1,-,-,0.1,-,-,-
2665,Dante,OGC Nice,Ligue1,41 years old (18-10-1983),"1,88m",Brazil,Defender (Centre),Centre-Back,left,20(2),1811.0,-,-,5,1,88.7,1.6,-,6.6,"Jun 30, 2026",€500k,0.4,-,-,-,-,0.4,0.3,-,-,0.7,0.4,0.3,0.7,0.2,2.6,1.6,1,1.4,0.6,2,1.4,0.6,0.8,-,2.9,0.5,0.1,0.6,-,-,-,-,59.7,2.5,3.5,50.5,3.2,0.1,-,0.1,-,-,-,-,-,-,-
2666,Jordan Siebatcheu,Stade Reims,Ligue1,29 years old (26-04-1996),"1,91m",USA,Forward,Centre-Forward,right,3(1),175.0,1,-,-,-,66.7,1.5,-,6.6,"Jun 30, 2027",€3.00m,1,0.3,-,0.3,-,1,0.5,-,0.5,0.5,0.3,0.3,0.3,0.8,3.3,1.5,1.8,0.3,-,0.3,0.3,1,1,0.3,0.8,0.3,-,-,-,-,-,-,3.8,0.3,-,2.3,1.3,-,-,-,-,-,-,-,-,-,-
2667,Philipp Köhn,AS Monaco,Ligue1,27 years old (02-04-1998),"1,90m",Switzerland,Goalkeeper,Goalkeeper,right,16,1440.0,-,-,1,-,73,0.2,-,6.6,"Jun 30, 2028",€4.00m,-,-,-,-,-,-,-,-,-,-,-,-,-,-,0.2,0.2,-,-,0.1,0.1,-,0.1,-,-,0.8,-,-,-,2.4,0.2,1.2,1.1,25.2,4.3,6.4,14.1,0.4,-,-,-,-,-,-,-,-,-,-
2668,Matias Fernandez-Pardo,LOSC Lille,Ligue1,20 years old (03-02-2005),"1,88m",,"Attacking Midfielder (Left), Forward",Centre-Forward,right,9(10),819.0,3,2,4,-,78.3,0.1,-,6.59,"Jun 30, 2029",€10.00m,0.8,0.2,0.1,0.1,0.1,0.8,0.5,0.3,0.1,2.3,1.4,0.9,1,0.5,0.6,0.1,0.5,0.5,0.3,0.8,0.1,1,0.7,-,0.2,-,0.1,0.4,-,-,-,-,11.2,0.2,0.3,8.5,2.2,0.6,0.1,0.5,0.1,-,-,-,-,-,0.1
2669,Léo Pétrot,AS Saint-Étienne,Ligue1,28 years old (15-04-1997),"1,88m",France,"Defender (Centre, Left)",Left-Back,left,26(2),2367.0,-,3,4,-,80.5,1.4,-,6.59,"Jun 30, 2025",€1.00m,0.2,-,-,-,-,0.2,0.2,-,-,0.4,0.2,0.2,0.7,0.6,2.6,1.4,1.3,2.1,0.5,2.6,1.3,0.8,0.7,-,3,0.9,0.4,0.8,-,-,-,-,37.2,1,2.4,29,4.8,0.5,0.1,0.4,0.1,-,-,-,-,-,0.1
2670,Mousa Al Ta'mari,Stade Rennais FC,Ligue1,27 years old (10-06-1997),"1,78m",Jordan,"Midfielder (Left, Right), Forward",Right Winger,left,12(3),1119.0,2,1,3,-,79.7,0.6,2,6.58,"Jun 30, 2028",€6.00m,1.8,0.1,0.1,0.1,-,1.8,1.2,0.5,0.1,4.7,3.2,1.5,3.2,1.3,1.3,0.6,0.7,0.9,0.5,1.4,0.2,1.7,0.5,0.2,0.2,-,-,0.1,-,-,-,-,18.4,0.6,0.1,14.1,3.7,0.8,0.1,0.7,0.1,-,-,-,-,-,0.1
2671,Quentin Merlin,Olympique Marseille,Ligue1,22 years old (16-05-2002),"1,74m",France,"Defender (Left), Midfielder (Left)",Left-Back,left,20(4),1517.0,1,3,1,-,87,0.3,1,6.58,"Jun 30, 2028",€12.00m,1,-,-,-,-,1,0.7,0.3,-,0.8,0.6,0.2,0.8,0.4,0.9,0.3,0.6,0.8,0.3,1,0.5,0.7,0.4,-,0.5,0.2,0.1,0.6,-,-,-,-,36.9,0.5,1,31.6,3.8,1,0.3,0.8,0.1,-,-,-,-,-,0.1
2672,Abner Vinícius,Olympique Lyon,Ligue1,24 years old (27-05-2000),"1,81m",,"Defender (Left), Midfielder (Left)",Left-Back,left,12(6),1090.0,1,1,1,-,86.2,0.4,-,6.58,"Jun 30, 2029",€9.00m,0.4,0.1,-,0.1,-,0.4,0.2,0.1,0.1,0.7,0.3,0.3,0.8,0.4,0.9,0.4,0.5,1.6,0.6,2.2,0.3,0.2,0.9,-,1.9,0.1,0.3,0.7,-,-,-,-,31.1,0.9,1,25.8,3.3,0.6,-,0.6,0.1,0.1,-,-,-,-,-
2673,Romain Faivre,Stade Brestois 29,Ligue1,26 years old (14-07-1998),"1,80m",France,"Attacking Midfielder (Centre, Left, Right)",Right Midfield,left,10(10),900.0,3,2,2,-,86.2,0.4,-,6.58,"Jun 30, 2025",€7.00m,1,0.2,0.1,0.1,-,1,0.8,0.2,0.1,2.1,1.3,0.9,0.7,0.4,0.9,0.4,0.5,0.7,0.3,0.9,0.2,1.2,0.3,0.1,0.2,-,-,0.4,-,-,-,-,17.4,0.2,0.2,14.8,2.3,0.5,0.2,0.4,0.1,-,-,0.1,-,-,0.1
2674,Tino Kadewere,FC Nantes,Ligue1,29 years old (05-01-1996),"1,83m",Zimbabwe,"Attacking Midfielder (Centre, Left, Right), Forward",Centre-Forward,right,6(5),508.0,1,2,1,-,75.9,1.4,1,6.58,"Jun 30, 2027",€3.00m,0.7,0.1,-,0.1,-,0.7,0.5,0.2,-,1.3,1,0.3,1.2,0.6,2.5,1.4,1.1,1.3,0.6,1.9,0.5,0.3,0.5,0.2,0.5,-,0.2,0.3,-,-,-,-,14.7,0.2,0.3,11,3.3,0.7,0.1,0.6,0.2,-,-,0.1,-,-,0.1
2675,Alban Lafont,FC Nantes,Ligue1,26 years old (23-01-1999),"1,96m",France,Goalkeeper,Goalkeeper,right,12,1080.0,-,-,1,-,65.2,0.4,2,6.58,"Jun 30, 2027",€4.00m,-,-,-,-,-,-,-,-,-,-,-,-,-,-,0.4,0.4,-,0.1,-,0.1,-,-,-,-,1.2,-,-,0.2,2.7,-,1.5,1.2,25.8,4.3,8.9,12.6,0.1,0.2,0.2,-,-,-,-,-,-,-,-
2676,Rares Ilie,Catanzaro,Ligue1,22 years old (19-04-2003),185cm,Romania,Midfielder,,,0(2),11.0,-,-,-,-,85.7,-,-,6.58,,,0.5,-,-,-,-,0.5,0.5,-,-,2,0.5,1.5,-,-,-,-,-,0.5,-,0.5,-,-,-,-,-,-,-,-,-,-,-,-,3.5,-,-,3,0.5,2,0.5,1.5,-,-,-,-,-,-,-
2677,Kamory Doumbia,Stade Brestois 29,Ligue1,22 years old (18-02-2003),"1,70m",Mali,Attacking Midfielder (Centre),Attacking Midfield,right,10(17),1104.0,2,2,1,-,84.9,0.3,-,6.57,"Jun 30, 2029",€5.00m,0.7,0.1,-,-,-,0.7,0.3,0.4,0.1,1.1,0.5,0.6,1.4,0.7,1.1,0.3,0.8,1.3,0.6,1.9,0.9,0.6,0.6,-,0.4,-,0.1,0.5,-,-,-,-,19.1,0.8,0.6,15.5,2.3,0.9,0.2,0.6,0.1,-,-,-,-,-,-
2678,Seko Fofana,Stade Rennais FC,Ligue1,29 years old (07-05-1995),"1,85m",Ivory Coast,Midfielder (Centre),Central Midfield,right,9(5),801.0,1,1,3,-,91.1,0.5,-,6.57,"Jun 30, 2029",€12.00m,1.6,0.1,-,-,0.1,1.6,0.7,0.9,-,1.7,0.9,0.9,0.6,0.4,0.7,0.5,0.2,0.7,0.4,1.1,0.4,0.5,0.6,0.1,0.5,0.1,-,0.4,-,-,-,-,36.9,1.2,0.3,32.4,3,0.9,-,0.9,0.1,-,-,-,-,-,0.1
2679,Anthony Lopes,FC Nantes,Ligue1,34 years old (01-10-1990),"1,84m",Portugal,Goalkeeper,Goalkeeper,left,15,1294.0,-,-,2,-,56,0.3,-,6.57,"Jun 30, 2025",€1.50m,-,-,-,-,-,-,-,-,-,-,-,-,0.1,-,0.3,0.3,0.1,0.1,-,0.1,-,0.3,0.1,-,0.9,-,-,-,2.9,0.4,1.7,0.7,27.1,6.8,11.9,8.4,0.1,-,-,-,-,-,-,-,-,-,-
2680,Christopher Wooh,Stade Rennais FC,Ligue1,23 years old (18-09-2001),"1,91m",Cameroon,Defender (Centre),Centre-Back,right,16(3),1401.0,-,-,5,1,87.5,2.1,-,6.57,"Jun 30, 2026",€7.00m,0.5,-,-,-,-,0.5,0.3,0.1,0.2,0.6,0.3,0.3,0.6,0.2,3.1,2.1,1,1.7,0.3,2.1,1.2,0.4,1.6,-,3.2,0.4,0.2,0.7,-,-,-,-,42.9,1.5,2.2,36.1,3.2,0.1,-,0.1,-,-,-,-,-,-,-
2681,Luck Zogbé,Stade Brestois 29,Ligue1,20 years old (24-03-2005),"1,78m",Ivory Coast,Defender (Right),Right-Back,right,7(6),637.0,-,-,2,-,83.5,0.9,-,6.57,"Jun 30, 2027",€3.00m,0.6,-,-,-,-,0.6,0.2,0.4,-,1.5,1.2,0.3,0.7,0.4,1.2,0.9,0.3,2.5,0.6,3.1,1.1,0.8,0.7,0.1,1.7,0.2,-,0.7,-,-,-,-,19.6,0.8,1,15.5,2.2,0.3,-,0.3,-,-,-,-,-,-,-
2682,Gabriel Gudmundsson,LOSC Lille,Ligue1,26 years old (29-04-1999),"1,80m",Sweden,"Defender (Centre, Left), Midfielder (Left, Right)",Left-Back,left,19(8),1671.0,2,-,3,-,85.3,0.4,-,6.57,"Jun 30, 2026",€9.00m,0.6,0.1,-,0.1,-,0.6,0.4,0.2,-,1.9,1.1,0.7,0.7,0.7,0.7,0.4,0.3,1.3,0.5,1.7,0.6,1.5,1,0.2,1.4,0.2,-,0.4,-,-,-,-,28.7,0.9,1,23.5,3.2,0.6,0.1,0.4,-,-,-,-,-,-,-
2683,Radoslaw Majecki,AS Monaco,Ligue1,25 years old (16-11-1999),"1,93m",Poland,Goalkeeper,Goalkeeper,right,15,1350.0,-,-,1,-,69.5,0.3,-,6.57,"Jun 30, 2028",€7.00m,-,-,-,-,-,-,-,-,-,-,-,-,-,-,0.3,0.3,-,-,0.1,0.1,-,0.1,-,-,0.7,-,-,-,2.9,0.1,1.7,1.1,22.1,2.4,6.7,12.9,0.1,-,-,-,-,-,-,-,-,-,-
2684,Jordan James,Stade Rennais FC,Ligue1,20 years old (02-07-2004),"1,82m",Wales,"Midfielder (Centre, Left)",Central Midfield,right,13(7),1079.0,-,1,4,-,87.4,0.4,-,6.57,"Jun 30, 2028",€8.00m,0.8,-,-,-,-,0.8,0.2,0.6,-,1.1,0.6,0.5,0.7,0.5,0.7,0.4,0.3,1.4,0.7,2,0.7,0.8,1.2,0.1,0.7,0.1,0.2,0.6,-,-,-,-,25,1.3,0.5,20.5,2.7,1,0.4,0.7,0.1,-,-,-,-,-,0.1
2685,Carlens Arcus,Angers SCO,Ligue1,28 years old (28-06-1996),"1,76m",Haiti,Defender (Right),Right-Back,right,22(3),1784.0,-,1,2,-,85.2,1.1,1,6.56,"Jun 30, 2026",€1.50m,0.1,-,-,-,-,0.1,-,0.1,-,0.7,0.4,0.3,0.6,0.5,1.9,1.1,0.8,1.8,0.8,2.6,1,0.6,1.2,-,2.7,0.2,-,0.7,-,-,-,-,28.6,1,0.9,23.3,3.4,0.6,0.2,0.4,-,-,-,-,-,-,-
2686,Tom Louchet,OGC Nice,Ligue1,21 years old (04-05-2003),"1,78m",France,"Defender (Right), Midfielder (Right)",Right Midfield,both,7(13),718.0,1,-,1,-,86.8,0.6,1,6.56,"Jun 30, 2027",€3.00m,0.6,0.1,-,0.1,-,0.6,0.4,0.3,-,0.6,0.4,0.2,0.6,0.4,0.7,0.6,0.2,1.3,0.3,1.6,0.9,0.4,0.4,-,0.9,0.2,0.1,0.4,-,-,-,-,16.7,0.7,0.6,13.9,1.7,0.7,0.2,0.6,-,-,-,-,-,-,-
2687,Ngal'ayel Mukau,LOSC Lille,Ligue1,20 years old (03-11-2004),"1,86m",,Midfielder (Centre),Defensive Midfield,left,13(6),1102.0,-,1,4,-,89.6,0.7,-,6.56,"Jun 30, 2028",€15.00m,0.6,-,-,-,-,0.6,0.2,0.4,-,0.8,0.4,0.5,0.8,0.4,1.4,0.7,0.7,1.6,0.5,2.2,0.7,0.8,0.9,-,1,-,-,0.6,-,-,-,-,30.8,0.6,0.2,27,3,0.5,0.1,0.5,0.1,-,-,-,-,-,0.1
2688,Albert Grønbæk,Southampton FC,Ligue1,23 years old (23-05-2001),176cm,Denmark,"Attacking Midfielder (Centre, Left)",,,9(7),819.0,2,1,1,-,68.7,0.3,1,6.56,,,1.4,0.1,-,0.1,-,1.4,0.8,0.6,-,2.3,1.6,0.7,2.1,0.9,0.9,0.3,0.7,1.3,1.1,2.4,0.3,0.6,0.6,-,0.4,0.1,-,0.5,-,-,-,-,13.2,0.4,0.4,8.6,3.8,1.2,0.1,1.1,0.1,-,-,-,0.1,-,-
2689,Johann Lepenant,FC Nantes,Ligue1,22 years old (22-10-2002),"1,76m",France,Midfielder (Centre),Defensive Midfield,right,22(5),1972.0,2,1,3,-,81.6,0.7,1,6.56,"Jun 30, 2025",€7.00m,0.7,0.1,-,-,-,0.7,0.4,0.2,-,1.3,0.6,0.6,1.6,0.8,1.4,0.7,0.6,2.4,1.4,3.9,0.7,1.4,1.8,-,0.8,0.1,0.1,1.1,-,-,-,-,24.7,0.9,0.4,19.2,4.1,0.3,-,0.3,-,-,-,-,-,-,-
2690,Jérémie Boga,OGC Nice,Ligue1,28 years old (03-01-1997),"1,72m",Ivory Coast,"Attacking Midfielder (Centre, Left, Right), Forward",Left Winger,right,12(8),1018.0,1,1,-,-,85.4,0.2,-,6.56,"Jun 30, 2027",€12.00m,1.4,0.1,-,0.1,-,1.4,0.9,0.5,0.1,3.2,1.9,1.3,0.9,0.8,0.4,0.2,0.2,0.5,0.2,0.7,0.2,0.9,0.1,0.3,0.1,-,0.1,0.7,-,-,-,-,18.2,0.4,0.1,15.2,2.6,1.2,0.2,1,0.1,-,-,-,-,-,0.1
2691,Ulisses Garcia,Olympique Marseille,Ligue1,29 years old (11-01-1996),"1,82m",Switzerland,"Defender (Centre, Left), Defensive Midfielder (C), Midfielder (Left)",Left-Back,left,8(10),771.0,2,2,1,-,88.2,0.8,-,6.56,"Jun 30, 2028",€4.00m,0.4,0.1,0.1,0.1,-,0.4,0.2,0.1,0.2,0.7,0.4,0.3,0.7,0.5,1.1,0.8,0.3,0.8,0.5,1.3,0.4,0.4,0.3,0.1,0.9,0.1,0.1,0.2,-,-,-,-,25,0.6,0.4,21.5,2.5,0.3,-,0.3,0.1,0.1,-,-,-,-,-
2692,Ernest Nuamah,Olympique Lyon,Ligue1,21 years old (01-11-2003),"1,78m",,"Attacking Midfielder (Left, Right)",Right Winger,left,13(10),1056.0,3,1,2,-,83.9,0.6,2,6.56,"Jun 30, 2028",€15.00m,1.2,0.1,-,0.1,-,1.2,0.7,0.4,0.1,1.9,0.9,1,1.3,1,1.2,0.6,0.6,0.9,0.7,1.6,0.3,0.5,0.8,0.3,0.3,-,-,0.3,-,-,-,-,17.9,0.4,0.2,14.6,2.7,0.8,-,0.8,-,-,-,-,-,-,-
2693,Mikayil Faye,Stade Rennais FC,Ligue1,20 years old (14-07-2004),"1,83m",,Defender (Centre),Centre-Back,left,7(4),693.0,-,-,1,1,88.9,1.3,-,6.56,"Jun 30, 2028",€8.00m,0.5,-,-,-,-,0.5,0.4,0.2,-,0.5,0.4,0.2,0.8,0.4,2.2,1.3,0.9,1.4,0.2,1.5,1.1,0.5,0.9,-,2.7,0.4,-,0.5,-,-,-,-,47.4,1.9,2.2,40.2,3.1,0.1,-,0.1,-,-,-,-,-,-,-
2694,Deiver Machado,RC Lens,Ligue1,31 years old (02-09-1993),"1,80m",Colombia,"Defender (Left), Midfielder (Left)",Left-Back,left,18(7),1648.0,1,4,4,2,87.2,0.6,1,6.56,"Jun 30, 2026",€3.50m,0.9,-,-,-,-,0.9,0.4,0.4,0.1,1.6,0.8,0.8,1.2,0.8,1.2,0.6,0.6,1.4,0.4,1.8,0.6,1,1,0.2,0.9,0.1,0.1,0.6,-,-,-,-,27.3,0.5,0.8,23.3,2.7,0.8,-,0.7,0.2,0.1,-,-,-,-,0.1
2695,Marco Bizot,Stade Brestois 29,Ligue1,34 years old (10-03-1991),"1,93m",Netherlands,Goalkeeper,Goalkeeper,right,29,2610.0,-,-,4,-,64.5,0.2,-,6.56,"Jun 30, 2026",€3.50m,-,-,-,-,-,-,-,-,-,-,-,-,0.1,-,0.2,0.2,-,0.1,-,0.1,-,0.1,-,-,1.2,-,-,-,2.4,0.1,1.7,0.6,30.2,8,10.6,11.4,0.1,-,-,-,-,-,-,-,-,-,-
2696,Saïd Benrahma,Olympique Lyon,Ligue1,29 years old (10-08-1995),172cm,Algeria,"Attacking Midfielder (Centre, Left, Right)",,,9(4),737.0,1,3,-,-,79.3,-,-,6.56,,,1.3,0.1,-,-,0.1,1.3,0.7,0.6,-,2.2,1.6,0.6,1.2,0.8,-,-,-,0.7,0.5,1.2,0.2,0.5,0.5,0.5,0.2,-,-,0.5,-,-,-,-,23.8,0.5,0.4,18.3,4.5,1.2,0.2,0.9,0.2,-,-,-,-,-,0.2
2697,Hans Hateboer,Stade Rennais FC,Ligue1,31 years old (09-01-1994),"1,87m",Netherlands,"Defender (Centre, Right), Midfielder (Right)",Right-Back,right,18(8),1681.0,-,-,3,-,87.9,1.6,-,6.56,"Jun 30, 2026",€3.00m,0.3,-,-,-,-,0.3,0.2,0.1,-,0.4,0.2,0.2,0.4,0.2,2.5,1.6,0.9,1.2,0.7,1.9,1.1,0.4,0.8,0.1,2.4,0.2,-,0.5,-,-,-,-,39.8,1.8,1.6,33.2,3.2,0.6,-,0.5,-,-,-,-,-,-,-
2698,Randal Kolo Muani,Juventus FC,Ligue1,26 years old (05-12-1998),187cm,France,"Attacking Midfielder (Centre, Left, Right), Forward",,,2(8),351.0,2,1,-,-,73.1,0.9,-,6.55,,,1.6,0.2,-,0.2,-,1.6,1.3,0.1,0.2,1.4,0.7,0.7,1.1,1,1.2,0.9,0.3,0.4,0.2,0.6,-,0.7,0.7,0.2,0.5,-,-,0.1,-,-,-,-,7.8,0.2,0.1,5.5,2,0.5,-,0.5,0.1,-,-,-,-,-,0.1
2699,Zakaria Aboukhlal,FC Toulouse,Ligue1,25 years old (18-02-2000),"1,79m",Morocco,"Attacking Midfielder (Centre, Left, Right), Forward",Right Winger,both,22(2),1859.0,7,2,4,-,68.8,1,1,6.55,"Jun 30, 2026",€12.00m,2.5,0.3,0.1,0.2,-,2.5,1.7,0.5,0.4,1.9,1.4,0.5,2.6,1,2.6,1,1.7,0.8,0.7,1.5,0.3,1,1.4,0.5,0.3,-,-,0.6,-,-,-,-,12.4,0.1,0.1,8.5,3.8,0.5,-,0.5,0.1,-,-,-,-,-,0.1
2700,Lucas Hernández,Paris Saint-Germain,Ligue1,29 years old (14-02-1996),"1,84m",France,"Defender (Centre, Left)",Left-Back,left,8(6),740.0,-,-,2,-,91.9,0.7,-,6.55,"Jun 30, 2028",€30.00m,0.2,-,-,-,-,0.2,0.1,0.1,-,0.1,0.1,0.1,0.4,0.1,1.1,0.7,0.4,1.5,0.4,1.9,0.4,0.4,0.6,-,2.2,0.3,0.2,0.4,-,-,-,-,49.2,1.2,1.9,44,2.1,0.1,-,0.1,-,-,-,-,-,-,-
2701,Mostafa Mohamed,FC Nantes,Ligue1,27 years old (28-11-1997),"1,85m",,Forward,Centre-Forward,right,10(18),1126.0,5,-,3,-,65.4,1.8,-,6.55,"Jun 30, 2027",€6.00m,1.4,0.2,-,0.2,-,1.4,1.1,0.2,0.1,0.9,0.5,0.4,1.6,0.8,3.4,1.8,1.7,0.6,0.3,0.9,0.4,1.1,1.1,0.2,0.9,0.1,-,0.3,-,-,-,-,7.4,0.3,0.2,4.6,2.4,0.2,-,0.2,-,-,-,-,-,-,-
2702,Irvin Cardona,AS Saint-Étienne,Ligue1,27 years old (08-08-1997),"1,85m",France,"Attacking Midfielder (Left, Right), Forward",Centre-Forward,right,10(2),850.0,4,2,2,-,72.6,0.6,1,6.55,"Jun 30, 2025",€2.00m,1.5,0.3,0.2,0.1,0.1,1.5,0.8,0.3,0.3,1.6,1.2,0.4,2.5,0.8,1.3,0.6,0.8,0.4,0.8,1.3,0.3,0.8,0.9,0.2,0.4,0.3,0.1,1,-,-,-,-,24.3,0.6,0.3,17.1,6.4,1.3,0.1,1.2,0.2,-,-,-,-,-,0.2
2703,Koka,Le Havre AC,Ligue1,32 years old (05-03-1993),191cm,Egypt,Forward,,,9(5),785.0,3,1,2,-,77.3,1.4,-,6.55,,,1.4,0.2,0.1,0.1,-,1.4,1.1,0.1,0.2,0.9,0.4,0.4,0.4,0.7,2.9,1.4,1.5,0.3,0.3,0.6,0.2,0.1,0.9,0.1,0.4,-,-,0.1,-,-,-,-,11,0.5,0.2,8,2.3,0.4,-,0.4,0.1,-,-,-,-,-,0.1
2704,Nemanja Matic,Olympique Lyon,Ligue1,36 years old (01-08-1988),"1,94m",Serbia,Defensive Midfielder (C),Defensive Midfield,left,23(3),1868.0,-,1,1,-,87.5,0.5,-,6.55,"Jun 30, 2026",€2.50m,-,-,-,-,-,-,-,-,-,0.4,0.2,0.3,0.4,0.7,1,0.5,0.5,1.5,0.7,2.1,0.5,0.2,0.5,-,1.1,0.3,-,0.4,-,-,-,-,49.1,2.3,1.6,40.7,4.5,0.6,-,0.5,-,-,-,-,-,-,-
2705,Akor Adams,Sevilla FC,Ligue1,25 years old (29-01-2000),190cm,Nigeria,Forward,,,13(2),1080.0,3,1,2,-,65.1,1.9,-,6.54,,,1.7,0.2,0.1,0.1,-,1.7,1.1,0.3,0.3,0.9,0.5,0.5,1.1,0.9,3.7,1.9,1.8,0.3,0.1,0.3,0.1,0.5,1.1,1.1,0.3,0.1,-,0.1,-,-,-,-,11.5,0.2,0.3,7.3,3.7,0.8,0.1,0.7,0.1,-,-,-,-,-,0.1
2706,Moïse Bombito,OGC Nice,Ligue1,25 years old (30-03-2000),"1,90m",Canada,Defender (Centre),Centre-Back,right,22(2),1925.0,-,-,1,1,90.2,1.8,-,6.54,"Jun 30, 2028",€10.00m,0.3,-,-,-,-,0.3,0.2,0.2,-,0.6,0.2,0.5,0.6,0.1,3.7,1.8,2,1.4,0.5,1.9,0.7,0.3,1,-,4.4,0.7,0.1,0.6,-,-,-,-,50.8,2.8,1.8,43,3.1,0.1,-,-,-,-,-,-,-,-,-
2707,Modibo Sagnan,Montpellier HSC,Ligue1,26 years old (14-04-1999),"1,87m",France,Defender (Centre),Centre-Back,left,24(2),2100.0,2,-,10,-,88.5,1.5,1,6.54,"Jun 30, 2028",€3.00m,0.4,0.1,-,0.1,-,0.4,0.3,-,0.1,0.8,0.3,0.5,0.3,0.3,3.1,1.5,1.6,2.2,0.8,3,1.1,0.5,1.2,-,4.4,0.5,-,0.5,-,-,-,-,35.8,2.7,2,29,2.1,0.3,-,0.2,-,-,-,-,-,-,-
2708,Massadio Haïdara,Stade Brestois 29,Ligue1,32 years old (02-12-1992),"1,79m",Mali,"Defender (Centre, Left), Midfielder (Left)",Left-Back,left,18(1),1509.0,-,-,1,2,80.3,1.2,-,6.54,"Jun 30, 2025",€1.80m,0.5,-,-,-,-,0.5,0.3,0.3,-,1.2,0.6,0.6,1.2,0.3,1.8,1.2,0.6,1.1,0.7,1.8,1.1,2.1,0.9,-,3.1,0.1,0.6,0.5,-,-,-,-,31,0.9,1.9,24,4.2,0.4,0.1,0.3,-,-,-,-,-,-,-
2709,Goduine Koyalipou,RC Lens,Ligue1,25 years old (15-02-2000),"1,84m",France,Forward,Centre-Forward,right,9(3),664.0,3,-,-,-,72.4,0.8,-,6.53,"Jun 30, 2028",€1.80m,2.7,0.3,-,0.3,-,2.7,1.9,0.4,0.3,1.9,1.1,0.8,1.7,0.8,2.2,0.8,1.3,0.1,-,0.1,0.1,0.3,0.5,0.4,0.5,-,-,0.2,-,-,-,-,12.1,0.3,0.1,8.5,3.3,0.8,-,0.8,-,-,-,-,-,-,-
2710,Saël Kumbedi,Olympique Lyon,Ligue1,20 years old (26-03-2005),"1,75m",France,"Defender (Right), Midfielder (Right)",Right-Back,right,12(2),956.0,-,-,3,-,86.3,0.2,-,6.53,"Jun 30, 2027",€6.00m,0.3,-,-,-,-,0.3,0.2,0.1,-,1.6,0.9,0.6,0.7,0.8,0.7,0.2,0.5,2,0.4,2.4,0.6,0.7,1.2,-,2.1,0.2,0.1,0.6,-,-,-,-,31.3,0.2,0.7,26.8,3.6,0.4,0.1,0.3,-,-,-,-,-,-,-
2711,Senny Mayulu,Paris Saint-Germain,Ligue1,18 years old (17-05-2006),"1,83m",France,Midfielder (Centre),Central Midfield,both,6(11),591.0,1,1,2,-,88.9,0.1,-,6.53,"Jun 30, 2027",€10.00m,1.2,0.1,-,0.1,-,1.2,0.7,0.4,0.1,1.5,0.8,0.6,0.9,1.1,0.6,0.1,0.5,1.2,0.2,1.5,0.2,0.8,0.8,-,0.4,0.2,0.1,0.3,-,-,-,-,19.1,0.4,0.1,16.6,2,0.5,0.1,0.4,0.1,-,-,-,-,-,0.1
2712,Badredine Bouanani,OGC Nice,Ligue1,20 years old (08-12-2004),"1,77m",France,"Attacking Midfielder (Centre, Right)",Right Winger,left,8(15),858.0,2,3,2,-,83,0.1,-,6.53,"Jun 30, 2029",€5.00m,1.1,0.1,-,-,-,1.1,0.5,0.6,-,1.3,0.8,0.5,0.9,0.7,0.7,0.1,0.6,0.4,0.3,0.8,0.3,0.7,0.4,0.1,0.1,0.1,0.1,0.5,-,-,-,-,13.6,0.5,-,10.8,2.3,0.7,-,0.7,0.1,0.1,-,-,-,-,-
2713,Ayyoub Bouaddi,LOSC Lille,Ligue1,17 years old (02-10-2007),"1,86m",France,Defensive Midfielder (C),Central Midfield,right,10(12),1045.0,-,1,2,-,89,0.4,1,6.53,"Jun 30, 2027",€30.00m,-,-,-,-,-,-,-,-,-,1.2,0.5,0.6,1.3,0.7,0.9,0.4,0.5,2.2,0.6,2.8,0.5,0.4,0.7,-,0.5,0.1,-,0.3,-,-,-,-,22.4,0.7,0.2,19.2,2.3,0.2,-,0.2,-,-,-,-,-,-,-
2714,Amine Gouiri,Olympique Marseille,Ligue1,25 years old (16-02-2000),"1,81m",France,"Attacking Midfielder (Centre, Left, Right), Forward",Centre-Forward,right,11(8),1036.0,3,2,2,-,80.1,0.4,1,6.53,"Jun 30, 2029",€20.00m,1.6,0.2,-,0.2,-,1.6,1.2,0.5,-,1.7,0.9,0.8,1.1,1.1,1.2,0.4,0.8,0.5,0.3,0.8,0.1,0.6,0.9,0.2,0.3,-,-,0.4,-,-,-,-,17.7,0.4,0.2,13.8,3.4,0.4,-,0.4,0.1,-,-,-,-,-,0.1
2715,Kazeem Olaigbe,Stade Rennais FC,Ligue1,22 years old (02-01-2003),"1,78m",Belgium,"Attacking Midfielder (Centre, Left, Right), Forward",Left Winger,right,2(6),210.0,-,1,-,-,90.6,-,-,6.53,"Jun 30, 2029",€4.00m,0.6,-,-,-,-,0.6,0.3,0.4,-,2.1,0.9,1.3,0.3,0.4,0.1,-,0.1,0.4,0.4,0.8,-,0.1,0.1,0.1,-,-,-,0.3,-,-,-,-,13.3,0.6,0.1,11.4,1.1,1.5,0.4,1.1,0.1,-,-,-,-,-,0.1
2716,Mama Baldé,Stade Brestois 29,Ligue1,29 years old (06-11-1995),"1,76m",Guinea-Bissau,"Defender (Right), Midfielder (Centre, Left, Right), Forward",Centre-Forward,right,12(13),1132.0,2,3,3,-,73.7,1.4,1,6.53,"Jun 30, 2027",€4.50m,1.1,0.1,-,-,-,1.1,0.8,0.3,0.1,2.2,1.5,0.7,1.4,0.7,3.4,1.4,2,0.5,0.4,0.9,0.2,0.9,0.7,0.6,0.5,-,0.1,0.3,-,-,-,-,9.4,0.4,0.3,6.5,2.2,0.6,-,0.6,0.1,-,-,-,-,-,0.1
2717,Mousa Al Ta'mari,Stade Rennais FC,Ligue1,27 years old (10-06-1997),"1,78m",Jordan,"Midfielder (Left, Right), Forward",Right Winger,left,6(3),483.0,1,-,1,-,85.2,0.2,-,6.53,"Jun 30, 2028",€6.00m,1.4,0.1,0.1,-,-,1.4,1,0.2,0.2,1.9,1.1,0.8,1.8,0.6,0.9,0.2,0.7,0.3,0.2,0.6,0.2,1,0.4,0.4,0.1,-,-,0.3,-,-,-,-,12,0.2,-,10,1.8,1.1,-,1.1,-,-,-,-,-,-,-
2718,Abdallah Sima,Stade Brestois 29,Ligue1,23 years old (17-06-2001),"1,88m",Senegal,"Attacking Midfielder (Left, Right), Forward",Left Winger,right,14(10),1173.0,7,2,2,-,73.2,1.5,1,6.53,"Jun 30, 2025",€10.00m,1.5,0.3,0.1,0.2,-,1.5,1,0.2,0.3,1,0.7,0.3,2.1,0.9,3.3,1.5,1.8,0.5,0.3,0.8,-,0.9,0.7,0.2,0.3,-,0.1,0.3,-,-,-,-,12,0.2,0.1,8.5,3.1,0.5,-,0.5,0.1,-,-,-,-,-,0.1
2719,Pablo Rosario,OGC Nice,Ligue1,28 years old (07-01-1997),"1,85m",Netherlands,"Defender (Centre, Right), Defensive Midfielder (C)",Defensive Midfield,right,19(8),1623.0,3,1,5,1,85.9,0.8,-,6.52,"Jun 30, 2026",€8.00m,0.6,0.1,-,0.1,-,0.6,0.2,0.2,0.1,0.6,0.3,0.3,0.6,0.5,1.4,0.8,0.6,1,0.3,1.3,1,0.3,0.8,-,1.4,0.3,-,0.3,-,-,-,-,25.8,1,0.9,21.1,2.7,0.6,0.1,0.5,-,-,-,-,-,-,-
2720,Thiago Almada,Olympique Lyon,Ligue1,24 years old (26-04-2001),"1,71m",Argentina,"Attacking Midfielder (Centre, Left, Right), Forward",Attacking Midfield,right,6(7),691.0,1,4,2,-,91.9,0.1,-,6.52,"Jun 30, 2025",€25.00m,1.5,0.1,-,0.1,-,1.5,0.8,0.7,-,0.7,0.2,0.5,0.8,0.5,0.2,0.1,0.2,0.8,0.9,1.7,0.4,0.3,0.5,0.1,0.4,-,-,0.2,-,-,-,-,37.8,1.8,0.5,32.9,2.5,1,0.2,0.8,0.3,-,-,-,-,-,0.3
2721,Louis Leroux,FC Nantes,Ligue1,19 years old (23-01-2006),"1,84m",,Midfielder (Centre),Attacking Midfield,left,6(7),608.0,1,1,1,-,82.4,0.3,-,6.52,"Jun 30, 2028",€2.00m,0.5,0.1,-,0.1,-,0.5,0.5,0.1,-,1,0.7,0.3,0.6,0.3,0.6,0.3,0.3,1.5,0.3,1.8,0.4,0.7,0.5,-,1.1,0.1,0.1,1.1,-,-,-,-,13.5,0.6,0.6,10.5,1.8,0.8,-,0.8,0.1,-,-,-,-,-,0.1
2722,Emmanuel Biumla,Angers SCO,Ligue1,19 years old (08-05-2005),"1,85m",,Defender (Centre),Centre-Back,right,15(1),1318.0,1,-,2,-,88.9,1.1,-,6.52,"Jun 30, 2027",€4.00m,0.3,0.1,0.1,-,-,0.3,0.1,0.1,0.1,0.8,0.3,0.4,0.6,0.3,1.9,1.1,0.8,1.2,0.4,1.6,0.5,0.6,0.4,-,5.1,0.5,0.1,0.6,-,-,-,-,30.9,1.1,1.6,26.4,1.8,0.1,-,0.1,-,-,-,-,-,-,-
2723,Anass Zaroury,RC Lens,Ligue1,24 years old (07-11-2000),"1,76m",Morocco,"Attacking Midfielder (Centre, Left), Forward",Attacking Midfield,right,15(10),1277.0,-,2,-,1,77.4,0.1,-,6.52,"Jun 30, 2028",€8.00m,1.2,-,-,-,-,1.2,0.5,0.7,-,1.3,0.7,0.6,1,0.5,0.3,0.1,0.2,0.8,0.6,1.4,0.2,0.9,0.4,0.1,0.4,-,0.1,0.3,-,-,-,-,21.3,0.5,0.8,16,4,1.4,0.3,1,0.1,-,-,-,-,-,-
2724,Aïssa Mandi,LOSC Lille,Ligue1,33 years old (22-10-1991),"1,86m",Algeria,"Defender (Centre, Left, Right)",Centre-Back,right,18(4),1557.0,-,-,3,-,89.2,0.6,-,6.51,"Jun 30, 2026",€1.50m,0.3,-,-,-,-,0.3,0.2,-,0.1,0.2,-,0.1,0.3,0.2,1.5,0.6,0.9,1.2,0.3,1.5,0.6,0.4,0.3,-,2,0.5,0.1,0.5,-,-,-,-,46.3,3.2,1.7,38,3.3,0.2,-,0.2,-,-,-,-,-,-,-
2725,Rabby Nzingoula,Montpellier HSC,Ligue1,19 years old (25-11-2005),"1,83m",,Defensive Midfielder (C),Defensive Midfield,right,18(7),1523.0,1,-,10,-,79.6,0.8,-,6.51,"Jun 30, 2025",€2.50m,0.7,-,-,-,-,0.7,0.3,0.4,-,1.8,1,0.8,1,0.7,1.6,0.8,0.8,2.4,1.2,3.6,1,1.4,1.3,-,0.8,0.2,-,0.7,-,-,-,-,21.2,0.8,0.8,16.1,3.6,0.3,-,0.3,-,-,-,-,-,-,-
2726,Kelvin Amian,FC Nantes,Ligue1,27 years old (08-02-1998),"1,80m",France,"Defender (Centre, Left, Right), Midfielder (Right)",Right-Back,right,21(6),2004.0,1,-,5,-,81.6,0.6,-,6.51,"Jun 30, 2028",€2.50m,0.2,-,-,-,-,0.2,0.1,0.1,-,0.7,0.3,0.4,0.6,0.4,1.3,0.6,0.7,1.9,0.2,2,0.4,0.4,0.9,-,2.6,0.3,0.4,0.2,-,-,-,-,22.5,1.1,1.5,17.3,2.6,0.5,0.1,0.4,-,-,-,-,-,-,-
2727,Nicolas Cozza,FC Nantes,Ligue1,26 years old (08-01-1999),"1,78m",France,"Defender (Centre, Left), Midfielder (Left)",Left-Back,left,23(3),2027.0,1,-,3,1,77.6,0.6,-,6.51,"Jun 30, 2025",€3.50m,0.6,-,-,-,-,0.6,0.3,0.2,-,0.7,0.5,0.2,1.2,0.2,1.2,0.6,0.6,2.2,0.6,2.8,1,0.5,0.5,0.1,2.3,0.4,0.3,0.5,-,-,-,-,20.8,0.6,1.5,15.6,3.1,0.3,-,0.3,-,-,-,-,-,-,-
2728,Rémy Labeau Lascary,RC Lens,Ligue1,22 years old (03-03-2003),"1,84m",,Forward,Centre-Forward,right,6(8),635.0,2,1,5,-,78.9,0.4,1,6.51,"Jun 30, 2028",€2.50m,1,0.1,-,0.1,-,1,0.8,0.1,0.1,1.9,1,0.9,2.3,0.5,0.9,0.4,0.5,1.1,0.4,1.6,0.1,0.6,1.6,0.7,0.4,-,0.1,0.4,-,-,-,-,10.9,0.2,0.1,8.4,2.1,0.5,-,0.5,0.1,-,-,-,-,-,0.1
2729,Maxence Caqueret,Como 1907,Ligue1,25 years old (15-02-2000),174cm,France,Midfielder (Centre),,,6(3),571.0,-,-,1,-,81.8,0.1,-,6.5,,,0.8,-,-,-,-,0.8,0.4,0.3,-,2,1.2,0.8,1.7,1.1,0.4,0.1,0.3,2.3,2,4.3,0.8,0.7,0.4,0.1,0.2,0.2,-,1.1,-,-,-,-,37.2,1.1,1,29.3,5.8,1.1,0.1,1,-,-,-,-,-,-,-
2730,Tanner Tessmann,Olympique Lyon,Ligue1,23 years old (24-09-2001),"1,88m",USA,Defensive Midfielder (C),Defensive Midfield,right,11(11),1069.0,1,-,3,-,90.6,0.2,-,6.5,"Jun 30, 2029",€6.00m,0.6,-,-,-,-,0.6,0.3,0.4,-,0.8,0.4,0.4,0.4,0.4,1,0.2,0.8,1,0.5,1.5,0.8,0.5,0.6,-,1.2,0.3,-,0.2,-,-,-,-,29,1.7,1,24.6,1.8,0.2,-,0.2,-,-,-,-,-,-,-
2731,Mickaël Nadé,AS Saint-Étienne,Ligue1,26 years old (04-03-1999),"1,93m",France,Defender (Centre),Centre-Back,left,22(1),2035.0,1,2,2,-,89.5,1.2,-,6.5,"Jun 30, 2028",€1.50m,0.2,-,-,-,-,0.2,0.1,-,-,0.4,0.3,0.2,0.7,0.2,1.6,1.2,0.4,2,0.3,2.3,1.3,1.1,0.7,-,5,0.7,0.1,0.7,-,-,-,-,53.3,1.4,2.6,46.3,3,0.3,-,0.3,0.1,-,-,-,-,-,-
2732,Mahamadou Diawara,Le Havre AC,Ligue1,20 years old (17-02-2005),"1,87m",France,Midfielder (Centre),Central Midfield,left,6(6),562.0,-,1,-,-,85.1,0.2,-,6.5,"Jun 30, 2025",€2.50m,0.6,-,-,-,-,0.6,0.3,0.3,-,1.1,0.6,0.5,0.7,0.6,0.8,0.2,0.6,1.7,0.4,2.1,1.1,0.6,1.2,-,0.8,0.5,0.1,0.6,-,-,-,-,17.3,0.8,0.5,14,2.1,0.6,0.1,0.5,0.1,-,-,-,-,-,0.1
2733,Aurélio Buta,Stade Reims,Ligue1,28 years old (10-02-1997),"1,72m",Portugal,"Defender (Right), Midfielder (Right)",Right-Back,right,22(3),1838.0,-,1,5,-,85.3,0.4,-,6.49,"Jun 30, 2025",€5.00m,0.3,-,-,-,-,0.3,0.1,0.2,-,0.9,0.5,0.4,1,0.2,1,0.4,0.6,1.4,0.8,2.3,0.8,1,1.2,0.1,2,0.2,0.3,0.5,-,-,-,-,29.4,0.8,1,24.3,3.3,0.4,0.1,0.3,-,-,-,-,-,-,-
2734,Nikola Maksimovic,Montpellier HSC,Ligue1,33 years old (25-11-1991),"1,93m",Serbia,"Defender (Centre, Right), Midfielder (Right)",Centre-Back,right,7,583.0,-,-,2,-,93.2,1.1,-,6.49,-,€400k,0.1,-,-,-,-,0.1,0.1,-,-,0.3,-,0.3,0.9,0.1,3,1.1,1.9,1.3,0.1,1.4,0.9,0.7,0.4,-,4.3,0.6,-,0.1,-,-,-,-,44,2.3,1.7,38.7,1.3,0.3,-,0.3,-,-,-,-,-,-,-
2735,Soumaïla Coulibaly,Stade Brestois 29,Ligue1,21 years old (14-10-2003),"1,91m",France,Defender (Centre),Centre-Back,left,5(2),438.0,-,-,1,-,88.6,1.1,-,6.49,"Jun 30, 2025",€9.00m,0.6,-,-,-,-,0.6,0.6,-,-,0.3,0.3,-,0.4,-,2.1,1.1,1,0.6,-,0.6,0.7,0.1,1.7,-,3.7,0.3,-,0.7,-,-,-,-,45.3,4.6,2.9,35.6,2.3,0.1,-,0.1,-,-,-,-,-,-,-
2736,Jean-Kévin Duverne,Kortrijk,Ligue1,27 years old (12-07-1997),184cm,France,"Defender (Centre, Left, Right)",,,7(2),540.0,-,-,2,-,79.8,1,1,6.48,,,0.4,-,-,-,-,0.4,0.1,0.2,0.1,0.6,0.3,0.2,0.7,0.3,1.3,1,0.3,2.3,1.3,3.7,0.9,0.7,1.6,-,2.6,0.3,-,0.8,-,-,-,-,27.4,1,2.2,20.9,3.3,0.1,-,0.1,-,-,-,-,-,-,-
2737,Enzo Tchato,Montpellier HSC,Ligue1,22 years old (23-11-2002),"1,82m",Cameroon,"Defender (Right), Midfielder (Right)",Right-Back,right,18(6),1765.0,-,-,3,-,80,0.8,-,6.48,"Jun 30, 2027",€2.50m,0.1,-,-,-,-,0.1,-,0.1,-,0.5,0.3,0.3,0.7,0.1,1.3,0.8,0.5,1.9,0.7,2.6,0.9,0.6,0.8,0.1,2,0.4,0.3,0.8,-,-,-,-,29.2,1.1,1.5,22.3,4.3,0.6,0.1,0.5,-,-,-,-,-,-,-
2738,Andy Diouf,RC Lens,Ligue1,21 years old (17-05-2003),"1,87m",France,Midfielder (Centre),Central Midfield,left,24(7),1996.0,1,1,2,-,81.6,0.6,1,6.48,"Jun 30, 2028",€10.00m,1.1,-,-,-,-,1.1,0.5,0.6,-,2.5,1.2,1.3,2.1,1,1.5,0.6,0.9,1.2,0.7,1.8,0.4,0.6,1.2,0.1,0.5,-,-,0.7,-,-,-,-,29.9,0.3,0.5,24.1,5.1,0.9,-,0.9,-,-,-,-,-,-,-
2739,Mahamadou Nagida,Stade Rennais FC,Ligue1,19 years old (28-06-2005),"1,76m",Cameroon,Midfielder (Left),Left-Back,left,4(9),431.0,2,-,1,-,86.3,0.4,-,6.47,"Jun 30, 2028",€1.00m,0.5,0.2,0.2,-,-,0.5,0.1,0.2,0.2,1.1,0.7,0.4,0.8,0.5,1.3,0.4,0.9,0.6,0.1,0.7,0.7,0.9,0.4,-,0.5,-,-,0.2,-,-,-,-,12.9,0.5,0.1,10.7,1.7,0.2,0.1,0.2,-,-,-,-,-,-,-
2740,Yassine Kechta,Le Havre AC,Ligue1,23 years old (25-02-2002),"1,74m",Morocco,Midfielder (Centre),Central Midfield,left,22(6),1863.0,2,-,4,-,82.4,0.4,-,6.47,"Jun 30, 2026",€5.00m,1,0.1,-,-,-,1,0.2,0.7,-,1,0.6,0.4,1.2,0.9,1.3,0.4,1,1.8,1.3,3.1,0.7,1,1.3,0.1,0.9,0.1,-,0.8,-,-,-,-,22.5,1,0.5,17.5,3.5,0.5,0.1,0.5,-,-,-,-,-,-,-
2741,Benjamin Lecomte,Montpellier HSC,Ligue1,34 years old (26-04-1991),"1,86m",France,Goalkeeper,Goalkeeper,left,28,2520.0,-,-,-,-,63.6,0.1,1,6.47,"Jun 30, 2027",€2.00m,-,-,-,-,-,-,-,-,-,-,-,-,-,-,0.1,0.1,-,-,-,-,-,0.1,-,-,0.7,-,-,-,3.6,0.3,2.1,1.2,30.5,8.3,10.9,11.1,0.2,0.1,0.1,-,-,-,-,-,-,-,-
2742,M'Bala Nzola,RC Lens,Ligue1,28 years old (18-08-1996),"1,85m",Angola,Forward,Centre-Forward,left,16(5),1466.0,6,1,3,1,75.6,1.8,-,6.47,"Jun 30, 2025",€8.00m,2.2,0.3,-,0.2,-,2.2,1.8,0.2,0.2,1.8,1.1,0.7,3,2.2,3.7,1.8,1.9,0.2,0.3,0.5,0.2,0.6,1.4,1.1,0.3,-,-,0.4,-,-,-,-,14.2,0.3,0.1,10.5,3.4,1,-,1,-,-,-,-,-,-,-
2743,Angelo Fulgini,RC Lens,Ligue1,28 years old (20-08-1996),"1,82m",France,"Attacking Midfielder (Centre, Left, Right), Forward",Attacking Midfield,right,11(12),1044.0,1,1,4,-,81.8,0.4,-,6.46,"Jun 30, 2027",€6.00m,1.1,-,-,-,-,1.1,0.6,0.5,-,1.7,1.2,0.5,1.2,1,1,0.4,0.7,0.6,0.4,1,0.1,1.1,0.7,0.1,0.1,-,-,0.4,-,-,-,-,25.8,0.9,0.9,20.2,3.8,1.2,0.2,1,-,-,-,-,-,-,-
2744,Oumar Diakité,Stade Reims,Ligue1,21 years old (20-12-2003),"1,85m",Ivory Coast,Forward,Centre-Forward,right,20(4),1614.0,4,1,6,-,83.4,1,-,6.46,"Jun 30, 2028",€7.00m,1.1,0.2,0.1,0.1,-,1.1,0.9,-,0.2,2.4,1.5,0.8,2.6,1.6,3.5,1,2.4,0.8,0.4,1.3,0.1,1,1.1,0.5,0.4,0.1,-,0.4,-,-,-,-,14.1,0.1,0.1,11.6,2.3,0.5,-,0.4,-,-,-,-,-,-,-
2745,Ismaël Koné,Stade Rennais FC,Ligue1,22 years old (16-06-2002),"1,88m",Canada,Midfielder (Centre),Central Midfield,right,2(8),296.0,1,1,-,-,86.1,0.2,-,6.46,"Jun 30, 2025",€10.00m,0.4,0.1,-,-,0.1,0.4,0.1,0.3,-,0.7,0.3,0.4,0.4,0.3,0.2,0.2,-,0.6,0.1,0.7,0.3,0.6,0.5,-,0.4,0.1,-,0.5,-,-,-,-,13.7,1.4,0.3,10.4,1.6,0.3,-,0.3,0.1,-,-,-,-,-,0.1
2746,Jean-Charles Castelletto,FC Nantes,Ligue1,30 years old (26-01-1995),"1,86m",Cameroon,"Defender (Centre, Right)",Centre-Back,both,27,2353.0,-,-,5,1,89,1.9,1,6.46,"Jun 30, 2028",€3.50m,0.5,-,-,-,-,0.5,0.4,0.1,0.1,0.1,-,0.1,0.6,0.1,2.9,1.9,1,1.1,0.3,1.4,0.9,0.4,1.2,-,4.9,0.6,0.1,0.3,-,-,-,-,43.9,1.6,2,37.5,2.8,0.1,-,0.1,-,-,-,-,-,-,-
2747,Lasso Coulibaly,AJ Auxerre,Ligue1,22 years old (19-10-2002),"1,76m",Ivory Coast,Midfielder,Right Winger,right,0(2),36.0,1,-,-,-,100,-,-,6.45,"Jun 30, 2028",€1.50m,1,0.5,-,0.5,-,1,1,-,-,1,0.5,0.5,0.5,-,1,-,1,-,-,-,-,0.5,-,-,-,-,-,-,-,-,-,-,4.5,-,-,4.5,-,-,-,-,-,-,-,-,-,-,-
2748,Angel Gomes,LOSC Lille,Ligue1,24 years old (31-08-2000),"1,66m",England,"Midfielder (Centre, Left), Forward",Attacking Midfield,right,10(4),740.0,1,1,1,-,82.3,0.4,-,6.45,"Jun 30, 2025",€20.00m,0.6,0.1,-,0.1,-,0.6,0.2,0.4,-,0.7,0.4,0.4,0.8,0.2,0.9,0.4,0.4,0.7,0.7,1.4,-,0.8,0.3,-,0.1,-,-,-,-,-,-,-,25.1,0.8,0.6,19.9,3.9,1,0.1,0.9,0.1,-,-,-,-,-,0.1
2749,Ümit Akdag,FC Toulouse,Ligue1,21 years old (06-10-2003),"1,92m",Turkey,Defender (Centre),Centre-Back,left,6(1),496.0,-,-,2,-,80,2.6,-,6.45,"Jun 30, 2025",€800k,0.3,-,-,-,-,0.3,0.1,0.1,-,0.1,-,0.1,0.1,-,3.7,2.6,1.1,1.1,1,2.1,1.6,0.1,1.1,-,2.4,1.1,-,0.3,-,-,-,-,45.7,1,3.3,35.6,5.9,0.3,0.1,0.1,-,-,-,-,-,-,-
2750,André Gomes,LOSC Lille,Ligue1,31 years old (30-07-1993),"1,90m",Portugal,"Midfielder (Centre, Left, Right)",Central Midfield,right,16(4),1283.0,-,-,3,-,90.4,0.5,-,6.45,"Jun 30, 2026",€8.00m,0.6,-,-,-,-,0.6,0.1,0.5,-,1.2,0.7,0.5,1.3,1,0.8,0.5,0.4,1.4,1,2.4,0.3,0.6,1.2,-,0.6,0.1,-,0.3,-,-,-,-,47.4,1.9,1.1,41,3.5,0.5,0.1,0.5,-,-,-,-,-,-,-
2751,Neal Maupay,Olympique Marseille,Ligue1,28 years old (14-08-1996),"1,71m",France,"Attacking Midfielder (Centre), Forward",Centre-Forward,right,13(8),1038.0,4,4,1,1,84,0.3,-,6.45,"Jun 30, 2025",€10.00m,0.9,0.2,0.1,0.1,-,0.9,0.8,-,0.1,0.7,0.4,0.3,1.6,0.9,0.9,0.3,0.6,0.4,0.1,0.6,0.1,0.8,0.5,0.1,-,-,-,0.2,-,-,-,-,13.7,0.4,-,11,2.1,0.6,-,0.6,0.2,-,-,-,-,-,0.1
2752,Derek Cornelius,Olympique Marseille,Ligue1,27 years old (25-11-1997),"1,87m",Canada,Defender (Centre),Centre-Back,left,16(4),1334.0,-,-,5,2,93.7,1.6,-,6.45,"Jun 30, 2028",€5.00m,0.4,-,-,-,-,0.4,0.3,0.1,0.1,0.1,0.1,-,0.4,0.1,2.3,1.6,0.8,1.2,0.3,1.4,0.7,0.7,1.3,-,2.3,0.4,0.1,0.3,-,-,-,-,64.7,1.1,1.4,59.6,2.7,0.2,-,0.2,-,-,-,-,-,-,-
2753,Rafik Messali,FC Toulouse,Ligue1,22 years old (28-04-2003),"1,77m",,Midfielder (Right),Right Midfield,right,5(6),419.0,-,1,-,-,74.7,0.5,-,6.44,"Jun 30, 2026",€800k,0.4,-,-,-,-,0.4,0.2,0.1,0.1,0.6,0.5,0.2,1.1,1.1,0.9,0.5,0.4,1.4,0.1,1.5,0.8,0.6,0.8,0.1,0.8,0.1,0.1,0.6,-,-,-,-,15.5,0.5,0.8,11,3.1,0.7,0.2,0.5,0.1,-,-,-,-,-,0.1
2754,Loïc Nego,Le Havre AC,Ligue1,34 years old (15-01-1991),"1,81m",Hungary,"Defender (Right), Midfielder (Centre, Right)",Right-Back,right,25(3),2193.0,-,-,3,-,78,0.6,-,6.44,"Jun 30, 2025",€800k,0.4,-,-,-,-,0.4,0.3,0.1,-,1,0.5,0.5,0.6,0.3,1.1,0.6,0.5,1.8,0.6,2.4,1,0.9,0.8,0.2,2.5,0.1,0.2,0.5,-,-,-,-,31.7,1.8,2.1,23,4.8,0.4,-,0.4,-,-,-,-,-,-,-
2755,Dennis Appiah,AS Saint-Étienne,Ligue1,32 years old (09-06-1992),"1,79m",France,"Defender (Centre, Left, Right), Midfielder (Right)",Right-Back,right,19(7),1856.0,-,1,2,-,76.3,0.8,-,6.44,"Jun 30, 2026",€900k,0.2,-,-,-,-,0.2,0.1,0.1,-,1.5,0.7,0.8,1.2,0.7,1.9,0.8,1,2.4,1.1,3.5,0.8,0.3,1.3,0.1,2.5,0.2,0.6,0.8,-,-,-,-,30.3,1.2,2.1,22,5.1,0.5,0.2,0.3,-,-,-,-,-,-,-
2756,Arthur Desmas,Le Havre AC,Ligue1,31 years old (07-04-1994),"1,96m",France,Goalkeeper,Goalkeeper,right,18,1620.0,-,-,2,-,75.5,0.2,-,6.44,"Jun 30, 2025",€1.50m,-,-,-,-,-,-,-,-,-,-,-,-,0.1,-,0.2,0.2,-,-,0.1,0.1,-,0.3,0.1,-,0.6,-,-,-,3.1,0.1,2.1,0.9,24.9,3.8,6,15,0.1,0.1,0.1,-,-,-,-,-,-,-,-
2757,Yoann Salmier,Clermont Foot,Ligue1,32 years old (21-11-1992),188cm,France,"Defender (Centre, Right)",,,9(4),798.0,-,-,3,-,81.3,1.5,-,6.43,,,0.4,-,-,-,-,0.4,0.2,-,0.2,0.4,0.1,0.3,0.3,-,2.5,1.5,0.9,1.1,0.2,1.3,0.8,0.2,0.6,-,4.5,0.6,0.1,0.3,-,-,-,-,25.2,2,1.9,18.5,2.8,0.2,0.1,0.1,-,-,-,-,-,-,-
2758,Jordan Veretout,Olympique Lyon,Ligue1,32 years old (01-03-1993),"1,77m",France,Midfielder (Centre),Central Midfield,right,17(8),1390.0,2,-,3,-,85.5,0.4,-,6.43,"Jun 30, 2026",€5.00m,0.7,0.1,-,-,-,0.7,0.3,0.4,-,0.3,0.1,0.2,0.8,0.3,1,0.4,0.6,1,0.9,1.9,0.2,0.3,0.8,-,0.9,0.1,-,0.5,-,-,-,-,32.6,1.2,1,26.6,3.7,0.5,0.1,0.4,-,-,-,-,-,-,-
2759,Estéban Lepaul,Angers SCO,Ligue1,25 years old (18-04-2000),"1,81m",France,Forward,Centre-Forward,right,15(10),1365.0,7,-,1,-,70.1,1.3,2,6.43,"Jun 30, 2027",€5.00m,1.4,0.3,0.1,0.2,-,1.4,1,0.1,0.3,0.7,0.5,0.2,1.2,0.4,2.9,1.3,1.6,0.4,0.4,0.8,0.1,0.6,0.5,0.5,0.4,0.1,-,0.4,-,-,-,-,11.5,0.2,0.4,7.8,3.1,0.2,-,0.2,-,-,-,-,-,-,-
2760,Kiki Kouyaté,Montpellier HSC,Ligue1,28 years old (15-04-1997),"1,92m",Mali,Defender (Centre),Centre-Back,right,8(3),755.0,-,-,4,1,83.3,2.5,-,6.43,"Jun 30, 2026",€3.50m,0.7,-,-,-,-,0.7,0.4,0.1,0.3,-,-,-,0.3,0.1,4.3,2.5,1.7,2.3,1,3.3,1.1,0.7,1.4,0.4,5.3,1.1,-,0.5,-,-,-,-,25.1,1,2.2,19.9,2,0.1,-,0.1,-,-,-,-,-,-,-
2761,Hamzat Ojediran,RC Lens,Ligue1,21 years old (14-11-2003),"1,79m",Nigeria,Midfielder,Defensive Midfield,right,1(15),381.0,1,-,5,-,81.3,0.6,-,6.43,"Jun 30, 2028",€2.00m,0.6,0.1,-,0.1,-,0.6,0.3,0.3,-,0.7,0.3,0.4,0.3,-,1.4,0.6,0.9,1.7,0.8,2.4,0.6,0.2,1.1,0.1,0.4,0.1,0.1,0.5,-,-,-,-,15.1,0.7,0.8,11.6,2.1,0.1,-,0.1,-,-,-,-,-,-,-
2762,Mamadou Diakhon,Stade Reims,Ligue1,19 years old (22-09-2005),"1,80m",France,Forward,Left Winger,left,5(21),777.0,2,1,2,-,86.5,-,1,6.43,"Jun 30, 2026",€1.50m,0.6,0.1,-,-,-,0.6,0.3,0.2,-,2.3,1.3,1,1.1,0.4,0.5,-,0.5,0.5,0.3,0.7,0.2,0.8,0.2,-,0.1,-,0.1,0.2,-,-,-,-,7.4,0.2,0.1,6.2,0.9,0.5,-,0.5,-,-,-,-,-,-,-
2763,Antoine Joujou,Le Havre AC,Ligue1,22 years old (12-03-2003),"1,89m",France,Attacking Midfielder (Left),Left Winger,right,9(15),931.0,-,2,1,-,69.3,0.2,-,6.42,"Jun 30, 2025",€2.50m,0.5,-,-,-,-,0.5,0.3,0.1,-,2.5,1.3,1.3,1.3,0.7,1,0.2,0.8,0.7,0.3,0.9,0.4,0.3,0.3,0.1,0.7,0.1,0.1,0.5,-,-,-,-,9.1,0.1,0.3,6.2,2.5,0.6,-,0.6,0.1,0.1,-,-,-,-,-
2764,Elye Wahi,Eintracht Frankfurt,Ligue1,22 years old (02-01-2003),184cm,France,"Attacking Midfielder (Left), Forward",,,7(6),577.0,3,1,1,-,81.5,0.3,-,6.42,,,1.3,0.2,0.2,0.1,-,1.3,0.8,0.1,0.4,0.8,0.6,0.2,1.2,0.8,1.3,0.3,1,-,0.3,0.3,0.1,0.6,1.3,0.8,-,-,-,0.1,-,-,-,-,8.3,0.2,0.1,6.6,1.5,0.5,0.1,0.4,0.1,-,-,-,-,-,0.1
2765,Dimitry Bertaud,Montpellier HSC,Ligue1,26 years old (06-06-1998),"1,80m",France,Goalkeeper,Goalkeeper,right,3,270.0,-,-,-,-,63.6,-,-,6.42,"Jun 30, 2025",€1.20m,-,-,-,-,-,-,-,-,-,-,-,-,-,-,-,-,-,-,-,-,-,-,-,-,0.7,-,-,-,2.7,0.3,2.3,-,25.7,7.3,8.7,9,0.7,-,-,-,-,-,-,-,-,-,-
2766,Cédric Hountondji,Angers SCO,Ligue1,31 years old (19-01-1994),"1,94m",France,Defender (Centre),Centre-Back,right,3,270.0,-,-,-,-,85,1.7,-,6.42,"Jun 30, 2026",€1.50m,-,-,-,-,-,-,-,-,-,-,-,-,0.7,-,3,1.7,1.3,2,1.3,3.3,1.3,0.3,0.7,-,4.3,1,0.3,-,-,-,-,-,33.3,1.7,3.3,26.7,1.7,-,-,-,-,-,-,-,-,-,-
2767,Antoine Mendy,OGC Nice,Ligue1,20 years old (27-05-2004),"1,87m",France,"Defender (Centre, Right)",Right-Back,right,5(10),615.0,-,-,1,-,81.4,0.8,-,6.42,"Jun 30, 2028",€3.00m,0.4,-,-,-,-,0.4,0.3,0.1,0.1,0.8,0.5,0.3,0.5,0.2,1.5,0.8,0.7,1.7,0.5,2.1,0.3,0.5,0.3,-,1.5,0.2,0.1,0.3,-,-,-,-,21.2,0.5,1.3,16.7,2.7,0.1,-,0.1,-,-,-,-,-,-,-
2768,Hugo Magnetti,Stade Brestois 29,Ligue1,26 years old (30-05-1998),"1,80m",France,Defensive Midfielder (C),Central Midfield,right,25(4),2129.0,1,-,4,-,85.9,0.3,-,6.42,"Jun 30, 2027",€7.00m,0.6,-,-,-,-,0.6,0.1,0.6,-,0.8,0.5,0.3,0.7,0.7,0.7,0.3,0.3,1.4,0.8,2.3,0.5,0.8,0.8,-,1.1,0.1,-,0.5,-,-,-,-,32.6,1.3,1.2,26.7,3.4,0.2,-,0.2,-,-,-,-,-,-,-
2769,Lucas Mincarelli,Montpellier HSC,Ligue1,21 years old (05-01-2004),"1,79m",,Defender (Left),Left-Back,left,5(2),446.0,1,-,-,-,82.6,0.7,-,6.42,"Jun 30, 2027",€900k,0.4,0.1,-,0.1,-,0.4,0.1,0.1,0.1,0.3,0.3,-,0.7,0.1,1,0.7,0.3,1.3,0.7,2,0.9,0.7,0.7,-,2.4,0.3,-,0.1,-,-,-,-,27.9,1.9,1.4,21.1,3.4,0.4,0.3,0.1,-,-,-,-,-,-,-
2770,Jonathan Rowe,Olympique Marseille,Ligue1,22 years old (30-04-2003),"1,73m",England,"Attacking Midfielder (Centre, Left, Right)",Left Winger,right,4(21),661.0,3,2,2,-,87,0.3,1,6.42,"Jun 30, 2025",€12.00m,1.2,0.1,-,0.1,-,1.2,0.8,0.4,0.1,1.4,0.8,0.6,1.3,0.5,0.8,0.3,0.6,0.4,0.2,0.6,-,0.8,0.5,0.2,-,-,-,-,-,-,-,-,8.6,-,-,7.5,1.1,0.5,-,0.5,0.1,-,-,-,-,-,-
2771,Marwann N'Zuzi,AS Saint-Étienne,Ligue1,20 years old (16-05-2004),175cm,France,Defender,,,2,127.0,-,-,2,-,85,1,-,6.42,,,1,-,-,-,-,1,-,1,-,1,1,-,1.5,1,1.5,1,0.5,1,0.5,1.5,1,0.5,1,-,3,-,-,-,-,-,-,-,20,2,1.5,15,1.5,0.5,-,0.5,-,-,-,-,-,-,-
2772,Folarin Balogun,AS Monaco,Ligue1,23 years old (03-07-2001),"1,78m",USA,Forward,Centre-Forward,right,6(6),523.0,3,-,-,-,71.3,0.1,-,6.41,"Jun 30, 2028",€20.00m,2.3,0.3,-,0.3,-,2.3,2.2,-,0.2,1.3,1,0.3,2.4,0.8,1.5,0.1,1.4,-,0.3,0.3,0.1,0.7,0.5,0.4,-,-,-,-,-,-,-,-,8.4,0.2,0.1,5.8,2.3,0.5,0.1,0.4,-,-,-,-,-,-,-
2773,Lilian Raolisoa,Angers SCO,Ligue1,24 years old (16-06-2000),"1,78m",France,Defender (Right),Right-Back,right,11(15),1075.0,-,2,-,2,76.5,0.5,-,6.41,"Jun 30, 2026",€700k,0.3,-,-,-,-,0.3,0.1,0.3,-,1.6,0.7,0.9,0.6,0.5,0.9,0.5,0.3,1.4,0.7,2.2,0.5,0.3,0.5,0.1,1.5,0.1,0.1,0.3,-,-,-,-,13.9,0.5,1.1,10.2,2.2,0.4,0.1,0.3,0.1,-,-,-,-,-,-
2774,Malang Sarr,RC Lens,Ligue1,26 years old (23-01-1999),"1,83m",France,"Defender (Centre, Left)",Centre-Back,left,15(4),1381.0,-,-,-,-,89.5,1,-,6.41,"Jun 30, 2026",€5.00m,0.3,-,-,-,-,0.3,0.2,0.1,-,0.2,0.1,0.1,0.2,0.2,1.3,1,0.3,1.1,0.6,1.7,1.2,0.5,0.7,0.1,3.3,0.5,0.1,0.5,-,-,-,-,49.8,4.3,2.2,40.4,3.1,0.3,0.1,0.2,-,-,-,-,-,-,-
2775,Daler Kuzyaev,Le Havre AC,Ligue1,32 years old (15-01-1993),"1,82m",Russia,"Defender (Right), Midfielder (Centre, Left, Right)",Central Midfield,right,6(6),564.0,1,-,1,-,82.3,0.6,-,6.4,"Jun 30, 2025",€5.00m,0.3,0.1,-,0.1,-,0.3,0.2,0.2,-,0.3,0.1,0.2,0.4,0.2,0.9,0.6,0.3,1.1,0.6,1.7,0.8,0.3,0.7,-,0.6,0.3,0.1,0.3,-,-,-,-,21.2,0.6,1,16.8,2.8,0.2,0.1,0.1,-,-,-,-,-,-,-
2776,Rayan Raveloson,BSC Young Boys,Ligue1,28 years old (16-01-1997),182cm,Madagascar,"Defender (Centre, Right), Defensive Midfielder (C)",,,7(6),721.0,1,-,3,-,88.4,0.6,-,6.4,,,1.2,0.1,-,0.1,-,1.2,0.5,0.7,-,1,0.5,0.5,0.8,0.8,1.3,0.6,0.7,0.5,0.8,1.2,0.4,0.9,0.7,-,1.7,0.5,-,0.1,-,-,-,-,23.3,2.2,0.6,18.4,2.1,0.2,-,0.2,-,-,-,-,-,-,-
2777,Louis Mouton,AS Saint-Étienne,Ligue1,22 years old (03-06-2002),"1,80m",France,Midfielder (Centre),Central Midfield,right,12(10),1015.0,-,1,2,-,82.6,0.2,-,6.4,"Jun 30, 2025",€800k,0.8,-,-,-,-,0.8,0.2,0.5,0.1,1,0.5,0.5,0.6,0.6,0.7,0.2,0.5,2,0.7,2.6,0.5,0.3,1,0.1,0.7,0.1,0.2,0.6,-,-,-,-,22.8,1.3,0.6,17.5,3.4,0.7,0.2,0.5,-,-,-,-,-,-,-
2778,Timothée Pembélé,Le Havre AC,Ligue1,22 years old (09-09-2002),"1,83m",France,"Defender (Centre, Right), Midfielder (Right)",Right-Back,right,12(5),1036.0,1,-,2,-,84.5,0.5,-,6.4,"Jun 30, 2025",€2.50m,0.4,0.1,0.1,-,-,0.4,0.2,0.1,0.1,1.6,0.8,0.8,1.1,0.7,1.4,0.5,0.8,1.8,0.5,2.3,0.6,0.6,0.5,0.1,2.3,0.3,0.1,0.6,-,-,-,-,23.1,0.5,1.2,19,2.4,0.2,-,0.2,-,-,-,-,-,-,-
2779,Yoram Zague,Paris Saint-Germain,Ligue1,18 years old (15-05-2006),"1,68m",,Defender,Right-Back,right,2(1),162.0,-,-,-,-,95.8,0.3,-,6.4,"Jun 30, 2028",€2.50m,0.3,-,-,-,-,0.3,0.3,-,-,0.3,-,0.3,-,-,0.7,0.3,0.3,1.3,0.3,1.7,0.7,-,0.7,-,0.7,-,-,0.7,-,-,-,-,48,0.3,0.3,45.7,1.7,0.3,-,0.3,-,-,-,-,-,-,-
2780,Sorba Thomas,FC Nantes,Ligue1,26 years old (25-01-1999),"1,85m",Wales,"Defender (Right), Midfielder (Centre, Left, Right), Forward",Right Winger,right,13(10),1165.0,1,2,2,-,76.6,0.2,-,6.4,"Jun 30, 2025",€4.00m,0.4,-,-,-,-,0.4,0.2,0.1,-,1,0.6,0.3,1.1,1,0.9,0.2,0.7,0.5,0.3,0.9,0.3,0.6,0.4,0.1,0.8,-,0.1,0.4,-,-,-,-,15.4,0.5,0.9,11.3,2.7,1.3,0.4,0.9,0.1,0.1,-,-,-,-,-
2781,Benjamin Bouchouari,AS Saint-Étienne,Ligue1,23 years old (13-11-2001),"1,65m",Netherlands,Midfielder (Centre),Central Midfield,right,20(4),1708.0,1,-,5,-,86.8,0.3,1,6.4,"Jun 30, 2026",€5.00m,0.6,-,-,-,-,0.6,0.2,0.5,-,2.3,1.1,1.1,1.3,1.1,1.1,0.3,0.8,1.3,1.2,2.5,0.7,1.6,0.6,-,0.5,-,0.1,0.7,-,-,-,-,40.9,0.9,0.5,34.6,4.9,0.7,-,0.6,-,-,-,-,-,-,-
2782,Jaydee Canvot,FC Toulouse,Ligue1,18 years old (29-07-2006),"1,88m",,Defensive Midfielder (C),Centre-Back,right,9(6),836.0,-,-,2,-,86.1,0.8,-,6.39,"Jun 30, 2029",€2.50m,0.2,-,-,-,-,0.2,0.1,0.1,-,0.5,0.2,0.3,0.3,0.5,1.5,0.8,0.7,1.1,0.3,1.5,0.7,0.2,1,-,2.1,0.1,0.1,0.5,-,-,-,-,26.9,0.9,1.1,22.3,2.6,0.2,0.1,0.1,-,-,-,-,-,-,-
2783,Zinedine Ferhat,Angers SCO,Ligue1,32 years old (01-03-1993),"1,80m",Algeria,"Midfielder (Left, Right)",Right Winger,right,7(16),822.0,2,-,1,-,75.5,0.7,-,6.39,"Jun 30, 2025",€1.20m,0.5,0.1,-,-,0.1,0.5,0.3,0.3,-,0.9,0.5,0.4,0.9,0.7,1.5,0.7,0.8,0.4,0.4,0.8,0.4,0.6,0.5,0.1,0.5,-,-,0.4,-,-,-,-,16,0.8,0.6,11.3,3.3,0.7,0.2,0.4,-,-,-,-,-,-,-
2784,Jordan Amavi,Stade Brestois 29,Ligue1,31 years old (09-03-1994),"1,76m",France,"Defender (Left), Midfielder (Left)",Left-Back,left,8(3),794.0,-,-,2,-,73.7,1.5,-,6.39,"Jun 30, 2025",€2.00m,0.7,-,-,-,-,0.7,-,0.7,-,1.2,0.5,0.6,0.8,0.5,2,1.5,0.5,2.2,0.5,2.7,0.6,0.5,1.4,-,1.5,0.2,0.2,0.7,-,-,-,-,38.4,1.4,2.2,26.9,7.9,0.5,0.1,0.5,-,-,-,-,-,-,-
2785,Abdoulaye Bamba,Angers SCO,Ligue1,35 years old (25-04-1990),"1,82m",Ivory Coast,"Defender (Centre, Left, Right), Midfielder (Right)",Centre-Back,right,16(3),1511.0,-,-,2,-,89.6,0.6,-,6.38,"Jun 30, 2025",€350k,0.1,-,-,-,-,0.1,0.1,-,-,0.1,-,0.1,0.2,0.2,1.5,0.6,0.9,1.2,0.3,1.4,1,0.4,0.5,-,4,0.4,0.2,0.3,-,-,-,-,29.5,1.4,1.5,25.1,1.5,0.3,0.1,0.3,-,-,-,-,-,-,-
2786,Becir Omeragic,Montpellier HSC,Ligue1,23 years old (20-01-2002),"1,87m",Switzerland,"Defender (Centre), Defensive Midfielder (C)",Centre-Back,right,18(1),1533.0,-,-,1,-,92.5,0.8,-,6.38,"Jun 30, 2028",€5.00m,0.3,-,-,-,-,0.3,0.1,0.1,0.1,0.7,0.2,0.6,0.3,0.2,2.3,0.8,1.5,1.5,0.3,1.8,0.6,0.5,0.5,-,3.3,1,0.1,0.5,-,-,-,-,40.7,1.3,1.4,36.4,1.7,0.1,-,0.1,-,-,-,-,-,-,-
2787,Augustine Boakye,AS Saint-Étienne,Ligue1,24 years old (03-11-2000),"1,78m",Ghana,Attacking Midfielder (Right),Attacking Midfield,left,8(9),735.0,3,-,5,-,76.6,0.3,-,6.38,"Jun 30, 2028",€3.00m,1.4,0.2,-,0.1,0.1,1.4,0.6,0.7,0.1,1.4,0.6,0.8,1.1,1.5,1.1,0.3,0.8,0.4,0.5,0.9,0.4,0.4,1.1,0.2,0.2,-,-,0.3,-,-,-,-,14.6,0.2,0.4,10.9,3,0.8,-,0.8,-,-,-,-,-,-,-
2788,Florian Tardieu,AS Saint-Étienne,Ligue1,33 years old (22-04-1992),"1,81m",France,Defensive Midfielder (C),Central Midfield,right,10(11),981.0,-,3,-,-,86.6,0.7,-,6.38,"Jun 30, 2026",€700k,0.5,-,-,-,-,0.5,0.2,0.3,-,0.6,0.5,0.1,0.7,0.3,1.2,0.7,0.5,1,0.4,1.4,0.6,0.4,0.4,-,0.7,0.2,-,0.4,-,-,-,-,38,1.5,1.1,31.3,4,0.8,0.2,0.6,0.1,-,-,-,-,-,-
2789,Glen Kamara,Al Shabab,Ligue1,29 years old (28-10-1995),181cm,Finland,Midfielder (Centre),,,8(5),662.0,-,1,-,-,90.7,0.2,-,6.38,,,0.1,-,-,-,-,0.1,0.1,-,-,0.6,0.3,0.3,0.5,0.5,0.6,0.2,0.5,1.8,0.5,2.2,0.5,0.3,0.5,-,0.5,-,-,0.5,-,-,-,-,31.5,0.8,0.1,27.7,2.8,0.4,-,0.4,0.1,-,-,-,-,-,0.1
2790,Baptiste Santamaría,OGC Nice,Ligue1,30 years old (09-03-1995),"1,83m",France,Defensive Midfielder (C),Defensive Midfield,right,5(5),480.0,-,1,1,-,83.5,1.3,-,6.38,"Jun 30, 2025",€7.00m,0.4,-,-,-,-,0.4,0.1,0.2,0.1,0.5,0.4,0.1,1.2,0.5,2.6,1.3,1.3,1.1,0.5,1.6,1.2,0.7,0.5,-,0.7,0.4,-,0.6,-,-,-,-,30.3,1.7,0.9,23.6,4.1,0.4,-,0.4,0.1,-,-,-,-,-,0.1
2791,Ado Onaiwu,AJ Auxerre,Ligue1,29 years old (08-11-1995),"1,80m",Japan,Forward,Centre-Forward,right,8(20),853.0,4,1,1,1,75.3,1.3,-,6.38,"Jun 30, 2026",€1.80m,0.8,0.1,-,0.1,-,0.8,0.5,0.2,0.1,0.8,0.5,0.3,0.9,0.7,2.2,1.3,0.9,0.4,0.2,0.6,0.1,0.4,0.3,0.1,0.4,-,-,0.3,-,-,-,-,10.3,0.1,0.1,7.6,2.4,0.3,-,0.3,-,-,-,-,-,-,-
2792,Warren Kamanzi,FC Toulouse,Ligue1,24 years old (11-11-2000),"1,77m",Norway,"Defender (Right), Midfielder (Right)",Right-Back,right,8(13),787.0,-,1,3,-,82.8,0.2,-,6.38,"Jun 30, 2026",€2.00m,0.2,-,-,-,-,0.2,0.1,-,-,0.9,0.4,0.5,0.6,0.4,0.2,0.2,-,1.2,0.6,1.8,0.3,0.4,0.6,-,0.7,-,0.2,0.1,-,-,-,-,15.2,0.1,0.4,12.5,2.2,0.4,-,0.4,-,-,-,-,-,-,-
2793,Abakar Sylla,RC Strasbourg Alsace,Ligue1,22 years old (25-12-2002),"1,88m",Ivory Coast,Defender (Centre),Centre-Back,left,10(9),936.0,1,-,2,1,89.2,1.1,-,6.38,"Jun 30, 2028",€12.00m,0.3,0.1,-,0.1,-,0.3,0.2,-,0.1,0.3,0.2,0.2,0.3,0.2,2,1.1,0.9,1.4,0.1,1.5,0.6,0.4,0.9,-,3.2,0.5,-,0.4,-,-,-,-,33.6,0.6,1.6,29.4,2,-,-,-,-,-,-,-,-,-,-
2794,Marcus Coco,FC Nantes,Ligue1,28 years old (24-06-1996),"1,84m",France,"Defender (Right), Midfielder (Left, Right), Forward",Right-Back,right,10(9),952.0,-,1,3,2,83.2,0.9,1,6.37,"Jun 30, 2025",€1.50m,0.1,-,-,-,-,0.1,0.1,0.1,-,0.5,0.4,0.2,0.6,0.3,1.7,0.9,0.7,1.4,0.8,2.2,0.5,0.9,1.6,-,2.2,0.3,0.2,0.6,-,-,-,-,20.1,1.2,1.3,15.5,2.1,0.5,0.1,0.5,0.1,0.1,-,-,-,-,-
2795,Théo Sainte-Luce,Montpellier HSC,Ligue1,26 years old (20-10-1998),"1,76m",France,Defender (Left),Left-Back,left,10(5),928.0,1,-,3,-,75.1,1.2,-,6.37,"Jun 30, 2027",€800k,0.5,0.1,0.1,-,-,0.5,0.4,-,0.1,1.2,0.5,0.7,1.3,0.5,2.1,1.2,0.9,1.6,1,2.6,0.7,0.5,0.5,0.1,2.1,0.3,0.1,0.9,-,-,-,-,16.1,0.3,0.7,11.8,3.3,0.5,0.1,0.3,-,-,-,-,-,-,-
2796,Grégoire Coudert,Stade Brestois 29,Ligue1,26 years old (03-04-1999),"1,92m",France,Goalkeeper,Goalkeeper,left,2,180.0,-,-,-,-,77,-,-,6.37,"Jun 30, 2027",€400k,-,-,-,-,-,-,-,-,-,-,-,-,-,-,-,-,-,-,-,-,-,-,-,-,0.5,-,-,-,4.5,0.5,2,2,30.5,3.5,7,20,-,-,-,-,-,-,-,-,-,-,-
2797,Dylan Batubinsika,AS Saint-Étienne,Ligue1,29 years old (15-02-1996),"1,85m",France,Defender (Centre),Centre-Back,right,22(2),1972.0,-,-,3,1,91.8,1.8,-,6.37,"Jun 30, 2026",€1.50m,0.2,-,-,-,-,0.2,0.2,-,-,0.3,0.1,0.2,0.3,0.1,2.5,1.8,0.8,1,0.4,1.4,1.6,0.5,1,-,5.8,0.6,-,0.4,-,-,-,-,48.5,1.3,1.6,43.2,2.4,0.2,0.1,0.1,-,-,-,-,-,-,-
2798,André Ayew,Le Havre AC,Ligue1,35 years old (17-12-1989),"1,75m",Ghana,"Midfielder (Centre, Left, Right), Forward",Centre-Forward,left,13(11),1258.0,4,1,2,-,77.9,1.3,-,6.37,"Jun 30, 2025",€700k,0.8,0.2,0.1,0.1,-,0.8,0.5,0.1,0.2,0.5,0.3,0.2,1,1,3.8,1.3,2.5,0.7,0.2,0.9,0.1,1.1,0.7,0.2,0.8,0.1,-,0.3,-,-,-,-,8.5,-,-,6.6,1.8,0.3,-,0.3,-,-,-,-,-,-,-
2799,Ibrahim Salah,Stade Brestois 29,Ligue1,23 years old (30-08-2001),"1,86m",,"Attacking Midfielder (Left), Forward",Left Winger,right,4(8),355.0,1,1,-,-,74.3,0.1,1,6.36,"Jun 30, 2025",€4.00m,1.1,0.1,-,0.1,-,1.1,0.6,0.4,0.1,2.1,1.3,0.8,1,0.5,0.4,0.1,0.3,0.3,0.4,0.8,0.2,0.3,0.5,0.2,-,-,-,0.2,-,-,-,-,9.4,0.3,0.3,6.7,2.1,0.5,0.3,0.3,0.1,-,-,-,-,-,0.1
2800,Theo Bair,AJ Auxerre,Ligue1,25 years old (27-08-1999),"1,91m",,"Attacking Midfielder (Centre, Right), Forward",Centre-Forward,right,11(16),932.0,2,1,1,-,64,2,-,6.36,"Jun 30, 2028",€1.80m,1,0.1,-,0.1,-,1,0.7,0.1,0.1,0.3,0.2,0.1,0.7,0.3,3.7,2,1.7,0.1,0.1,0.2,0.1,0.2,0.7,0.3,0.4,0.1,-,0.1,-,-,-,-,7.5,-,0.1,4.8,2.6,0.4,-,0.4,-,-,-,-,-,-,-
2801,Youssoufa Moukoko,OGC Nice,Ligue1,20 years old (20-11-2004),"1,79m",Germany,Forward,Centre-Forward,left,2(9),202.0,2,1,-,-,81.4,0.2,1,6.36,"Jun 30, 2025",€10.00m,0.5,0.2,0.1,0.1,-,0.5,0.3,0.1,0.2,0.6,0.5,0.2,0.3,0.4,0.2,0.2,-,0.3,0.1,0.4,-,0.4,0.1,0.5,-,-,-,0.2,-,-,-,-,3.9,-,-,3.2,0.7,0.5,-,0.5,0.1,-,-,-,-,-,0.1
2802,Rassoul Ndiaye,Le Havre AC,Ligue1,23 years old (11-12-2001),"1,79m",France,Midfielder (Centre),Defensive Midfield,right,11(14),1054.0,1,-,2,-,78.5,0.6,-,6.36,"Jun 30, 2026",€2.50m,0.7,-,-,-,-,0.7,0.4,0.2,-,0.5,0.4,0.1,0.6,0.2,1.4,0.6,0.8,1.4,0.6,2,0.5,0.4,0.5,-,1,0.2,-,0.4,-,-,-,-,16,0.5,0.7,12,2.8,0.4,0.1,0.3,-,-,-,-,-,-,-
2803,Han-Noah Massengo,AJ Auxerre,Ligue1,23 years old (07-07-2001),"1,78m",France,Midfielder (Centre),Central Midfield,right,8(6),782.0,-,-,5,-,84.8,0.4,-,6.36,"Jun 30, 2025",€5.00m,0.4,-,-,-,-,0.4,0.1,0.2,0.1,1.9,1.3,0.6,0.7,0.7,1,0.4,0.6,0.9,0.1,1.1,1,1,1.1,-,0.6,0.2,-,0.4,-,-,-,-,23,0.7,0.9,18.8,2.6,0.2,0.1,0.1,-,-,-,-,-,-,-
2804,Plamedi Nsingi,FC Nantes,Ligue1,24 years old (17-12-2000),189cm,France,Forward,,,0(1),16.0,-,-,-,-,33.3,3,-,6.36,,,1,-,-,-,-,1,1,-,-,-,-,-,-,-,3,3,-,1,1,2,-,1,-,-,-,-,-,-,-,-,-,-,6,-,1,2,3,-,-,-,-,-,-,-,-,-,-
2805,Pedro Chirivella,FC Nantes,Ligue1,27 years old (23-05-1997),"1,78m",Spain,Defensive Midfielder (C),Defensive Midfield,right,25(2),2108.0,-,2,6,-,85,0.3,-,6.36,"Jun 30, 2026",€5.00m,0.2,-,-,-,-,0.2,0.1,0.1,-,0.2,0.1,0.1,0.4,0.3,0.9,0.3,0.6,1.3,0.8,2,0.6,0.5,0.8,-,1.4,0.1,0.1,0.7,-,-,-,-,50.3,4,3.3,38.7,4.2,0.6,0.2,0.3,0.1,-,-,-,-,-,0.1
2806,Issiaga Sylla,Montpellier HSC,Ligue1,31 years old (01-01-1994),"1,80m",Guinea,"Defender (Left, Right), Midfielder (Left)",Left-Back,left,15(4),1160.0,1,-,2,-,80.1,1.2,-,6.36,"Jun 30, 2025",€2.00m,0.6,0.1,-,0.1,-,0.6,0.3,0.2,0.1,0.8,0.3,0.5,0.9,0.4,2.3,1.2,1.1,1.4,0.7,2.1,0.5,0.3,0.7,0.2,1.7,0.2,0.1,0.5,-,-,-,-,23.8,1.2,0.9,17.9,3.8,0.4,0.1,0.3,-,-,-,-,-,-,-
2807,Jordan Teze,AS Monaco,Ligue1,25 years old (30-09-1999),"1,83m",Netherlands,"Defender (Centre, Right)",Right-Back,right,5(8),385.0,1,-,2,1,84.3,0.5,1,6.36,"Jun 30, 2029",€12.00m,0.3,0.1,0.1,-,-,0.3,0.2,-,0.1,0.7,0.4,0.3,0.5,0.2,0.9,0.5,0.5,1.2,0.6,1.8,0.2,0.2,0.8,0.1,0.6,0.1,-,0.8,-,-,-,-,14.2,0.3,0.2,11.7,2,0.6,-,0.6,-,-,-,-,-,-,-
2808,Nampalys Mendy,RC Lens,Ligue1,32 years old (23-06-1992),"1,68m",Senegal,Midfielder (Centre),Defensive Midfield,right,4(3),320.0,-,-,-,-,91.6,0.1,-,6.36,"Jun 30, 2025",€2.00m,0.1,-,-,-,-,0.1,-,0.1,-,0.3,0.3,-,0.7,0.9,0.3,0.1,0.1,1.3,0.9,2.1,0.6,1.4,1,-,0.4,0.3,-,0.6,-,-,-,-,23.7,1,1,20.7,1,-,-,-,-,-,-,-,-,-,-
2809,Amar Dedic,Olympique Marseille,Ligue1,22 years old (18-08-2002),"1,80m",Bosnia-Herzegovina,"Defender (Right), Midfielder (Right)",Right-Back,right,2(7),286.0,-,1,-,-,85.4,0.7,-,6.35,-,€15.00m,0.7,-,-,-,-,0.7,0.3,0.3,-,2,1,1,0.9,0.9,1.2,0.7,0.6,0.6,0.8,1.3,0.3,0.2,0.7,-,1,-,0.1,-,-,-,-,-,19.8,0.4,0.2,16.4,2.7,0.4,-,0.4,0.1,-,-,-,-,-,0.1
2810,Fodé Ballo-Touré,Le Havre AC,Ligue1,28 years old (03-01-1997),"1,82m",Senegal,"Defender (Left), Midfielder (Left)",Left-Back,left,6(1),390.0,-,-,-,-,90.7,0.6,-,6.35,"Jun 30, 2025",€1.50m,-,-,-,-,-,-,-,-,-,1.6,1.1,0.4,1,1.1,1.1,0.6,0.6,1,0.4,1.4,0.3,1.7,0.1,-,2.6,0.1,0.4,0.6,-,-,-,-,21.4,0.6,0.1,18.9,1.9,0.1,-,0.1,-,-,-,-,-,-,-
2811,Guillaume Restes,FC Toulouse,Ligue1,20 years old (11-03-2005),"1,88m",France,Goalkeeper,Goalkeeper,left,26,2275.0,-,-,-,-,70.2,0.1,-,6.35,"Jun 30, 2028",€20.00m,-,-,-,-,-,-,-,-,-,-,-,-,0.1,-,0.1,0.1,-,0.1,-,0.1,-,0.1,-,-,0.6,-,-,-,1.9,-,1.1,0.8,24.4,3.3,7.1,13.8,0.2,-,-,-,-,-,-,-,-,-,-
2812,Malcolm Jeng,Stade Reims,Ligue1,20 years old (09-03-2005),"1,90m",Sweden,Defender,Centre-Back,left,2(1),108.0,-,-,-,-,85.4,1.3,-,6.35,"Jun 30, 2029",€2.50m,-,-,-,-,-,-,-,-,-,-,-,-,-,-,2.7,1.3,1.3,-,-,-,1,-,0.3,-,3.3,-,-,0.3,-,-,-,-,13.7,0.3,1,11.3,1,-,-,-,-,-,-,-,-,-,-
2813,Assane Dioussé,AJ Auxerre,Ligue1,27 years old (20-09-1997),"1,75m",Senegal,Defensive Midfielder (C),Defensive Midfield,left,6(8),562.0,-,-,1,-,92,0.1,-,6.34,"Jun 30, 2026",€800k,0.2,-,-,-,-,0.2,-,0.2,-,0.4,0.2,0.1,0.4,0.2,0.2,0.1,0.1,1,0.5,1.5,0.7,0.8,1.1,-,0.9,0.1,0.1,0.2,-,-,-,-,20.6,1.9,0.4,17,1.2,0.1,0.1,0.1,-,-,-,-,-,-,-
2814,Hiroki Sekine,Stade Reims,Ligue1,22 years old (11-08-2002),"1,87m",Japan,Defender (Right),Right-Back,right,7(5),695.0,-,-,1,-,84.5,0.6,-,6.34,"Jun 30, 2029",€800k,0.3,-,-,-,-,0.3,0.2,0.2,-,0.8,0.3,0.4,1,0.8,1.4,0.6,0.8,0.6,0.8,1.3,0.4,0.3,0.3,-,3.4,0.5,0.3,0.6,-,-,-,-,28.4,1.3,1.6,22.7,2.8,0.2,-,0.2,-,-,-,-,-,-,-
2815,Steve Mandanda,Stade Rennais FC,Ligue1,40 years old (28-03-1985),"1,87m",France,Goalkeeper,Goalkeeper,right,17,1486.0,-,-,-,-,66.4,0.1,-,6.34,"Jun 30, 2025",€700k,-,-,-,-,-,-,-,-,-,0.1,-,0.1,0.1,0.1,0.1,0.1,-,-,0.1,0.1,-,0.1,-,-,0.5,-,-,-,1.8,0.1,1.1,0.6,25.4,4.8,8.3,12.1,0.2,0.1,0.1,-,-,-,-,-,-,-,-
2816,Ibrahim Mbaye,Paris Saint-Germain,Ligue1,17 years old (24-01-2008),-,France,Forward,Right Winger,right,2(5),157.0,1,-,-,-,88.5,0.3,-,6.34,"Jun 30, 2027",€2.00m,0.7,0.1,-,0.1,-,0.7,0.7,-,-,1.3,1,0.3,0.7,1.3,0.4,0.3,0.1,0.1,0.6,0.7,0.3,0.3,0.7,-,0.3,-,-,0.1,-,-,-,-,12.4,0.1,-,10.9,1.4,0.3,-,0.3,-,-,-,-,-,-,-
2817,John Patrick,Stade Reims,Ligue1,21 years old (24-09-2003),"1,92m",Spain,Defensive Midfielder (C),Central Midfield,right,5(5),485.0,-,-,-,-,73.7,1,-,6.34,"Jun 30, 2029",€1.00m,0.3,-,-,-,-,0.3,0.1,0.2,-,1.4,0.9,0.5,0.5,0.7,2.4,1,1.4,1.7,1.2,2.9,0.6,1,1.1,-,0.7,0.2,0.2,0.7,-,-,-,-,17.5,0.5,1.3,12.4,3.3,0.1,-,0.1,-,-,-,-,-,-,-
2818,George Ilenikhena,AS Monaco,Ligue1,18 years old (16-08-2006),"1,85m",France,Forward,Centre-Forward,left,5(17),634.0,3,2,-,-,72.2,0.6,-,6.34,"Jun 30, 2029",€15.00m,0.9,0.1,-,-,-,0.9,0.5,0.2,0.2,0.7,0.6,0.1,0.5,0.6,1.4,0.6,0.8,-,-,0.1,0.1,0.4,0.6,0.4,-,-,-,-,-,-,-,-,4.9,0.1,-,3.5,1.4,0.4,-,0.4,0.1,-,-,-,-,-,0.1
2819,Joris Chotard,Montpellier HSC,Ligue1,23 years old (24-09-2001),"1,79m",France,Defensive Midfielder (C),Defensive Midfield,right,21(2),1690.0,1,-,5,-,84.5,0.7,-,6.34,"Jun 30, 2026",€7.00m,0.7,-,-,-,-,0.7,0.2,0.5,-,0.7,0.3,0.3,0.5,0.4,1.2,0.7,0.4,1.5,1.1,2.6,0.8,0.4,0.7,-,2.3,0.4,0.1,0.8,-,-,-,-,30.2,2.3,1.5,23.2,3.2,0.2,-,0.2,-,-,-,-,-,-,-
2820,Kjetil Haug,FC Toulouse,Ligue1,26 years old (12-06-1998),"1,87m",Norway,Goalkeeper,Goalkeeper,right,5(1),497.0,-,-,-,-,59,-,-,6.34,"Jun 30, 2026",€600k,-,-,-,-,-,-,-,-,-,-,-,-,-,-,-,-,-,-,-,-,-,-,-,-,0.8,-,-,-,1.5,0.3,0.7,0.5,19.5,3.8,7.8,7.7,0.2,-,-,-,-,-,-,-,-,-,-
2821,Mathieu Cafaro,Paris FC,Ligue1,28 years old (25-03-1997),178cm,France,"Attacking Midfielder (Centre, Left, Right)",,,9(6),733.0,1,-,3,1,75.2,0.2,-,6.33,,,1.5,0.1,-,0.1,-,1.5,0.8,0.7,0.1,1.1,0.7,0.5,1.1,0.7,0.5,0.2,0.3,0.7,0.7,1.4,0.5,0.9,0.7,0.2,0.1,0.1,0.1,0.4,-,-,-,-,13.7,0.1,0.5,10.2,2.9,0.9,0.1,0.8,-,-,-,-,-,-,-
2822,Hianga'a Mbock,Red Star,Ligue1,25 years old (28-12-1999),186cm,France,Defensive Midfielder (C),,,0(1),20.0,-,-,-,-,82.4,1,-,6.33,,,1,-,-,-,-,1,-,1,-,-,-,-,-,-,1,1,-,-,-,-,1,-,1,-,-,-,-,-,-,-,-,-,17,-,1,14,2,-,-,-,-,-,-,-,-,-,-
2823,Robinio Vaz,Olympique Marseille,Ligue1,18 years old (17-02-2007),185cm,,Forward,,,0(2),74.0,-,-,-,-,28.6,1.5,-,6.33,,,1,-,-,-,-,1,0.5,-,0.5,0.5,0.5,-,0.5,0.5,2.5,1.5,1,0.5,1,1.5,-,2,0.5,-,1,-,-,-,-,-,-,-,3.5,-,-,1,2.5,-,-,-,-,-,-,-,-,-,-
2824,Tanguy Coulibaly,Montpellier HSC,Ligue1,24 years old (18-02-2001),"1,79m",France,"Midfielder (Centre, Left, Right), Forward",Right Winger,left,14(8),1242.0,2,-,2,2,80.5,1,-,6.33,"Jun 30, 2026",€1.80m,1.2,0.1,0.1,-,-,1.2,0.7,0.3,0.2,2.3,1,1.2,2,1.2,1.9,1,0.9,1.3,0.7,2,0.5,0.7,1.6,0.1,-,-,-,0.7,-,-,-,-,13.3,0.1,0.1,10.6,2.5,0.7,-,0.7,-,-,-,-,-,-,-
2825,Mohamed Meïté,Stade Rennais FC,Ligue1,17 years old (11-10-2007),-,,Forward,Centre-Forward,right,4(6),446.0,2,-,-,-,68.4,1.2,-,6.33,"Jun 30, 2028",€600k,1.2,0.2,0.1,0.1,-,1.2,0.9,0.1,0.2,1,0.9,0.1,1.7,1.3,2.2,1.2,1,0.1,-,0.1,-,0.6,1.3,0.3,0.4,-,-,0.1,-,-,-,-,7.6,0.2,-,5,2.4,0.5,-,0.5,-,-,-,-,-,-,-
2826,Khalil Fayad,Montpellier HSC,Ligue1,20 years old (09-06-2004),"1,72m",France,"Midfielder (Centre, Left)",Central Midfield,right,8(10),846.0,-,-,4,-,86.7,0.4,-,6.32,"Jun 30, 2027",€4.00m,0.7,-,-,-,-,0.7,0.3,0.4,-,1.6,0.8,0.8,0.9,0.6,0.8,0.4,0.3,1.7,0.6,2.2,0.4,1.3,1,-,0.7,0.1,0.2,0.8,-,-,-,-,24.7,1.7,0.6,19.8,2.7,0.3,0.1,0.2,-,-,-,-,-,-,-
2827,Henrik Meister,Pisa,Ligue1,21 years old (13-11-2003),192cm,Denmark,Forward,,,0(4),59.0,1,-,-,-,78.6,0.5,-,6.32,,,0.5,0.3,-,0.3,-,0.5,0.5,-,-,-,-,-,1.8,0.5,1.3,0.5,0.8,0.5,-,0.5,0.3,0.3,0.8,-,-,-,-,1,-,-,-,-,3.5,-,-,2.8,0.8,0.5,-,0.5,-,-,-,-,-,-,-
2828,Wesley Saïd,RC Lens,Ligue1,30 years old (19-04-1995),"1,71m",France,"Attacking Midfielder (Centre, Left, Right), Forward",Centre-Forward,right,11(11),894.0,3,-,3,-,80.7,0.5,1,6.32,"Jun 30, 2026",€3.50m,0.8,0.1,-,0.1,-,0.8,0.6,-,0.1,0.9,0.5,0.4,0.8,0.4,1.2,0.5,0.8,0.7,0.3,1,0.1,0.2,1,0.3,0.1,-,-,0.3,-,-,-,-,10.6,0.1,0.2,8.5,1.8,0.4,-,0.4,-,-,-,-,-,-,-
2829,Ismaël Koné,Stade Rennais FC,Ligue1,22 years old (16-06-2002),"1,88m",Canada,Midfielder (Centre),Central Midfield,right,3(5),361.0,-,-,-,-,87.6,0.3,-,6.32,"Jun 30, 2025",€10.00m,0.5,-,-,-,-,0.5,0.1,0.4,-,1,0.8,0.3,0.5,0.8,0.9,0.3,0.6,1,0.1,1.1,0.5,1.4,0.5,0.1,0.1,0.1,0.1,0.4,-,-,-,-,22.1,0.5,0.3,18.9,2.5,0.5,0.3,0.3,-,-,-,-,-,-,-
2830,Oussama Targhalline,Feyenoord,Ligue1,22 years old (20-05-2002),186cm,France,Midfielder (Centre),,,12(2),995.0,-,-,-,-,83.1,0.6,-,6.32,,,0.4,-,-,-,-,0.4,0.1,0.3,-,0.9,0.6,0.4,1.2,1.5,1,0.6,0.4,1.4,0.5,1.9,1.4,0.7,0.8,0.3,0.9,0.5,0.1,0.5,-,-,-,-,29.6,1.3,1.3,23.3,3.7,0.5,0.1,0.4,-,-,-,-,-,-,-
2831,Frank Magri,FC Toulouse,Ligue1,25 years old (04-09-1999),"1,78m",France,"Attacking Midfielder (Centre), Forward",Centre-Forward,right,14(14),1285.0,5,-,5,1,72.4,1.3,-,6.32,"Jun 30, 2026",€2.50m,1.5,0.2,-,0.1,-,1.5,1.2,0.1,0.1,0.6,0.5,0.1,1.2,0.9,3.9,1.3,2.6,0.2,0.2,0.4,0.1,0.9,0.8,0.1,0.3,-,-,0.5,-,-,-,-,7.5,-,0.2,5.4,1.9,0.2,-,0.2,-,-,-,-,-,-,-
2832,Niklas Schmidt,FC Toulouse,Ligue1,27 years old (01-03-1998),"1,84m",Germany,"Midfielder (Centre), Forward",Central Midfield,both,2(7),200.0,-,1,-,-,83.5,0.1,-,6.32,"Jun 30, 2027",€2.00m,0.3,-,-,-,-,0.3,0.1,0.2,-,0.1,0.1,-,-,0.2,0.2,0.1,0.1,0.7,0.3,1,0.1,0.1,0.6,-,0.3,-,0.1,-,-,-,-,-,18.2,1.3,0.8,13.9,2.2,0.6,0.3,0.2,0.1,-,-,-,-,-,0.1
2833,Ibrahim Sissoko,AS Saint-Étienne,Ligue1,29 years old (27-11-1995),"1,92m",Mali,Forward,Centre-Forward,right,8(10),810.0,3,1,1,-,67.3,1.6,-,6.31,"Jun 30, 2026",€2.00m,1.2,0.2,0.1,0.1,-,1.2,0.8,0.2,0.2,0.6,0.4,0.2,1.8,0.7,4.1,1.6,2.5,0.6,0.2,0.8,0.1,1.2,2,0.5,0.7,0.1,-,0.4,-,-,-,-,9.2,0.2,0.2,5.9,2.8,0.4,-,0.4,0.1,-,-,-,-,-,0.1
2834,Nicolas Pays,Montpellier HSC,Ligue1,21 years old (07-07-2003),"1,77m",,Forward,Attacking Midfield,left,4(5),447.0,-,-,-,-,82.9,0.6,-,6.31,-,€700k,1.2,-,-,-,-,1.2,0.7,0.4,0.1,2.9,1.8,1.1,0.9,1.4,1,0.6,0.4,1.4,0.4,1.9,0.4,0.7,0.2,-,0.2,-,-,0.1,-,-,-,-,17.6,0.2,0.2,14.3,2.8,0.3,0.2,0.1,-,-,-,-,-,-,-
2835,Yunis Abdelhamid,AS Saint-Étienne,Ligue1,37 years old (28-09-1987),"1,90m",Morocco,Defender (Centre),Centre-Back,left,11(4),1026.0,-,-,2,-,86.9,1.3,-,6.31,"Jun 30, 2025",€500k,0.1,-,-,-,-,0.1,0.1,-,0.1,0.5,0.3,0.2,0.5,0.2,2,1.3,0.7,1.1,0.4,1.5,0.9,0.4,1.1,-,3.9,1.2,0.1,0.5,-,-,-,-,33.2,0.7,1.8,28.2,2.5,0.1,-,0.1,-,-,-,-,-,-,-
2836,Bilal Nadir,Olympique Marseille,Ligue1,21 years old (28-11-2003),"1,79m",France,Attacking Midfielder (Centre),Central Midfield,left,5(9),356.0,1,-,2,-,88.7,0.3,-,6.31,"Jun 30, 2026",€5.00m,0.6,0.1,-,0.1,-,0.6,0.4,0.2,-,0.6,0.4,0.3,0.5,0.6,0.4,0.3,0.1,0.7,0.1,0.9,0.1,0.8,0.3,-,0.5,0.1,-,0.4,-,-,-,-,15.9,0.1,0.1,13.9,1.7,0.4,-,0.4,-,-,-,-,-,-,-
2837,Yassin Belkhdim,Angers SCO,Ligue1,23 years old (14-02-2002),"1,75m",France,Midfielder (Centre),Central Midfield,right,14(13),1341.0,1,-,3,-,83.2,0.2,-,6.31,"Jun 30, 2027",€800k,0.3,-,-,-,-,0.3,0.2,-,-,0.5,0.4,0.1,1,0.5,0.7,0.2,0.5,1.9,1,2.9,0.7,0.6,0.9,-,1.2,0.2,-,0.6,-,-,-,-,15.9,0.4,0.5,12.8,2.1,0.1,-,0.1,-,-,-,-,-,-,-
2838,Paul Joly,AJ Auxerre,Ligue1,24 years old (07-06-2000),"1,82m",France,Defender (Right),Right-Back,right,8(15),828.0,-,1,3,1,72,0.6,1,6.31,"Jun 30, 2027",€2.00m,0.4,-,-,-,-,0.4,0.3,0.1,-,1,0.8,0.3,0.9,0.4,0.9,0.6,0.3,1.9,0.7,2.6,1,1,0.3,-,1.3,-,-,0.6,-,-,-,-,17.2,1.2,1.6,11.2,3.3,0.6,0.1,0.5,-,-,-,-,-,-,-
2839,Jim Allevinah,Angers SCO,Ligue1,30 years old (27-02-1995),"1,72m",Gabon,"Midfielder (Centre, Left, Right)",Right Winger,right,22(4),1624.0,-,3,3,-,79.6,0.4,-,6.31,"Jun 30, 2027",€1.80m,1.3,-,-,-,-,1.3,1,0.2,0.1,1.7,1.2,0.5,1.3,1.1,1.2,0.4,0.7,0.6,0.7,1.3,0.4,0.9,0.6,0.3,0.5,-,0.1,0.3,-,-,-,-,15.7,0.2,0.3,12.3,2.9,0.5,-,0.5,0.1,-,-,-,-,-,0.1
2840,Eliot Matazo,Hull,Ligue1,23 years old (15-02-2002),170cm,Belgium,Defensive Midfielder (C),,,1(2),68.0,-,-,-,-,85,0.3,-,6.31,,,-,-,-,-,-,-,-,-,-,1,1,-,1,-,0.3,0.3,-,1,-,1,0.3,0.7,-,-,0.7,-,-,-,-,-,-,-,13.3,0.3,-,11,2,0.3,-,0.3,-,-,-,-,-,-,-
2841,Étienne Youté,Le Havre AC,Ligue1,23 years old (14-01-2002),"1,96m",France,Defender (Centre),Centre-Back,right,23(2),2050.0,-,-,4,1,89.1,1,-,6.3,"Jun 30, 2026",€8.00m,0.5,-,-,-,-,0.5,0.1,0.2,0.2,0.1,-,0.1,0.2,-,1.7,1,0.7,0.7,0.2,1,1,0.2,0.6,-,5.7,0.8,0.2,0.5,-,-,-,-,43,2.2,2.7,36.1,2,0.1,-,0.1,-,-,-,-,-,-,-
2842,Francis Coquelin,FC Nantes,Ligue1,33 years old (13-05-1991),"1,77m",France,"Midfielder (Centre, Left, Right)",Defensive Midfield,right,1(2),67.0,-,1,-,-,95.5,0.3,-,6.3,"Jun 30, 2025",€1.00m,0.7,-,-,-,-,0.7,-,0.3,0.3,-,-,-,0.7,-,0.3,0.3,-,1,0.3,1.3,1,-,-,-,0.7,0.3,-,-,-,-,-,-,7.3,0.3,-,6.7,0.3,0.7,-,0.7,0.3,-,-,-,-,-,0.3
2843,Edimilson Fernandes,Stade Brestois 29,Ligue1,29 years old (15-04-1996),"1,87m",Switzerland,"Defender (Centre, Right), Midfielder (Centre, Right)",Defensive Midfield,right,10(7),923.0,-,1,1,-,86.7,0.6,-,6.3,"Jun 30, 2025",€3.50m,0.5,-,-,-,-,0.5,0.2,0.3,-,0.2,0.1,0.1,0.9,0.5,1.1,0.6,0.5,0.5,0.2,0.7,1,0.4,0.4,-,1.6,0.3,-,0.5,-,-,-,-,26.9,1.4,1.3,21.9,2.3,0.4,0.1,0.3,0.1,-,-,-,-,-,0.1
2844,Shavy Babicka,FC Toulouse,Ligue1,24 years old (01-06-2000),"1,79m",Gabon,"Attacking Midfielder (Centre), Forward",Right Winger,right,11(18),1176.0,4,2,2,-,74.5,0.2,-,6.3,"Jun 30, 2027",€3.00m,0.7,0.1,0.1,-,-,0.7,0.5,0.1,0.1,1.3,0.9,0.4,0.9,0.6,0.9,0.2,0.6,0.7,0.4,1.1,0.1,0.7,0.5,0.2,0.1,-,-,0.5,-,-,-,-,8.2,0.1,0.1,6.1,2,0.4,-,0.4,0.1,-,-,-,-,-,-
2845,Andrés Gómez,Stade Rennais FC,Ligue1,22 years old (12-09-2002),"1,71m",Colombia,Attacking Midfielder (Right),Right Winger,right,2(13),343.0,2,-,1,-,86.7,0.1,1,6.3,"Jun 30, 2029",€5.00m,0.5,0.1,-,0.1,-,0.5,0.3,0.2,-,1.4,0.9,0.5,0.7,0.4,0.5,0.1,0.3,0.5,0.4,0.9,0.1,0.1,0.7,0.1,0.1,-,-,0.4,-,-,-,-,6,-,0.1,5.2,0.7,0.3,-,0.3,-,-,-,-,-,-,-
2846,Thibault De Smet,Paris FC,Ligue1,26 years old (05-06-1998),183cm,Belgium,"Defender (Left), Midfielder (Left)",,,2(3),190.0,-,-,-,-,91.2,0.2,-,6.29,,,0.2,-,-,-,-,0.2,0.2,-,-,0.2,0.2,-,0.4,-,0.4,0.2,0.2,1.2,-,1.2,0.8,0.4,0.2,-,2.4,0.6,-,0.4,-,-,-,-,22.8,1,0.8,19.8,1.2,-,-,-,-,-,-,-,-,-,-
2847,Mamadou Coulibaly,AS Monaco,Ligue1,21 years old (21-04-2004),180cm,France,Midfielder,,,0(1),7.0,-,-,-,-,75,-,-,6.29,,,1,-,-,-,-,1,-,1,-,2,1,1,1,-,1,-,1,1,-,1,-,1,1,-,-,-,-,-,-,-,-,-,4,-,-,3,1,-,-,-,-,-,-,-,-,-,-
2848,Théo Pellenard,Laval,Ligue1,31 years old (04-03-1994),184cm,France,Defender (Left),,,0(2),43.0,-,-,-,-,81.8,-,-,6.29,,,-,-,-,-,-,-,-,-,-,-,-,-,0.5,-,-,-,-,1.5,1,2.5,-,0.5,2,-,1.5,-,-,0.5,-,-,-,-,5.5,-,-,4.5,1,-,-,-,-,-,-,-,-,-,-
2849,Yaël Nandjou,OGC Nice,Ligue1,19 years old (06-07-2005),"1,85m",France,Defender,Left-Back,left,2(1),155.0,-,-,-,-,75.5,1,-,6.29,"Jun 30, 2025",€150k,0.3,-,-,-,-,0.3,0.3,-,-,0.3,-,0.3,0.3,-,1.7,1,0.7,1.3,1.3,2.7,1.3,0.7,2,-,2.3,0.3,-,1,-,-,-,-,16.3,-,2,12.3,2,0.7,-,0.7,-,-,-,-,-,-,-
2850,Fredrik Oppegård,AJ Auxerre,Ligue1,22 years old (07-08-2002),"1,75m",Norway,Defender (Left),Left-Back,left,1(6),169.0,-,-,-,-,85.9,0.3,-,6.29,"Jun 30, 2028",€600k,0.4,-,-,-,-,0.4,0.1,0.3,-,0.1,0.1,-,0.3,-,1,0.3,0.7,0.6,0.6,1.1,0.1,0.4,0.3,0.1,0.9,0.1,0.1,0.1,-,-,-,-,13.1,0.1,0.4,11.1,1.4,0.3,-,0.3,-,-,-,-,-,-,-
2851,Yael Mouanga,Montpellier HSC,Ligue1,19 years old (23-07-2005),183cm,,Defender (Centre),,,7(4),736.0,-,-,3,-,87.1,1.2,-,6.28,,,0.1,-,-,-,-,0.1,-,-,0.1,0.5,-,0.5,0.4,0.3,2.2,1.2,1,0.7,0.2,0.9,0.6,0.5,0.8,0.1,3.5,0.6,0.2,0.3,-,-,-,-,33.8,1.5,2.2,28,2.2,0.2,-,0.2,-,-,-,-,-,-,-
2852,Denis Genreau,Deportivo La Coruna,Ligue1,25 years old (21-05-1999),175cm,Australia,Attacking Midfielder (Centre),,,2(6),220.0,-,-,-,-,87.6,0.3,-,6.28,,,0.8,-,-,-,-,0.8,0.3,0.4,0.1,0.4,0.3,0.1,0.6,0.5,0.6,0.3,0.4,0.9,0.5,1.4,0.4,0.6,0.9,-,0.5,-,-,0.4,-,-,-,-,14.1,0.4,0.4,12,1.4,0.6,0.3,0.4,-,-,-,-,-,-,-
2853,Herba Guirassy,FC Nantes,Ligue1,18 years old (29-08-2006),"1,86m",,Forward,Left Winger,,2(15),333.0,2,-,-,-,75.2,0.4,-,6.27,"Jun 30, 2028",€1.00m,0.4,0.1,-,0.1,-,0.4,0.3,0.1,0.1,1.5,0.9,0.5,0.5,0.8,0.9,0.4,0.6,0.7,0.4,1.1,0.1,0.1,0.2,-,0.2,-,-,0.6,-,-,-,-,6.4,0.1,0.2,4.7,1.4,0.1,-,0.1,-,-,-,-,-,-,-
2854,Krépin Diatta,AS Monaco,Ligue1,26 years old (25-02-1999),"1,75m",Senegal,"Defender (Left, Right), Midfielder (Centre, Left, Right), Forward",Right Winger,right,2(14),418.0,-,-,1,-,78.2,0.8,-,6.27,"Jun 30, 2025",€10.00m,0.1,-,-,-,-,0.1,0.1,-,-,0.4,0.1,0.4,0.5,0.1,1.4,0.8,0.6,1.1,0.6,1.6,0.4,0.3,0.7,0.1,0.7,0.1,-,0.3,-,-,-,-,13.8,0.4,0.7,10.3,2.3,0.2,0.1,0.1,-,-,-,-,-,-,-
2855,Meschack Elia,FC Nantes,Ligue1,27 years old (06-08-1997),"1,73m",DR Congo,"Attacking Midfielder (Right), Forward",Centre-Forward,right,1(7),165.0,1,-,-,-,71.7,0.3,-,6.27,"Jun 30, 2025",€5.00m,0.6,0.1,0.1,-,-,0.6,0.1,0.3,0.3,1.4,1.1,0.3,0.9,0.3,0.6,0.3,0.4,0.9,-,0.9,-,0.3,0.9,-,0.3,-,-,0.4,-,-,-,-,5.8,-,0.4,4.1,1.3,0.4,-,0.4,-,-,-,-,-,-,-
2856,Ethan Mbappé,LOSC Lille,Ligue1,18 years old (29-12-2006),"1,80m",France,Midfielder,Central Midfield,left,1(9),216.0,-,-,3,-,79.2,0.1,-,6.26,"Jun 30, 2027",€5.00m,1.1,-,-,-,-,1.1,0.6,0.5,-,0.8,0.5,0.3,0.9,0.5,0.3,0.1,0.2,0.6,0.4,1,0.1,0.1,0.5,0.1,-,-,-,0.6,-,-,-,-,12.5,0.3,-,9.6,2.6,0.6,0.3,0.3,-,-,-,-,-,-,-
2857,Teddy Teuma,Stade Reims,Ligue1,31 years old (30-09-1993),"1,76m",Malta,Attacking Midfielder (Centre),Central Midfield,left,9(8),749.0,1,-,1,-,84.5,0.2,-,6.26,"Jun 30, 2027",€4.00m,0.8,0.1,-,0.1,-,0.8,0.3,0.5,-,0.7,0.5,0.2,0.6,0.6,0.7,0.2,0.5,1.1,1.1,2.1,0.7,0.4,0.6,0.1,0.4,0.1,0.1,0.6,-,-,-,-,33.3,1.8,0.9,26.4,4.2,0.8,0.2,0.5,-,-,-,-,-,-,-
2858,Ibrahima Niane,Angers SCO,Ligue1,26 years old (11-03-1999),"1,87m",Senegal,"Attacking Midfielder (Left), Forward",Centre-Forward,right,8(16),936.0,3,1,-,-,69.4,1.1,-,6.26,"Jun 30, 2025",€1.50m,1.3,0.1,-,0.1,-,1.3,0.7,0.3,0.3,0.8,0.5,0.3,1.5,0.7,2.7,1.1,1.5,0.3,-,0.3,0.1,1.3,0.6,0.4,0.3,-,-,0.2,-,-,-,-,7.8,0.2,0.2,5.2,2.2,0.4,-,0.4,-,-,-,-,-,-,-
2859,Amidou Doumbouya,OGC Nice,Ligue1,17 years old (05-08-2007),"1,82m",,Defender,Centre-Back,left,0(2),44.0,-,-,-,-,81.8,-,-,6.26,"Jun 30, 2026",€300k,-,-,-,-,-,-,-,-,-,0.5,-,0.5,-,0.5,-,-,-,0.5,-,0.5,0.5,-,-,-,-,0.5,0.5,1,-,-,-,-,11,-,-,9,2,-,-,-,-,-,-,-,-,-,-
2860,Jota,Celtic,Ligue1,26 years old (30-03-1999),175cm,Portugal,"Attacking Midfielder (Left, Right)",,,3(6),332.0,1,-,-,-,80.4,0.1,-,6.26,,,0.4,0.1,0.1,-,-,0.4,0.2,-,0.2,1.4,1,0.4,0.8,0.2,0.2,0.1,0.1,0.6,0.3,0.9,0.3,0.2,0.3,0.3,0.2,-,-,0.1,-,-,-,-,12.4,0.3,0.2,9.7,2.2,0.6,-,0.6,-,-,-,-,-,-,-
2861,Emmanuel Sabbi,Vancouver Whitecaps,Ligue1,27 years old (24-12-1997),178cm,USA,"Attacking Midfielder (Centre, Left, Right), Forward",,,7(8),651.0,-,-,1,-,78.6,0.6,-,6.26,,,1,-,-,-,-,1,0.6,0.2,0.2,1.9,1.2,0.7,1.3,0.7,1.5,0.6,0.9,0.9,0.2,1.1,0.2,1.1,0.7,0.1,0.3,-,-,0.1,-,-,-,-,7.5,0.3,0.1,5.5,1.5,0.3,-,0.3,-,-,-,-,-,-,-
2862,Kassoum Ouattara,AS Monaco,Ligue1,20 years old (14-10-2004),"1,76m",France,"Defender (Left), Midfielder (Left)",Left-Back,left,5(7),391.0,-,1,2,-,80,0.3,-,6.26,"Jun 30, 2028",€8.00m,0.2,-,-,-,-,0.2,0.1,0.1,-,1.3,0.8,0.4,1,0.6,1,0.3,0.7,0.8,0.8,1.6,0.4,0.2,0.8,-,0.2,-,-,0.5,-,-,-,-,12.9,0.4,0.6,9.9,2,0.5,-,0.5,0.1,-,-,-,-,-,0.1
2863,Mohamed Bayo,Royal Antwerp,Ligue1,26 years old (04-06-1998),188cm,Guinea,Forward,,,4(8),306.0,2,1,1,-,70.7,0.3,-,6.26,,,0.8,0.2,-,0.2,-,0.8,0.8,-,-,0.3,0.2,0.2,1.1,0.4,0.7,0.3,0.3,0.1,-,0.1,-,0.2,0.5,-,0.3,-,-,-,-,-,-,-,4.8,-,-,3.4,1.4,0.3,-,0.3,0.1,-,-,-,-,-,0.1
2864,Abdoul Ouattara,RC Strasbourg Alsace,Ligue1,19 years old (22-10-2005),"1,80m",France,Midfielder,Right Winger,,3(12),424.0,1,1,1,-,87.2,0.2,-,6.26,"Jun 30, 2029",€800k,0.3,0.1,-,0.1,-,0.3,0.2,0.1,-,0.3,0.1,0.1,0.4,0.3,0.6,0.2,0.4,0.4,0.1,0.5,0.5,0.1,0.3,0.1,0.6,-,0.1,0.6,-,-,-,-,11.5,0.3,-,9.7,1.5,0.2,-,0.2,0.1,-,-,-,-,-,0.1
2865,Aïmen Moueffek,AS Saint-Étienne,Ligue1,24 years old (09-04-2001),"1,79m",France,Defensive Midfielder (C),Central Midfield,right,10(9),869.0,-,1,2,-,85.9,0.5,-,6.26,"Jun 30, 2028",€2.50m,0.4,-,-,-,-,0.4,0.3,0.1,-,0.9,0.5,0.4,1.5,0.4,1.3,0.5,0.8,1,0.6,1.6,0.2,0.3,1,0.2,1.2,0.3,0.1,0.5,-,-,-,-,16.4,0.2,0.4,13.9,1.9,0.5,-,0.5,0.1,-,-,-,-,-,0.1
2866,Abdoul Koné,Stade Reims,Ligue1,20 years old (22-04-2005),"1,92m",France,Defender,Centre-Back,right,1(3),130.0,-,-,-,-,66.7,0.5,-,6.25,"Jun 30, 2027",€500k,-,-,-,-,-,-,-,-,-,0.5,0.3,0.3,1.3,0.3,0.5,0.5,-,1.3,0.5,1.8,0.3,0.8,0.8,-,1.3,0.3,-,0.3,-,-,-,-,12,0.5,1.3,7.5,2.8,-,-,-,-,-,-,-,-,-,-
2867,Presnel Kimpembe,Paris Saint-Germain,Ligue1,29 years old (13-08-1995),"1,83m",France,Defender (Centre),Centre-Back,left,0(2),21.0,-,-,-,-,100,-,-,6.25,"Jun 30, 2026",€8.00m,-,-,-,-,-,-,-,-,-,-,-,-,-,-,-,-,-,0.5,-,0.5,-,0.5,-,-,0.5,1,-,-,-,-,-,-,9,1,-,8,-,-,-,-,-,-,-,-,-,-,-
2868,Saïdou Sow,FC Nantes,Ligue1,22 years old (04-07-2002),"1,87m",Guinea,Defender (Centre),Centre-Back,right,11(1),1019.0,-,1,2,-,90.9,1.3,-,6.25,"Jun 30, 2025",€6.00m,0.3,-,-,-,-,0.3,0.3,-,0.1,0.2,0.1,0.1,0.3,0.3,2.6,1.3,1.3,0.8,0.5,1.3,1.3,0.4,0.6,0.1,2.9,0.8,0.2,0.5,-,-,-,-,52.9,1.1,2.4,47,2.4,0.2,-,0.2,0.1,-,-,-,-,-,0.1
2869,Pierrick Capelle,Angers SCO,Ligue1,38 years old (15-04-1987),"1,81m",France,"Defender (Left), Midfielder (Centre, Left, Right)",Central Midfield,left,3(13),476.0,-,-,4,-,82.8,0.2,-,6.24,"Jun 30, 2025",€200k,0.4,-,-,-,-,0.4,0.1,0.3,-,0.8,0.3,0.5,0.9,0.4,0.5,0.2,0.3,1.5,0.6,2.1,0.7,0.2,0.8,0.1,0.3,0.1,-,0.2,-,-,-,-,13.8,0.5,0.6,10.9,1.8,0.3,-,0.3,-,-,-,-,-,-,-
2870,Yvann Maçon,AS Saint-Étienne,Ligue1,26 years old (01-10-1998),"1,76m",France,"Defender (Left, Right), Midfielder (Right)",Right-Back,right,10(1),795.0,-,-,4,-,78.2,0.3,-,6.24,"Jun 30, 2025",€2.00m,0.9,-,-,-,-,0.9,0.5,0.5,-,2.2,1.3,0.9,1.3,0.4,1.5,0.3,1.2,2,1,3,0.2,0.7,2.3,0.1,0.8,0.5,0.1,0.9,-,-,-,-,32.1,1.9,2.1,23.2,4.9,0.5,-,0.5,-,-,-,-,-,-,-
2871,Jonas Martin,Stade Brestois 29,Ligue1,35 years old (09-04-1990),"1,84m",France,"Midfielder (Centre, Left)",Defensive Midfield,right,5(10),479.0,1,-,2,-,89,0.3,-,6.24,"Jun 30, 2025",€800k,0.2,0.1,0.1,-,-,0.2,0.1,-,0.1,0.3,0.1,0.1,0.3,0.3,0.9,0.3,0.6,0.8,0.3,1.1,0.5,0.7,0.5,-,0.8,0.1,-,0.2,-,-,-,-,18.7,0.8,0.4,15.9,1.7,0.2,-,0.2,-,-,-,-,-,-,-
2872,Andy Delort,Montpellier HSC,Ligue1,33 years old (09-10-1991),"1,81m",Algeria,"Attacking Midfielder (Right), Forward",Centre-Forward,right,8(1),611.0,-,-,1,-,52.7,3.2,-,6.24,"Jun 30, 2025",€2.00m,1.9,-,-,-,-,1.9,1.2,0.6,0.1,0.6,0.2,0.3,2,0.9,7.3,3.2,4.1,0.6,0.1,0.7,-,1.3,1.2,1.1,0.3,0.1,-,0.3,-,-,-,-,12.2,0.2,0.2,6.2,5.6,0.8,-,0.8,-,-,-,-,-,-,-
2873,Reda Khadra,Stade Reims,Ligue1,23 years old (04-07-2001),"1,75m",Germany,"Attacking Midfielder (Centre, Left, Right), Forward",Attacking Midfield,right,0(4),78.0,-,-,-,-,81.5,-,-,6.24,"Jun 30, 2027",€2.50m,-,-,-,-,-,-,-,-,-,1.8,0.8,1,0.3,-,-,-,-,0.3,0.3,0.5,-,0.8,-,-,-,-,0.3,-,-,-,-,-,6.8,-,0.5,5.5,0.8,0.3,-,0.3,-,-,-,-,-,-,-
2874,Pol Lirola,Olympique Marseille,Ligue1,27 years old (13-08-1997),"1,83m",Spain,"Defender (Centre, Right), Midfielder (Left, Right)",Right-Back,right,5(13),632.0,1,2,1,1,86.3,0.2,-,6.23,"Jun 30, 2026",€4.00m,0.3,0.1,-,0.1,-,0.3,0.2,0.1,-,0.1,0.1,0.1,0.3,0.2,0.5,0.2,0.3,0.7,0.4,1.2,0.2,0.5,0.5,-,0.6,0.1,-,0.3,-,-,-,-,17.8,0.1,0.8,15.2,1.7,0.4,0.1,0.4,0.1,0.1,-,-,-,-,-
2875,Wahbi Khazri,Montpellier HSC,Ligue1,34 years old (08-02-1991),"1,76m",Tunisia,"Midfielder (Centre, Left, Right), Forward",Left Winger,right,10(18),1080.0,1,1,4,-,74.8,0.4,1,6.23,"Jun 30, 2025",€1.50m,1.2,-,-,-,-,1.2,0.5,0.8,-,0.8,0.6,0.2,0.8,0.9,1.1,0.4,0.8,0.9,0.5,1.3,0.2,1,0.8,0.2,0.3,-,-,0.4,-,-,-,-,10.1,0.7,0.4,6.9,2.1,0.6,0.1,0.6,-,-,-,-,-,-,-
2876,Billal Brahimi,St.Truiden,Ligue1,25 years old (14-03-2000),183cm,Algeria,"Attacking Midfielder (Centre, Left, Right), Forward",,,1(1),76.0,-,-,-,-,93.8,-,-,6.23,,,0.5,-,-,-,-,0.5,-,0.5,-,1,1,-,-,1.5,-,-,-,-,-,-,-,-,1.5,-,0.5,-,0.5,0.5,-,-,-,-,16,-,0.5,15,0.5,0.5,0.5,-,-,-,-,-,-,-,-
2877,Nordine Kandil,Amiens,Ligue1,23 years old (31-10-2001),167cm,France,Forward,,,0(1),9.0,-,-,-,-,50,1,-,6.23,,,-,-,-,-,-,-,-,-,-,1,-,1,-,-,2,1,1,-,-,-,-,-,2,-,1,-,-,-,-,-,-,-,6,-,1,3,2,-,-,-,-,-,-,-,-,-,-
2878,Dehmaine Tabibou,FC Nantes,Ligue1,20 years old (17-04-2005),"1,83m",France,Midfielder,Central Midfield,left,0(10),74.0,-,-,-,-,78,0.2,-,6.23,"Jun 30, 2026",€100k,0.3,-,-,-,-,0.3,0.1,0.2,-,0.4,0.1,0.3,0.6,0.3,0.5,0.2,0.3,0.6,0.1,0.7,0.1,0.3,0.1,-,0.4,-,-,0.1,-,-,-,-,4.1,-,0.3,3.2,0.6,0.4,-,0.4,-,-,-,-,-,-,-
2879,Valentín Carboni,Olympique Marseille,Ligue1,20 years old (05-03-2005),185cm,Argentina,Attacking Midfielder (Centre),,,1(3),101.0,-,-,1,-,88.3,0.5,-,6.23,,,0.5,-,-,-,-,0.5,0.3,0.3,-,0.8,0.8,-,0.5,-,0.8,0.5,0.3,0.5,0.3,0.8,0.3,0.3,1.3,-,0.3,-,-,0.3,-,-,-,-,15,0.3,-,13,1.8,0.8,-,0.8,-,-,-,-,-,-,-
2880,Junior Mwanga,Le Havre AC,Ligue1,21 years old (11-05-2003),"1,84m",France,Defensive Midfielder (C),Defensive Midfield,both,2(6),291.0,-,-,-,-,90.5,0.3,-,6.23,"Jun 30, 2025",€6.00m,-,-,-,-,-,-,-,-,-,0.8,0.5,0.3,0.6,0.8,0.4,0.3,0.1,2.1,0.5,2.6,0.3,0.1,0.8,-,0.3,-,-,0.3,-,-,-,-,18.4,0.8,0.3,15.9,1.5,0.1,-,0.1,-,-,-,-,-,-,-
2881,Ben Old,AS Saint-Étienne,Ligue1,22 years old (13-08-2002),"1,73m",,Midfielder,Left Winger,left,4(6),463.0,-,-,-,-,83.3,0.1,-,6.23,"Jun 30, 2028",€800k,1.1,-,-,-,-,1.1,0.7,0.4,-,1.9,1,0.9,1.4,0.5,0.6,0.1,0.5,0.6,0.8,1.4,0.2,0.9,0.4,-,0.2,0.1,-,0.7,-,-,-,-,10.2,0.1,0.3,8.4,1.4,0.7,-,0.7,-,-,-,-,-,-,-
2882,Martín Satriano,RC Lens,Ligue1,24 years old (20-02-2001),"1,87m",Uruguay,Forward,Centre-Forward,right,0(4),39.0,-,-,-,-,62.5,0.8,-,6.23,"Jun 30, 2025",€5.00m,0.8,-,-,-,-,0.8,0.8,-,-,0.5,0.3,0.3,0.5,0.5,1.3,0.8,0.5,0.8,-,0.8,-,-,0.3,-,0.5,-,-,-,-,-,-,-,4,-,0.3,2.5,1.3,0.5,-,0.5,-,-,-,-,-,-,-
2883,Jordan Ferri,Montpellier HSC,Ligue1,33 years old (12-03-1992),"1,73m",France,Midfielder (Centre),Central Midfield,right,18(4),1568.0,-,1,5,1,90.3,0.6,-,6.22,"Jun 30, 2026",€2.50m,0.6,-,-,-,-,0.6,-,0.6,-,1,0.6,0.4,0.5,1.1,1.2,0.6,0.6,1.7,1,2.8,0.4,1,1.4,-,0.8,0.1,-,0.6,-,-,-,-,48.6,2.3,1.3,41.6,3.4,0.5,-,0.4,-,-,-,-,-,-,-
2884,Jacques Ekomié,Angers SCO,Ligue1,21 years old (19-08-2003),"1,79m",France,Defender (Left),Left-Back,right,6(9),609.0,-,-,1,-,77.1,0.7,-,6.22,"Jun 30, 2027",€800k,0.1,-,-,-,-,0.1,0.1,-,-,1.3,1.1,0.3,0.6,0.7,1.3,0.7,0.6,1.3,0.3,1.5,0.3,1.1,0.7,0.1,0.8,0.2,0.1,0.7,-,-,-,-,10.5,0.3,0.5,7.8,1.9,-,-,-,-,-,-,-,-,-,-
2885,Jeremy Agbonifo,RC Lens,Ligue1,19 years old (24-10-2005),"1,78m",,Forward,Right Winger,left,1(7),298.0,1,-,1,-,75,0.1,-,6.22,"Jun 30, 2025",€5.00m,0.8,0.1,-,0.1,-,0.8,0.5,0.1,0.1,2.5,1.4,1.1,1.4,0.8,1.4,0.1,1.3,0.9,0.5,1.4,0.1,0.6,1.8,0.3,-,0.1,-,0.1,-,-,-,-,8.5,-,0.5,6.4,1.6,0.4,0.1,0.3,-,-,-,-,-,-,-
2886,Ange Tia,Stade Reims,Ligue1,18 years old (20-11-2006),178cm,,Midfielder,,,0(3),24.0,-,-,-,-,78.6,0.7,-,6.22,,,-,-,-,-,-,-,-,-,-,-,-,-,-,0.3,0.7,0.7,-,0.3,0.3,0.7,0.3,0.3,-,-,0.7,-,0.3,0.3,-,-,-,-,4.7,0.3,-,3.3,1,-,-,-,-,-,-,-,-,-,-
2887,Nhoa Sangui,Stade Reims,Ligue1,19 years old (27-02-2006),"1,78m",France,Defender (Left),Left-Back,left,10(14),1088.0,-,2,3,-,84.3,0.2,-,6.22,"Jun 30, 2027",€2.50m,0.1,-,-,-,-,0.1,-,0.1,-,0.7,0.3,0.4,0.7,0.6,0.6,0.2,0.5,0.7,0.1,0.8,0.3,0.3,0.4,-,0.8,0.2,0.2,0.2,-,-,-,-,20.1,0.5,1,16.5,2.1,0.2,-,0.2,0.1,-,-,-,-,-,-
2888,Bamba Dieng,Angers SCO,Ligue1,25 years old (23-03-2000),"1,78m",Senegal,"Attacking Midfielder (Left), Forward",Centre-Forward,right,5(13),525.0,3,-,2,-,80.6,0.6,-,6.21,"Jun 30, 2025",€3.50m,0.8,0.2,-,0.2,-,0.8,0.6,0.2,-,0.8,0.7,0.1,0.6,0.6,1.9,0.6,1.3,0.2,0.1,0.3,-,0.7,0.5,0.2,0.2,-,-,0.1,-,-,-,-,5.4,-,0.1,4.4,1,0.1,-,0.1,-,-,-,-,-,-,-
2889,Rémy Descamps,Olympique Lyon,Ligue1,28 years old (25-06-1996),"1,96m",France,Goalkeeper,Goalkeeper,left,1,90.0,-,-,-,-,89.3,-,-,6.21,"Jun 30, 2027",€1.50m,-,-,-,-,-,-,-,-,-,-,-,-,-,-,-,-,-,-,-,-,-,-,-,-,2,-,-,-,4,-,2,2,28,3,3,22,-,-,-,-,-,-,-,-,-,-,-
2890,Sékou Mara,RC Strasbourg Alsace,Ligue1,22 years old (30-07-2002),"1,83m",France,Forward,Centre-Forward,right,6(17),637.0,1,1,2,-,68.8,0.8,-,6.21,"Jun 30, 2029",€6.00m,0.7,-,-,-,-,0.7,0.3,0.3,0.1,1.2,0.7,0.5,1.1,0.6,1.8,0.8,1,0.4,0.3,0.7,0.1,0.7,0.7,0.1,0.1,-,-,0.4,-,-,-,-,7,0.1,0.1,4.7,2.1,0.2,-,0.2,-,-,-,-,-,-,-
2891,Pape Diong,RC Strasbourg Alsace,Ligue1,18 years old (15-06-2006),"1,93m",Senegal,Midfielder,Defensive Midfield,right,1(8),76.0,1,-,-,-,83.9,0.4,-,6.2,"Jun 30, 2029",€800k,0.6,0.1,0.1,-,-,0.6,0.3,0.1,0.1,0.4,0.4,-,0.3,0.1,0.4,0.4,-,0.2,0.1,0.3,0.3,-,-,-,0.2,-,-,-,-,-,-,-,6.2,0.1,-,5.1,1,0.1,-,0.1,-,-,-,-,-,-,-
2892,Noah Edjouma,FC Toulouse,Ligue1,19 years old (04-10-2005),"1,82m",France,Forward,Right Winger,right,1(9),165.0,2,-,-,1,75.6,0.2,-,6.2,"Jun 30, 2027",€500k,0.5,0.2,-,0.2,-,0.5,0.4,-,0.1,1.4,1,0.4,0.7,0.6,0.5,0.2,0.3,0.2,0.1,0.3,0.2,0.3,0.4,-,0.2,0.1,-,-,-,-,-,-,4.5,0.1,0.1,3.3,1,0.1,-,0.1,-,-,-,-,-,-,-
2893,Edhy Zuliani,FC Toulouse,Ligue1,20 years old (11-08-2004),175cm,,Midfielder,,,0(1),8.0,-,-,-,-,100,-,-,6.2,,,-,-,-,-,-,-,-,-,-,-,-,-,-,-,-,-,-,-,-,-,1,-,-,-,-,-,-,-,-,-,-,-,2,-,-,2,-,-,-,-,-,-,-,-,-,-,-
2894,Ousmane Touré,Valenciennes,Ligue1,20 years old (18-02-2005),187cm,France,Defender,,,0(1),5.0,-,-,-,-,80,1,-,6.2,,,-,-,-,-,-,-,-,-,-,-,-,-,-,-,1,1,-,-,-,-,1,-,-,-,2,-,-,-,-,-,-,-,5,1,-,3,1,-,-,-,-,-,-,-,-,-,-
2895,Wilfried Zaha,Charlotte FC,Ligue1,32 years old (10-11-1992),180cm,Ivory Coast,"Attacking Midfielder (Left, Right), Forward",,,1(3),71.0,-,-,-,-,87.5,-,-,6.2,,,0.3,-,-,-,-,0.3,0.3,-,-,1.3,0.5,0.8,0.5,1.5,-,-,-,0.3,0.3,0.5,0.3,0.5,0.5,-,-,-,-,0.8,-,-,-,-,8,-,-,7,1,-,-,-,-,-,-,-,-,-,-
2896,Maxime Bernauer,AS Saint-Étienne,Ligue1,26 years old (01-07-1998),"1,85m",France,Defender (Centre),Centre-Back,right,6(2),537.0,-,-,2,1,87.5,1.1,-,6.2,"Jun 30, 2025",€2.00m,0.3,-,-,-,-,0.3,0.1,0.1,-,0.3,0.1,0.1,0.1,0.1,1.9,1.1,0.8,0.9,0.3,1.1,0.4,0.3,1.1,-,4.3,0.4,-,0.4,-,-,-,-,39,3.3,3.1,30.9,1.8,-,-,-,-,-,-,-,-,-,-
2897,Nabil Bentaleb,LOSC Lille,Ligue1,30 years old (24-11-1994),"1,87m",Algeria,Midfielder (Centre),Defensive Midfield,left,1(7),168.0,1,-,-,-,87.9,0.3,-,6.2,"Jun 30, 2026",€8.00m,0.3,0.1,0.1,-,-,0.3,-,0.1,0.1,-,-,-,0.1,0.4,0.5,0.3,0.3,0.5,0.3,0.8,0.4,-,0.1,-,0.5,-,0.1,0.1,-,-,-,-,14.5,0.9,0.3,11.9,1.5,0.1,-,0.1,-,-,-,-,-,-,-
2898,Warmed Omari,Olympique Lyon,Ligue1,25 years old (23-04-2000),"1,88m",France,Defender (Centre),Centre-Back,right,0(1),7.0,-,-,-,-,100,-,-,6.19,"Jun 30, 2025",€4.00m,-,-,-,-,-,-,-,-,-,-,-,-,-,-,-,-,-,-,-,-,-,-,-,-,1,-,-,-,-,-,-,-,6,-,-,6,-,-,-,-,-,-,-,-,-,-,-
2899,Fabien Centonze,FC Nantes,Ligue1,29 years old (16-01-1996),"1,82m",France,"Defender (Right), Midfielder (Right)",Right-Back,right,1(3),95.0,-,-,-,-,80,0.3,-,6.19,"Jun 30, 2027",€2.00m,-,-,-,-,-,-,-,-,-,1,0.8,0.3,0.3,-,0.8,0.3,0.5,0.8,0.5,1.3,0.3,0.3,0.3,-,1.5,-,0.5,0.3,-,-,-,-,13.8,0.3,0.5,10.8,2.3,0.8,-,0.8,-,-,-,-,-,-,-
2900,Lucas Michal,AS Monaco,Ligue1,19 years old (22-06-2005),-,France,Forward,Left Winger,right,0(7),94.0,-,-,-,-,86.1,0.4,-,6.19,"Jun 30, 2029",€500k,0.4,-,-,-,-,0.4,0.4,-,-,0.6,0.4,0.1,0.1,0.1,1.1,0.4,0.7,0.7,0.3,1,0.1,0.6,0.7,-,0.3,-,-,0.3,-,-,-,-,5.1,-,0.1,4.4,0.6,0.1,-,0.1,-,-,-,-,-,-,-
2901,Florian Ayé,AJ Auxerre,Ligue1,28 years old (19-01-1997),"1,84m",France,Forward,Centre-Forward,right,4(19),520.0,2,-,-,-,76.3,0.5,-,6.18,"Jun 30, 2026",€1.50m,0.4,0.1,-,-,-,0.4,0.3,-,0.1,0.1,-,0.1,0.8,0.2,2.1,0.5,1.6,0.1,0.1,0.2,0.3,0.3,0.4,0.1,0.3,-,-,0.3,-,-,-,-,5.1,0.1,-,3.8,1.2,0.1,-,0.1,-,-,-,-,-,-,-
2902,Caleb Wiley,Watford,Ligue1,20 years old (22-12-2004),180cm,USA,"Defender (Left), Midfielder (Left)",,,3(3),268.0,-,1,1,-,81.1,-,-,6.18,,,0.2,-,-,-,-,0.2,-,0.2,-,0.2,0.2,-,1.2,0.7,0.7,-,0.7,0.2,0.2,0.3,0.7,0.3,0.3,-,0.7,0.2,0.2,0.3,-,-,-,-,15.8,0.3,1,12.5,2,0.3,-,0.3,0.2,-,-,0.2,-,-,-
2903,Mathis Amougou,Chelsea FC,Ligue1,19 years old (18-01-2006),177cm,France,Midfielder (Centre),,,9(8),858.0,-,-,2,-,78.3,0.2,-,6.17,,,0.4,-,-,-,-,0.4,0.2,0.2,-,0.9,0.6,0.3,1.3,0.5,0.9,0.2,0.7,1.2,0.5,1.8,0.7,0.5,0.4,-,0.2,-,-,0.6,-,-,-,-,17.4,0.5,0.6,13.1,3.1,0.4,0.1,0.4,-,-,-,-,-,-,-
2904,Ben Viadère,AJ Auxerre,Ligue1,19 years old (02-09-2005),176cm,France,Forward,,,0(1),4.0,-,-,-,-,50,-,-,6.17,,,-,-,-,-,-,-,-,-,-,2,1,1,-,-,1,-,1,-,-,-,-,-,-,-,-,-,-,-,-,-,-,-,2,-,-,1,1,1,-,1,-,-,-,-,-,-,-
2905,Rayan Fofana,RC Lens,Ligue1,19 years old (12-02-2006),182cm,,Forward,,,0(2),24.0,-,-,-,-,62.5,-,-,6.17,,,-,-,-,-,-,-,-,-,-,0.5,0.5,-,0.5,-,0.5,-,0.5,1,-,1,-,0.5,0.5,-,-,-,-,-,-,-,-,-,4,-,-,2.5,1.5,-,-,-,-,-,-,-,-,-,-
2906,Florent Mollet,FC Nantes,Ligue1,33 years old (19-11-1991),"1,75m",France,"Attacking Midfielder (Centre, Left, Right)",Attacking Midfield,right,3(6),241.0,-,-,1,-,85.7,0.1,-,6.17,"Jun 30, 2025",€1.50m,0.7,-,-,-,-,0.7,0.6,0.1,-,0.3,0.1,0.2,0.2,0.1,0.6,0.1,0.4,0.2,-,0.2,0.1,0.3,0.2,0.1,0.4,-,-,0.2,-,-,-,-,10.1,0.3,0.4,8.3,1,0.7,0.1,0.6,-,-,-,-,-,-,-
2907,Younes Lachaab,LOSC Lille,Ligue1,20 years old (06-01-2005),185cm,France,Forward,,,0(2),7.0,-,-,-,-,50,-,-,6.17,,,0.5,-,-,-,-,0.5,-,0.5,-,0.5,-,0.5,1,-,0.5,-,0.5,0.5,-,0.5,0.5,-,0.5,-,-,-,-,-,-,-,-,-,1,-,-,0.5,0.5,-,-,-,-,-,-,-,-,-,-
2908,Prosper Peter,Angers SCO,Ligue1,17 years old (09-08-2007),,,Forward,,,0(1),19.0,-,-,-,-,100,-,-,6.16,,,-,-,-,-,-,-,-,-,-,1,1,-,-,-,2,-,2,2,-,2,-,-,1,-,-,-,-,-,-,-,-,-,1,-,-,1,-,-,-,-,-,-,-,-,-,-,-
2909,Marvin Senaya,FC Lausanne-Sport,Ligue1,24 years old (28-01-2001),181cm,France,"Defender (Right), Midfielder (Right)",,,1(9),221.0,-,-,3,-,85,0.3,-,6.16,,,0.1,-,-,-,-,0.1,-,0.1,-,0.2,0.2,-,-,0.1,0.6,0.3,0.3,0.8,0.6,1.4,0.7,0.4,0.4,-,1,0.2,0.2,0.4,-,-,-,-,11.3,0.6,0.7,9,1,0.2,-,0.2,-,-,-,-,-,-,-
2910,Mama Baldé,Stade Brestois 29,Ligue1,29 years old (06-11-1995),"1,76m",Guinea-Bissau,"Defender (Right), Midfielder (Centre, Left, Right), Forward",Centre-Forward,right,0(2),31.0,-,-,-,-,66.7,0.5,-,6.15,"Jun 30, 2027",€4.50m,0.5,-,-,-,-,0.5,0.5,-,-,1.5,1.5,-,0.5,0.5,0.5,0.5,-,1,-,1,0.5,0.5,0.5,-,0.5,-,-,-,-,-,-,-,3,-,-,2,1,-,-,-,-,-,-,-,-,-,-
2911,Victor Orakpo,OGC Nice,Ligue1,19 years old (14-01-2006),"1,94m",Nigeria,Forward,Centre-Forward,right,0(4),32.0,-,-,-,-,88.2,0.5,-,6.15,"Jun 30, 2028",€500k,0.5,-,-,-,-,0.5,0.3,-,0.3,0.5,-,0.5,0.3,-,1.5,0.5,1,-,-,-,-,0.5,-,0.3,-,-,-,-,-,-,-,-,4.3,0.3,-,3.5,0.5,-,-,-,-,-,-,-,-,-,-
2912,Yanis Issoufou,Montpellier HSC,Ligue1,18 years old (28-10-2006),182cm,,Forward,,,1(3),75.0,-,-,-,-,62.5,-,-,6.15,,,0.5,-,-,-,-,0.5,0.5,-,-,0.5,0.3,0.3,0.3,-,0.3,-,0.3,1.5,0.5,2,-,-,0.3,-,0.3,-,-,0.3,-,-,-,-,4,-,-,2.5,1.5,-,-,-,-,-,-,-,-,-,-
2913,Birama Touré,Montpellier HSC,Ligue1,32 years old (06-06-1992),183cm,Mali,Defensive Midfielder (C),,,2(6),298.0,-,-,3,-,82.1,0.5,-,6.15,,,0.4,-,-,-,-,0.4,0.1,0.3,-,-,-,-,0.8,-,1,0.5,0.5,1,0.3,1.3,0.8,0.6,0.3,-,0.9,0.3,-,0.1,-,-,-,-,15.4,0.6,1.1,12,1.6,0.4,0.1,0.3,-,-,-,-,-,-,-
2914,Ignatius Ganago,New England Revolution,Ligue1,26 years old (16-02-1999),179cm,Cameroon,"Attacking Midfielder (Left, Right), Forward",,,1(10),231.0,-,-,1,-,79.5,0.4,-,6.14,,,0.6,-,-,-,-,0.6,0.5,0.1,0.1,1,0.5,0.5,0.7,0.3,1,0.4,0.6,0.1,0.1,0.2,0.4,0.3,0.2,0.2,0.2,0.1,-,0.2,-,-,-,-,6.6,-,0.2,5.3,1.2,0.5,-,0.5,-,-,-,-,-,-,-
2915,Kyllian Antonio,RC Lens,Ligue1,17 years old (04-01-2008),183cm,,Defender,,,2(1),140.0,-,-,-,-,85.2,0.7,-,6.14,,,0.3,-,-,-,-,0.3,0.3,-,-,0.7,0.3,0.3,0.7,0.7,1.3,0.7,0.7,1,0.7,1.7,1,1,0.7,-,1,-,-,1,-,-,-,-,29.3,0.7,2.3,24.3,2,-,-,-,-,-,-,-,-,-,-
2916,Sékou Doucouré,FC Nantes,Ligue1,20 years old (26-04-2005),187cm,France,Defender,,,0(2),11.0,-,-,-,-,80,0.5,-,6.14,,,-,-,-,-,-,-,-,-,-,-,-,-,-,-,0.5,0.5,-,-,-,-,-,0.5,-,-,1.5,-,-,-,-,-,-,-,2.5,0.5,0.5,1.5,-,-,-,-,-,-,-,-,-,-,-
2917,Óscar Perea,RC Strasbourg Alsace,Ligue1,19 years old (27-09-2005),"1,74m",Colombia,Forward,Left Winger,right,0(1),6.0,-,-,-,-,100,-,-,6.13,"Jun 30, 2029",€2.50m,-,-,-,-,-,-,-,-,-,1,-,1,1,-,-,-,-,-,-,-,-,-,-,1,-,-,-,-,-,-,-,-,4,-,-,4,-,-,-,-,-,-,-,-,-,-,-
2918,Lilian Brassier,Stade Rennais FC,Ligue1,25 years old (02-11-1999),"1,86m",France,"Defender (Centre, Left)",Centre-Back,left,9(3),780.0,-,-,3,-,87.1,1.4,-,6.13,"Jun 30, 2025",€10.00m,0.4,-,-,-,-,0.4,0.4,-,-,0.8,0.7,0.1,0.8,0.3,2.1,1.4,0.7,0.7,0.1,0.8,0.8,0.3,0.6,-,2.2,0.3,0.2,0.4,-,-,-,-,51.8,0.9,2.1,44.3,4.6,0.1,-,0.1,-,-,-,-,-,-,-
2919,Othmane Maamma,Montpellier HSC,Ligue1,19 years old (06-10-2005),"1,82m",Morocco,Forward,Right Winger,both,2(10),354.0,1,1,1,-,67.9,0.2,-,6.13,"Jun 30, 2027",€800k,0.8,0.1,-,0.1,-,0.8,0.5,0.3,0.1,3.2,2.3,0.8,1.6,1,0.6,0.2,0.4,0.3,0.3,0.7,0.1,0.7,0.3,0.2,0.1,-,0.1,0.4,-,-,-,-,6.8,0.1,0.1,4.5,2.1,0.3,-,0.3,0.1,0.1,-,-,-,-,-
2920,Miha Zajc,FC Toulouse,Ligue1,30 years old (01-07-1994),"1,78m",Slovenia,"Midfielder (Centre), Forward",Central Midfield,right,1(17),235.0,-,-,2,-,85.3,0.2,-,6.13,"Jun 30, 2025",€1.80m,0.3,-,-,-,-,0.3,0.1,0.3,-,0.2,0.1,0.2,0.2,0.1,0.6,0.2,0.4,0.2,0.1,0.3,0.2,0.1,0.3,-,0.4,0.1,-,0.1,-,-,-,-,9.8,0.3,0.4,8.1,1.1,0.2,0.1,0.1,-,-,-,-,-,-,-
2921,Pierre Cornud,AS Saint-Étienne,Ligue1,28 years old (12-12-1996),"1,77m",France,Defender (Left),Left-Back,left,7(4),576.0,-,-,2,-,83.9,0.3,-,6.13,"Jun 30, 2026",€1.00m,-,-,-,-,-,-,-,-,-,0.6,0.5,0.2,0.4,0.2,0.6,0.3,0.4,1.1,0.8,1.9,0.8,0.3,0.9,0.1,2.3,0.4,0.3,0.5,-,-,-,-,24.8,1.8,1.6,19,2.4,0.3,0.1,0.2,-,-,-,-,-,-,-
2922,Jérémy Sebas,SC Bastia,Ligue1,22 years old (14-04-2003),187cm,France,Forward,,,1(12),182.0,-,-,-,-,69.2,0.2,-,6.12,,,0.5,-,-,-,-,0.5,0.2,0.2,0.1,0.6,0.2,0.5,0.5,0.3,0.5,0.2,0.3,0.2,0.1,0.3,-,0.2,0.5,0.2,0.2,-,0.2,0.2,-,-,-,-,3,-,-,2.1,0.9,0.1,-,0.1,-,-,-,-,-,-,-
2923,Igor Miladinovic,AS Saint-Étienne,Ligue1,21 years old (08-06-2003),"1,66m",,Midfielder,Attacking Midfield,right,0(3),23.0,-,-,-,-,80,0.7,-,6.12,"Jun 30, 2028",€1.50m,-,-,-,-,-,-,-,-,-,0.3,0.3,-,0.3,0.3,0.7,0.7,-,-,-,-,0.3,-,-,-,0.3,-,-,-,-,-,-,-,5,0.3,-,3.7,1,-,-,-,-,-,-,-,-,-,-
2924,Naatan Skyttä,Dunkerque,Ligue1,22 years old (07-05-2002),170cm,Finland,Midfielder,,,0(1),4.0,-,-,-,-,100,-,-,6.12,,,-,-,-,-,-,-,-,-,-,-,-,-,-,-,-,-,-,1,-,1,-,-,1,-,-,-,-,-,-,-,-,-,4,-,-,4,-,-,-,-,-,-,-,-,-,-,-
2925,Tom Pouilly,RC Lens,Ligue1,21 years old (18-06-2003),"1,80m",France,Midfielder,Defensive Midfield,right,0(7),110.0,-,-,1,-,79.8,-,-,6.12,"Jun 30, 2027",€100k,0.4,-,-,-,-,0.4,0.3,0.1,-,0.4,0.1,0.3,0.7,-,0.6,-,0.6,0.6,0.1,0.7,0.1,0.1,0.3,-,0.6,0.1,-,0.3,-,-,-,-,12.7,0.4,0.7,9.7,1.9,0.3,-,0.3,-,-,-,-,-,-,-
2926,Eduard Sobol,RC Strasbourg Alsace,Ligue1,30 years old (20-04-1995),"1,86m",Ukraine,"Defender (Left), Midfielder (Left)",Left-Back,left,0(10),87.0,-,-,2,-,73.1,0.3,-,6.12,"Jun 30, 2026",€1.20m,-,-,-,-,-,-,-,-,-,-,-,-,0.1,-,0.6,0.3,0.3,-,0.2,0.2,0.2,0.1,0.4,-,1.4,0.1,-,0.1,-,-,-,-,2.6,0.2,0.3,1.7,0.4,-,-,-,-,-,-,-,-,-,-
2927,Axel Gueguin,Montpellier HSC,Ligue1,20 years old (24-03-2005),170cm,France,Forward,,,0(1),22.0,-,-,-,-,80,-,-,6.11,,,-,-,-,-,-,-,-,-,-,1,1,-,1,-,-,-,-,1,-,1,-,-,4,-,-,-,-,-,-,-,-,-,5,-,-,4,1,-,-,-,-,-,-,-,-,-,-
2928,Martin Adeline,Troyes,Ligue1,21 years old (02-12-2003),180cm,France,Midfielder,,,0(1),25.0,-,-,-,-,80,-,-,6.11,,,-,-,-,-,-,-,-,-,-,-,-,-,-,-,1,-,1,1,1,2,-,1,-,-,2,-,-,-,-,-,-,-,10,-,1,8,1,-,-,-,-,-,-,-,-,-,-
2929,Gabriel Barès,Burgos CF,Ligue1,24 years old (29-08-2000),187cm,Switzerland,Midfielder,,,0(6),50.0,-,-,-,-,87.2,-,-,6.11,,,-,-,-,-,-,-,-,-,-,0.3,0.2,0.2,-,0.2,0.2,-,0.2,0.3,0.2,0.5,0.2,0.2,-,-,0.5,-,-,-,-,-,-,-,6.5,0.5,0.5,5.2,0.3,-,-,-,-,-,-,-,-,-,-
2930,Justin-Noël Kalumba,Angers SCO,Ligue1,20 years old (25-12-2004),180cm,France,Defender (Left),,,0(2),29.0,-,-,-,-,90,-,-,6.11,,,0.5,-,-,-,-,0.5,-,0.5,-,1,0.5,0.5,1,1,-,-,-,-,-,-,0.5,0.5,-,-,0.5,-,-,-,-,-,-,-,5,-,-,4.5,0.5,-,-,-,-,-,-,-,-,-,-
2931,Terem Moffi,OGC Nice,Ligue1,25 years old (25-05-1999),"1,88m",Nigeria,"Attacking Midfielder (Right), Forward",Centre-Forward,left,0(3),42.0,-,-,-,-,57.1,1,-,6.11,"Jun 30, 2027",€15.00m,1,-,-,-,-,1,0.3,0.3,0.3,-,-,-,-,-,1.7,1,0.7,-,-,-,-,-,0.3,-,-,-,-,-,-,-,-,-,2.3,-,-,1.3,1,-,-,-,-,-,-,-,-,-,-
2932,Keyliane Abdallah,Olympique Marseille,Ligue1,19 years old (05-04-2006),185cm,France,Forward,,,0(1),2.0,-,-,-,-,100,-,-,6.1,,,-,-,-,-,-,-,-,-,-,-,-,-,1,-,-,-,-,1,-,1,-,-,-,-,-,-,-,-,-,-,-,-,2,-,-,2,-,-,-,-,-,-,-,-,-,-,-
2933,David Costa,Portland Timbers,Ligue1,24 years old (05-01-2001),168cm,Portugal,"Attacking Midfielder (Centre, Left)",,,3(8),349.0,-,-,-,1,89.8,-,-,6.1,,,0.8,-,-,-,-,0.8,0.5,0.3,0.1,0.8,0.6,0.2,1,0.5,0.2,-,0.2,0.2,0.3,0.5,0.1,0.4,0.3,-,-,0.1,-,0.4,-,-,-,-,12.5,0.2,-,11,1.3,0.5,-,0.5,-,-,-,-,-,-,-
2934,Luiz Felipe,Olympique Marseille,Ligue1,28 years old (22-03-1997),"1,87m",Italy,Defender (Centre),Centre-Back,right,1(1),75.0,-,-,-,-,90,-,-,6.09,"Jun 30, 2026",€6.00m,-,-,-,-,-,-,-,-,-,0.5,0.5,-,-,-,1.5,-,1.5,1,0.5,1.5,0.5,-,-,-,0.5,1,-,-,-,-,-,-,15,-,-,13.5,1.5,-,-,-,-,-,-,-,-,-,-
2935,Amine Salama,Stade Reims,Ligue1,24 years old (18-07-2000),192cm,France,Forward,,,2(15),362.0,-,-,-,-,79.5,0.1,-,6.09,,,0.5,-,-,-,-,0.5,0.4,0.1,0.1,1,0.6,0.4,1.1,0.5,0.3,0.1,0.2,0.2,0.2,0.4,0.1,0.1,0.1,0.3,-,0.1,-,0.1,-,-,-,-,4.6,0.3,-,3.4,0.9,0.3,-,0.3,-,-,-,-,-,-,-
2936,Hamidou Makalou,Stade Brestois 29,Ligue1,18 years old (15-07-2006),"1,64m",Mali,Midfielder,Defensive Midfield,right,0(2),16.0,-,-,-,-,100,-,-,6.09,"Jun 30, 2029",€200k,-,-,-,-,-,-,-,-,-,0.5,-,0.5,-,1,-,-,-,-,-,-,-,-,-,-,-,-,-,-,-,-,-,-,5.5,-,-,5.5,-,-,-,-,-,-,-,-,-,-,-
2937,Issiaga Camara,OGC Nice,Ligue1,20 years old (02-02-2005),175cm,,Midfielder (Centre),,,0(4),16.0,-,-,-,-,93.8,-,-,6.08,,,-,-,-,-,-,-,-,-,-,0.3,0.3,-,0.3,-,0.3,-,0.3,0.5,0.3,0.8,0.8,0.5,-,-,-,-,-,-,-,-,-,-,4,-,-,3.8,0.3,-,-,-,-,-,-,-,-,-,-
2938,Ayanda Sishuba,Stade Rennais FC,Ligue1,20 years old (02-02-2005),"1,69m",Belgium,Midfielder,Attacking Midfield,right,0(1),2.0,-,-,-,-,-,-,-,6.08,"Jun 30, 2029",€2.00m,-,-,-,-,-,-,-,-,-,-,-,-,-,1,-,-,-,1,-,1,-,-,-,-,-,-,-,-,-,-,-,-,-,-,-,-,-,-,-,-,-,-,-,-,-,-,-
2939,Orel Mangala,Everton FC,Ligue1,27 years old (18-03-1998),178cm,Belgium,Midfielder (Centre),,,1,68.0,-,-,-,-,93.3,-,-,6.07,,,1,-,-,-,-,1,-,1,-,3,3,-,-,-,-,-,-,1,1,2,-,-,-,-,1,-,-,2,-,-,-,-,30,3,-,25,2,1,1,-,-,-,-,-,-,-,-
2940,Samuel Grandsir,Caen,Ligue1,28 years old (14-08-1996),170cm,France,"Attacking Midfielder (Left, Right)",,,0(6),79.0,-,-,-,-,73.1,-,-,6.07,,,-,-,-,-,-,-,-,-,-,0.3,0.3,-,-,0.2,0.2,-,0.2,0.8,0.2,1,-,-,0.3,-,-,-,-,0.3,-,-,-,-,4.3,0.2,0.3,3,0.8,0.5,0.2,0.3,-,-,-,-,-,-,-
2941,Gabriel Moscardo,Stade Reims,Ligue1,19 years old (28-09-2005),"1,85m",Brazil,Defensive Midfielder (C),Defensive Midfield,right,0(6),80.0,-,-,1,-,78.9,0.5,-,6.07,"Jun 30, 2025",€10.00m,0.3,-,-,-,-,0.3,0.2,0.2,-,0.3,0.2,0.2,0.5,0.5,0.7,0.5,0.2,0.5,0.3,0.8,-,-,0.2,-,0.2,0.2,-,0.3,-,-,-,-,6.3,0.2,-,4.8,1.3,-,-,-,-,-,-,-,-,-,-
2942,Axel Camblan,Valenciennes,Ligue1,21 years old (30-08-2003),168cm,France,Midfielder,,,0(2),24.0,-,-,-,-,50,-,-,6.07,,,0.5,-,-,-,-,0.5,0.5,-,-,-,-,-,-,-,0.5,-,0.5,0.5,0.5,1,-,-,-,-,-,-,-,0.5,-,-,-,-,3,-,-,1.5,1.5,-,-,-,-,-,-,-,-,-,-
2943,Lamine Fomba,AS Saint-Étienne,Ligue1,27 years old (26-01-1998),"1,88m",France,Defensive Midfielder (C),Defensive Midfield,right,3(4),216.0,-,-,2,-,84,0.4,-,6.06,"Jun 30, 2026",€700k,0.1,-,-,-,-,0.1,-,0.1,-,0.4,0.1,0.3,1.1,0.3,1.4,0.4,1,1.1,0.7,1.9,0.6,0.3,1.9,0.1,0.7,0.1,-,0.9,-,-,-,-,20.6,1.1,0.9,16.1,2.4,0.1,-,0.1,-,-,-,-,-,-,-
2944,Falaye Sacko,Montpellier HSC,Ligue1,29 years old (01-05-1995),"1,80m",Mali,"Defender (Centre, Left, Right), Midfielder (Right)",Right-Back,right,14(2),1236.0,-,1,1,-,84.6,0.6,-,6.05,"Jun 30, 2026",€2.00m,-,-,-,-,-,-,-,-,-,0.6,0.4,0.2,0.7,0.1,1.5,0.6,0.9,0.9,0.6,1.5,0.8,0.4,0.9,0.1,1.4,0.5,-,0.8,-,-,-,-,35.3,1.2,1.3,28.7,4.1,0.6,-,0.6,0.1,0.1,-,-,-,-,-
2945,Steve Ngoura,Cercle Bruges,Ligue1,20 years old (22-02-2005),185cm,France,Forward,,,2(6),284.0,-,-,-,-,67.3,0.6,-,6.05,,,1.3,-,-,-,-,1.3,1,0.1,0.1,1.5,0.6,0.9,1.8,1.1,1.4,0.6,0.8,0.5,-,0.5,-,0.1,0.6,0.3,0.3,0.1,-,0.1,-,-,-,-,6.9,0.1,-,4.5,2.3,0.3,-,0.3,-,-,-,-,-,-,-
2946,Saliou Diop,Stade Brestois 29,Ligue1,19 years old (12-05-2005),193cm,Senegal,Forward,,,0(2),3.0,-,-,-,-,100,-,-,6.05,,,-,-,-,-,-,-,-,-,-,-,-,-,1,-,-,-,-,0.5,-,0.5,-,-,-,-,-,-,-,0.5,-,-,-,-,1,-,-,1,-,-,-,-,-,-,-,-,-,-,-
2947,Naouirou Ahamada,Stade Rennais FC,Ligue1,23 years old (29-03-2002),"1,83m",France,Midfielder (Centre),Central Midfield,right,0(3),55.0,-,-,-,-,81,-,-,6.04,"Jun 30, 2025",€5.00m,0.3,-,-,-,-,0.3,-,0.3,-,0.3,0.3,-,0.3,0.3,0.3,-,0.3,-,-,-,0.7,-,0.3,-,0.3,-,0.3,-,-,-,-,-,7,-,0.3,5.7,1,-,-,-,-,-,-,-,-,-,-
2948,Álex Domínguez,FC Toulouse,Ligue1,26 years old (30-07-1998),187cm,Spain,Goalkeeper,,,0(1),18.0,-,-,-,-,70,-,-,6.04,,,-,-,-,-,-,-,-,-,-,-,-,-,-,-,-,-,-,-,-,-,-,-,-,-,-,-,-,-,-,-,-,-,10,2,3,5,-,-,-,-,-,-,-,-,-,-,-
2949,Sidiki Cherif,Angers SCO,Ligue1,18 years old (15-12-2006),"1,85m",France,Forward,Centre-Forward,right,3(4),322.0,-,-,-,-,56.1,0.4,-,6.04,"Jun 30, 2028",€1.00m,0.7,-,-,-,-,0.7,0.1,0.6,-,1.7,1.3,0.4,1.6,1.3,2.7,0.4,2.3,0.7,0.1,0.9,-,1.1,0.6,0.7,-,0.1,-,0.4,-,-,-,-,8.1,-,-,4.6,3.6,0.3,-,0.3,-,-,-,-,-,-,-
2950,Yoann Cisse,AJ Auxerre,Ligue1,20 years old (13-12-2004),175cm,France,Midfielder,,,0(2),4.0,-,-,-,-,66.7,-,-,6.04,,,-,-,-,-,-,-,-,-,-,-,-,-,0.5,-,-,-,-,-,-,-,0.5,-,-,-,-,-,-,-,-,-,-,-,1.5,-,-,1,0.5,-,-,-,-,-,-,-,-,-,-
2951,Jean-Philippe Gbamin,FC Zuerich,Ligue1,29 years old (25-09-1995),186cm,Ivory Coast,"Defender (Centre, Right), Defensive Midfielder (C)",,,2(12),210.0,-,-,1,-,78.3,0.5,-,6.03,,,0.1,-,-,-,-,0.1,0.1,-,0.1,0.1,0.1,0.1,0.4,0.1,0.7,0.5,0.2,0.1,0.2,0.4,0.2,0.4,0.2,-,0.1,0.1,-,0.2,-,-,-,-,8.2,0.1,0.4,6.3,1.4,-,-,-,-,-,-,-,-,-,-
2952,Junior Ndiaye,Montpellier HSC,Ligue1,20 years old (29-03-2005),180cm,U.A.E.,Forward,,,2(10),256.0,-,-,-,-,64.6,0.4,-,6.03,,,0.3,-,-,-,-,0.3,0.1,0.1,0.1,0.2,0.2,-,0.6,0.2,1.4,0.4,1,0.1,0.1,0.2,-,0.5,0.6,0.3,0.2,0.1,-,-,-,-,-,-,4,-,-,2.6,1.4,0.2,-,0.2,-,-,-,-,-,-,-
2953,Djylian N'Guessan,AS Saint-Étienne,Ligue1,16 years old (30-08-2008),-,,Forward,Centre-Forward,right,2(4),127.0,-,-,-,-,85.4,0.3,-,6.03,"Jun 30, 2027",€800k,0.5,-,-,-,-,0.5,0.5,-,-,1,0.8,0.2,0.7,0.3,1,0.3,0.7,0.5,0.3,0.8,-,0.2,-,-,0.2,-,-,0.2,-,-,-,-,6.8,-,-,5.8,1,0.2,-,0.2,-,-,-,-,-,-,-
2954,Enzo Sternal,Olympique Marseille,Ligue1,17 years old (28-05-2007),174cm,,Forward,,,0(2),22.0,-,-,1,-,87.5,-,-,6.03,,,-,-,-,-,-,-,-,-,-,1.5,1,0.5,1,-,0.5,-,0.5,-,-,-,-,-,-,-,-,-,-,-,-,-,-,-,4,-,0.5,3.5,-,0.5,-,0.5,-,-,-,-,-,-,-
2955,Zinédine Ould Khaled,Angers SCO,Ligue1,25 years old (14-01-2000),"1,95m",France,Defender,Defensive Midfield,right,3(4),247.0,-,-,1,-,90,0.1,-,6.03,"Jun 30, 2025",€300k,-,-,-,-,-,-,-,-,-,0.4,0.4,-,0.4,0.3,0.7,0.1,0.6,1,1.3,2.3,0.3,0.3,1,-,0.9,-,-,0.6,-,-,-,-,14.3,0.4,0.1,12.4,1.3,-,-,-,-,-,-,-,-,-,-
2956,Ilyes Housni,Le Havre AC,Ligue1,19 years old (14-05-2005),"1,72m",,Forward,Centre-Forward,right,3(9),228.0,-,-,-,-,64.4,-,-,6.03,"Jun 30, 2025",€2.00m,0.4,-,-,-,-,0.4,0.4,-,-,1,0.8,0.3,0.6,0.8,0.7,-,0.7,0.6,0.2,0.8,0.1,0.4,0.4,0.1,0.1,-,0.1,0.2,-,-,-,-,4.9,-,0.1,3.2,1.7,0.2,-,0.2,-,-,-,-,-,-,-
2957,Bamo Meïté,Montpellier HSC,Ligue1,23 years old (03-12-2001),"1,84m",,Defender (Centre),Centre-Back,right,0(3),24.0,-,-,-,-,91.7,0.3,-,6.02,"Jun 30, 2025",€5.00m,-,-,-,-,-,-,-,-,-,0.3,0.3,-,-,-,0.3,0.3,-,-,-,-,-,0.3,0.3,-,-,-,0.3,-,-,-,-,-,8,-,-,7.3,0.7,-,-,-,-,-,-,-,-,-,-
2958,Mohamed Bamba,Gil Vicente,Ligue1,20 years old (08-10-2004),177cm,Ivory Coast,Defensive Midfielder (C),,,0(2),9.0,-,-,-,-,84.2,-,-,6.02,,,-,-,-,-,-,-,-,-,-,-,-,-,-,-,1,-,1,-,0.5,0.5,-,-,-,-,0.5,0.5,-,0.5,-,-,-,-,9.5,1.5,-,6.5,1.5,-,-,-,-,-,-,-,-,-,-
2959,Hafiz Ibrahim,Stade Reims,Ligue1,19 years old (20-12-2005),190cm,,Forward,,,2(6),327.0,-,1,-,1,60.5,1,-,6.01,,,0.8,-,-,-,-,0.8,0.8,-,-,1,0.6,0.4,2,1,3.4,1,2.4,0.1,0.6,0.8,0.1,0.3,1.3,0.3,0.6,0.3,0.1,0.3,-,-,-,-,4.8,-,-,2.9,1.9,0.4,-,0.4,0.1,-,-,-,-,-,0.1
2960,Gauthier Gallon,Stade Rennais FC,Ligue1,32 years old (23-04-1993),"1,87m",France,Goalkeeper,Goalkeeper,right,0(1),45.0,-,-,-,-,82.4,-,-,6.01,"Jun 30, 2027",€1.00m,-,-,-,-,-,-,-,-,-,-,-,-,-,-,-,-,-,-,-,-,-,-,-,-,-,-,-,-,-,-,-,-,17,-,3,14,-,-,-,-,-,-,-,-,-,-,-
2961,Jibril Othman,AS Saint-Étienne,Ligue1,21 years old (26-04-2004),177cm,Tunisia,Forward,,,0(1),4.0,-,-,-,-,100,-,-,6.01,,,-,-,-,-,-,-,-,-,-,-,-,-,-,-,-,-,-,-,-,-,-,-,-,-,-,-,-,-,-,-,-,-,1,-,-,1,-,-,-,-,-,-,-,-,-,-,-
2962,Jordan Lotomba,Feyenoord,Ligue1,26 years old (29-09-1998),177cm,Switzerland,"Defender (Left, Right), Midfielder (Right)",,,0(2),33.0,-,-,-,-,88.2,-,-,6.01,,,-,-,-,-,-,-,-,-,-,1.5,1,0.5,-,0.5,-,-,-,-,-,-,-,-,1,0.5,0.5,-,-,-,-,-,-,-,8.5,-,-,7.5,1,-,-,-,-,-,-,-,-,-,-
2963,Thomas Delaine,RC Strasbourg Alsace,Ligue1,33 years old (24-03-1992),"1,80m",France,"Defender (Left), Midfielder (Left, Right)",Left-Back,left,0(2),8.0,-,-,-,-,-,-,-,6.01,"Jun 30, 2025",€800k,-,-,-,-,-,-,-,-,-,-,-,-,-,-,-,-,-,0.5,-,0.5,0.5,-,0.5,-,0.5,-,-,-,-,-,-,-,1.5,-,1,-,0.5,-,-,-,-,-,-,-,-,-,-
2964,Adryelson,Anderlecht,Ligue1,27 years old (23-03-1998),183cm,Brazil,Defender (Centre),,,0(1),1.0,-,-,1,-,33.3,1,-,6.0,,,-,-,-,-,-,-,-,-,-,-,-,-,-,-,1,1,-,-,-,-,1,-,-,-,1,-,-,-,-,-,-,-,3,-,-,1,2,-,-,-,-,-,-,-,-,-,-
2965,Alexi Koum,Olympique Marseille,Ligue1,19 years old (05-02-2006),180cm,,Defender,,,0(1),11.0,-,-,-,-,85.7,-,-,6.0,,,-,-,-,-,-,-,-,-,-,-,-,-,-,1,-,-,-,-,-,-,-,-,-,-,-,-,-,-,-,-,-,-,7,-,-,6,1,-,-,-,-,-,-,-,-,-,-
2966,Anthony Briançon,AS Saint-Étienne,Ligue1,30 years old (29-11-1994),"1,85m",France,Defender (Centre),Centre-Back,right,0(1),1.0,-,-,-,-,-,-,-,6.0,"Jun 30, 2026",€500k,-,-,-,-,-,-,-,-,-,-,-,-,-,-,-,-,-,-,-,-,-,-,-,-,-,-,-,-,-,-,-,-,-,-,-,-,-,-,-,-,-,-,-,-,-,-,-
2967,Loïs Diony,Angers SCO,Ligue1,32 years old (20-12-1992),183cm,France,"Attacking Midfielder (Left), Forward",,,0(1),20.0,-,-,-,-,25,1,-,6.0,,,-,-,-,-,-,-,-,-,-,-,-,-,2,-,1,1,-,-,-,-,-,-,-,-,-,-,-,-,-,-,-,-,4,-,-,1,3,-,-,-,-,-,-,-,-,-,-
2968,Mohamed Daramy,Stade Reims,Ligue1,23 years old (07-01-2002),"1,80m",Denmark,"Attacking Midfielder (Left), Forward",Left Winger,right,0(2),14.0,-,-,-,-,100,0.5,-,6.0,"Jun 30, 2028",€5.00m,0.5,-,-,-,-,0.5,0.5,-,-,-,-,-,1,0.5,1.5,0.5,1,-,-,-,-,-,-,-,0.5,-,-,-,-,-,-,-,2,-,-,2,-,0.5,-,0.5,-,-,-,-,-,-,-
2969,Ibrahima Wadji,AS Saint-Étienne,Ligue1,29 years old (05-05-1995),"1,75m",Senegal,Forward,Centre-Forward,right,0(7),143.0,-,-,-,-,76,0.3,-,6.0,"Jun 30, 2025",€800k,0.9,-,-,-,-,0.9,0.6,0.1,0.1,0.9,0.1,0.7,1.4,0.9,0.9,0.3,0.6,0.7,0.6,1.3,-,0.3,0.6,0.4,-,-,-,-,-,-,-,-,3.6,-,-,2.7,0.9,0.1,-,0.1,-,-,-,-,-,-,-
2970,Darryl Bakola,Olympique Marseille,Ligue1,17 years old (30-11-2007),"1,78m",France,Midfielder,Attacking Midfield,right,1(2),13.0,-,-,1,-,92.3,-,-,5.99,"Jun 30, 2027",€200k,-,-,-,-,-,-,-,-,-,0.3,0.3,-,-,0.3,-,-,-,0.3,-,0.3,-,-,1,-,-,-,-,-,-,-,-,-,4.3,-,-,4,0.3,-,-,-,-,-,-,-,-,-,-
2971,Milos Lukovic,SC Heerenveen,Ligue1,19 years old (18-11-2005),184cm,Serbia,Forward,,,0(2),11.0,-,-,-,-,66.7,-,-,5.98,,,-,-,-,-,-,-,-,-,-,-,-,-,0.5,-,-,-,-,-,-,-,-,-,-,-,-,-,-,-,-,-,-,-,1.5,-,-,1,0.5,-,-,-,-,-,-,-,-,-,-
2972,Jérémy Le Douaron,Palermo,Ligue1,27 years old (21-04-1998),189cm,France,"Attacking Midfielder (Left), Forward",,,1(1),101.0,-,-,-,-,78.6,1.5,-,5.98,,,1,-,-,-,-,1,1,-,-,0.5,0.5,-,0.5,0.5,2.5,1.5,1,0.5,0.5,1,-,-,1,1,-,-,-,0.5,-,-,-,-,7,-,-,5.5,1.5,-,-,-,-,-,-,-,-,-,-
2973,Ayman Aiki,SC Bastia,Ligue1,19 years old (25-06-2005),178cm,France,Forward,,,1(4),124.0,-,-,-,-,60.7,0.2,-,5.97,,,0.6,-,-,-,-,0.6,0.2,0.4,-,0.8,0.8,-,1,1.4,1,0.2,0.8,0.6,-,0.6,0.2,0.2,0.8,-,-,-,-,0.2,-,-,-,-,5.6,0.2,0.4,3.2,1.8,0.2,-,0.2,-,-,-,-,-,-,-
2974,Ange-Loïc N’Gatta,AJ Auxerre,Ligue1,21 years old (11-12-2003),"1,75m",,Defender,Right-Back,right,0(2),11.0,-,-,1,-,90.9,-,-,5.97,"Jun 30, 2025",€100k,-,-,-,-,-,-,-,-,-,-,-,-,0.5,1,-,-,-,0.5,0.5,1,-,-,0.5,-,0.5,-,-,0.5,-,-,-,-,5.5,0.5,0.5,4.5,-,-,-,-,-,-,-,-,-,-,-
2975,Marius Courcoul,Angers SCO,Ligue1,18 years old (01-01-2007),182cm,France,Defender,,,0(5),68.0,-,-,-,-,77.1,0.4,-,5.97,,,-,-,-,-,-,-,-,-,-,0.6,0.4,0.2,0.2,-,0.6,0.4,0.2,0.4,0.4,0.8,-,0.2,0.6,-,0.2,-,-,0.2,-,-,-,-,9.6,0.2,0.6,7.2,1.6,-,-,-,-,-,-,-,-,-,-
2976,Aaron Malouda,Nimes,Ligue1,19 years old (30-11-2005),183cm,France,Forward,,,0(1),1.0,-,-,-,-,-,-,-,5.97,,,-,-,-,-,-,-,-,-,-,-,-,-,-,1,-,-,-,-,-,-,-,-,-,-,-,-,-,-,-,-,-,-,-,-,-,-,-,-,-,-,-,-,-,-,-,-,-
2977,Aloïs Confais,Le Havre AC,Ligue1,28 years old (07-09-1996),"1,74m",France,"Defender (Right), Defensive Midfielder (C)",Defensive Midfield,right,0(1),2.0,-,-,-,-,50,-,-,5.97,"Jun 30, 2025",€200k,-,-,-,-,-,-,-,-,-,-,-,-,-,-,-,-,-,-,-,-,-,-,1,1,-,-,-,-,-,-,-,-,2,-,-,1,1,-,-,-,-,-,-,-,-,-,-
2978,Kyogo Furuhashi,Stade Rennais FC,Ligue1,30 years old (20-01-1995),"1,70m",Japan,Forward,Centre-Forward,right,1(5),121.0,-,-,-,-,27.3,0.3,-,5.97,"Jun 30, 2027",€12.00m,0.2,-,-,-,-,0.2,-,0.2,-,-,-,-,0.5,0.2,0.7,0.3,0.3,0.3,-,0.3,-,0.3,0.7,-,-,-,-,-,-,-,-,-,1.8,-,0.3,0.5,1,-,-,-,-,-,-,-,-,-,-
2979,Rudy Matondo,AJ Auxerre,Ligue1,17 years old (13-03-2008),,,Midfielder,,,0(4),46.0,-,-,1,-,94.7,-,-,5.97,,,-,-,-,-,-,-,-,-,-,0.3,0.3,-,0.3,-,-,-,-,-,0.3,0.3,-,0.5,0.8,-,-,-,0.3,-,-,-,-,-,4.8,-,-,4.5,0.3,-,-,-,-,-,-,-,-,-,-
2980,Gabin Capuano,RC Lens,Ligue1,19 years old (26-04-2006),185cm,France,Forward,,,0(1),10.0,-,-,-,-,100,-,-,5.96,,,-,-,-,-,-,-,-,-,-,-,-,-,1,-,-,-,-,-,-,-,-,-,1,-,-,-,-,-,-,-,-,-,2,-,-,2,-,-,-,-,-,-,-,-,-,-,-
2981,Kembo Diliwidi,RC Lens,Ligue1,19 years old (03-02-2006),180cm,,Forward,,,0(1),3.0,-,-,-,-,100,-,-,5.96,,,-,-,-,-,-,-,-,-,-,1,1,-,-,-,-,-,-,-,-,-,-,-,1,-,-,-,-,-,-,-,-,-,2,-,-,2,-,-,-,-,-,-,-,-,-,-,-
2982,Faris Moumbagna,Olympique Marseille,Ligue1,24 years old (01-07-2000),"1,85m",Cameroon,Forward,Centre-Forward,left,0(1),8.0,-,-,-,-,-,-,-,5.95,"Jun 30, 2028",€8.00m,-,-,-,-,-,-,-,-,-,-,-,-,-,1,-,-,-,-,-,-,-,-,1,-,-,-,-,-,-,-,-,-,-,-,-,-,-,-,-,-,-,-,-,-,-,-,-
2983,Théo Chennahi,Montpellier HSC,Ligue1,20 years old (06-02-2005),182cm,France,Midfielder,,,0(2),6.0,-,-,1,-,100,-,-,5.95,,,-,-,-,-,-,-,-,-,-,-,-,-,-,-,-,-,-,-,-,-,-,0.5,1,-,-,-,-,0.5,-,-,-,-,1,-,-,1,-,-,-,-,-,-,-,-,-,-,-
2984,Aristide Zossou,AJ Auxerre,Ligue1,19 years old (14-06-2005),"1,78m",Ivory Coast,Midfielder,Left Winger,right,0(3),13.0,-,-,-,-,94.1,-,-,5.94,"Jun 30, 2029",€100k,-,-,-,-,-,-,-,-,-,0.3,0.3,-,-,0.3,-,-,-,-,-,-,-,-,0.7,-,-,-,-,-,-,-,-,-,5.7,0.3,-,5,0.3,-,-,-,-,-,-,-,-,-,-
2985,Mathéo Bodmer,Le Havre AC,Ligue1,20 years old (06-05-2004),179cm,France,Midfielder,,,0(1),5.0,-,-,-,-,100,-,-,5.94,,,-,-,-,-,-,-,-,-,-,-,-,-,-,-,-,-,-,-,-,-,-,-,1,-,1,-,-,-,-,-,-,-,2,-,-,2,-,-,-,-,-,-,-,-,-,-,-
2986,Simon Cara,Montpellier HSC,Ligue1,19 years old (31-05-2005),182cm,,Forward,,,0(2),7.0,-,-,-,-,66.7,-,-,5.94,,,-,-,-,-,-,-,-,-,-,0.5,0.5,-,-,-,-,-,-,-,-,-,-,-,-,-,-,-,-,-,-,-,-,-,3,-,-,2,1,-,-,-,-,-,-,-,-,-,-
2987,Wilfried Ndollo Bille,Montpellier HSC,Ligue1,20 years old (15-04-2005),172cm,,Defender,,,3(2),265.0,-,-,-,-,80.4,-,-,5.93,,,-,-,-,-,-,-,-,-,-,0.8,0.6,0.2,0.8,0.8,1.4,-,1.4,0.8,0.2,1,0.6,0.8,0.8,-,1.2,0.2,0.6,0.8,-,-,-,-,18.4,0.2,1.4,14.6,2.2,-,-,-,-,-,-,-,-,-,-
2988,Saïmon Bouabré,AS Monaco,Ligue1,18 years old (01-06-2006),174cm,,Midfielder,,,1(1),72.0,-,-,-,-,66.7,-,-,5.92,,,-,-,-,-,-,-,-,-,-,1,1,-,1,0.5,1.5,-,1.5,-,1.5,1.5,-,1,0.5,-,-,-,-,0.5,-,-,-,-,10.5,-,0.5,7,3,-,-,-,-,-,-,-,-,-,-
2989,Stefan Dzodic,Montpellier HSC,Ligue1,20 years old (15-03-2005),190cm,Serbia,Midfielder,,,2(3),190.0,-,-,2,1,91.1,0.4,-,5.91,,,0.4,-,-,-,-,0.4,0.2,0.2,-,-,-,-,-,-,1.4,0.4,1,1.2,0.4,1.6,0.8,0.4,0.8,-,1.6,0.8,-,0.2,-,-,-,-,24.6,0.6,1,21.8,1.2,-,-,-,-,-,-,-,-,-,-
2990,Niama Sissoko,Stade Reims,Ligue1,19 years old (16-12-2005),186cm,Mali,Forward,,,0(4),45.0,-,-,-,-,63.6,0.3,-,5.91,,,0.8,-,-,-,-,0.8,0.8,-,-,0.5,0.5,-,1,0.5,1,0.3,0.8,-,-,-,-,-,0.8,-,-,-,-,0.3,-,-,-,-,2.8,0.3,-,1.5,1,-,-,-,-,-,-,-,-,-,-
2991,Eros Maddy,AJ Auxerre,Ligue1,24 years old (05-02-2001),"1,77m",Netherlands,Forward,Right Winger,right,0(2),13.0,-,-,1,-,100,-,-,5.9,"Jun 30, 2027",€200k,-,-,-,-,-,-,-,-,-,0.5,0.5,-,0.5,0.5,-,-,-,-,-,-,-,-,1.5,-,-,-,-,-,-,-,-,-,3,-,-,3,-,0.5,-,0.5,-,-,-,-,-,-,-
2992,Mahamadou Diawara,Le Havre AC,Ligue1,20 years old (17-02-2005),"1,87m",France,Midfielder (Centre),Central Midfield,left,0(2),15.0,-,-,-,-,85.7,-,-,5.9,"Jun 30, 2025",€2.50m,-,-,-,-,-,-,-,-,-,-,-,-,-,0.5,-,-,-,0.5,1,1.5,-,-,0.5,-,-,-,-,1,-,-,-,-,3.5,0.5,-,2.5,0.5,-,-,-,-,-,-,-,-,-,-
2993,Ikechukwu Orazi,Stade Reims,Ligue1,17 years old (11-06-2007),176cm,,Forward,,,0(1),2.0,-,-,-,-,100,-,-,5.89,,,-,-,-,-,-,-,-,-,-,1,1,-,-,-,-,-,-,-,-,-,-,-,-,-,-,-,-,-,-,-,-,-,1,-,-,1,-,-,-,-,-,-,-,-,-,-,-
2994,Karol Fila,FCV Dender EH,Ligue1,26 years old (13-06-1998),183cm,Poland,"Defender (Centre, Right), Midfielder (Right)",,,0(1),4.0,-,-,1,-,50,-,-,5.89,,,-,-,-,-,-,-,-,-,-,-,-,-,-,-,-,-,-,-,-,-,-,-,-,-,-,-,-,-,-,-,-,-,4,-,1,2,1,-,-,-,-,-,-,-,-,-,-
2995,Kandet Diawara,Pau,Ligue1,25 years old (10-02-2000),180cm,France,Forward,,,0(1),3.0,-,-,-,-,50,-,-,5.88,,,-,-,-,-,-,-,-,-,-,-,-,-,-,2,-,-,-,-,-,-,-,-,-,-,-,-,1,1,-,-,-,-,2,-,-,1,1,-,-,-,-,-,-,-,-,-,-
2996,Bernard Nguene,OGC Nice,Ligue1,18 years old (04-08-2006),178cm,Cameroon,Forward,,,0(1),13.0,-,-,-,-,100,-,-,5.87,,,-,-,-,-,-,-,-,-,-,1,1,-,1,-,2,-,2,-,-,-,-,-,1,-,-,-,-,-,-,-,-,-,2,-,-,2,-,-,-,-,-,-,-,-,-,-,-
2997,Paul Akouokou,Olympique Lyon,Ligue1,27 years old (20-12-1997),"1,81m",Ivory Coast,Defensive Midfielder (C),Defensive Midfield,right,0(2),19.0,-,-,1,-,66.7,-,-,5.79,"Jun 30, 2027",€800k,-,-,-,-,-,-,-,-,-,-,-,-,0.5,-,-,-,-,0.5,-,0.5,0.5,-,1.5,-,-,-,-,-,-,-,-,-,7.5,0.5,-,4.5,2.5,-,-,-,-,-,-,-,-,-,-
2998,Bamo Meïté,Montpellier HSC,Ligue1,23 years old (03-12-2001),"1,84m",,Defender (Centre),Centre-Back,right,6,413.0,-,-,2,1,88.6,1,-,5.76,"Jun 30, 2025",€5.00m,0.2,-,-,-,-,0.2,0.2,-,-,0.2,-,0.2,0.5,0.5,2.2,1,1.2,0.7,0.2,0.8,0.5,0.7,1.2,-,2.2,0.5,-,-,-,-,-,-,26.3,0.5,0.5,22.8,2.5,-,-,-,-,-,-,-,-,-,-
2999,Élysée Logbo,Le Havre AC,Ligue1,20 years old (06-05-2004),"1,88m",France,Forward,Centre-Forward,left,0(1),26.0,-,-,-,-,75,-,-,5.67,"Jun 30, 2027",€600k,1,-,-,-,-,1,-,-,1,-,-,-,-,3,2,-,2,-,-,-,-,-,-,-,-,-,-,-,-,-,-,-,4,-,-,3,1,-,-,-,-,-,-,-,-,-,-
3000,Zabi Gueu,Stade Reims,Ligue1,18 years old (24-09-2006),191cm,,Midfielder,,,0(2),18.0,-,-,-,1,75,-,-,5.46,,,-,-,-,-,-,-,-,-,-,-,-,-,-,-,-,-,-,-,-,-,-,-,0.5,-,0.5,-,-,-,-,-,-,-,6,-,0.5,4.5,1,-,-,-,-,-,-,-,-,-,-
3001,Nathan Buayi-Kiala,AJ Auxerre,Ligue1,,"1,77m",,,Defensive Midfield,right,,,,,,,,,,,"Jun 30, 2026",€150k,,,,,,,,,,,,,,,,,,,,,,,,,,,,,,,,,,,,,,,,,,,,,,,
3002,Raphaël Adiceam,AJ Auxerre,Ligue1,,"1,79m",,,Goalkeeper,left,,,,,,,,,,,"Jun 30, 2025",€50k,,,,,,,,,,,,,,,,,,,,,,,,,,,,,,,,,,,,,,,,,,,,,,,
3003,Yann Lienard,AS Monaco,Ligue1,,"1,94m",,,Goalkeeper,right,,,,,,,,,,,"Jun 30, 2027",€200k,,,,,,,,,,,,,,,,,,,,,,,,,,,,,,,,,,,,,,,,,,,,,,,
3004,Edan Diop,AS Monaco,Ligue1,,"1,73m",,,Central Midfield,right,,,,,,,,,,,"Jun 30, 2028",€1.50m,,,,,,,,,,,,,,,,,,,,,,,,,,,,,,,,,,,,,,,,,,,,,,,
3005,Moatasem Al-Musrati,AS Monaco,Ligue1,,"1,89m",,,Defensive Midfield,right,,,,,,,,,,,"Jun 30, 2025",€10.00m,,,,,,,,,,,,,,,,,,,,,,,,,,,,,,,,,,,,,,,,,,,,,,,
3006,Boubacar Fall,AS Saint-Étienne,Ligue1,,"1,98m",,,Goalkeeper,left,,,,,,,,,,,"Jun 30, 2025",€100k,,,,,,,,,,,,,,,,,,,,,,,,,,,,,,,,,,,,,,,,,,,,,,,
3007,Brice Maubleu,AS Saint-Étienne,Ligue1,,"1,92m",,,Goalkeeper,right,,,,,,,,,,,"Jun 30, 2026",€300k,,,,,,,,,,,,,,,,,,,,,,,,,,,,,,,,,,,,,,,,,,,,,,,
3008,Justin Kalumba,Angers SCO,Ligue1,,"1,71m",,,Right Winger,left,,,,,,,,,,,"Jun 30, 2026",€600k,,,,,,,,,,,,,,,,,,,,,,,,,,,,,,,,,,,,,,,,,,,,,,,
3009,Halid Sabanovic,Angers SCO,Ligue1,,"1,82m",,,Right-Back,right,,,,,,,,,,,"Jun 30, 2025",€200k,,,,,,,,,,,,,,,,,,,,,,,,,,,,,,,,,,,,,,,,,,,,,,,
3010,Ousmane Camara,Angers SCO,Ligue1,,"1,97m",,,Centre-Back,right,,,,,,,,,,,"Jun 30, 2026",€500k,,,,,,,,,,,,,,,,,,,,,,,,,,,,,,,,,,,,,,,,,,,,,,,
3011,Adrien Hunou,Angers SCO,Ligue1,,"1,79m",,,Centre-Forward,right,,,,,,,,,,,"Jun 30, 2025",€500k,,,,,,,,,,,,,,,,,,,,,,,,,,,,,,,,,,,,,,,,,,,,,,,
3012,Melvin Zinga,Angers SCO,Ligue1,,"1,87m",,,Goalkeeper,left,,,,,,,,,,,"Jun 30, 2026",€250k,,,,,,,,,,,,,,,,,,,,,,,,,,,,,,,,,,,,,,,,,,,,,,,
3013,Hugo Barbet,FC Nantes,Ligue1,,"1,89m",,,Goalkeeper,right,,,,,,,,,,,"Jun 30, 2026",€100k,,,,,,,,,,,,,,,,,,,,,,,,,,,,,,,,,,,,,,,,,,,,,,,
3014,Justin Lacombe,FC Toulouse,Ligue1,,"1,92m",,,Goalkeeper,right,,,,,,,,,,,"Jun 30, 2026",€50k,,,,,,,,,,,,,,,,,,,,,,,,,,,,,,,,,,,,,,,,,,,,,,,
3015,Vito Mannone,LOSC Lille,Ligue1,,"1,88m",,,Goalkeeper,right,,,,,,,,,,,"Jun 30, 2025",€200k,,,,,,,,,,,,,,,,,,,,,,,,,,,,,,,,,,,,,,,,,,,,,,,
3016,Marc-Aurèle Caillard,LOSC Lille,Ligue1,,"1,92m",,,Goalkeeper,right,,,,,,,,,,,"Jun 30, 2025",€150k,,,,,,,,,,,,,,,,,,,,,,,,,,,,,,,,,,,,,,,,,,,,,,,
3017,Samuel Umtiti,LOSC Lille,Ligue1,,"1,82m",,,Centre-Back,left,,,,,,,,,,,"Jun 30, 2025",€2.00m,,,,,,,,,,,,,,,,,,,,,,,,,,,,,,,,,,,,,,,,,,,,,,,
3018,Ismaïl Bouneb,Le Havre AC,Ligue1,,"1,82m",,,Attacking Midfield,right,,,,,,,,,,,"Jun 30, 2028",€50k,,,,,,,,,,,,,,,,,,,,,,,,,,,,,,,,,,,,,,,,,,,,,,,
3019,Ahmed Hassan,Le Havre AC,Ligue1,,"1,91m",,,Centre-Forward,right,,,,,,,,,,,"Jun 30, 2025",€900k,,,,,,,,,,,,,,,,,,,,,,,,,,,,,,,,,,,,,,,,,,,,,,,
3020,Yann Kitala,Le Havre AC,Ligue1,,"1,86m",,,Centre-Forward,left,,,,,,,,,,,"Jun 30, 2025",€500k,,,,,,,,,,,,,,,,,,,,,,,,,,,,,,,,,,,,,,,,,,,,,,,
3021,Oualid El Hajjam,Le Havre AC,Ligue1,,"1,81m",,,Right-Back,right,,,,,,,,,,,"Jun 30, 2026",€400k,,,,,,,,,,,,,,,,,,,,,,,,,,,,,,,,,,,,,,,,,,,,,,,
3022,Christopher Jullien,Montpellier HSC,Ligue1,,"1,96m",,,Centre-Back,right,,,,,,,,,,,"Jun 30, 2025",€1.50m,,,,,,,,,,,,,,,,,,,,,,,,,,,,,,,,,,,,,,,,,,,,,,,
3023,Belmin Dizdarevic,Montpellier HSC,Ligue1,,"1,89m",,,Goalkeeper,right,,,,,,,,,,,"Jun 30, 2028",€150k,,,,,,,,,,,,,,,,,,,,,,,,,,,,,,,,,,,,,,,,,,,,,,,
3024,Teddy Boulhendi,OGC Nice,Ligue1,,"1,85m",,,Goalkeeper,,,,,,,,,,,,"Jun 30, 2025",€100k,,,,,,,,,,,,,,,,,,,,,,,,,,,,,,,,,,,,,,,,,,,,,,,
3025,Maxime Dupé,OGC Nice,Ligue1,,"1,88m",,,Goalkeeper,right,,,,,,,,,,,"Jun 30, 2026",€1.20m,,,,,,,,,,,,,,,,,,,,,,,,,,,,,,,,,,,,,,,,,,,,,,,
3026,Lassine Diarra,Olympique Lyon,Ligue1,,"1,90m",,,Goalkeeper,right,,,,,,,,,,,"Jun 30, 2027",€25k,,,,,,,,,,,,,,,,,,,,,,,,,,,,,,,,,,,,,,,,,,,,,,,
3027,Enzo Molebe,Olympique Lyon,Ligue1,,-,,,Centre-Forward,right,,,,,,,,,,,"Jun 30, 2027",€100k,,,,,,,,,,,,,,,,,,,,,,,,,,,,,,,,,,,,,,,,,,,,,,,
3028,Chancel Mbemba,Olympique Marseille,Ligue1,,"1,82m",,,Centre-Back,right,,,,,,,,,,,"Jun 30, 2025",€3.00m,,,,,,,,,,,,,,,,,,,,,,,,,,,,,,,,,,,,,,,,,,,,,,,
3029,Jelle Van Neck,Olympique Marseille,Ligue1,,"1,91m",,,Goalkeeper,right,,,,,,,,,,,"Jun 30, 2027",€100k,,,,,,,,,,,,,,,,,,,,,,,,,,,,,,,,,,,,,,,,,,,,,,,
3030,Rubén Blanco,Olympique Marseille,Ligue1,,"1,88m",,,Goalkeeper,right,,,,,,,,,,,"Jun 30, 2026",€1.50m,,,,,,,,,,,,,,,,,,,,,,,,,,,,,,,,,,,,,,,,,,,,,,,
3031,Jeffrey de Lange,Olympique Marseille,Ligue1,,"1,90m",,,Goalkeeper,right,,,,,,,,,,,"Jun 30, 2027",€2.50m,,,,,,,,,,,,,,,,,,,,,,,,,,,,,,,,,,,,,,,,,,,,,,,
3032,Arnau Tenas,Paris Saint-Germain,Ligue1,,"1,85m",,,Goalkeeper,right,,,,,,,,,,,"Jun 30, 2026",€4.00m,,,,,,,,,,,,,,,,,,,,,,,,,,,,,,,,,,,,,,,,,,,,,,,
3033,Denis Petric,RC Lens,Ligue1,,"1,86m",,,Goalkeeper,right,,,,,,,,,,,"Jun 30, 2025",€100k,,,,,,,,,,,,,,,,,,,,,,,,,,,,,,,,,,,,,,,,,,,,,,,
3034,Nidal Celik,RC Lens,Ligue1,,"1,92m",,,Centre-Back,right,,,,,,,,,,,"Jun 30, 2029",€1.80m,,,,,,,,,,,,,,,,,,,,,,,,,,,,,,,,,,,,,,,,,,,,,,,
3035,Moïse Sahi Dion,RC Strasbourg Alsace,Ligue1,,"1,75m",,,Centre-Forward,left,,,,,,,,,,,"Jun 30, 2026",€1.50m,,,,,,,,,,,,,,,,,,,,,,,,,,,,,,,,,,,,,,,,,,,,,,,
3036,Yoni Gomis,RC Strasbourg Alsace,Ligue1,,"1,86m",,,Centre-Back,left,,,,,,,,,,,"Jun 30, 2029",€1.00m,,,,,,,,,,,,,,,,,,,,,,,,,,,,,,,,,,,,,,,,,,,,,,,
3037,Alaa Bellaarouch,RC Strasbourg Alsace,Ligue1,,"1,89m",,,Goalkeeper,right,,,,,,,,,,,"Jun 30, 2027",€500k,,,,,,,,,,,,,,,,,,,,,,,,,,,,,,,,,,,,,,,,,,,,,,,
3038,Bradley Locko,Stade Brestois 29,Ligue1,,"1,80m",,,Left-Back,left,,,,,,,,,,,"Jun 30, 2027",€9.00m,,,,,,,,,,,,,,,,,,,,,,,,,,,,,,,,,,,,,,,,,,,,,,,
3039,Alexandre Olliero,Stade Reims,Ligue1,,"1,93m",,,Goalkeeper,right,,,,,,,,,,,"Jun 30, 2026",€300k,,,,,,,,,,,,,,,,,,,,,,,,,,,,,,,,,,,,,,,,,,,,,,,
3040,Ludovic Butelle,Stade Reims,Ligue1,,"1,88m",,,Goalkeeper,left,,,,,,,,,,,"Jun 30, 2025",€100k,,,,,,,,,,,,,,,,,,,,,,,,,,,,,,,,,,,,,,,,,,,,,,,
3041,Geoffrey Lembet,Stade Rennais FC,Ligue1,,"1,86m",,,Goalkeeper,left,,,,,,,,,,,"Jun 30, 2025",€150k,,,,,,,,,,,,,,,,,,,,,,,,,,,,,,,,,,,,,,,,,,,,,,,
3042,Doğan Alemdar,Stade Rennais FC,Ligue1,,"1,92m",,,Goalkeeper,right,,,,,,,,,,,"Jun 30, 2027",€2.00m,,,,,,,,,,,,,,,,,,,,,,,,,,,,,,,,,,,,,,,,,,,,,,,
3043,Wilson Samaké,Stade Rennais FC,Ligue1,,"1,82m",,,Centre-Forward,right,,,,,,,,,,,"Jun 30, 2026",€150k,,,,,,,,,,,,,,,,,,,,,,,,,,,,,,,,,,,,,,,,,,,,,,,
