,Player,Club,League,Age,Height_all,National,Positions,Main_position,Foot,Apps,Mins,Goals,Assists,Yel,Red,PS%,AerialsWon,MotM,Rating,Contract,Market_Value,SpG,TotGs,OOGBs,SYBGs,PAGs,TotSh,SYBSh,PASh,OOBSh,TotDrib,UnDrib,SucDrib,UnTch,Dispo,TotAD,WonAD,LostAD,TotTkl,DribPast,AttTkl,Intercpt,Fouled,Fouls,COF,Clr,BlkSh,BlkCr,BlkPs,TotSav,OOBSav,SYBSav,PASav,TotPs,AccLB,InAccLB,AccSP,InAccSP,TotKPs,LKPs,SKPs,TotAss,CrAss,CorAss,ThrbAss,FreAss,ThrInAss,OthAss
0,Juan Musso,Atlético de Madrid,SerieA,30 years old (06-05-1994),191cm,Argentina,Goalkeeper,,,1,90.0,-,-,-,-,44.8,1,-,7.8,,,-,-,-,-,-,-,-,-,-,-,-,-,-,-,1,1,-,-,-,-,-,1,-,-,-,-,-,-,4,1,2,1,29,5,16,8,-,-,-,-,-,-,-,-,-,-,-
1,Daniele Padelli,Udinese Calcio,SerieA,39 years old (25-10-1985),"1,91m",Italy,Goalkeeper,Goalkeeper,right,1,90.0,-,-,-,-,72.2,-,-,7.47,"Jun 30, 2025",€150k,-,-,-,-,-,-,-,-,-,-,-,-,-,-,-,-,-,-,1,1,-,-,-,-,-,-,-,-,3,-,2,1,18,3,5,10,-,-,-,-,-,-,-,-,-,-,-
2,Rui Patrício,Atalanta BC,SerieA,37 years old (15-02-1988),"1,90m",Portugal,Goalkeeper,Goalkeeper,left,2,180.0,-,-,-,-,86.8,-,-,7.38,"Jun 30, 2025",€1.00m,-,-,-,-,-,-,-,-,-,-,-,-,-,-,-,-,-,-,-,-,-,-,-,-,1,-,-,-,4.5,-,3,1.5,26.5,2.5,3,20.5,0.5,-,-,-,-,-,-,-,-,-,-
3,Bremer,Juventus FC,SerieA,28 years old (18-03-1997),"1,88m",Brazil,Defender (Centre),Centre-Back,right,6,540.0,-,-,1,-,92.8,2,1,7.35,"Jun 30, 2029",€50.00m,0.5,-,-,-,-,0.5,0.2,-,0.3,0.7,0.2,0.5,0.7,0.3,3.2,2,1.2,2.5,0.2,2.7,1,0.8,1.5,-,2.3,1.8,0.3,0.7,-,-,-,-,83.8,3.7,1.8,74.2,4.2,-,-,-,-,-,-,-,-,-,-
4,Christos Mandas,SS Lazio,SerieA,23 years old (17-09-2001),"1,89m",Greece,Goalkeeper,Goalkeeper,right,5,450.0,-,-,-,-,68.1,0.6,1,7.34,"Jun 30, 2029",€5.00m,-,-,-,-,-,-,-,-,-,-,-,-,-,-,0.6,0.6,-,-,-,-,-,-,-,-,0.8,-,-,-,2.8,-,2.4,0.4,37,7.2,11.4,18,0.4,-,-,-,-,-,-,-,-,-,-
5,Stefan Posch,Atalanta BC,SerieA,27 years old (14-05-1997),"1,90m",Austria,"Defender (Centre, Right)",Centre-Back,right,4,343.0,-,-,-,-,84.2,1,-,7.33,"Jun 30, 2025",€10.00m,0.8,-,-,-,-,0.8,-,-,0.8,0.5,0.3,0.3,0.5,1.3,2.5,1,1.5,3.5,0.3,3.8,1,-,2.5,-,3.3,0.3,-,1,-,-,-,-,52.3,1.8,4.8,42.3,3.5,-,-,-,-,-,-,-,-,-,-
6,Marcus Thuram,Inter Milan,SerieA,27 years old (06-08-1997),"1,92m",France,"Attacking Midfielder (Left), Forward",Centre-Forward,right,26(5),2209.0,14,4,1,-,74.7,1.5,5,7.25,"Jun 30, 2028",€75.00m,2.1,0.5,0.1,0.4,-,2.1,0.2,0.2,1.7,1.6,0.9,0.7,1.7,0.9,2.6,1.5,1.1,0.6,0.4,0.9,0.1,1.1,0.8,0.4,0.5,0.1,-,0.4,-,-,-,-,16.7,0.1,0.2,12.3,4,1.3,-,1.2,0.1,-,-,-,-,-,0.1
7,Scott McTominay,SSC Napoli,SerieA,28 years old (08-12-1996),"1,91m",Scotland,"Defender (Centre), Midfielder (Centre)",Central Midfield,right,29(1),2581.0,11,2,3,-,85.2,1.8,5,7.22,"Jun 30, 2028",€40.00m,2.3,0.4,0.1,0.3,-,2.3,0.6,0.1,1.6,2.6,1.5,1.1,1.9,1.3,3.4,1.8,1.6,1.3,0.6,1.9,0.7,1.8,1.3,0.2,1.5,0.1,-,0.5,-,-,-,-,26.3,1.3,0.6,21.2,3.3,0.6,-,0.6,0.1,-,-,-,-,-,-
8,Ademola Lookman,Atalanta BC,SerieA,27 years old (20-10-1997),"1,74m",Nigeria,"Attacking Midfielder (Centre, Left, Right), Forward",Second Striker,right,26(2),2053.0,13,5,4,-,78.9,0.6,5,7.22,"Jun 30, 2027",€60.00m,2.6,0.5,0.1,0.3,0.1,2.6,0.5,0.3,1.9,3.4,2.2,1.1,2.5,1.7,1.1,0.6,0.5,1.1,0.3,1.4,0.1,0.6,1.1,0.9,0.2,-,-,0.6,-,-,-,-,26.2,0.3,0.3,20.4,5.3,2,0.5,1.4,0.2,-,-,-,-,-,0.1
9,Simone Scuffet,SSC Napoli,SerieA,28 years old (31-05-1996),"1,93m",Italy,Goalkeeper,Goalkeeper,right,1,90.0,-,-,-,-,76.9,1,-,7.19,"Jun 30, 2025",€2.00m,-,-,-,-,-,-,-,-,-,-,-,-,-,-,1,1,-,-,-,-,-,-,-,-,4,-,-,-,3,-,3,-,39,4,9,26,-,-,-,-,-,-,-,-,-,-,-
10,Nico Paz,Como 1907,SerieA,20 years old (08-09-2004),"1,86m",,Attacking Midfielder (Centre),Attacking Midfield,left,26(5),2344.0,6,6,6,-,83.8,0.9,4,7.17,"Jun 30, 2028",€35.00m,3.1,0.2,-,0.1,0.1,3.1,1.6,0.1,1.5,3.9,1.9,2.1,2.9,1.3,1.5,0.9,0.6,1.5,0.7,2.3,0.6,1,1.3,0.1,0.4,0.1,-,1.3,-,-,-,-,32.4,0.7,0.6,26.5,4.6,1.5,0.3,1.2,0.2,-,-,-,-,-,0.2
11,Mateo Retegui,Atalanta BC,SerieA,26 years old (29-04-1999),"1,86m",Italy,Forward,Centre-Forward,right,28(4),2061.0,24,5,2,-,78.2,1.4,4,7.15,"Jun 30, 2028",€45.00m,2.8,0.8,0.1,0.6,-,2.8,0.3,0.4,2.2,0.8,0.5,0.3,2.5,1.3,3.3,1.4,1.9,0.4,0.4,0.8,0.1,0.9,0.8,0.2,0.5,-,-,0.2,-,-,-,-,14.9,0.3,0.2,11.3,3,1,-,1,0.2,-,-,-,-,-,0.1
12,Duván Zapata,Torino FC,SerieA,34 years old (01-04-1991),"1,88m",Colombia,Forward,Centre-Forward,right,7,589.0,3,-,1,-,69.4,2.9,1,7.14,"Jun 30, 2027",€4.00m,3,0.4,0.1,0.3,-,3,0.3,0.3,2.4,1.3,1.1,0.1,1.3,1.1,7,2.9,4.1,1,0.4,1.4,0.3,1.1,1.4,0.3,1,0.1,-,0.1,-,-,-,-,17.3,0.7,0.1,11.3,5.1,1.3,-,1.3,-,-,-,-,-,-,-
13,Hakan Çalhanoglu,Inter Milan,SerieA,31 years old (08-02-1994),"1,78m",Turkey,"Midfielder (Centre, Left, Right), Forward",Defensive Midfield,right,24(2),1786.0,5,4,3,-,90.3,0.6,1,7.14,"Jun 30, 2027",€35.00m,1.6,0.2,-,0.1,0.1,1.6,1.2,-,0.4,0.2,0.1,0.1,0.7,0.3,1.3,0.6,0.7,1.5,0.6,2.1,0.7,0.5,0.8,-,0.8,0.2,-,0.3,-,-,-,-,55.4,3.4,1.6,46.6,3.8,1.8,0.5,1.2,0.2,0.1,0.1,-,-,-,-
14,Lautaro Martínez,Inter Milan,SerieA,27 years old (22-08-1997),"1,74m",Argentina,Forward,Centre-Forward,right,31,2579.0,12,3,1,-,76.6,1.2,4,7.13,"Jun 30, 2029",€95.00m,3.3,0.4,0.1,0.3,-,3.3,0.6,0.5,2.2,1.5,1,0.5,2.3,1.7,2.5,1.2,1.3,1,0.4,1.4,0.3,1.4,1.3,0.7,0.5,0.1,-,0.6,-,-,-,-,19.7,0.9,0.3,14.2,4.3,1.2,-,1.2,0.1,-,-,-,-,-,0.1
15,Khvicha Kvaratskhelia,Paris Saint-Germain,SerieA,24 years old (12-02-2001),183cm,Georgia,"Attacking Midfielder (Centre, Left, Right), Forward",,,15(2),1191.0,5,3,1,-,83.3,0.3,2,7.12,,,2.9,0.3,-,0.2,0.1,2.9,1.3,0.1,1.6,4.2,3.1,1.1,1.5,1.2,0.6,0.3,0.3,0.9,0.6,1.5,0.2,1.9,0.7,-,0.2,-,0.2,0.8,-,-,-,-,23.2,1.4,0.6,17.9,3.3,1.6,0.2,1.4,0.2,-,-,0.1,-,-,0.1
16,Pablo Marí,ACF Fiorentina,SerieA,31 years old (31-08-1993),"1,93m",Spain,Defender (Centre),Centre-Back,left,8(1),738.0,-,-,2,-,90.2,2.8,1,7.09,"Jun 30, 2027",€3.50m,0.3,-,-,-,-,0.3,0.2,-,0.1,0.1,0.1,-,-,0.2,3.6,2.8,0.8,0.8,0.3,1.1,2,0.1,1,-,8.3,0.9,-,0.4,-,-,-,-,39.6,1.4,2.2,34.2,1.7,-,-,-,-,-,-,-,-,-,-
17,Moise Kean,ACF Fiorentina,SerieA,25 years old (28-02-2000),"1,83m",Italy,"Attacking Midfielder (Left, Right), Forward",Centre-Forward,right,28(1),2442.0,17,3,5,-,71.6,1.6,2,7.08,"Jun 30, 2029",€40.00m,3.1,0.6,0.2,0.3,-,3.1,0.7,0.4,2,3.1,1.7,1.3,3.1,1.8,3.2,1.6,1.6,0.2,-,0.3,0.2,1.7,1.3,1.8,0.8,-,-,0.4,-,-,-,-,9.6,0.3,-,6.6,2.7,0.6,-,0.6,0.1,-,-,-,-,-,0.1
18,Valentín Castellanos,SS Lazio,SerieA,26 years old (03-10-1998),178cm,Argentina,"Attacking Midfielder (Right), Forward",,,24(1),2036.0,10,3,7,1,69.9,2.4,4,7.08,,,3.7,0.4,0.1,0.3,-,3.7,1.1,0.3,2.3,1.3,0.8,0.6,1.8,1,4.6,2.4,2.3,0.4,0.3,0.8,0.2,1.5,1.3,0.6,0.8,0.1,-,0.6,-,-,-,-,17.2,0.2,0.3,11.8,4.9,0.9,-,0.9,0.1,-,-,-,-,-,0.1
19,Mattia Zaccagni,SS Lazio,SerieA,29 years old (16-06-1995),"1,77m",Italy,"Attacking Midfielder (Centre, Left), Forward",Left Winger,right,30(1),2468.0,8,6,9,-,84.8,0.6,4,7.08,"Jun 30, 2029",€20.00m,1.5,0.3,-,0.2,-,1.5,0.5,0.1,0.9,2.9,1.6,1.4,1.4,1.2,1.2,0.6,0.6,1.1,0.4,1.5,0.8,3,1,0.3,0.5,-,0.2,0.5,-,-,-,-,28.5,1,0.6,23.2,3.7,1.6,0.5,1.2,0.2,0.1,0.1,-,-,-,0.1
20,Alexis Saelemaekers,AS Roma,SerieA,25 years old (27-06-1999),"1,80m",Belgium,"Midfielder (Left, Right)",Right Winger,right,15(4),1219.0,6,3,4,-,85.7,0.4,1,7.07,"Jun 30, 2025",€17.00m,0.9,0.3,0.1,0.2,0.1,0.9,0.3,0.1,0.6,2.4,1.5,0.9,1.8,0.6,0.6,0.4,0.2,1.6,0.7,2.3,0.4,1.3,0.7,-,0.4,0.1,-,0.6,-,-,-,-,30.5,1.1,0.4,25.1,3.9,1.2,0.2,1,0.2,0.1,-,-,-,-,0.1
21,Renato Veiga,Juventus FC,SerieA,21 years old (29-07-2003),"1,90m",Portugal,"Defender (Centre, Left)",Centre-Back,left,9,779.0,-,1,2,-,88.1,2.2,1,7.06,"Jun 30, 2025",€18.00m,0.8,-,-,-,-,0.8,-,0.1,0.7,0.1,-,0.1,0.2,-,3,2.2,0.8,1.7,0.4,2.1,1.2,0.2,0.8,0.1,5.2,1.1,0.2,0.2,-,-,-,-,50.3,2.3,3,42,3,0.2,-,0.2,0.1,-,-,-,-,-,0.1
22,Rafael Leão,AC Milan,SerieA,25 years old (10-06-1999),"1,88m",Portugal,"Attacking Midfielder (Centre, Left), Forward",Left Winger,right,25(7),2246.0,7,8,4,-,77,0.8,4,7.06,"Jun 30, 2028",€75.00m,2,0.2,-,0.2,-,2,0.4,0.1,1.5,3.8,2.1,1.8,1.5,1.1,1.5,0.8,0.7,0.4,0.5,1,0.2,1.6,0.5,0.2,0.1,-,-,0.4,-,-,-,-,23.4,0.8,0.5,17.3,4.8,1.8,0.1,1.7,0.3,0.1,-,-,-,-,0.2
23,Francesco Acerbi,Inter Milan,SerieA,37 years old (10-02-1988),"1,92m",Italy,Defender (Centre),Centre-Back,left,19,1572.0,-,1,-,-,92.8,3.1,1,7.05,"Jun 30, 2026",€3.00m,0.2,-,-,-,-,0.2,-,-,0.2,0.2,-,0.2,0.4,0.1,4.5,3.1,1.4,1.2,0.3,1.5,1.4,0.9,0.6,0.1,3.8,0.8,0.1,0.3,-,-,-,-,61.2,2.3,1.6,54.5,2.8,0.5,-,0.5,0.1,0.1,-,-,-,-,-
24,Tijjani Reijnders,AC Milan,SerieA,26 years old (29-07-1998),"1,85m",Netherlands,Midfielder (Centre),Central Midfield,right,32(1),2772.0,10,4,2,1,88.9,0.2,4,7.04,"Jun 30, 2030",€50.00m,2.1,0.3,0.1,0.2,0.1,2.1,1.1,0.1,1,1.9,0.9,1.1,1,0.8,0.6,0.2,0.4,0.7,0.5,1.2,1,0.6,0.7,-,0.7,0.1,0.1,0.5,-,-,-,-,38.6,1.6,0.6,32.7,3.7,1.3,0.1,1.2,0.1,-,-,0.1,0.1,-,-
25,Alessandro Buongiorno,SSC Napoli,SerieA,25 years old (06-06-1999),"1,90m",Italy,Defender (Centre),Centre-Back,left,22,1926.0,1,-,2,-,91,2,-,7.03,"Jun 30, 2029",€45.00m,0.4,-,-,-,-,0.4,-,0.1,0.3,0.3,0.3,-,0.6,0.4,3,2,1,1.8,0.4,2.1,1.6,1,0.8,-,3.3,0.8,-,0.5,-,-,-,-,57.8,1.8,2,50.8,3.2,0.2,-,0.2,-,-,-,-,-,-,-
26,Christian Pulisic,AC Milan,SerieA,26 years old (18-09-1998),"1,77m",USA,"Midfielder (Centre, Left, Right), Forward",Right Winger,right,25(5),2145.0,10,8,1,-,82.7,0.3,4,7.03,"Jun 30, 2027",€50.00m,1.6,0.3,0.1,0.3,-,1.6,0.5,0.2,1,2.2,1.2,1,1.6,1.1,1.5,0.3,1.2,1.3,0.7,2,0.1,1,0.6,0.1,0.4,0.1,-,0.6,-,-,-,-,26.2,0.5,0.4,21.2,4.1,2,0.3,1.7,0.3,0.1,0.1,-,-,-,0.1
27,Assane Diao,Como 1907,SerieA,19 years old (07-09-2005),"1,85m",,"Attacking Midfielder (Left, Right)",Right Winger,right,14(1),1259.0,8,1,2,-,82.9,1.2,2,7.03,"Jun 30, 2029",€25.00m,1.9,0.5,0.1,0.5,-,1.9,0.2,0.1,1.6,4.8,3.5,1.3,3.3,2.5,3.5,1.2,2.3,1.7,1.1,2.7,0.2,3.3,1.3,0.4,0.9,0.1,0.4,0.5,-,-,-,-,19.1,0.3,0.1,15.5,3.2,0.5,-,0.5,0.1,-,-,-,-,-,0.1
28,Nuno Tavares,SS Lazio,SerieA,25 years old (26-01-2000),"1,83m",Portugal,"Defender (Left), Midfielder (Left)",Left-Back,left,20(1),1563.0,-,8,2,1,84.7,0.4,3,7.02,"Jun 30, 2025",€25.00m,1.2,-,-,-,-,1.2,0.9,-,0.3,4.4,2.3,2.1,1.9,1.5,1,0.4,0.5,1.3,0.9,2.2,0.9,1.4,0.8,-,1.4,0.1,0.5,0.8,-,-,-,-,33.3,1,0.5,27.2,4.6,1.5,0.2,1.2,0.4,0.2,-,-,-,-,0.2
29,Riccardo Orsolini,Bologna FC 1909,SerieA,28 years old (24-01-1997),"1,83m",Italy,"Midfielder (Centre, Right), Forward",Right Winger,left,20(6),1616.0,12,3,1,-,71.4,0.8,4,7.02,"Jun 30, 2027",€20.00m,2.4,0.5,0.1,0.4,-,2.4,0.8,0.2,1.5,2.5,1.4,1.1,1.4,0.9,1.6,0.8,0.7,0.5,0.2,0.7,0.3,1.4,1,0.4,0.4,-,-,0.9,-,-,-,-,19.2,0.9,0.8,12.8,4.7,1.1,0.1,1,0.1,0.1,-,-,-,-,-
30,Oumar Solet,Udinese Calcio,SerieA,25 years old (07-02-2000),"1,92m",France,Defender (Centre),Centre-Back,right,15,1314.0,1,1,1,1,89.4,1.1,2,7.01,"Jun 30, 2027",€14.00m,0.7,0.1,-,-,0.1,0.7,0.3,0.1,0.2,1.9,0.4,1.5,0.8,0.5,2.4,1.1,1.3,1.9,0.5,2.3,0.9,0.7,0.9,-,3.9,1,0.2,0.7,-,-,-,-,59.1,5.4,2.7,47.5,3.6,0.9,0.2,0.7,0.1,-,-,-,-,-,0.1
31,Florian Thauvin,Udinese Calcio,SerieA,32 years old (26-01-1993),"1,81m",France,"Midfielder (Centre, Left, Right), Forward",Second Striker,left,24(1),1971.0,8,3,-,-,78.5,0.2,4,7.01,"Jun 30, 2025",€5.00m,2.2,0.3,0.1,0.2,-,2.2,0.8,0.1,1.2,3.7,2.1,1.6,2.4,1.5,0.6,0.2,0.4,0.8,0.6,1.4,0.3,1.1,0.4,0.1,0.3,-,0.1,0.2,-,-,-,-,25.4,1.5,1,18.4,4.5,1.6,0.5,1,0.1,0.1,-,-,-,-,-
32,Raoul Bellanova,Atalanta BC,SerieA,24 years old (17-05-2000),"1,88m",Italy,Midfielder (Right),Right Midfield,right,1,88.0,-,-,-,-,83.3,1,-,7.01,"Jun 30, 2029",€22.00m,1,-,-,-,-,1,-,-,1,1,1,-,1,-,1,1,-,-,1,1,-,1,1,-,3,-,1,-,-,-,-,-,30,2,-,23,5,1,-,1,-,-,-,-,-,-,-
33,Vanja Milinkovic-Savic,Torino FC,SerieA,28 years old (20-02-1997),"2,02m",Serbia,Goalkeeper,Goalkeeper,right,33,2970.0,-,-,2,-,62.9,0.4,5,7.01,"Jun 30, 2026",€12.00m,-,-,-,-,-,-,-,-,-,-,-,-,-,-,0.4,0.4,0.1,-,0.1,0.1,-,0.3,-,-,1.3,-,-,-,3.6,0.2,2.2,1.3,39.3,7.5,14.3,17.2,0.3,0.1,0.1,-,-,-,-,-,-,-,-
34,Nicolò Barella,Inter Milan,SerieA,28 years old (07-02-1997),"1,75m",Italy,Attacking Midfielder (Centre),Central Midfield,right,27(3),2318.0,3,6,4,-,85.2,0.8,3,7.0,"Jun 30, 2029",€80.00m,1.4,0.1,-,-,0.1,1.4,1,-,0.4,1.8,1.1,0.7,0.9,1.3,1.6,0.8,0.8,1.6,1,2.6,0.3,1.1,0.8,0.1,0.5,0.1,-,0.7,-,-,-,-,52.9,2.7,1.6,42.4,6.3,1.7,0.2,1.5,0.2,0.1,-,-,-,-,0.1
35,Frank Anguissa,SSC Napoli,SerieA,29 years old (16-11-1995),"1,84m",Cameroon,Midfielder (Centre),Central Midfield,right,28(3),2503.0,6,4,5,-,85,1.9,7,7.0,"Jun 30, 2025",€27.00m,1.2,0.2,-,0.2,-,1.2,0.5,0.1,0.6,1.3,0.6,0.7,1.4,1,3.4,1.9,1.5,1.3,0.6,1.9,1,0.9,1,0.1,1.1,0.2,-,0.4,-,-,-,-,41.7,1.1,0.9,34.3,5.4,0.8,0.1,0.7,0.1,-,-,-,-,-,0.1
36,Robin Gosens,ACF Fiorentina,SerieA,30 years old (05-07-1994),"1,83m",Germany,"Defender (Left), Midfielder (Centre, Left)",Left-Back,left,25(3),2218.0,5,4,5,-,78.4,2.3,5,6.99,"Jun 30, 2025",€8.00m,0.8,0.2,-,0.2,-,0.8,0.2,0.1,0.5,0.3,0.2,0.1,0.9,0.1,3.5,2.3,1.1,1.8,0.6,2.4,0.6,0.8,0.7,0.2,2.8,0.3,0.3,0.7,-,-,-,-,33.4,1.1,2.2,25,5,0.8,0.1,0.7,0.1,-,-,-,-,-,0.1
37,Amir Rrahmani,SSC Napoli,SerieA,31 years old (24-02-1994),"1,92m",Kosovo,"Defender (Centre, Left)",Centre-Back,right,34,3046.0,1,2,2,-,91.3,3.4,-,6.98,"Jun 30, 2027",€12.00m,0.8,-,-,-,-,0.8,-,0.2,0.5,0.1,-,0.1,0.3,0.2,4.8,3.4,1.5,1,0.3,1.2,0.7,0.3,1.1,-,4.6,0.7,0.1,0.5,-,-,-,-,71.6,4.4,2.7,61,3.5,0.2,0.1,0.1,0.1,-,-,-,-,-,-
38,Marten de Roon,Atalanta BC,SerieA,34 years old (29-03-1991),"1,85m",Netherlands,"Defender (Centre), Defensive Midfielder (C)",Defensive Midfield,right,31(2),2789.0,4,3,5,-,87.5,1.3,-,6.97,"Jun 30, 2026",€7.00m,0.4,0.1,-,0.1,0.1,0.4,0.3,-,0.2,0.3,0.2,0.1,0.6,0.3,2.1,1.3,0.8,2,1,3,1.3,0.6,1.3,-,1.6,0.2,0.1,0.8,-,-,-,-,61.3,3.1,3.1,50.5,4.5,0.7,0.1,0.6,0.1,-,-,-,-,-,0.1
39,Mats Hummels,AS Roma,SerieA,36 years old (16-12-1988),"1,91m",Germany,Defender (Centre),Centre-Back,right,11(2),919.0,-,-,1,-,89.4,1.8,1,6.95,"Jun 30, 2025",€2.50m,0.6,-,-,-,-,0.6,0.2,-,0.5,0.5,0.2,0.3,-,0.1,3,1.8,1.2,2.3,0.5,2.8,2,0.2,0.7,-,3.3,0.3,-,0.6,-,-,-,-,33.3,1.5,1.1,28.2,2.5,0.2,-,0.2,-,-,-,-,-,-,-
40,Alberto Paleari,Torino FC,SerieA,32 years old (29-08-1992),"1,93m",Italy,Goalkeeper,Goalkeeper,right,1,90.0,-,-,-,-,85.2,1,-,6.95,"Jun 30, 2026",€500k,-,-,-,-,-,-,-,-,-,-,-,-,-,-,1,1,-,-,-,-,-,1,-,-,2,-,-,-,4,1,3,-,27,9,4,14,-,-,-,-,-,-,-,-,-,-,-
41,Éderson,Atalanta BC,SerieA,25 years old (07-07-1999),"1,83m",Brazil,Midfielder (Centre),Central Midfield,right,30(3),2664.0,4,1,3,1,87.3,1.3,1,6.95,"Jun 30, 2027",€50.00m,1.1,0.1,-,0.1,-,1.1,0.5,0.1,0.5,1.4,0.8,0.6,1.3,1.2,2.3,1.3,0.9,1.5,0.3,1.8,1,1.5,0.9,-,0.9,0.2,0.1,0.7,-,-,-,-,53.8,2.9,1.5,44.1,5.3,1,0.1,0.9,-,-,-,-,-,-,-
42,Federico Dimarco,Inter Milan,SerieA,27 years old (10-11-1997),"1,75m",Italy,"Defender (Centre, Left), Midfielder (Left)",Left-Back,left,26(3),1969.0,4,7,3,-,83.9,0.2,2,6.94,"Jun 30, 2027",€60.00m,1.8,0.1,-,0.1,-,1.8,0.9,-,0.9,0.3,0.2,0.1,0.6,0.3,0.7,0.2,0.4,0.8,0.3,1.1,0.4,0.3,0.7,0.3,0.8,0.1,0.2,0.6,-,-,-,-,31.2,1.1,1.1,25.1,3.9,1.6,0.6,1,0.2,0.1,-,-,-,-,0.1
43,Matías Soulé,AS Roma,SerieA,22 years old (15-04-2003),"1,82m",Argentina,"Midfielder (Centre, Right), Forward",Right Winger,left,18(5),1444.0,5,2,2,-,87,0.4,3,6.94,"Jun 30, 2029",€22.00m,1.6,0.2,-,-,0.1,1.6,1,-,0.6,3.7,2.5,1.2,2.1,1,1.2,0.4,0.7,0.8,0.4,1.3,0.3,1.4,0.5,-,0.7,0.1,0.1,0.9,-,-,-,-,29.7,0.7,0.6,25.1,3.3,1.8,0.5,1.3,0.1,-,-,-,-,-,-
44,Pietro Terracciano,ACF Fiorentina,SerieA,35 years old (08-03-1990),"1,93m",Italy,Goalkeeper,Goalkeeper,right,3,270.0,-,-,-,-,76,-,-,6.93,"Jun 30, 2026",€1.50m,-,-,-,-,-,-,-,-,-,-,-,-,-,-,-,-,-,-,-,-,-,-,-,-,-,-,-,-,3.7,1,1.7,1,25,3,6,16,-,-,-,-,-,-,-,-,-,-,-
45,Paulo Dybala,AS Roma,SerieA,31 years old (15-11-1993),"1,77m",Argentina,"Attacking Midfielder (Centre, Right), Forward",Second Striker,left,16(8),1420.0,6,3,2,-,86.5,0.3,4,6.92,"Jun 30, 2026",€8.00m,2.1,0.3,-,0.2,-,2.1,1,0.1,1,1.8,1.3,0.5,1.7,1.2,1,0.3,0.7,0.7,0.5,1.2,0.1,2.5,0.3,0.3,0.1,-,-,0.5,-,-,-,-,27.5,1.5,0.6,22.3,3.1,1.7,0.3,1.3,0.1,-,-,-,-,-,0.1
46,Kenan Yildiz,Juventus FC,SerieA,19 years old (04-05-2005),185cm,Turkey,"Attacking Midfielder (Centre, Left, Right), Forward",,,26(7),2233.0,6,2,2,1,86.1,0.2,3,6.92,,,1.7,0.2,0.1,0.1,-,1.7,0.4,0.1,1.2,3,1.3,1.7,2.5,1.2,1,0.2,0.8,1.5,0.4,1.9,0.2,1.4,0.7,0.1,0.2,-,0.1,0.7,-,-,-,-,27,0.8,0.5,22.5,3.3,1.5,0.2,1.3,0.1,-,-,-,-,-,-
47,Sebastian Walukiewicz,Torino FC,SerieA,25 years old (05-04-2000),"1,88m",Poland,"Defender (Centre, Right)",Centre-Back,right,2,180.0,-,-,-,-,80,2.5,-,6.92,"Jun 30, 2027",€5.00m,-,-,-,-,-,-,-,-,-,-,-,-,1,-,4,2.5,1.5,0.5,0.5,1,0.5,-,2,-,7,1.5,0.5,-,-,-,-,-,27.5,3,2,19,3.5,0.5,0.5,-,-,-,-,-,-,-,-
48,Edoardo Bove,ACF Fiorentina,SerieA,22 years old (16-05-2002),"1,81m",Italy,"Midfielder (Centre, Left)",Central Midfield,right,11(1),857.0,1,2,3,-,83.3,1,1,6.91,"Jun 30, 2025",€5.00m,0.6,0.1,-,0.1,-,0.6,0.1,-,0.5,1.3,0.8,0.6,1.1,0.9,2.3,1,1.3,2,1.2,3.2,0.5,1.8,1.3,-,0.5,-,0.2,1,-,-,-,-,27.9,1.2,0.8,22.1,3.8,0.9,0.1,0.8,0.2,-,-,-,-,-,0.2
49,Milan Djuric,Parma Calcio 1913,SerieA,34 years old (22-05-1990),"1,99m",Bosnia-Herzegovina,Forward,Centre-Forward,right,13(5),1270.0,4,1,3,-,49.2,7.4,3,6.91,"Jun 30, 2026",€1.50m,1.3,0.2,0.1,0.1,-,1.3,0.1,0.1,1.1,0.3,0.1,0.2,0.8,0.8,10.4,7.4,3.1,0.1,0.2,0.2,0.1,1,0.9,0.3,0.9,-,-,0.3,-,-,-,-,14.8,0.1,-,7.2,7.5,0.3,-,0.3,0.1,-,-,-,-,-,0.1
50,Ardian Ismajli,FC Empoli,SerieA,28 years old (30-09-1996),"1,87m",Albania,Defender (Centre),Centre-Back,right,25,2150.0,-,-,1,-,86.2,2.8,2,6.9,"Jun 30, 2025",€6.00m,0.2,-,-,-,-,0.2,-,0.1,0.1,-,-,-,0.3,-,4.7,2.8,1.9,1,0.1,1.1,1.9,0.9,0.6,-,8.4,0.9,0.1,0.3,-,-,-,-,33.4,1.9,2.2,26.9,2.4,-,-,-,-,-,-,-,-,-,-
51,Theo Hernández,AC Milan,SerieA,27 years old (06-10-1997),"1,84m",France,"Defender (Centre, Left), Midfielder (Left)",Left-Back,left,28(3),2519.0,4,3,4,1,87.8,1.1,2,6.9,"Jun 30, 2026",€40.00m,1.3,0.1,-,0.1,-,1.3,0.7,-,0.6,1.7,1,0.7,0.9,0.6,1.6,1.1,0.5,1,0.5,1.5,0.5,1.4,0.5,0.1,1.9,0.3,0.4,0.5,-,-,-,-,40.6,1,1.4,34.7,3.6,1.5,0.3,1.2,0.1,0.1,-,-,-,-,-
52,Giovanni Di Lorenzo,SSC Napoli,SerieA,31 years old (04-08-1993),"1,83m",Italy,"Defender (Centre, Left, Right), Midfielder (Right)",Right-Back,right,33,2970.0,3,2,5,-,85,1.3,1,6.9,"Jun 30, 2028",€15.00m,0.5,0.1,-,-,-,0.5,0.2,0.1,0.3,0.9,0.8,0.1,0.7,0.4,2.6,1.3,1.3,1.9,0.6,2.5,0.9,1.4,1.4,0.2,2,0.2,0.2,0.4,-,-,-,-,49.8,1.5,1.5,40.8,5.9,1.1,0.1,1,0.1,-,-,-,-,-,-
53,Dodô,ACF Fiorentina,SerieA,26 years old (17-11-1998),"1,66m",,"Defender (Right), Midfielder (Right)",Right-Back,right,32,2849.0,-,5,7,-,81.5,0.4,1,6.9,"Jun 30, 2027",€22.00m,0.8,-,-,-,-,0.8,0.3,-,0.5,3.2,1.8,1.4,2.1,0.7,0.9,0.4,0.5,1.3,0.7,2,1,1.8,0.7,0.1,1.6,0.2,0.2,0.5,-,-,-,-,38,1.7,2.2,29.3,4.8,1,0.2,0.8,0.2,0.1,-,-,-,-,0.1
54,Elia Caprile,Cagliari Calcio,SerieA,23 years old (25-08-2001),"1,91m",Italy,Goalkeeper,Goalkeeper,right,3(1),324.0,-,-,-,-,81.8,0.3,1,6.9,"Jun 30, 2025",€8.00m,-,-,-,-,-,-,-,-,-,-,-,-,-,-,0.3,0.3,-,-,-,-,-,-,-,-,0.8,-,-,-,1.8,-,1.5,0.3,22,4,4,14,-,-,-,-,-,-,-,-,-,-,-
55,Strahinja Pavlovic,AC Milan,SerieA,23 years old (24-05-2001),"1,94m",Serbia,Defender (Centre),Centre-Back,left,17(3),1530.0,2,1,2,1,89.4,1.9,1,6.9,"Jun 30, 2028",€18.00m,0.8,0.1,0.1,-,-,0.8,0.2,0.2,0.4,0.5,0.4,0.2,0.8,0.2,3.1,1.9,1.2,2.3,1,3.2,0.7,0.7,0.8,0.1,3.2,0.3,0.2,0.3,-,-,-,-,55.2,1.8,2.5,47.6,3.4,0.3,0.1,0.3,0.1,-,-,-,-,-,0.1
56,Denzel Dumfries,Inter Milan,SerieA,29 years old (18-04-1996),"1,88m",Netherlands,"Defender (Right), Midfielder (Right)",Right-Back,right,19(7),1786.0,6,2,4,-,77.1,2.1,1,6.89,"Jun 30, 2028",€28.00m,1.3,0.2,0.1,0.1,-,1.3,-,0.2,1.1,1.4,1.1,0.3,1,0.4,2.9,2.1,0.8,1,0.4,1.3,0.2,0.6,2,0.2,0.7,0.2,0.1,0.8,-,-,-,-,21.5,0.6,0.6,16,4.3,0.8,-,0.7,0.1,-,-,-,-,-,-
57,Alessandro Bastoni,Inter Milan,SerieA,26 years old (13-04-1999),"1,90m",Italy,Defender (Centre),Centre-Back,left,29(2),2253.0,1,4,4,1,90.9,1.4,-,6.89,"Jun 30, 2028",€80.00m,0.4,-,-,-,-,0.4,0.1,0.1,0.2,0.5,0.3,0.2,0.8,0.2,2.2,1.4,0.8,1.3,0.3,1.6,0.7,1.2,1.4,-,1.4,0.3,0.2,0.4,-,-,-,-,60.9,4.2,2.9,51.2,2.6,0.8,0.1,0.7,0.1,-,-,-,-,-,0.1
58,Berat Djimsiti,Atalanta BC,SerieA,32 years old (19-02-1993),"1,90m",Albania,Defender (Centre),Centre-Back,right,29(2),2391.0,1,2,4,-,88.4,2.6,1,6.88,"Jun 30, 2026",€8.00m,0.6,-,-,-,-,0.6,-,-,0.6,0.1,0.1,-,0.3,-,4,2.6,1.5,1.5,0.3,1.8,1.2,0.6,0.6,-,3.5,0.6,0.1,0.4,-,-,-,-,49.3,1.7,1.7,41.8,4,0.3,-,0.3,0.1,-,-,-,-,-,0.1
59,Emerson Royal,AC Milan,SerieA,26 years old (14-01-1999),"1,83m",Brazil,"Defender (Centre, Left, Right), Midfielder (Right)",Right-Back,right,16(1),1382.0,-,-,5,-,90,1.5,1,6.88,"Jun 30, 2028",€10.00m,0.6,-,-,-,-,0.6,0.2,-,0.4,1.1,0.6,0.4,1.1,0.6,2.3,1.5,0.8,2.6,1.1,3.7,0.8,1.9,2,-,3,0.1,0.3,0.6,-,-,-,-,45.7,1.1,0.8,40.1,3.8,0.9,-,0.9,-,-,-,-,-,-,-
60,Nicolás Valentini,Hellas Verona,SerieA,24 years old (06-04-2001),"1,87m",Argentina,Defender (Centre),Centre-Back,left,9(1),781.0,-,-,1,1,69.2,3.5,2,6.88,"Jun 30, 2025",€4.50m,0.6,-,-,-,-,0.6,0.1,0.1,0.4,0.1,-,0.1,0.5,0.1,4.5,3.5,1,2.6,0.6,3.2,1,0.2,1.6,-,5.7,0.5,0.5,0.6,-,-,-,-,33.1,3.3,5.5,19.6,4.7,0.6,0.5,0.1,-,-,-,-,-,-,-
61,Juan Miranda,Bologna FC 1909,SerieA,25 years old (19-01-2000),"1,85m",Spain,Defender (Left),Left-Back,left,23(6),2122.0,-,6,4,-,81.6,1.1,1,6.88,"Jun 30, 2027",€11.00m,0.7,-,-,-,-,0.7,0.5,-,0.2,0.6,0.4,0.2,0.7,0.3,2.2,1.1,1.1,1.1,0.6,1.7,0.7,1,0.8,-,1.4,0.1,0.2,0.6,-,-,-,-,45.9,3,4.1,34.5,4.3,1.8,0.6,1.2,0.2,0.2,-,-,-,-,-
62,David de Gea,ACF Fiorentina,SerieA,34 years old (07-11-1990),"1,92m",Spain,Goalkeeper,Goalkeeper,right,31,2790.0,-,1,1,-,69.4,0.2,2,6.88,"Jun 30, 2025",€5.00m,-,-,-,-,-,-,-,-,-,-,-,-,-,-,0.2,0.2,-,-,-,-,-,0.1,-,-,0.9,-,-,-,2.9,0.1,1.6,1.2,28.8,7.6,8.6,12.3,0.2,0.1,0.1,-,-,-,-,-,-,-,-
63,Gabriel Strefezza,Como 1907,SerieA,28 years old (18-04-1997),"1,68m",Brazil,"Midfielder (Centre, Left, Right)",Right Winger,right,29(4),2350.0,4,4,4,-,81.4,0.3,5,6.87,"Jun 30, 2027",€6.00m,1.6,0.1,-,0.1,-,1.6,0.8,-,0.8,2.4,1.3,1,1.4,1.5,1,0.3,0.7,1.6,0.9,2.5,0.4,2,1.3,-,0.7,0.1,-,0.6,-,-,-,-,28.2,1,0.9,22,4.3,1.6,0.5,1.1,0.1,-,-,-,-,-,0.1
64,Manuel Locatelli,Juventus FC,SerieA,27 years old (08-01-1998),"1,85m",Italy,Midfielder (Centre),Defensive Midfield,right,30(2),2486.0,1,2,7,-,89.1,1,1,6.87,"Jun 30, 2028",€28.00m,0.7,-,-,-,-,0.7,0.5,-,0.2,0.6,0.4,0.2,0.6,0.3,1.7,1,0.7,2,0.6,2.6,0.7,0.6,1.3,-,1.8,0.5,0.2,1,-,-,-,-,67.4,4.9,2.3,55.1,5.1,0.7,0.1,0.7,0.1,-,-,-,-,-,0.1
65,Randal Kolo Muani,Juventus FC,SerieA,26 years old (05-12-1998),"1,87m",France,"Attacking Midfielder (Centre, Left, Right), Forward",Centre-Forward,right,9(3),852.0,6,1,-,-,72.9,0.7,2,6.87,"Jun 30, 2025",€30.00m,1.6,0.5,-,0.5,-,1.6,0.1,-,1.5,2.8,1.8,1.1,2.3,0.8,2.2,0.7,1.5,0.7,0.1,0.8,0.1,1.3,1.8,0.3,0.2,-,-,0.4,-,-,-,-,12.9,0.2,-,9.3,3.5,1.2,-,1.2,0.1,-,-,-,-,-,0.1
66,Filip Stankovic,Venezia FC,SerieA,23 years old (25-02-2002),"1,87m",Serbia,Goalkeeper,Goalkeeper,right,16,1368.0,-,-,1,-,69.6,0.3,1,6.86,"Jun 30, 2025",€6.00m,-,-,-,-,-,-,-,-,-,-,-,-,-,-,0.3,0.3,-,-,-,-,-,0.1,-,-,1.3,-,-,-,3.8,0.2,2,1.6,28.8,4.9,8.3,15.1,0.4,-,-,-,-,-,-,-,-,-,-
67,Kialonda Gaspar,US Lecce,SerieA,27 years old (27-09-1997),"1,93m",,Defender (Centre),Centre-Back,right,20,1798.0,-,1,3,-,86.2,4,2,6.86,"Jun 30, 2027",€2.50m,0.7,-,-,-,-,0.7,0.1,0.1,0.5,0.5,0.1,0.4,0.7,0.1,5.7,4,1.8,1.6,0.2,1.8,1.3,0.9,0.5,-,4.8,1.3,0.1,0.8,-,-,-,-,39.9,2.7,2.7,31.7,2.9,0.3,0.1,0.2,0.1,-,-,-,-,-,0.1
68,Charles De Ketelaere,Atalanta BC,SerieA,24 years old (10-03-2001),"1,92m",Belgium,"Midfielder (Centre, Left, Right), Forward",Attacking Midfield,left,22(10),1842.0,5,5,1,-,79.1,1,2,6.86,"Jun 30, 2028",€38.00m,1.3,0.2,0.1,0.1,-,1.3,0.1,0.1,1.1,2.7,1.4,1.3,1.5,1.4,2.2,1,1.1,0.4,0.3,0.7,0.1,1.1,0.6,0.1,0.3,0.1,-,0.3,-,-,-,-,24.9,0.7,0.5,19,4.8,1.1,0.1,1,0.2,-,-,-,-,-,0.1
69,Ionut Radu,Venezia FC,SerieA,27 years old (28-05-1997),188cm,Romania,Goalkeeper,,,11,990.0,-,-,1,-,51.4,0.2,1,6.85,,,-,-,-,-,-,-,-,-,-,0.1,-,0.1,0.1,-,0.2,0.2,-,-,-,-,-,0.1,-,-,0.6,-,-,-,3.3,0.1,2.3,0.9,33.3,6,15.8,11.1,0.4,-,-,-,-,-,-,-,-,-,-
70,Nicola Leali,Genoa CFC,SerieA,32 years old (17-02-1993),"1,93m",Italy,Goalkeeper,Goalkeeper,right,27,2430.0,-,-,1,-,67.4,0.4,1,6.85,"Jun 30, 2026",€1.50m,-,-,-,-,-,-,-,-,-,-,-,-,-,-,0.4,0.4,-,-,-,-,-,0.2,-,-,1.1,-,-,-,2.8,0.2,1.6,1,28,6,9,12.9,0.1,-,-,-,-,-,-,-,-,-,-
71,Nicolò Casale,Bologna FC 1909,SerieA,27 years old (14-02-1998),"1,91m",Italy,Defender (Centre),Centre-Back,right,2,136.0,-,-,-,-,90.9,3,-,6.85,"Jun 30, 2025",€7.00m,0.5,-,-,-,-,0.5,-,-,0.5,-,-,-,0.5,-,3,3,-,2.5,-,2.5,0.5,-,1,-,1,1.5,-,0.5,-,-,-,-,55,3,2,47,3,-,-,-,-,-,-,-,-,-,-
72,Mile Svilar,AS Roma,SerieA,25 years old (27-08-1999),"1,89m",Serbia,Goalkeeper,Goalkeeper,right,34,3060.0,-,-,1,-,76.7,0.2,3,6.85,"Jun 30, 2027",€17.00m,-,-,-,-,-,-,-,-,-,-,-,-,-,-,0.2,0.2,-,-,-,-,-,0.1,-,-,0.5,-,-,-,3.1,0.1,1.6,1.4,33.3,4.2,7.7,21.3,0.1,-,-,-,-,-,-,-,-,-,-
73,Mërgim Vojvoda,Como 1907,SerieA,30 years old (01-02-1995),"1,87m",Kosovo,"Defender (Centre, Right), Midfielder (Left, Right)",Right-Back,right,5(2),454.0,1,2,2,-,83.2,0.6,-,6.85,"Jun 30, 2028",€3.00m,0.4,0.1,-,0.1,-,0.4,0.1,-,0.3,0.7,0.4,0.3,0.3,0.3,1,0.6,0.4,0.9,-,0.9,0.3,0.1,1,0.1,1.4,0.6,0.1,0.3,-,-,-,-,37.4,1.4,2.3,29.7,4,0.7,-,0.7,0.3,0.1,-,-,-,-,0.1
74,Dan Ndoye,Bologna FC 1909,SerieA,24 years old (25-10-2000),"1,84m",Switzerland,"Midfielder (Left, Right)",Right Winger,right,24(4),1971.0,8,3,3,-,78.6,0.5,6,6.85,"Jun 30, 2027",€25.00m,1.7,0.3,0.1,0.2,-,1.7,0.4,0.2,1.2,3.3,2,1.3,2.5,1.6,1.1,0.5,0.6,0.8,0.4,1.1,0.3,3.3,0.8,0.3,0.1,-,-,0.7,-,-,-,-,21.5,0.8,0.6,16.2,4,0.9,-,0.8,0.1,-,-,-,-,-,0.1
75,Matteo Politano,SSC Napoli,SerieA,31 years old (03-08-1993),"1,71m",Italy,"Midfielder (Centre, Left, Right), Forward",Right Winger,left,30(3),2513.0,3,3,2,-,80,0.2,2,6.84,"Jun 30, 2027",€10.00m,1.5,0.1,-,0.1,-,1.5,0.7,0.1,0.7,2.1,1.2,0.9,1.2,0.6,0.7,0.2,0.5,0.8,0.8,1.5,0.3,0.9,0.4,0.2,1.2,-,0.2,0.5,-,-,-,-,26.7,1,1,20.4,4.3,1.5,0.5,0.9,0.1,0.1,-,-,-,-,-
76,Cesare Casadei,Torino FC,SerieA,22 years old (10-01-2003),"1,92m",Italy,Defensive Midfielder (C),Central Midfield,right,10(1),801.0,1,1,-,-,79.6,4.1,1,6.84,"Jun 30, 2029",€15.00m,0.9,0.1,0.1,-,-,0.9,0.1,0.3,0.5,0.7,0.2,0.5,1.2,0.7,6.2,4.1,2.1,0.9,0.4,1.3,0.5,0.7,1.1,-,1.7,0.2,0.1,0.1,-,-,-,-,28.9,0.8,0.4,22.2,5.5,0.5,-,0.5,0.1,-,-,-,-,-,0.1
77,Romelu Lukaku,SSC Napoli,SerieA,31 years old (13-05-1993),"1,91m",Belgium,"Attacking Midfielder (Right), Forward",Centre-Forward,left,31(1),2538.0,12,10,3,-,71.3,1.1,1,6.84,"Jun 30, 2027",€22.00m,1.8,0.4,0.1,0.3,-,1.8,0.2,0.3,1.3,0.7,0.6,0.1,1.6,1.5,2.6,1.1,1.4,0.1,0.1,0.2,-,1.1,1.3,0.6,0.4,0.1,-,0.2,-,-,-,-,14.2,0.2,0.2,9.9,3.9,1,-,1,0.3,-,-,0.1,-,-,0.2
78,Guillermo Maripán,Torino FC,SerieA,30 years old (06-05-1994),"1,93m",Chile,Defender (Centre),Centre-Back,right,23(1),1981.0,1,1,3,1,87.3,2.4,-,6.83,"Jun 30, 2026",€4.00m,0.4,-,-,-,-,0.4,-,-,0.3,0.3,0.3,0.1,0.7,0.1,4.2,2.4,1.8,1.5,0.4,1.9,1.5,0.3,1,-,4.9,0.5,0.2,0.5,-,-,-,-,46.2,2.8,2.5,37.5,3.4,0.2,0.1,0.1,-,-,-,-,-,-,-
79,Christian Kouamé,FC Empoli,SerieA,27 years old (06-12-1997),"1,85m",Ivory Coast,"Attacking Midfielder (Left, Right), Forward",Centre-Forward,right,5(3),508.0,1,-,-,-,59.6,6,1,6.83,"Jun 30, 2025",€6.00m,2,0.1,0.1,-,-,2,0.6,0.5,0.9,1.6,1,0.6,1.6,0.9,9.1,6,3.1,0.6,0.3,0.9,-,1.9,0.9,0.3,0.5,0.3,-,0.3,-,-,-,-,18.3,0.5,0.1,10.4,7.3,1,-,1,-,-,-,-,-,-,-
80,Eljif Elmas,Torino FC,SerieA,25 years old (24-09-1999),"1,84m",Macedonia,"Midfielder (Centre, Left, Right), Forward",Attacking Midfield,right,9(1),764.0,4,-,-,-,83.7,0.1,-,6.83,"Jun 30, 2025",€14.00m,1.4,0.4,-,0.4,-,1.4,0.6,-,0.8,2.7,1.9,0.8,1.3,0.6,0.4,0.1,0.3,0.7,0.3,1,0.5,1.1,1.2,0.2,0.5,0.2,-,0.4,-,-,-,-,20.3,0.4,0.3,16.6,3,0.7,-,0.7,-,-,-,-,-,-,-
81,Marco Carnesecchi,Atalanta BC,SerieA,24 years old (01-07-2000),"1,91m",Italy,Goalkeeper,Goalkeeper,right,31,2790.0,-,-,1,-,70.3,0.2,3,6.83,"Jun 30, 2028",€25.00m,-,-,-,-,-,-,-,-,-,-,-,-,-,-,0.2,0.2,-,-,-,-,-,0.1,-,-,1.1,-,-,-,2.6,0.1,1.5,0.9,26.7,4.8,7.9,14,0.1,-,-,-,-,-,-,-,-,-,-
82,Mattia Perin,Juventus FC,SerieA,32 years old (10-11-1992),"1,88m",Italy,Goalkeeper,Goalkeeper,right,5,450.0,-,-,-,-,75.7,0.2,-,6.83,"Jun 30, 2027",€3.00m,-,-,-,-,-,-,-,-,-,-,-,-,-,-,0.2,0.2,-,-,-,-,-,-,-,-,0.4,-,-,-,2.6,-,1.2,1.4,30.4,3.2,7.2,19.8,0.2,-,-,-,-,-,-,-,-,-,-
83,Alessio Zerbin,Venezia FC,SerieA,26 years old (03-03-1999),"1,82m",Italy,"Midfielder (Left, Right)",Left Winger,right,13(1),1167.0,1,-,3,-,67.7,0.3,3,6.83,"Jun 30, 2025",€4.00m,1,0.1,-,0.1,-,1,0.1,-,0.9,4,2.7,1.3,1.9,1.2,0.9,0.3,0.6,3.2,1.4,4.6,0.9,2.1,1.9,0.2,1.5,0.2,0.1,1.6,-,-,-,-,23,0.6,1.6,14.9,5.9,1.4,0.4,1,-,-,-,-,-,-,-
84,Raoul Bellanova,Atalanta BC,SerieA,24 years old (17-05-2000),"1,88m",Italy,Midfielder (Right),Right Midfield,right,24(6),2130.0,-,8,3,-,84.5,0.8,-,6.83,"Jun 30, 2029",€22.00m,0.5,-,-,-,-,0.5,0.1,-,0.4,1.5,0.9,0.7,0.9,0.3,1.5,0.8,0.7,0.8,0.3,1,0.6,1.1,0.5,-,1.1,0.1,0.3,0.3,-,-,-,-,27.9,0.8,1,22.8,3.3,1,0.3,0.7,0.3,0.1,-,-,-,-,0.2
85,Angeliño,AS Roma,SerieA,28 years old (04-01-1997),"1,71m",Spain,"Defender (Centre, Left), Midfielder (Left)",Left-Back,left,32(2),2819.0,2,1,1,-,81.8,0.9,3,6.82,"Jun 30, 2028",€15.00m,0.6,0.1,-,0.1,-,0.6,0.2,-,0.4,0.7,0.4,0.3,0.7,0.3,1.6,0.9,0.8,1.3,0.5,1.8,0.8,0.8,0.9,0.1,2.3,0.3,0.3,0.7,-,-,-,-,42.9,2.5,2.9,32.6,5,1.3,0.5,0.8,-,-,-,-,-,-,-
86,Aarón Martín,Genoa CFC,SerieA,28 years old (22-04-1997),"1,78m",Spain,"Defender (Left), Midfielder (Left)",Left-Back,left,32,2788.0,-,4,5,-,81,0.6,1,6.82,"Jun 30, 2026",€6.50m,0.5,-,-,-,-,0.5,0.3,-,0.1,0.8,0.4,0.4,0.7,0.5,1.6,0.6,1,2.1,0.5,2.6,0.6,0.8,1,0.1,1.8,0.3,0.3,0.7,-,-,-,-,33.1,2.1,2.7,24.8,3.6,1.8,0.8,1,0.1,0.1,0.1,-,0.1,-,-
87,Elia Caprile,Cagliari Calcio,SerieA,23 years old (25-08-2001),"1,91m",Italy,Goalkeeper,Goalkeeper,right,15,1350.0,-,-,-,-,63.9,0.3,2,6.82,"Jun 30, 2025",€8.00m,-,-,-,-,-,-,-,-,-,-,-,-,-,-,0.3,0.3,-,-,0.1,0.1,-,0.4,-,-,0.7,-,-,-,2.7,0.1,1.7,0.9,33.6,9,12,12.5,0.1,-,-,-,-,-,-,-,-,-,-
88,Diego Coppola,Hellas Verona,SerieA,21 years old (28-12-2003),"1,93m",Italy,Defender (Centre),Centre-Back,right,30(1),2657.0,1,-,10,-,81.8,3.8,3,6.82,"Jun 30, 2027",€7.50m,0.2,-,-,-,-,0.2,-,-,0.2,0.1,0.1,-,0.3,0.2,6,3.8,2.2,2.1,0.4,2.4,2.1,-,1.4,-,5.2,0.8,-,0.5,-,-,-,-,34.3,1.6,2.5,26.5,3.7,0.1,-,0.1,-,-,-,-,-,-,-
89,Khéphren Thuram,Juventus FC,SerieA,24 years old (26-03-2001),"1,92m",France,"Defensive Midfielder (C), Midfielder (Left)",Central Midfield,right,23(9),2058.0,3,5,4,-,89.8,0.8,3,6.82,"Jun 30, 2029",€40.00m,1,0.1,-,0.1,-,1,0.6,0.1,0.4,1.9,0.8,1.1,0.8,0.6,1.6,0.8,0.8,1.2,0.4,1.6,0.3,0.6,0.9,-,1,0.3,0.1,0.7,-,-,-,-,39.2,1.2,0.7,34.1,3.3,0.8,0.1,0.7,0.2,-,-,0.1,-,-,0.1
90,Antonín Barák,Kasimpasa,SerieA,30 years old (03-12-1994),190cm,Czech Republic,"Attacking Midfielder (Centre, Right)",,,1,55.0,-,-,-,-,89.5,-,-,6.82,,,2,-,-,-,-,2,2,-,-,1,1,-,1,-,1,-,1,2,2,4,-,-,-,-,-,1,-,-,-,-,-,-,19,-,-,17,2,3,-,3,-,-,-,-,-,-,-
91,Johan Vásquez,Genoa CFC,SerieA,26 years old (22-10-1998),"1,85m",Mexico,"Defender (Centre, Left)",Centre-Back,left,31(2),2827.0,2,-,8,-,85.3,2.6,2,6.82,"Jun 30, 2027",€12.00m,1,0.1,-,0.1,-,1,0.2,-,0.8,0.2,0.1,0.2,0.7,0.2,4.7,2.6,2.1,1.5,0.5,2,1.3,0.8,0.9,-,4.2,0.8,0.2,0.8,-,-,-,-,49.5,2.5,3.7,39.8,3.6,0.2,0.1,0.2,-,-,-,-,-,-,-
92,Nicolás González,Juventus FC,SerieA,27 years old (06-04-1998),"1,80m",Argentina,"Midfielder (Centre, Left, Right), Forward",Right Winger,left,19(3),1471.0,2,2,1,-,76.6,2.4,-,6.81,"Jun 30, 2025",€28.00m,1.7,0.1,-,-,-,1.7,0.5,0.2,1,2.2,1.5,0.7,1.5,0.6,4.3,2.4,1.9,1,0.6,1.6,0.3,1.5,1.1,0.2,1.1,0.2,-,0.5,-,-,-,-,22.5,0.6,0.5,16.7,4.8,0.8,0.1,0.7,0.1,-,-,-,-,-,0.1
93,Mario Gila,SS Lazio,SerieA,24 years old (29-08-2000),"1,85m",Spain,Defender (Centre),Centre-Back,right,28,2453.0,1,-,6,-,91.9,2.3,1,6.81,"Jun 30, 2027",€28.00m,0.4,-,-,-,-,0.4,0.1,-,0.3,0.5,0.3,0.1,0.5,0.3,4.3,2.3,2.1,1.8,0.5,2.4,0.9,1,0.9,-,3.6,0.5,0.1,0.2,-,-,-,-,65,3.6,1.8,56.1,3.5,0.4,-,0.4,-,-,-,-,-,-,-
94,Nicolò Rovella,SS Lazio,SerieA,23 years old (04-12-2001),"1,79m",Italy,Defensive Midfielder (C),Defensive Midfield,right,27(2),2419.0,-,3,13,-,91.2,0.3,1,6.8,"Jun 30, 2025",€28.00m,0.9,-,-,-,-,0.9,0.7,-,0.2,0.8,0.2,0.6,0.7,0.4,1,0.3,0.7,2.6,1.1,3.7,1.5,0.8,1.3,0.1,1.3,0.1,0.1,0.5,-,-,-,-,62.1,3,2,53.6,3.4,1,0.2,0.8,0.1,-,-,0.1,-,-,-
95,Henrikh Mkhitaryan,Inter Milan,SerieA,36 years old (21-01-1989),"1,77m",Armenia,"Midfielder (Centre, Left, Right), Forward",Central Midfield,both,29(1),2298.0,1,4,4,-,88.7,0.7,1,6.8,"Jun 30, 2026",€4.00m,0.8,-,-,-,-,0.8,0.5,-,0.3,0.9,0.6,0.2,0.8,0.5,1.2,0.7,0.4,1.3,0.8,2.1,0.6,0.8,1,0.2,1.1,0.2,0.2,0.8,-,-,-,-,47.4,1.9,0.4,40.1,5,1,0.1,0.9,0.1,-,-,-,-,-,0.1
96,Mathías Olivera,SSC Napoli,SerieA,27 years old (31-10-1997),"1,85m",Uruguay,"Defender (Centre, Left), Midfielder (Left)",Left-Back,left,22(6),2014.0,-,2,4,-,83.6,1.2,1,6.8,"Jun 30, 2030",€18.00m,0.5,-,-,-,-,0.5,0.2,-,0.3,0.6,0.4,0.2,0.9,0.5,2.2,1.2,1,2.1,0.6,2.7,1,0.6,1,0.1,1.9,0.3,0.3,0.8,-,-,-,-,38,1.2,1.5,30.6,4.8,0.9,0.1,0.7,0.1,-,-,-,-,-,0.1
97,Nikola Krstovic,US Lecce,SerieA,25 years old (05-04-2000),"1,85m",Montenegro,"Attacking Midfielder (Left), Forward",Centre-Forward,right,33,2743.0,10,3,5,-,67.7,2.5,2,6.8,"Jun 30, 2027",€14.00m,3.9,0.3,-,0.2,0.1,3.9,1.5,0.2,2.2,1.8,1.3,0.5,2.3,1.1,6,2.5,3.5,0.5,0.2,0.8,0.2,1.4,1.5,0.5,0.7,0.2,-,0.1,-,-,-,-,17.4,0.7,0.5,11.1,5.1,0.8,0.1,0.8,0.1,-,-,-,-,-,0.1
98,Charalampos Lykogiannis,Bologna FC 1909,SerieA,31 years old (22-10-1993),"1,91m",Greece,"Defender (Centre, Left), Midfielder (Left)",Left-Back,left,10(4),863.0,-,4,2,-,79.5,1.3,1,6.8,"Jun 30, 2025",€1.50m,0.3,-,-,-,-,0.3,0.3,-,-,0.5,0.3,0.2,0.4,0.2,2.1,1.3,0.9,1.1,0.4,1.6,0.6,0.5,0.5,0.1,1.9,0.3,0.4,0.1,-,-,-,-,31.6,1.8,2.5,23.4,4,1.1,0.9,0.3,0.3,0.3,-,-,-,-,-
99,Sam Beukema,Bologna FC 1909,SerieA,26 years old (17-11-1998),"1,88m",Netherlands,Defender (Centre),Centre-Back,right,31(2),2831.0,-,1,1,-,86.7,2.8,-,6.8,"Jun 30, 2027",€25.00m,0.4,-,-,-,-,0.4,-,0.2,0.2,0.1,-,-,0.3,0.2,5,2.8,2.2,1.6,0.6,2.2,0.8,1.1,0.8,-,3.1,0.5,0.2,0.5,-,-,-,-,59.7,3.2,3.8,48.6,4.1,0.3,0.1,0.2,-,-,-,-,-,-,-
100,Morten Frendrup,Genoa CFC,SerieA,24 years old (07-04-2001),"1,78m",Denmark,"Defender (Right), Defensive Midfielder (C)",Central Midfield,right,32,2837.0,2,-,5,-,85.5,0.9,3,6.79,"Jun 30, 2028",€20.00m,0.8,0.1,-,0.1,-,0.8,0.5,-,0.3,0.8,0.4,0.3,1.2,0.8,2.1,0.9,1.2,3.1,1.2,4.3,1.4,1,1.5,-,1.4,0.5,0.3,1.3,-,-,-,-,35.2,1,0.9,29.1,4.2,0.4,-,0.3,-,-,-,-,-,-,-
101,Stefan de Vrij,Inter Milan,SerieA,33 years old (05-02-1992),"1,89m",Netherlands,Defender (Centre),Centre-Back,right,15(8),1453.0,2,-,1,-,93.1,2.4,1,6.78,"Jun 30, 2025",€7.00m,0.5,0.1,-,-,-,0.5,-,0.1,0.4,0.3,0.2,0.1,0.1,-,3.9,2.4,1.5,0.7,0.1,0.8,0.9,0.1,0.2,-,2.9,0.4,-,0.3,-,-,-,-,51,1.3,1.2,46.2,2.3,-,-,-,-,-,-,-,-,-,-
102,Federico Gatti,Juventus FC,SerieA,26 years old (24-06-1998),"1,90m",Italy,Defender (Centre),Centre-Back,right,26(2),2188.0,1,-,2,-,95.2,1.3,2,6.78,"Jun 30, 2028",€25.00m,0.9,-,-,-,-,0.9,0.2,-,0.6,0.5,0.2,0.3,0.4,0.3,2.3,1.3,1,1,0.4,1.4,0.6,0.7,0.7,-,2.6,0.6,-,0.3,-,-,-,-,51.9,0.8,0.8,48.6,1.7,0.3,-,0.2,-,-,-,-,-,-,-
103,Yerry Mina,Cagliari Calcio,SerieA,30 years old (23-09-1994),"1,95m",Colombia,Defender (Centre),Centre-Back,right,29,2397.0,-,-,4,1,85.6,3.3,-,6.77,"Jun 30, 2025",€3.00m,0.8,-,-,-,-,0.8,-,0.1,0.7,0.2,0.1,0.1,0.7,0.4,5,3.3,1.8,2,0.4,2.4,1.1,1.7,1.3,0.1,5.1,1.1,0.2,0.8,-,-,-,-,45.6,1.9,2.7,37.2,3.9,0.1,-,0.1,-,-,-,-,-,-,-
104,Leandro Paredes,AS Roma,SerieA,30 years old (29-06-1994),"1,80m",Argentina,Defensive Midfielder (C),Defensive Midfield,right,13(7),1205.0,1,1,4,-,91.2,0.4,-,6.77,"Jun 30, 2026",€5.00m,1,0.1,-,0.1,-,1,0.8,-,0.2,0.2,-,0.2,0.3,0.1,0.6,0.4,0.2,1.3,0.7,2,1,0.7,0.7,-,1.4,0.2,0.1,0.5,-,-,-,-,53,3.3,1.9,45.1,2.8,1,0.4,0.6,0.1,0.1,0.1,-,-,-,-
105,Luca Ranieri,ACF Fiorentina,SerieA,26 years old (23-04-1999),"1,87m",Italy,"Defender (Centre, Left), Midfielder (Left)",Centre-Back,left,32(1),2807.0,1,2,5,-,86.7,1.3,1,6.77,"Jun 30, 2028",€12.00m,0.3,-,-,-,-,0.3,0.1,-,0.2,0.5,0.3,0.3,0.3,0.1,3,1.3,1.6,1.1,0.1,1.2,0.8,0.6,0.7,-,4.2,0.9,0.1,0.4,-,-,-,-,48.3,3.6,4.1,38.3,2.4,0.4,0.2,0.2,0.1,-,-,-,-,-,0.1
106,Marc Kempf,Como 1907,SerieA,30 years old (28-01-1995),"1,86m",Germany,Defender (Centre),Centre-Back,left,27(1),2349.0,-,-,3,1,87.8,3.3,1,6.76,"Jun 30, 2027",€2.50m,0.5,-,-,-,-,0.5,-,0.1,0.4,0.2,-,0.1,0.4,0.1,4.7,3.3,1.4,1,0.4,1.4,1.1,0.6,0.7,-,4.1,0.8,0.1,0.3,-,-,-,-,53.4,2.4,3,44.5,3.5,0.4,0.1,0.3,-,-,-,-,-,-,-
107,Paulo Azzi,Cremonese,SerieA,30 years old (15-07-1994),188cm,Brazil,"Midfielder (Left, Right)",,,5(1),428.0,-,-,2,-,75,1,-,6.76,,,1.3,-,-,-,-,1.3,0.5,0.3,0.5,2.2,0.8,1.3,0.5,0.7,1.8,1,0.8,1.8,0.7,2.5,0.8,0.5,0.8,-,1.8,0.3,-,0.5,-,-,-,-,23.3,1,1.3,16.5,4.5,0.8,0.3,0.5,-,-,-,-,-,-,-
108,Davide Zappacosta,Atalanta BC,SerieA,32 years old (11-06-1992),"1,82m",Italy,"Defender (Left, Right), Midfielder (Left, Right)",Right Midfield,right,24(3),1883.0,4,2,3,-,86.5,0.4,1,6.76,"Jun 30, 2025",€6.00m,1.3,0.1,-,-,0.1,1.3,0.7,-,0.6,1.5,1,0.4,1,0.6,0.8,0.4,0.4,1,0.7,1.6,0.4,0.5,0.6,0.2,0.7,0.2,0.3,0.7,-,-,-,-,29.9,0.6,1.1,25.2,3,0.9,0.3,0.6,0.1,0.1,-,-,-,-,-
109,Adam Masina,Torino FC,SerieA,31 years old (02-01-1994),"1,91m",Morocco,"Defender (Centre, Left), Midfielder (Left)",Centre-Back,left,17(7),1667.0,1,2,5,-,85.2,2.7,1,6.75,"Jun 30, 2026",€1.50m,0.3,-,-,-,-,0.3,0.1,0.1,0.1,0.4,0.2,0.2,0.3,0.3,3.6,2.7,1,1.3,0.6,2,1,0.6,0.8,0.1,3.3,0.6,0.2,0.4,-,-,-,-,43.9,2.3,2.7,35.1,3.8,0.2,-,0.1,0.1,-,-,-,-,-,0.1
110,Pablo Marí,ACF Fiorentina,SerieA,31 years old (31-08-1993),"1,93m",Spain,Defender (Centre),Centre-Back,left,19,1630.0,-,-,2,1,90,2.1,-,6.75,"Jun 30, 2027",€3.50m,0.1,-,-,-,-,0.1,-,-,0.1,0.3,-,0.3,0.2,0.3,3.2,2.1,1.1,1.4,0.5,1.9,1.9,0.3,1.4,-,4.4,1.1,0.1,0.2,-,-,-,-,58.2,3.5,3.5,48.8,2.4,0.2,0.1,0.1,-,-,-,-,-,-,-
111,Sead Kolasinac,Atalanta BC,SerieA,31 years old (20-06-1993),"1,83m",Bosnia-Herzegovina,"Defender (Centre, Left), Defensive Midfielder (C), Midfielder (Left)",Centre-Back,left,23,1910.0,-,2,7,-,88.1,1.5,-,6.75,"Jun 30, 2026",€10.00m,0.4,-,-,-,-,0.4,0.1,0.1,0.3,0.7,0.5,0.1,0.7,0.7,2.7,1.5,1.2,1.8,0.6,2.4,1.1,0.9,1.7,0.1,2.3,0.3,-,0.4,-,-,-,-,54,1,1.5,46.5,4.9,0.7,-,0.7,0.1,-,-,-,-,-,0.1
112,Yann Sommer,Inter Milan,SerieA,36 years old (17-12-1988),"1,83m",Switzerland,Goalkeeper,Goalkeeper,right,31,2790.0,-,-,-,-,86.4,0.1,1,6.75,"Jun 30, 2026",€4.00m,-,-,-,-,-,-,-,-,-,-,-,-,-,-,0.1,0.1,-,-,-,-,-,-,-,-,0.6,-,-,-,2.5,0.1,1.5,1,35.5,4.9,4.6,25.7,0.2,-,-,-,-,-,-,-,-,-,-
113,Fali Candé,Venezia FC,SerieA,27 years old (24-01-1998),"1,84m",Guinea-Bissau,"Defender (Centre, Left), Midfielder (Left)",Centre-Back,left,13,1170.0,-,1,4,-,82.5,2.8,1,6.75,"Jun 30, 2025",€2.00m,0.2,-,-,-,-,0.2,-,0.1,0.2,0.6,0.1,0.5,0.3,0.5,4.9,2.8,2.1,1.5,0.5,2,0.8,1.5,1.6,-,4.8,0.8,0.2,0.4,-,-,-,-,51.3,2.6,5.4,39.7,3.6,0.2,0.1,0.1,0.1,-,-,-,-,-,0.1
114,Josep Martínez,Inter Milan,SerieA,26 years old (27-05-1998),"1,91m",Spain,Goalkeeper,Goalkeeper,right,3,270.0,-,-,-,-,80.8,0.3,-,6.75,"Jun 30, 2029",€12.00m,-,-,-,-,-,-,-,-,-,-,-,-,-,-,0.3,0.3,-,-,-,-,-,0.3,-,-,0.3,-,-,-,2.3,0.3,1.7,0.3,40,6.3,7.3,26,0.3,0.3,0.3,-,-,-,-,-,-,-,-
115,Emil Holm,Bologna FC 1909,SerieA,24 years old (13-05-2000),"1,91m",Sweden,"Defender (Right), Midfielder (Right)",Right-Back,right,11(8),1078.0,1,1,3,-,79.7,1.6,1,6.75,"Jun 30, 2028",€8.00m,0.5,0.1,-,0.1,-,0.5,0.2,-,0.4,1.2,0.7,0.5,1.3,0.6,2.7,1.6,1.1,1.8,0.5,2.3,0.5,1.3,0.7,0.1,2.5,0.2,0.2,0.8,-,-,-,-,28.3,1.9,2.1,20.7,3.6,0.5,0.1,0.4,0.1,-,-,0.1,-,-,-
116,Evan Ndicka,AS Roma,SerieA,25 years old (20-08-1999),"1,92m",Ivory Coast,"Defender (Centre, Left)",Centre-Back,left,34,3060.0,-,1,2,-,92,1.7,-,6.75,"Jun 30, 2028",€25.00m,0.5,-,-,-,-,0.5,-,-,0.5,0.1,0.1,-,0.5,0.1,3,1.7,1.3,0.9,0.2,1,0.9,0.7,0.9,-,3.9,0.8,0.1,0.4,-,-,-,-,66.2,2.1,2.8,58.8,2.5,0.2,-,0.2,-,-,-,-,-,-,-
117,Jaka Bijol,Udinese Calcio,SerieA,26 years old (05-02-1999),"1,90m",Slovenia,"Defender (Centre), Midfielder (Centre), Forward",Centre-Back,right,31,2790.0,1,-,10,-,84,3.4,3,6.74,"Jun 30, 2027",€18.00m,0.6,-,-,-,-,0.6,0.1,0.2,0.4,0.1,-,0.1,0.5,-,5.1,3.4,1.7,1.3,0.5,1.8,1.2,0.3,1.5,0.1,5.5,0.6,-,0.6,-,-,-,-,51.3,4.2,4.3,38.8,4,0.4,0.1,0.3,-,-,-,-,-,-,-
118,Matteo Gabbia,AC Milan,SerieA,25 years old (21-10-1999),"1,85m",Italy,Defender (Centre),Centre-Back,right,20(2),1801.0,1,-,3,-,91,1.8,-,6.74,"Jun 30, 2029",€14.00m,0.5,-,-,-,-,0.5,-,0.1,0.4,-,-,-,0.2,-,3,1.8,1.2,0.9,0.1,1,0.6,0.2,0.8,-,3.6,0.8,0.1,0.2,-,-,-,-,54.5,2.6,2.5,47,2.4,0.1,-,0.1,-,-,-,-,-,-,-
119,Tiago Gabriel,US Lecce,SerieA,20 years old (26-12-2004),"1,94m",Portugal,Defender (Centre),Centre-Back,right,0(1),79.0,-,-,-,-,85.7,2,-,6.74,"Jun 30, 2027",€1.00m,-,-,-,-,-,-,-,-,-,-,-,-,-,-,2,2,-,-,-,-,-,-,-,-,5,2,-,1,-,-,-,-,35,4,1,26,4,-,-,-,-,-,-,-,-,-,-
120,Koni De Winter,Genoa CFC,SerieA,22 years old (12-06-2002),"1,91m",Belgium,"Defender (Centre, Right)",Centre-Back,right,21(1),1898.0,3,-,6,-,86.9,3.3,1,6.74,"Jun 30, 2028",€18.00m,0.5,0.1,-,0.1,-,0.5,-,-,0.5,0.6,0.4,0.2,0.6,0.4,4.7,3.3,1.5,1.4,0.3,1.7,1,0.6,1.6,-,4.5,0.3,0.3,0.2,-,-,-,-,50.5,1.5,2,42.3,4.6,0.1,-,0.1,-,-,-,-,-,-,-
121,Carlos Augusto,Inter Milan,SerieA,26 years old (07-01-1999),"1,84m",Brazil,"Defender (Centre, Left), Midfielder (Left)",Left-Back,left,12(13),1435.0,3,2,-,-,89.2,2.1,1,6.73,"Jun 30, 2028",€22.00m,0.8,0.1,0.1,-,-,0.8,-,0.1,0.6,0.4,0.2,0.2,0.7,0.4,3.4,2.1,1.2,1,0.2,1.3,0.3,0.5,0.3,0.1,1.5,0.4,0.1,0.4,-,-,-,-,35.8,0.9,0.8,31.1,3.1,0.3,-,0.3,0.1,-,-,-,-,-,-
122,Teun Koopmeiners,Juventus FC,SerieA,27 years old (28-02-1998),"1,84m",Netherlands,"Defender (Centre), Midfielder (Centre)",Attacking Midfield,left,23(5),1998.0,3,3,3,-,87.8,0.8,-,6.73,"Jun 30, 2029",€40.00m,1.5,0.1,-,0.1,-,1.5,0.6,0.1,0.8,0.8,0.4,0.4,1.4,0.6,1.6,0.8,0.8,1.1,0.7,1.9,0.3,0.3,1.1,0.1,0.8,0.5,0.1,0.8,-,-,-,-,29.2,0.7,0.4,24.9,3.1,1.4,0.5,0.9,0.1,-,-,-,-,-,0.1
123,Tommaso Augello,Cagliari Calcio,SerieA,30 years old (30-08-1994),"1,80m",Italy,"Defender (Left), Midfielder (Left)",Left-Back,left,26(8),2383.0,-,6,3,-,77.9,1.4,4,6.73,"Jun 30, 2025",€1.80m,0.2,-,-,-,-,0.2,0.1,-,0.1,1.2,0.5,0.7,0.7,0.5,2,1.4,0.6,1.4,0.3,1.7,0.5,0.3,0.4,0.1,2.3,0.1,0.3,0.4,-,-,-,-,30.5,1.7,2.2,22.1,4.6,1.1,0.4,0.7,0.2,0.2,-,-,-,-,-
124,David Neres,SSC Napoli,SerieA,28 years old (03-03-1997),"1,76m",Brazil,"Attacking Midfielder (Centre, Left, Right)",Left Winger,left,13(12),1227.0,2,4,2,-,85.9,0.1,-,6.73,"Jun 30, 2028",€30.00m,1.1,0.1,-,0.1,-,1.1,0.4,0.1,0.6,2.8,1.5,1.3,1.4,0.9,0.6,0.1,0.4,0.7,0.2,0.9,0.3,0.4,0.6,0.2,0.1,-,-,0.2,-,-,-,-,17,0.2,0.1,14.5,2.3,1,0.2,0.7,0.2,0.1,-,-,-,-,-
125,Kike Pérez,Venezia FC,SerieA,28 years old (14-02-1997),"1,84m",Spain,Midfielder (Centre),Central Midfield,left,10(2),888.0,-,-,4,-,76.8,1,1,6.72,"Jun 30, 2027",€2.80m,1,-,-,-,-,1,0.6,0.1,0.3,1.9,1,0.9,1.8,1.4,2,1,1,2.7,1.8,4.4,0.7,1.1,1.8,0.1,0.7,0.1,0.3,0.8,-,-,-,-,36.6,2.9,2.2,25.2,6.3,1.3,0.6,0.7,-,-,-,-,-,-,-
126,Saúl Coco,Torino FC,SerieA,26 years old (09-02-1999),"1,87m",Equatorial Guinea,Defender (Centre),Centre-Back,right,31,2757.0,2,-,10,-,88.6,2,2,6.72,"Jun 30, 2028",€12.00m,0.6,0.1,-,0.1,-,0.6,0.3,0.1,0.3,0.3,-,0.2,0.4,0.1,3.9,2,1.9,1.4,0.4,1.7,1.2,0.5,1.7,-,4.8,1,0.1,0.5,-,-,-,-,47.8,2,2.1,40.4,3.4,-,-,-,-,-,-,-,-,-,-
127,Jens Odgaard,Bologna FC 1909,SerieA,26 years old (31-03-1999),"1,88m",Denmark,"Attacking Midfielder (Centre, Right), Forward",Attacking Midfield,left,23(5),1887.0,6,1,1,-,78.3,1.6,1,6.72,"Jun 30, 2027",€12.00m,1.8,0.2,-,0.1,0.1,1.8,0.9,0.1,0.8,1.8,1.3,0.5,1.9,1.1,3.8,1.6,2.2,0.7,0.5,1.3,0.3,1.6,1.5,0.1,0.4,0.1,-,0.6,-,-,-,-,16.4,0.4,0.6,12.5,3,0.6,-,0.6,-,-,-,-,-,-,-
128,Stanislav Lobotka,SSC Napoli,SerieA,30 years old (25-11-1994),"1,68m",Slovakia,Defensive Midfielder (C),Defensive Midfield,right,29(1),2583.0,-,1,3,-,90.8,0.2,-,6.72,"Jun 30, 2027",€25.00m,0.2,-,-,-,-,0.2,0.1,-,0.1,0.4,0.1,0.3,0.4,0.4,0.4,0.2,0.2,1.5,0.4,1.9,0.7,1,0.8,-,1.8,0.4,0.1,0.6,-,-,-,-,56.5,2.7,0.9,48.7,4.3,0.6,0.1,0.5,-,-,-,-,-,-,-
129,Sebastiano Esposito,FC Empoli,SerieA,22 years old (02-07-2002),"1,83m",Italy,"Attacking Midfielder (Centre), Forward",Second Striker,right,24(6),2107.0,8,-,1,-,64.2,0.8,2,6.72,"Jun 30, 2025",€10.00m,1.9,0.3,0.1,0.2,-,1.9,0.6,0.1,1.1,2.2,1.2,1,2.6,1.5,2.6,0.8,1.7,1.7,0.5,2.2,0.4,1.7,1.3,0.3,0.3,0.1,0.1,0.6,-,-,-,-,20.5,0.9,1.2,12.3,6.2,1.1,0.1,1,-,-,-,-,-,-,-
130,Frédéric Guilbert,US Lecce,SerieA,30 years old (24-12-1994),"1,78m",France,"Defender (Centre, Left, Right), Midfielder (Right)",Right-Back,right,27,2168.0,-,1,3,2,79.8,1.2,1,6.72,"Jun 30, 2026",€2.50m,0.4,-,-,-,-,0.4,0.3,-,-,1.3,0.7,0.6,0.9,0.3,2.1,1.2,1,2.4,0.7,3.1,1.6,0.9,1.1,-,3.2,0.3,0.5,0.6,-,-,-,-,31.7,1.6,1.9,23.7,4.5,0.7,0.3,0.4,-,-,-,-,-,-,-
131,Yacine Adli,ACF Fiorentina,SerieA,24 years old (29-07-2000),"1,86m",France,Midfielder (Centre),Defensive Midfield,right,15(9),1207.0,4,5,1,1,85.7,0.2,2,6.72,"Jun 30, 2025",€15.00m,0.5,0.2,-,0.1,-,0.5,0.4,-,0.2,1.3,0.8,0.5,0.8,0.3,0.9,0.2,0.7,1.3,0.9,2.2,0.3,0.8,0.4,-,0.8,-,-,0.5,-,-,-,-,32.9,3.1,1.7,25.1,3,0.9,0.4,0.5,0.2,0.2,0.1,-,-,-,-
132,Jacob Ondrejka,Parma Calcio 1913,SerieA,22 years old (02-09-2002),"1,79m",Sweden,Attacking Midfielder (Left),Left Winger,right,1(7),219.0,3,-,-,-,83.8,0.1,2,6.71,"Jun 30, 2029",€7.00m,1,0.4,-,0.4,-,1,0.4,-,0.6,0.5,0.1,0.4,0.6,0.3,0.6,0.1,0.5,0.8,0.3,1,0.6,0.6,-,-,0.1,-,-,0.1,-,-,-,-,8.5,0.3,0.3,6.9,1.1,0.3,-,0.3,-,-,-,-,-,-,-
133,Adrián Bernabé,Parma Calcio 1913,SerieA,23 years old (26-05-2001),"1,74m",Spain,Defensive Midfielder (C),Central Midfield,left,18(1),1365.0,1,-,1,-,85.7,0.3,1,6.71,"Jun 30, 2027",€15.00m,1.3,0.1,-,-,0.1,1.3,1.2,-,0.1,1.7,0.9,0.8,0.6,0.6,0.4,0.3,0.1,1.5,0.8,2.3,0.3,1.8,0.5,-,1.1,0.5,0.2,0.7,-,-,-,-,46.3,3.3,1.8,36.4,4.8,1.1,0.4,0.7,-,-,-,-,-,-,-
134,Mattia Viti,FC Empoli,SerieA,23 years old (24-01-2002),"1,90m",Italy,"Defender (Centre, Left)",Centre-Back,left,26,2217.0,-,-,1,-,80,1.8,-,6.71,"Jun 30, 2025",€6.50m,0.4,-,-,-,-,0.4,0.2,0.1,0.2,0.3,0.1,0.2,0.7,0.5,3.4,1.8,1.6,2.3,0.6,2.8,1.7,0.9,0.9,-,3.8,0.7,0.1,0.7,-,-,-,-,38,2.3,3.7,28.1,3.9,0.1,-,0.1,-,-,-,-,-,-,-
135,Matteo Ruggeri,Atalanta BC,SerieA,22 years old (11-07-2002),"1,87m",Italy,Midfielder (Left),Left Midfield,left,17(10),1596.0,-,2,2,-,87.5,0.8,1,6.71,"Jun 30, 2028",€20.00m,0.1,-,-,-,-,0.1,-,-,0.1,0.4,0.1,0.2,0.5,0.1,1.4,0.8,0.6,1.4,0.4,1.8,0.6,0.2,0.4,0.1,1.3,0.1,0.1,0.9,-,-,-,-,37.4,0.9,1.6,31.8,3.1,0.9,0.2,0.7,0.1,-,-,-,-,-,-
136,Elseid Hysaj,SS Lazio,SerieA,31 years old (02-02-1994),"1,82m",Albania,"Defender (Left, Right), Midfielder (Right)",Right-Back,right,3(5),276.0,-,2,-,-,84.6,0.6,-,6.7,"Jun 30, 2026",€2.00m,-,-,-,-,-,-,-,-,-,0.8,0.4,0.4,0.6,-,1.1,0.6,0.5,0.9,-,0.9,0.5,0.1,0.3,-,1.5,0.3,0.3,-,-,-,-,-,18.6,1.4,0.9,14.4,2,0.6,-,0.6,0.3,0.1,-,-,-,-,0.1
137,Luca Pellegrini,SS Lazio,SerieA,26 years old (07-03-1999),"1,78m",Italy,"Defender (Left), Midfielder (Left)",Left-Back,left,8(11),883.0,-,4,3,-,80.2,0.4,-,6.7,"Jun 30, 2025",€2.50m,0.6,-,-,-,-,0.6,0.4,-,0.2,1.3,0.7,0.5,0.8,0.5,0.7,0.4,0.4,1.1,0.6,1.7,0.8,0.5,0.8,-,1.1,0.1,0.4,0.4,-,-,-,-,22.6,1.3,1.5,16.8,2.9,0.9,0.2,0.7,0.2,0.2,-,-,0.1,-,0.1
138,Isak Hien,Atalanta BC,SerieA,26 years old (13-01-1999),"1,91m",Sweden,Defender (Centre),Centre-Back,right,25(3),2149.0,-,-,9,-,89.9,2.1,-,6.7,"Jun 30, 2028",€30.00m,0.2,-,-,-,-,0.2,-,0.1,0.1,0.4,0.2,0.2,0.8,0.3,3.7,2.1,1.6,1.7,0.5,2.3,1,0.6,1.1,-,2.6,0.6,-,0.4,-,-,-,-,43.4,1.7,0.9,37.3,3.5,-,-,-,-,-,-,-,-,-,-
139,Dusan Vlahovic,Juventus FC,SerieA,25 years old (28-01-2000),"1,90m",Serbia,Forward,Centre-Forward,left,21(5),1751.0,9,4,3,-,71.5,1.5,3,6.7,"Jun 30, 2026",€45.00m,2.9,0.3,-,0.3,-,2.9,0.6,0.2,2.1,1.1,0.7,0.3,1.8,1,3.1,1.5,1.6,0.1,0.2,0.3,-,0.7,1,0.5,0.3,0.1,-,0.2,-,-,-,-,13,0.4,0.2,8.9,3.5,0.6,-,0.6,0.2,-,-,-,-,-,0.2
140,Ignace Van der Brempt,Como 1907,SerieA,23 years old (01-04-2002),"1,87m",Belgium,"Defender (Right), Midfielder (Right)",Right-Back,right,12(4),1081.0,-,1,3,-,82.7,0.9,-,6.7,"Jun 30, 2025",€4.00m,0.4,-,-,-,-,0.4,-,-,0.4,1.5,0.9,0.6,1.1,0.6,1.8,0.9,0.9,2.4,0.5,2.9,0.8,0.8,1.1,-,1.7,0.3,0.2,0.4,-,-,-,-,28.1,1,1,22.3,3.9,0.6,0.1,0.5,0.1,-,-,-,-,-,0.1
141,Mateo Pellegrino,Parma Calcio 1913,SerieA,23 years old (22-10-2001),"1,92m",Argentina,Forward,Centre-Forward,left,4(5),425.0,3,1,2,-,55.1,3,1,6.7,"Jun 30, 2029",€3.50m,1.6,0.3,0.1,0.2,-,1.6,0.4,0.1,1,0.4,0.2,0.2,2.3,0.9,5.8,3,2.8,0.1,0.1,0.2,-,1,1.6,-,0.7,0.1,-,0.2,-,-,-,-,9.9,0.4,0.3,5,4.1,0.4,0.1,0.3,0.1,-,-,-,-,-,0.1
142,Jean Butez,Como 1907,SerieA,29 years old (08-06-1995),"1,89m",France,Goalkeeper,Goalkeeper,right,16,1440.0,-,-,-,-,75.1,0.4,-,6.7,"Jun 30, 2028",€3.00m,-,-,-,-,-,-,-,-,-,-,-,-,0.1,-,0.4,0.4,-,-,0.1,0.1,-,0.1,0.1,-,1,-,-,-,2.6,0.2,1.3,1.1,35.7,6.4,8.6,20.4,0.3,0.1,0.1,-,-,-,-,-,-,-,-
143,Alieu Fadera,Como 1907,SerieA,23 years old (03-11-2001),"1,82m",Gambia,"Midfielder (Left, Right)",Left Winger,right,20(6),1628.0,1,3,2,1,77,0.4,-,6.69,"Jun 30, 2028",€5.00m,1,-,-,-,-,1,0.5,-,0.5,2.6,1.6,1,1.6,1.3,1,0.4,0.6,2.4,1,3.4,0.4,1.9,1.5,0.5,0.3,-,0.1,0.6,-,-,-,-,18.9,0.5,0.3,14.1,4,0.8,-,0.8,0.1,-,-,-,-,-,0.1
144,Rolando Mandragora,ACF Fiorentina,SerieA,27 years old (29-06-1997),"1,83m",Italy,Defensive Midfielder (C),Defensive Midfield,left,18(7),1577.0,3,3,6,-,79.8,0.5,2,6.69,"Jun 30, 2026",€10.00m,1.1,0.1,-,0.1,-,1.1,0.8,-,0.2,0.5,0.2,0.2,0.4,0.1,0.9,0.5,0.4,0.8,0.6,1.4,0.5,1,0.7,0.1,2,0.3,0.1,0.6,-,-,-,-,27.8,1.5,2.2,20.7,3.4,0.8,0.2,0.6,0.1,-,-,-,-,-,-
145,Álvaro Morata,Galatasaray,SerieA,32 years old (23-10-1992),190cm,Spain,"Attacking Midfielder (Centre, Left), Forward",,,13(3),1107.0,5,-,5,-,78.4,0.9,-,6.69,,,1.7,0.3,0.2,0.1,-,1.7,0.1,0.4,1.2,1.1,0.7,0.4,1.5,1,2.2,0.9,1.3,1,0.2,1.2,0.3,1.1,1.6,0.7,0.3,0.1,-,0.3,-,-,-,-,15.9,0.7,0.3,11.8,3.1,0.4,0.1,0.3,-,-,-,-,-,-,-
146,Francisco Conceição,Juventus FC,SerieA,22 years old (14-12-2002),"1,70m",,Attacking Midfielder (Right),Right Winger,left,10(12),1109.0,3,3,3,1,84.9,-,-,6.69,"Jun 30, 2025",€36.00m,1.5,0.1,-,0.1,-,1.5,0.4,-,1.1,3.1,1.7,1.5,1.3,0.9,0.5,-,0.4,0.8,0.7,1.5,0.2,1.3,0.9,0.1,0.1,-,-,0.3,-,-,-,-,18,0.5,0.2,14.8,2.5,1,0.2,0.8,0.1,-,-,-,-,-,0.1
147,Nikola Vlasic,Torino FC,SerieA,27 years old (04-10-1997),179cm,Croatia,"Attacking Midfielder (Centre, Left, Right), Forward",,,19(7),1780.0,4,4,-,-,81.2,1,-,6.69,,,0.9,0.2,-,0.1,-,0.9,0.5,-,0.4,1.7,0.8,0.8,1.4,1.1,2,1,1,1.3,0.7,2,0.3,0.8,0.9,0.2,0.4,0.1,0.1,0.3,-,-,-,-,24.3,0.5,0.2,19.2,4.3,0.8,0.1,0.8,0.2,-,-,-,-,-,0.2
148,Bryan Cristante,AS Roma,SerieA,30 years old (03-03-1995),"1,86m",Italy,"Defender (Centre), Midfielder (Centre)",Defensive Midfield,right,19(7),1713.0,2,2,7,-,84.6,1.9,1,6.69,"Jun 30, 2027",€7.00m,0.9,0.1,-,-,-,0.9,0.3,-,0.5,0.3,0.2,0.2,0.8,0.4,3.5,1.9,1.6,1.6,0.4,2,0.6,0.3,1,-,1.1,0.3,0.1,0.3,-,-,-,-,42.6,1.8,1.6,34.2,5,0.5,0.1,0.4,0.1,-,-,-,-,-,0.1
149,Alessio Romagnoli,SS Lazio,SerieA,30 years old (12-01-1995),"1,85m",Italy,"Defender (Centre, Left)",Centre-Back,left,27(1),2315.0,2,-,3,1,92.3,2.5,-,6.69,"Jun 30, 2027",€12.00m,0.5,0.1,-,-,-,0.5,-,0.1,0.4,-,-,-,0.2,-,3.9,2.5,1.4,1.5,0.2,1.7,0.8,0.4,0.9,0.1,3.6,0.4,0.1,0.5,-,-,-,-,53.9,1.6,1.6,48.2,2.5,0.3,-,0.3,-,-,-,-,-,-,-
150,Mattéo Guendouzi,SS Lazio,SerieA,26 years old (14-04-1999),"1,85m",France,Midfielder (Centre),Central Midfield,right,33,2915.0,1,3,5,-,90.7,0.5,1,6.69,"Jun 30, 2028",€32.00m,0.8,-,-,-,-,0.8,0.4,0.1,0.3,0.7,0.3,0.5,0.7,0.5,1,0.5,0.5,1,0.7,1.7,0.9,0.9,0.8,-,1.2,0.3,0.2,0.7,-,-,-,-,57.4,3.1,1.5,48.9,3.8,1.1,0.1,1,0.1,-,-,-,-,-,0.1
151,Gianluca Mancini,AS Roma,SerieA,29 years old (17-04-1996),"1,90m",Italy,"Defender (Centre), Defensive Midfielder (C)",Centre-Back,right,32(1),2786.0,1,-,7,-,87.1,1.6,-,6.68,"Jun 30, 2027",€18.00m,0.6,-,-,-,-,0.6,-,0.1,0.5,0.2,0.2,-,0.3,0.2,2.6,1.6,1,1.1,0.4,1.5,1,0.9,1.3,0.2,2.5,0.4,0.1,0.2,-,-,-,-,52.2,2.2,3.3,43.2,3.5,0.4,0.1,0.4,-,-,-,-,-,-,-
152,Lucas da Cunha,Como 1907,SerieA,23 years old (09-06-2001),"1,74m",France,"Midfielder (Centre, Right)",Central Midfield,left,26(6),2297.0,3,2,4,-,87.4,0.5,-,6.68,"Jun 30, 2029",€7.00m,1,0.1,-,-,0.1,1,0.6,-,0.3,0.8,0.5,0.3,0.6,0.5,1.2,0.5,0.7,1.2,0.5,1.7,0.4,0.7,0.6,-,0.9,0.1,-,0.4,-,-,-,-,42.4,1.7,1.1,35.3,4.3,1.5,0.4,1.1,0.1,-,-,-,-,-,-
153,Artem Dovbyk,AS Roma,SerieA,27 years old (21-06-1997),"1,89m",Ukraine,Forward,Centre-Forward,left,25(5),2269.0,11,2,-,-,75.3,1.3,2,6.68,"Jun 30, 2029",€30.00m,2.1,0.4,0.2,0.2,-,2.1,0.4,0.3,1.4,0.6,0.4,0.2,2.5,1,3.2,1.3,1.9,0.1,0.1,0.3,0.1,0.4,1,0.7,0.4,0.1,-,0.2,-,-,-,-,13.2,-,-,9.9,3.3,0.7,-,0.7,0.1,-,-,-,-,-,0.1
154,Gustav Isaksen,SS Lazio,SerieA,24 years old (19-04-2001),"1,81m",Denmark,Attacking Midfielder (Right),Right Winger,left,26(7),2037.0,4,2,5,-,85.6,0.4,1,6.68,"Jun 30, 2028",€20.00m,1.5,0.1,-,0.1,-,1.5,0.5,-,1,2.9,1.6,1.3,1.2,0.9,1.2,0.4,0.8,0.4,0.6,1.1,0.2,1.3,0.7,0.1,0.4,0.1,0.1,0.5,-,-,-,-,18.5,0.7,0.3,15.2,2.3,1,0.2,0.8,0.1,-,-,-,-,-,0.1
155,Mike Maignan,AC Milan,SerieA,29 years old (03-07-1995),"1,91m",France,Goalkeeper,Goalkeeper,right,33,2935.0,-,-,2,-,84.7,0.1,-,6.68,"Jun 30, 2026",€25.00m,-,-,-,-,-,-,-,-,-,-,-,-,-,-,0.1,0.1,-,-,-,-,-,0.2,-,-,0.7,-,-,-,2.6,0.2,1.5,1,36.7,5.2,5.4,25.8,0.2,0.2,0.1,0.1,-,-,-,-,-,-,-
156,Simone Perilli,Hellas Verona,SerieA,30 years old (07-01-1995),"1,96m",Italy,Goalkeeper,Goalkeeper,right,1,90.0,-,-,-,-,33.3,1,-,6.68,-,€200k,-,-,-,-,-,-,-,-,-,-,-,-,-,-,1,1,-,-,-,-,-,-,-,-,2,-,-,-,5,-,2,3,21,5,14,2,-,-,-,-,-,-,-,-,-,-,-
157,Benjamin Pavard,Inter Milan,SerieA,29 years old (28-03-1996),"1,86m",France,"Defender (Centre, Left, Right), Midfielder (Right)",Centre-Back,right,18(5),1585.0,-,1,4,-,92,1.7,-,6.68,"Jun 30, 2028",€30.00m,0.3,-,-,-,-,0.3,0.1,0.1,0.2,0.1,0.1,-,0.2,-,3.2,1.7,1.4,1.3,0.3,1.6,0.7,0.4,0.8,0.1,2.2,0.5,0.1,0.2,-,-,-,-,48.7,1.8,1.3,43,2.6,0.3,-,0.3,-,-,-,-,-,-,-
158,Maxwel Cornet,Genoa CFC,SerieA,28 years old (27-09-1996),"1,79m",Ivory Coast,"Defender (Left), Midfielder (Left, Right), Forward",Left Winger,left,2(4),235.0,2,1,-,-,74.2,0.2,-,6.67,"Jun 30, 2025",€8.00m,0.8,0.3,-,0.3,-,0.8,-,-,0.8,1.3,0.8,0.5,0.8,0.5,1.5,0.2,1.3,0.3,0.2,0.5,0.3,0.2,-,0.2,0.2,0.2,-,-,-,-,-,-,10.3,0.3,-,7.3,2.7,0.8,-,0.8,0.2,0.2,-,-,-,-,-
159,Antonino Gallo,US Lecce,SerieA,25 years old (05-01-2000),"1,83m",Italy,Defender (Left),Left-Back,left,27,2256.0,-,2,3,1,71.2,0.8,-,6.67,"Jun 30, 2026",€4.50m,0.3,-,-,-,-,0.3,0.2,-,0.1,1,0.6,0.4,1.3,0.4,1.9,0.8,1.1,2.3,1,3.2,0.7,0.6,0.4,0.1,3.4,0.1,0.6,1,-,-,-,-,28.4,1.9,3.6,18.4,4.6,1.4,0.5,1,0.1,-,-,-,-,-,-
160,Santiago Castro,Bologna FC 1909,SerieA,20 years old (18-09-2004),"1,79m",Argentina,Forward,Centre-Forward,right,25(7),2162.0,8,4,6,-,78.3,1.1,1,6.67,"Jun 30, 2028",€35.00m,1.8,0.3,0.1,0.1,0.1,1.8,0.4,0.1,1.3,1.3,0.8,0.5,2.1,1.9,3.3,1.1,2.1,0.5,0.3,0.8,0.1,1.5,1.4,0.3,0.6,0.1,-,0.3,-,-,-,-,12.8,0.9,0.2,9.1,2.6,0.8,0.2,0.7,0.1,-,-,0.1,-,-,0.1
161,Alex Meret,SSC Napoli,SerieA,28 years old (22-03-1997),"1,90m",Italy,Goalkeeper,Goalkeeper,left,30,2646.0,-,-,-,-,83.8,0.2,-,6.67,"Jun 30, 2025",€12.00m,-,-,-,-,-,-,-,-,-,-,-,-,-,-,0.2,0.2,-,-,-,-,-,0.1,-,-,0.8,-,-,-,1.8,-,1.1,0.7,31.3,4.4,4.7,21.8,0.4,-,-,-,-,-,-,-,-,-,-
162,Remo Freuler,Bologna FC 1909,SerieA,33 years old (15-04-1992),"1,80m",Switzerland,Defensive Midfielder (C),Central Midfield,right,33,2883.0,-,2,6,-,88.9,0.8,-,6.67,"Jun 30, 2026",€6.50m,0.5,-,-,-,-,0.5,0.3,-,0.2,0.4,0.2,0.2,0.9,0.4,1.6,0.8,0.8,2.2,1.2,3.4,1.1,0.5,1.3,-,1.5,0.1,0.2,0.9,-,-,-,-,52.2,1.8,1.9,44.6,3.9,1,-,1,0.1,-,-,-,-,-,0.1
163,Ondrej Duda,Hellas Verona,SerieA,30 years old (05-12-1994),"1,80m",Slovakia,"Midfielder (Centre), Forward",Central Midfield,right,24(1),2144.0,1,2,8,1,82.6,0.6,1,6.67,"Jun 30, 2025",€4.00m,0.8,-,-,-,-,0.8,0.8,-,0.1,1.5,0.7,0.8,1.8,0.8,1,0.6,0.4,1.7,1.3,3,1.2,2.1,1.7,-,1.1,0.3,0.1,0.6,-,-,-,-,39.5,2.9,2.3,29.7,4.6,1.2,0.4,0.8,0.1,-,-,-,-,-,-
164,Enrico Delprato,Parma Calcio 1913,SerieA,25 years old (10-11-1999),"1,83m",Italy,"Defender (Centre, Right)",Right-Back,right,28(2),2586.0,4,-,7,-,85.9,1.2,-,6.67,"Jun 30, 2027",€6.00m,0.4,0.1,-,0.1,-,0.4,-,-,0.4,0.1,-,0.1,0.3,0.1,2.5,1.2,1.4,0.9,0.2,1.1,0.6,0.5,0.5,-,3.6,1.1,0.5,1,-,-,-,-,41,1.8,2.8,33.4,3,0.4,-,0.4,-,-,-,-,-,-,-
165,Wladimiro Falcone,US Lecce,SerieA,30 years old (12-04-1995),"1,95m",Italy,Goalkeeper,Goalkeeper,right,34,3060.0,-,-,1,-,58,0.4,2,6.66,"Jun 30, 2028",€4.00m,-,-,-,-,-,-,-,-,-,-,-,-,-,-,0.4,0.4,-,-,-,-,-,0.2,-,-,1.3,-,-,-,3.3,0.1,1.9,1.3,28.2,6.5,11.6,9.8,0.2,-,-,-,-,-,-,-,-,-,-
166,Boulaye Dia,SS Lazio,SerieA,28 years old (16-11-1996),"1,80m",Senegal,"Attacking Midfielder (Centre, Right), Forward",Centre-Forward,right,24(7),1921.0,8,3,2,-,84.8,0.6,2,6.66,"Jun 30, 2026",€15.00m,1,0.3,0.1,0.2,-,1,0.1,0.1,0.8,1.2,0.7,0.5,1,0.9,2.3,0.6,1.6,0.6,0.3,0.9,0.2,0.7,0.7,0.1,0.4,-,-,0.3,-,-,-,-,16.8,0.6,0.1,13.7,2.4,0.7,-,0.7,0.1,-,-,-,-,-,0.1
167,Zion Suzuki,Parma Calcio 1913,SerieA,22 years old (21-08-2002),"1,90m",Japan,Goalkeeper,Goalkeeper,right,33,2955.0,-,-,-,1,63.7,0.4,1,6.66,"Jun 30, 2029",€14.00m,-,-,-,-,-,-,-,-,-,-,-,-,-,-,0.5,0.4,-,-,-,0.1,-,0.2,0.1,-,1.3,-,-,-,2.7,-,2.1,0.6,35,6.3,12.6,16,0.1,-,-,-,-,-,-,-,-,-,-
168,Timothy Weah,Juventus FC,SerieA,25 years old (22-02-2000),"1,83m",USA,"Defender (Left, Right), Midfielder (Left, Right), Forward",Right Winger,right,16(10),1435.0,5,2,4,-,88.1,0.7,1,6.66,"Jun 30, 2028",€17.00m,0.8,0.2,0.1,0.1,-,0.8,0.5,0.1,0.2,1.2,0.7,0.5,0.8,0.6,1.5,0.7,0.8,1.2,0.3,1.5,0.4,0.5,0.7,0.1,0.7,0.2,0.2,0.8,-,-,-,-,23.5,0.5,0.6,20.2,2.2,0.6,0.1,0.5,0.1,-,-,-,-,-,-
169,Andrea Cambiaso,Juventus FC,SerieA,25 years old (20-02-2000),"1,82m",Italy,"Defender (Left, Right), Midfielder (Left, Right)",Left-Back,both,22(8),2006.0,2,1,4,-,91.8,0.2,2,6.66,"Jun 30, 2029",€40.00m,0.5,0.1,-,-,0.1,0.5,0.3,-,0.1,1.5,0.7,0.8,1.4,0.6,0.6,0.2,0.3,1.4,0.5,1.9,0.5,0.7,0.8,0.1,0.6,0.1,0.4,0.6,-,-,-,-,45.1,1.5,0.3,39.9,3.4,1,0.1,0.9,-,-,-,-,-,-,-
170,Michele Di Gregorio,Juventus FC,SerieA,27 years old (27-07-1997),"1,87m",Italy,Goalkeeper,Goalkeeper,right,29,2610.0,-,-,-,-,75,0.3,-,6.65,"Jun 30, 2025",€18.00m,-,-,-,-,-,-,-,-,-,-,-,-,-,-,0.3,0.3,-,-,-,-,-,0.2,-,-,0.9,-,-,-,2.1,0.1,1,0.9,26.5,5.1,6.5,14.8,0.1,-,-,-,-,-,-,-,-,-,-
171,Cristiano Biraghi,Torino FC,SerieA,32 years old (01-09-1992),"1,85m",Italy,"Defender (Centre, Left), Midfielder (Left)",Left-Back,left,9(2),799.0,-,-,-,-,76.6,0.7,1,6.65,"Jun 30, 2025",€2.00m,0.5,-,-,-,-,0.5,0.4,-,0.2,0.6,0.6,-,0.6,0.2,1.5,0.7,0.8,1.1,0.3,1.4,0.6,0.9,0.7,-,2.7,0.3,0.4,0.5,-,-,-,-,29.2,1.5,3.3,20.9,3.5,1.5,0.9,0.5,-,-,-,-,-,-,-
172,Emanuele Valeri,Parma Calcio 1913,SerieA,26 years old (07-12-1998),"1,80m",Italy,"Defender (Left), Midfielder (Left)",Left-Back,left,30(1),2570.0,2,6,1,-,75.2,0.5,1,6.65,"Jun 30, 2027",€3.00m,0.8,0.1,-,-,-,0.8,0.7,-,0.2,1.4,1.1,0.3,1.2,0.1,1,0.5,0.5,1.5,0.9,2.4,0.9,0.6,0.7,-,2.7,0.3,0.3,0.5,-,-,-,-,24.4,1.2,2.2,17.2,3.8,1.1,0.3,0.8,0.2,0.1,-,-,-,-,0.1
173,Weston McKennie,Juventus FC,SerieA,26 years old (28-08-1998),"1,85m",USA,"Defender (Centre, Right), Midfielder (Centre, Left, Right)",Central Midfield,right,24(4),2043.0,2,3,2,-,85.2,1.1,-,6.65,"Jun 30, 2026",€24.00m,0.7,0.1,-,-,-,0.7,0.1,0.1,0.5,1.1,0.4,0.6,1.3,0.9,2.1,1.1,1,1.1,0.3,1.4,0.4,0.6,1,-,1.1,0.3,-,0.7,-,-,-,-,32.9,0.9,0.5,27.1,4.4,0.9,-,0.9,0.1,-,-,-,-,-,0.1
174,Danilo Cataldi,ACF Fiorentina,SerieA,30 years old (06-08-1994),"1,80m",Italy,Midfielder (Centre),Defensive Midfield,right,22(3),1726.0,3,-,1,-,86.2,0.2,2,6.64,"Jun 30, 2025",€4.00m,0.5,0.1,-,-,0.1,0.5,0.4,-,0.2,0.4,0.3,0.1,0.5,0.3,0.4,0.2,0.2,1,0.5,1.5,0.9,0.9,0.6,-,1.4,0.3,-,0.4,-,-,-,-,38.7,1.8,2.2,31.6,3.1,0.6,0.1,0.5,-,-,-,-,-,-,-
175,Malick Thiaw,AC Milan,SerieA,23 years old (08-08-2001),"1,94m",Germany,Defender (Centre),Centre-Back,right,19(2),1727.0,-,-,2,-,93.4,2.2,1,6.64,"Jun 30, 2027",€20.00m,0.3,-,-,-,-,0.3,-,-,0.3,0.2,-,0.1,0.3,0.1,3.5,2.2,1.3,1.1,0.2,1.3,0.7,0.3,1.1,-,3.5,0.6,-,0.1,-,-,-,-,57.8,3.3,1.6,50.7,2.2,0.2,-,0.2,-,-,-,-,-,-,-
176,Georgios Kyriakopoulos,AC Monza,SerieA,29 years old (05-02-1996),"1,86m",Greece,"Defender (Left), Midfielder (Left)",Left Midfield,left,29(1),2512.0,2,4,5,-,79.3,0.8,1,6.64,"Jun 30, 2026",€3.50m,0.8,0.1,-,0.1,-,0.8,0.5,-,0.3,1.4,0.8,0.5,0.9,0.5,1.8,0.8,1,1.3,1,2.3,0.7,1.1,0.8,0.2,2,0.3,0.4,0.6,-,-,-,-,28.8,0.9,1.8,21.9,4.2,1.3,0.6,0.8,0.1,-,-,-,-,-,0.1
177,Lorenzo Lucca,Udinese Calcio,SerieA,24 years old (10-09-2000),"2,01m",Italy,Forward,Centre-Forward,right,26(5),2241.0,10,1,9,-,65.2,1.7,1,6.64,"Jun 30, 2028",€22.00m,1.9,0.3,0.1,0.3,-,1.9,0.3,0.1,1.5,0.7,0.4,0.4,2.2,0.9,4,1.7,2.2,0.3,0.2,0.5,0.2,1.5,1.9,0.5,0.8,-,-,0.5,-,-,-,-,11.5,0.3,0.1,7.2,3.9,0.5,-,0.5,-,-,-,-,-,-,-
178,Youssouf Fofana,AC Milan,SerieA,26 years old (10-01-1999),"1,85m",France,Defensive Midfielder (C),Defensive Midfield,right,28(4),2447.0,1,6,5,-,86.3,0.3,-,6.64,"Jun 30, 2028",€30.00m,1.1,-,-,-,-,1.1,0.9,0.1,0.1,1,0.5,0.4,0.9,0.6,1,0.3,0.6,1.8,0.8,2.5,0.6,0.5,0.9,-,0.6,0.3,0.1,0.7,-,-,-,-,43.3,1.6,1.6,35.8,4.4,0.7,0.2,0.5,0.2,-,-,0.1,-,-,0.1
179,Juan Cuadrado,Atalanta BC,SerieA,36 years old (26-05-1988),"1,76m",Colombia,"Defender (Right), Midfielder (Centre, Left, Right), Forward",Right Midfield,right,7(14),795.0,-,2,2,-,85,0.6,-,6.64,"Jun 30, 2025",€1.00m,0.8,-,-,-,-,0.8,0.2,-,0.5,1.9,1.1,0.8,0.6,0.4,0.8,0.6,0.2,0.9,0.6,1.5,0.3,1.2,0.4,-,0.3,0.1,0.1,0.6,-,-,-,-,21.9,1.3,0.6,17.3,2.7,0.8,0.1,0.7,0.1,0.1,-,-,-,-,-
180,Samuel Gigot,SS Lazio,SerieA,31 years old (12-10-1993),"1,87m",France,Defender (Centre),Centre-Back,right,6(7),592.0,2,-,2,-,90.2,1.3,-,6.64,"Jun 30, 2025",€4.00m,0.3,0.2,0.2,-,-,0.3,-,0.2,0.2,0.1,-,0.1,0.3,-,1.7,1.3,0.4,0.2,0.1,0.3,1,0.6,0.6,0.1,2.1,0.3,0.2,0.2,-,-,-,-,19.6,0.2,0.6,17.5,1.3,-,-,-,-,-,-,-,-,-,-
181,Nikola Moro,Bologna FC 1909,SerieA,27 years old (12-03-1998),"1,84m",Croatia,Midfielder (Centre),Defensive Midfield,right,14(6),1122.0,-,2,1,-,82.8,0.7,-,6.64,"Jun 30, 2027",€5.00m,0.7,-,-,-,-,0.7,0.7,-,0.1,0.6,0.3,0.3,0.6,0.2,1.5,0.7,0.8,1.7,0.6,2.3,0.7,0.5,1,-,0.8,0.4,0.1,0.6,-,-,-,-,36,3.1,1.6,26.7,4.7,1,0.5,0.5,0.1,-,-,-,-,-,0.1
182,Giorgio Altare,Sampdoria,SerieA,26 years old (09-08-1998),190cm,Italy,Defender (Centre),,,8(4),753.0,-,-,2,-,76,1.8,-,6.63,,,0.3,-,-,-,-,0.3,0.1,-,0.2,0.5,0.1,0.4,0.4,0.4,3.2,1.8,1.4,1.1,0.6,1.7,1.4,0.2,0.8,-,3.8,0.9,0.3,0.8,-,-,-,-,27.1,1.3,2.3,19.3,4.2,0.1,-,0.1,-,-,-,-,-,-,-
183,Tino Anjorin,FC Empoli,SerieA,23 years old (23-11-2001),"1,86m",England,Attacking Midfielder (Centre),Attacking Midfield,right,14(5),1049.0,1,3,3,-,83.4,0.5,-,6.63,"Jun 3, 2027",€6.00m,1.1,0.1,-,-,0.1,1.1,0.9,-,0.2,2,1.2,0.8,1.1,0.5,1,0.5,0.5,1.4,0.5,1.9,0.6,0.9,1.2,-,0.9,0.2,0.1,0.7,-,-,-,-,20.6,0.8,0.9,16.3,2.5,0.9,0.1,0.8,0.2,-,-,0.1,-,-,0.1
184,Pierre Kalulu,Juventus FC,SerieA,24 years old (05-06-2000),"1,82m",France,"Defender (Centre, Right)",Centre-Back,right,23(4),2186.0,1,-,2,-,93.9,1,-,6.63,"Jun 30, 2025",€26.00m,0.3,-,-,-,-,0.3,-,0.1,0.2,0.4,0.3,0.1,0.7,0.2,2.6,1,1.7,1.4,0.2,1.6,0.6,0.6,0.8,0.1,2.3,0.6,0.1,0.4,-,-,-,-,72.9,2.3,1.3,66.1,3.1,0.4,-,0.3,-,-,-,-,-,-,-
185,Álex Valle,Como 1907,SerieA,21 years old (25-04-2004),"1,78m",Spain,Defender (Left),Left-Back,left,10(2),851.0,-,-,2,-,85.3,0.4,-,6.63,"Jun 30, 2025",€4.50m,0.6,-,-,-,-,0.6,0.3,-,0.3,1.4,0.8,0.7,1.2,0.7,1.5,0.4,1.1,1.9,0.3,2.3,0.5,1.3,1.1,0.1,2.8,0.2,0.2,0.7,-,-,-,-,36.2,1,1.4,29.8,3.9,0.7,-,0.7,-,-,-,-,-,-,-
186,Razvan Sava,Udinese Calcio,SerieA,22 years old (21-06-2002),"1,97m",Romania,Goalkeeper,Goalkeeper,right,12,1080.0,-,-,1,-,68.9,-,-,6.63,"Jun 30, 2029",€2.50m,-,-,-,-,-,-,-,-,-,-,-,-,0.1,-,0.1,-,0.1,-,-,-,-,0.1,0.1,-,1,-,-,-,3.1,0.3,2,0.8,30.5,4.6,9.3,16.4,0.2,-,-,-,-,-,-,-,-,-,-
187,Yann Bisseck,Inter Milan,SerieA,24 years old (29-11-2000),"1,96m",Germany,Defender (Centre),Centre-Back,right,13(10),1378.0,2,2,3,-,92.2,1.9,-,6.63,"Jun 30, 2029",€30.00m,0.9,0.1,-,0.1,-,0.9,-,-,0.9,0.5,0.4,0.1,0.5,0.2,2.5,1.9,0.7,0.7,0.1,0.8,0.7,0.3,0.5,-,2.4,0.3,-,0.3,-,-,-,-,45.6,0.8,0.8,41.3,2.7,0.3,-,0.3,0.1,-,-,-,-,-,0.1
188,Lautaro Valenti,Parma Calcio 1913,SerieA,26 years old (14-01-1999),"1,88m",Argentina,Defender (Centre),Centre-Back,left,15(2),1346.0,1,-,4,-,85.5,1.2,1,6.63,"Jun 30, 2027",€1.50m,0.4,0.1,0.1,-,-,0.4,0.2,0.1,0.2,0.1,0.1,-,0.4,-,2.2,1.2,1.1,0.9,-,0.9,0.6,0.2,1.2,-,4.8,0.6,0.1,0.7,-,-,-,-,41.3,2.1,3.4,33.2,2.6,0.2,0.1,0.1,-,-,-,-,-,-,-
189,Joel Pohjanpalo,Palermo,SerieA,30 years old (13-09-1994),186cm,Finland,Forward,,,19(1),1615.0,6,-,1,-,61,2.3,1,6.63,,,1.9,0.3,-,0.3,-,1.9,0.5,0.1,1.4,0.5,0.4,0.2,1.2,0.6,5.3,2.3,3,0.2,0.2,0.4,0.2,0.8,0.6,0.5,1.2,0.2,-,0.2,-,-,-,-,17.2,0.6,0.8,9.9,6,0.8,0.1,0.7,-,-,-,-,-,-,-
190,Benjamín Domínguez,Bologna FC 1909,SerieA,21 years old (19-09-2003),"1,72m",Argentina,Attacking Midfielder (Left),Left Winger,right,15(6),1164.0,3,2,-,-,81.8,-,1,6.63,"Jun 30, 2029",€15.00m,1.3,0.1,-,0.1,-,1.3,0.7,-,0.6,3.2,2,1.3,1.8,1.5,1,-,0.9,0.9,0.7,1.5,0.2,1.4,0.4,0.2,0.3,-,-,0.6,-,-,-,-,14.4,0.5,0.3,11.2,2.3,0.3,-,0.3,0.1,-,-,-,-,-,0.1
191,Victor Nelsson,AS Roma,SerieA,26 years old (14-10-1998),"1,85m",Denmark,Defender (Centre),Centre-Back,right,1(3),185.0,-,-,-,-,89.7,2,-,6.63,"Jun 30, 2025",€14.00m,0.3,-,-,-,-,0.3,-,-,0.3,0.3,-,0.3,1,-,2.5,2,0.5,1.3,0.5,1.8,0.5,1.3,0.8,-,2.3,-,-,0.3,-,-,-,-,29,0.3,0.5,25.8,2.5,-,-,-,-,-,-,-,-,-,-
192,Juan Jesus,SSC Napoli,SerieA,33 years old (10-06-1991),"1,85m",Brazil,"Defender (Centre, Left)",Centre-Back,left,12(3),1075.0,-,1,2,-,89.7,1.7,-,6.62,"Jun 30, 2025",€1.50m,0.2,-,-,-,-,0.2,-,0.1,0.1,-,-,-,0.3,0.1,2.8,1.7,1.1,1.7,0.5,2.2,0.6,0.3,0.9,-,2.6,0.2,0.2,0.8,-,-,-,-,56.5,3.6,2.9,47.1,2.9,0.1,0.1,-,0.1,-,-,0.1,-,-,-
193,Stefano Turati,AC Monza,SerieA,23 years old (05-09-2001),"1,88m",Italy,Goalkeeper,Goalkeeper,right,30,2677.0,-,-,1,-,67.5,0.4,2,6.62,"Jun 30, 2025",€7.50m,-,-,-,-,-,-,-,-,-,-,-,-,-,-,0.4,0.4,-,-,-,-,-,0.4,-,-,0.8,-,-,-,3.2,0.2,2.1,0.9,31.6,7,10.1,14.3,0.1,-,-,-,-,-,-,-,-,-,-
194,Albert Gudmundsson,ACF Fiorentina,SerieA,27 years old (15-06-1997),"1,77m",Iceland,"Attacking Midfielder (Centre, Left, Right), Forward",Second Striker,right,16(6),1232.0,6,1,2,-,86.4,0.1,1,6.62,"Jun 30, 2025",€23.00m,1.1,0.3,-,0.2,0.1,1.1,0.5,-,0.6,1.2,0.5,0.6,1.3,0.6,0.7,0.1,0.5,0.4,0.5,0.9,0.3,0.8,0.6,0.1,0.3,-,0.1,0.2,-,-,-,-,19.7,0.5,0.5,16.5,2.1,0.5,0.1,0.5,-,-,-,-,-,-,-
195,Enzo Le Fée,Sunderland,SerieA,25 years old (03-02-2000),170cm,France,"Midfielder (Centre, Left, Right)",,,4(2),319.0,-,-,1,-,87.7,0.3,-,6.62,,,0.7,-,-,-,-,0.7,0.5,-,0.2,1.3,0.7,0.7,0.7,0.7,1,0.3,0.7,1.2,0.7,1.8,0.8,0.8,1,-,0.3,0.5,-,1,-,-,-,-,42.2,1,1.2,36,4,0.5,0.2,0.3,-,-,-,-,-,-,-
196,Davide Calabria,Bologna FC 1909,SerieA,28 years old (06-12-1996),"1,76m",Italy,"Defender (Left, Right), Midfielder (Right)",Right-Back,right,6(2),533.0,-,1,2,-,83.3,0.9,-,6.62,"Jun 30, 2025",€7.50m,0.4,-,-,-,-,0.4,0.4,-,-,0.4,0.4,-,1.1,0.4,1.8,0.9,0.9,1.5,0.8,2.3,0.1,0.5,0.8,-,2,-,0.4,0.4,-,-,-,-,38.3,2,2.5,29.9,3.9,1.4,0.1,1.3,0.1,-,-,-,-,-,0.1
197,Fikayo Tomori,AC Milan,SerieA,27 years old (19-12-1997),"1,85m",England,"Defender (Centre, Right)",Centre-Back,right,15(3),1320.0,-,1,1,1,92.8,1.4,-,6.62,"Jun 30, 2027",€20.00m,0.1,-,-,-,-,0.1,-,-,0.1,0.1,-,0.1,0.3,0.1,2.8,1.4,1.3,1.8,0.4,2.2,0.9,0.3,0.5,-,2.7,0.6,0.3,0.2,-,-,-,-,48.8,1.3,1.6,44,1.9,0.3,0.1,0.3,0.1,-,-,0.1,-,-,-
198,Christian Kabasele,Udinese Calcio,SerieA,34 years old (24-02-1991),"1,87m",Belgium,Defender (Centre),Centre-Back,right,10(4),997.0,1,-,-,-,85.6,2.2,-,6.62,"Jun 30, 2025",€1.00m,1,0.1,-,0.1,-,1,0.1,0.3,0.6,0.1,-,0.1,0.6,0.2,3.6,2.2,1.4,0.9,0.1,1.1,0.8,0.9,1.4,-,3.6,0.3,0.2,0.4,-,-,-,-,36.6,3.3,2.4,28.1,2.9,0.4,0.1,0.3,-,-,-,-,-,-,-
199,Ché Adams,Torino FC,SerieA,28 years old (13-07-1996),"1,79m",Scotland,"Attacking Midfielder (Centre, Left), Forward",Centre-Forward,right,27(5),2345.0,9,3,3,-,74.6,1,2,6.62,"Jun 30, 2027",€15.00m,1.6,0.3,0.1,0.2,0.1,1.6,0.4,0.2,1,1.2,0.8,0.3,1.8,1,2.7,1,1.7,0.3,0.1,0.4,0.1,1.1,0.8,0.6,0.5,0.2,-,0.2,-,-,-,-,14.9,0.5,0.3,10.6,3.5,0.8,-,0.8,0.1,-,-,-,-,-,0.1
200,Ruslan Malinovskyi,Genoa CFC,SerieA,31 years old (04-05-1993),"1,81m",Ukraine,"Midfielder (Centre, Left, Right), Forward",Attacking Midfield,left,4(5),385.0,-,2,2,-,81.6,0.8,-,6.62,"Jun 30, 2027",€3.50m,1,-,-,-,-,1,1,-,-,0.4,0.1,0.3,0.8,0.6,1.4,0.8,0.7,1.3,0.3,1.7,0.1,0.6,1,-,0.4,-,-,0.2,-,-,-,-,21.8,1.1,0.7,16.7,3.3,0.9,0.1,0.8,0.2,-,-,0.2,-,-,-
201,Jhon Lucumí,Bologna FC 1909,SerieA,26 years old (26-06-1998),"1,87m",Colombia,Defender (Centre),Centre-Back,left,26(2),2286.0,-,1,6,1,91.3,1.4,-,6.61,"Jun 30, 2026",€18.00m,0.4,-,-,-,-,0.4,-,0.1,0.3,0.5,0.1,0.3,0.4,0.1,2.8,1.4,1.4,1.5,0.4,1.9,0.9,0.4,0.7,-,2.8,0.5,0.2,0.6,-,-,-,-,64.2,3.5,2.7,55.1,2.9,0.3,-,0.3,-,-,-,-,-,-,-
202,Alexis Saelemaekers,AS Roma,SerieA,25 years old (27-06-1999),"1,80m",Belgium,"Midfielder (Left, Right)",Right Winger,right,1,90.0,-,-,1,-,91.7,-,-,6.61,"Jun 30, 2025",€17.00m,-,-,-,-,-,-,-,-,-,-,-,-,1,-,-,-,-,1,-,1,1,2,-,-,-,-,-,-,-,-,-,-,60,2,-,53,5,2,-,2,-,-,-,-,-,-,-
203,Nicolò Cambiaghi,Bologna FC 1909,SerieA,24 years old (28-12-2000),"1,73m",Italy,"Attacking Midfielder (Centre, Left, Right), Forward",Left Winger,right,2(12),401.0,1,3,-,-,83.8,0.2,-,6.61,"Jun 30, 2029",€7.00m,0.6,0.1,-,0.1,-,0.6,0.2,-,0.4,1.3,0.7,0.6,0.6,0.4,0.7,0.2,0.5,0.9,0.4,1.2,0.1,1.4,0.5,-,0.1,-,-,0.6,-,-,-,-,9.7,0.1,0.1,8,1.5,0.6,0.1,0.6,0.2,0.1,-,-,-,-,0.1
204,Ismaël Bennacer,Olympique Marseille,SerieA,27 years old (01-12-1997),175cm,Algeria,Midfielder (Centre),,,4(2),304.0,-,-,2,-,90.7,0.5,-,6.61,,,0.5,-,-,-,-,0.5,0.5,-,-,1.7,0.2,1.5,0.5,0.5,0.7,0.5,0.2,0.8,1,1.8,0.5,0.8,0.8,-,0.2,0.5,-,0.3,-,-,-,-,35.7,2,1,30.3,2.3,0.7,0.3,0.3,-,-,-,-,-,-,-
205,Mattia Bani,Genoa CFC,SerieA,31 years old (10-12-1993),"1,88m",Italy,Defender (Centre),Centre-Back,right,17,1338.0,-,-,3,-,87.7,1.2,-,6.6,"Jun 30, 2026",€2.00m,0.3,-,-,-,-,0.3,-,0.1,0.2,0.2,0.1,0.1,0.2,0.2,2.6,1.2,1.4,1.1,0.2,1.3,1.1,0.5,0.3,0.1,4.5,0.3,-,0.2,-,-,-,-,45.4,2.9,3.1,36.9,2.5,0.1,0.1,0.1,-,-,-,-,-,-,-
206,Ange-Yoan Bonny,Parma Calcio 1913,SerieA,21 years old (25-10-2003),"1,89m",France,Forward,Centre-Forward,right,26(7),2211.0,6,3,2,-,77.3,0.7,-,6.6,"Jun 30, 2027",€20.00m,1.8,0.2,-,0.2,-,1.8,0.3,0.2,1.2,1.8,0.9,0.9,2.2,1.9,2.5,0.7,1.8,0.8,0.2,0.9,0.1,1.2,0.5,0.4,0.4,0.1,0.1,0.5,-,-,-,-,14.9,0.3,0.2,11.2,3.2,0.8,-,0.8,0.1,-,-,-,-,-,0.1
207,Daniele Ghilardi,Hellas Verona,SerieA,22 years old (06-01-2003),"1,89m",Italy,Defender (Centre),Centre-Back,right,18(3),1761.0,-,-,7,1,80.8,1.9,-,6.6,-,€4.00m,0.5,-,-,-,-,0.5,-,-,0.4,0.4,0.3,0.1,0.4,0.1,3.7,1.9,1.9,1.8,0.7,2.5,1.1,1.3,1.2,-,4.1,0.6,0.1,0.6,-,-,-,-,33.4,1.8,3.4,25.2,3,0.2,-,0.2,-,-,-,-,-,-,-
208,Armando Izzo,AC Monza,SerieA,33 years old (02-03-1992),"1,83m",Italy,Defender (Centre),Centre-Back,right,28(1),2429.0,1,1,12,-,88.3,2,2,6.6,"Jun 30, 2026",€2.50m,0.2,-,-,-,-,0.2,-,-,0.1,0.3,0.1,0.2,0.7,0.2,4.4,2,2.4,1.4,0.6,2,1.6,1.6,2.2,-,3.3,1,0.1,0.3,-,-,-,-,49.6,3.3,2.8,40.5,3,0.4,0.1,0.3,-,-,-,-,-,-,-
209,Ivan Smolcic,Como 1907,SerieA,24 years old (17-08-2000),"1,81m",Croatia,Defender (Right),Right-Back,right,6(2),539.0,-,-,2,-,84.5,1.4,-,6.59,"Jun 30, 2029",€2.00m,0.6,-,-,-,-,0.6,0.1,-,0.5,0.3,0.3,-,1,0.4,2.5,1.4,1.1,1.9,0.4,2.3,1.3,0.6,1.3,-,2.6,0.3,0.1,0.8,-,-,-,-,36.4,2,2.4,28.8,3.3,0.1,-,0.1,-,-,-,-,-,-,-
210,Federico Baschirotto,US Lecce,SerieA,28 years old (20-09-1996),"1,87m",Italy,Defender (Centre),Centre-Back,right,34,3060.0,2,-,3,-,86.7,2.5,-,6.59,"Jun 30, 2026",€3.80m,0.6,0.1,-,0.1,-,0.6,-,0.1,0.5,0.1,-,0.1,0.4,-,4,2.5,1.5,1,0.2,1.2,0.6,0.2,0.9,-,5.8,0.9,0.1,0.4,-,-,-,-,43.1,3.3,3.1,34,2.6,0.1,-,0.1,-,-,-,-,-,-,-
211,Hans Nicolussi Caviglia,Venezia FC,SerieA,24 years old (18-06-2000),"1,84m",Italy,Midfielder (Centre),Central Midfield,right,29(2),2510.0,4,2,5,1,82.6,0.7,1,6.59,"Jun 30, 2025",€8.00m,1.5,0.1,-,-,0.1,1.5,1.4,-,0.2,1.5,1,0.4,1.2,1.1,1.5,0.7,0.7,1.4,1.1,2.4,0.8,1,1.3,-,1.6,0.3,-,0.8,-,-,-,-,35.7,2.2,1.8,27.3,4.5,0.7,0.2,0.6,0.1,0.1,-,-,-,-,-
212,Andrea Pinamonti,Genoa CFC,SerieA,25 years old (19-05-1999),"1,85m",Italy,Forward,Centre-Forward,right,30(3),2603.0,8,1,4,-,63.7,2.4,5,6.59,"Jun 30, 2025",€16.00m,2.2,0.2,-,0.2,-,2.2,0.5,0.1,1.6,0.7,0.4,0.3,1.9,1,5.5,2.4,3,0.3,0.2,0.4,-,1.2,0.6,0.5,0.8,0.1,-,0.3,-,-,-,-,17.5,0.3,0.4,10.8,5.9,0.4,-,0.4,-,-,-,-,-,-,-
213,Zeki Çelik,AS Roma,SerieA,28 years old (17-02-1997),"1,80m",Turkey,"Defender (Centre, Right), Midfielder (Right)",Right-Back,right,23(4),1919.0,-,2,3,-,83.4,1,2,6.59,"Jun 30, 2026",€5.00m,0.4,-,-,-,-,0.4,0.1,-,0.3,0.4,0.2,0.3,0.6,0.2,1.9,1,0.9,2,0.6,2.6,0.4,0.3,1,-,2.2,0.2,0.4,0.7,-,-,-,-,35.8,1,1.6,28.9,4.3,0.6,0.1,0.5,0.1,-,-,-,-,-,0.1
214,Manu Koné,AS Roma,SerieA,23 years old (17-05-2001),"1,85m",France,Defensive Midfielder (C),Central Midfield,right,27(3),2225.0,2,1,6,-,90.9,0.6,-,6.59,"Jun 30, 2029",€35.00m,1,0.1,-,-,-,1,0.4,-,0.6,1.8,1.2,0.6,1.6,1.3,1.6,0.6,1,1.2,0.7,1.8,0.6,2.4,0.9,0.1,0.6,0.1,-,0.7,-,-,-,-,37.1,1.2,0.5,32.6,2.9,0.5,-,0.5,-,-,-,-,-,-,-
215,Giuseppe Pezzella,FC Empoli,SerieA,27 years old (29-11-1997),"1,87m",Italy,"Defender (Left), Midfielder (Left)",Left-Back,left,30(1),2529.0,-,3,6,-,72.6,0.9,2,6.59,"Jun 30, 2026",€2.50m,0.4,-,-,-,-,0.4,0.2,-,0.3,1.5,1,0.5,1.4,1,1.5,0.9,0.5,1.7,0.9,2.5,0.5,1,1.5,0.1,2.6,0.2,0.4,0.7,-,-,-,-,22.1,1,2.1,15,3.9,1.1,0.3,0.8,0.1,0.1,-,-,-,-,-
216,Alberto Dossena,Como 1907,SerieA,26 years old (13-10-1998),"1,95m",Italy,Defender (Centre),Centre-Back,right,20(3),1829.0,-,2,1,1,87.9,2.7,-,6.58,"Jun 30, 2028",€7.00m,0.5,-,-,-,-,0.5,-,-,0.5,0.3,0.1,0.2,0.3,0.1,3.7,2.7,1,1.4,0.5,2,1,0.7,1,-,3.8,0.5,0.1,0.5,-,-,-,-,44,1.8,2,36.9,3.3,0.2,-,0.2,0.1,-,-,-,-,-,0.1
217,Lewis Ferguson,Bologna FC 1909,SerieA,25 years old (24-08-1999),"1,81m",Scotland,Midfielder (Centre),Central Midfield,right,7(6),712.0,1,1,-,-,88.5,0.6,-,6.58,"Jun 30, 2028",€24.00m,0.2,0.1,-,0.1,-,0.2,0.2,-,0.1,0.5,0.3,0.2,0.8,0.5,1.5,0.6,0.9,1.4,0.5,1.8,0.2,0.9,1.8,0.1,0.7,0.2,-,0.3,-,-,-,-,34,1.4,0.9,28.7,3,0.8,0.1,0.7,0.1,-,-,-,-,-,0.1
218,Stephan El Shaarawy,AS Roma,SerieA,32 years old (27-10-1992),"1,78m",Italy,"Midfielder (Centre, Left, Right), Forward",Left Winger,right,12(15),1049.0,3,3,2,-,81.9,0.2,3,6.58,"Jun 30, 2025",€5.00m,1,0.1,-,0.1,-,1,0.4,-,0.6,1.3,0.7,0.6,0.7,0.4,0.7,0.2,0.5,0.6,0.2,0.8,0.4,0.4,0.2,0.2,0.4,-,-,0.1,-,-,-,-,15.1,0.3,0.3,12,2.4,0.5,-,0.4,0.1,-,-,0.1,-,-,-
219,Patrizio Masini,Genoa CFC,SerieA,24 years old (27-01-2001),"1,82m",Italy,Defensive Midfielder (C),Central Midfield,right,12(10),1173.0,1,-,3,-,79.6,1.2,-,6.58,"Jun 30, 2028",€3.50m,0.3,-,-,-,-,0.3,-,-,0.2,1,0.5,0.5,0.8,0.5,2,1.2,0.8,2,0.6,2.6,0.5,1.9,1.3,-,1.4,0.3,0.1,0.6,-,-,-,-,22.7,0.7,1.1,17.3,3.5,0.2,-,0.2,-,-,-,-,-,-,-
220,Hassane Kamara,Udinese Calcio,SerieA,31 years old (05-03-1994),"1,70m",Ivory Coast,"Defender (Left), Midfielder (Left, Right)",Left-Back,left,22(5),1801.0,1,3,5,1,80.9,0.7,2,6.58,"Jun 30, 2026",€3.50m,0.6,-,-,-,-,0.6,0.3,-,0.3,1.6,1,0.6,0.9,0.3,1.1,0.7,0.4,1.1,0.4,1.6,0.9,0.8,0.8,-,1.4,0.2,0.1,0.6,-,-,-,-,25.2,1.1,2,19.3,2.9,0.8,0.3,0.5,0.1,0.1,-,-,-,-,-
221,Jay Idzes,Venezia FC,SerieA,24 years old (02-06-2000),"1,90m",Netherlands,"Defender (Centre), Defensive Midfielder (C)",Centre-Back,right,32,2858.0,1,-,4,-,86.8,1.7,-,6.58,"Jun 30, 2027",€5.00m,0.4,-,-,-,-,0.4,0.1,0.1,0.3,0.2,0.2,-,0.8,0.2,4.1,1.7,2.4,1.4,0.5,1.8,0.9,0.3,1.4,0.1,4.4,0.8,0.1,0.6,-,-,-,-,44.9,1.4,2.8,37.6,3.2,0.2,-,0.2,-,-,-,-,-,-,-
222,Milan Badelj,Genoa CFC,SerieA,36 years old (25-02-1989),"1,86m",Croatia,Midfielder (Centre),Defensive Midfield,right,20(2),1420.0,1,-,3,-,82.3,0.5,-,6.58,"Jun 30, 2025",€800k,0.6,-,-,-,-,0.6,0.4,-,0.2,0.9,0.5,0.4,0.9,0.5,0.7,0.5,0.3,1.3,0.9,2.2,0.8,0.8,0.8,-,1.9,0.3,-,0.5,-,-,-,-,35.9,2.1,2.1,27.4,4.3,0.5,0.1,0.5,-,-,-,-,-,-,-
223,Tete Morente,US Lecce,SerieA,28 years old (04-12-1996),"1,84m",Spain,"Midfielder (Centre, Left, Right)",Left Winger,right,21(7),1841.0,3,1,3,-,79.2,1.4,2,6.58,"Jun 30, 2027",€2.00m,1.3,0.1,-,0.1,-,1.3,0.6,-,0.6,1.8,0.8,1,1.2,0.4,2.1,1.4,0.8,0.9,0.9,1.8,0.4,0.9,0.8,-,0.9,-,0.1,0.5,-,-,-,-,20.8,1.3,1.3,15.2,3.1,0.7,0.1,0.6,-,-,-,-,-,-,-
224,Mario Pasalic,Atalanta BC,SerieA,30 years old (09-02-1995),"1,88m",Croatia,"Midfielder (Centre, Left, Right), Forward",Central Midfield,right,22(8),1829.0,3,3,1,-,88.1,1,1,6.58,"Jun 30, 2025",€13.00m,1.5,0.1,-,0.1,-,1.5,0.2,0.2,1.1,0.6,0.4,0.1,0.8,0.7,1.9,1,0.9,0.8,0.5,1.3,0.4,0.3,0.6,0.1,0.9,0.1,-,0.5,-,-,-,-,41.6,1.6,1,35,3.9,1,-,1,0.1,-,-,-,-,-,0.1
225,Roberto Piccoli,Cagliari Calcio,SerieA,24 years old (27-01-2001),"1,90m",Italy,Forward,Centre-Forward,right,33,2783.0,9,1,5,-,68.2,2.8,-,6.58,"Jun 30, 2025",€8.00m,2.5,0.3,0.1,0.2,-,2.5,0.3,0.4,1.7,1.7,1.3,0.4,2.9,1.2,7.1,2.8,4.2,0.4,0.2,0.6,0.1,1.5,1.6,0.6,0.8,0.1,-,0.2,-,-,-,-,13.4,0.1,0.2,9,4.1,0.4,-,0.4,-,-,-,-,-,-,-
226,Lucas Martínez Quarta,River Plate,SerieA,28 years old (10-05-1996),183cm,Argentina,Defender (Centre),,,4(4),349.0,1,-,1,-,88.8,1.5,-,6.57,,,0.4,0.1,0.1,-,-,0.4,0.1,0.3,-,0.3,-,0.3,0.6,0.1,3.1,1.5,1.6,1.5,0.6,2.1,0.4,0.3,1,-,3.1,0.3,-,0.4,-,-,-,-,31.3,1.9,1.6,25.9,1.9,0.1,-,0.1,-,-,-,-,-,-,-
227,Patrick Dorgu,Manchester United,SerieA,20 years old (26-10-2004),185cm,Denmark,"Defender (Left), Midfielder (Left, Right)",,,21,1843.0,3,1,2,1,78.8,1.5,-,6.57,,,1.7,0.1,-,0.1,-,1.7,0.8,0.1,0.8,2.1,1.5,0.6,1.8,1.8,2.6,1.5,1.1,2.1,1,3.2,0.9,2.6,1.1,0.2,1.7,0.3,0.3,0.9,-,-,-,-,29.4,1.4,1.4,21.8,4.9,0.9,0.1,0.8,-,-,-,-,-,-,-
228,Álex Jiménez,AC Milan,SerieA,19 years old (08-05-2005),"1,77m",Spain,Defender,Right-Back,right,11(7),1043.0,-,-,5,-,83.5,0.4,-,6.57,"Jun 30, 2028",€10.00m,0.6,-,-,-,-,0.6,0.4,-,0.2,2.2,1,1.2,1.3,0.6,1.1,0.4,0.7,1.2,0.7,1.9,0.7,0.8,0.6,0.3,1,0.2,0.1,0.9,-,-,-,-,22.2,0.8,0.4,17.8,3.3,0.6,0.2,0.4,-,-,-,-,-,-,-
229,Estanis Pedrola,Bologna FC 1909,SerieA,21 years old (24-08-2003),"1,85m",Spain,Forward,Left Winger,right,0(1),8.0,-,-,-,-,87.5,-,-,6.57,"Jun 30, 2025",€1.80m,2,-,-,-,-,2,1,-,1,3,1,2,-,-,-,-,-,-,-,-,-,-,1,-,-,-,-,-,-,-,-,-,8,-,-,7,1,2,-,2,-,-,-,-,-,-,-
230,Lucas Beltrán,ACF Fiorentina,SerieA,24 years old (29-03-2001),"1,76m",Argentina,"Attacking Midfielder (Centre), Forward",Attacking Midfield,right,19(11),1766.0,5,4,4,-,78.8,0.8,-,6.57,"Jun 30, 2028",€18.00m,0.9,0.2,-,0.1,-,0.9,0.2,0.1,0.6,1,0.5,0.5,1.2,1.3,2.5,0.8,1.7,0.7,0.4,1.1,0.1,1.5,0.8,0.1,0.4,0.1,0.1,0.4,-,-,-,-,17.8,0.5,0.5,13.6,3.2,0.9,-,0.9,0.1,-,-,-,-,-,0.1
231,Sebastiano Luperto,Cagliari Calcio,SerieA,28 years old (06-09-1996),"1,91m",Italy,"Defender (Centre, Left)",Centre-Back,left,33,2970.0,1,3,4,-,84.9,1.7,-,6.57,"Jun 30, 2028",€3.50m,0.6,-,-,-,-,0.6,0.1,0.1,0.4,0.2,0.2,-,0.3,0.1,3.3,1.7,1.6,1.3,0.3,1.6,0.9,0.6,0.7,-,4.3,0.4,0.2,0.4,-,-,-,-,43.8,1.6,3.3,35.6,3.3,0.2,0.1,0.2,0.1,-,-,-,-,-,0.1
232,Juan Cabal,Juventus FC,SerieA,24 years old (08-01-2001),"1,86m",Colombia,Defender (Left),Left-Back,left,6(1),462.0,-,-,1,-,88,1.1,-,6.57,"Jun 30, 2029",€9.00m,0.7,-,-,-,-,0.7,0.4,-,0.3,1,0.4,0.6,0.9,0.6,1.7,1.1,0.6,1.4,0.6,2,0.3,1.4,1,0.1,2,-,-,0.3,-,-,-,-,45.1,1.4,1.3,38.3,4.1,0.1,-,0.1,-,-,-,-,-,-,-
233,Martín Payero,Udinese Calcio,SerieA,26 years old (11-09-1998),"1,82m",Argentina,Attacking Midfielder (Centre),Central Midfield,right,15(9),1323.0,1,1,5,-,82.2,0.9,1,6.57,"Jun 30, 2027",€6.00m,1.2,-,-,-,-,1.2,0.8,-,0.4,2.7,1.5,1.1,1.1,0.5,1.8,0.9,0.9,1,0.3,1.3,0.5,1.6,1.3,-,0.4,0.1,0.1,0.5,-,-,-,-,16.1,0.7,0.8,12.6,2.1,0.6,0.1,0.5,-,-,-,-,-,-,-
234,Adam Obert,Cagliari Calcio,SerieA,22 years old (23-08-2002),"1,88m",Slovakia,"Defender (Centre, Left)",Centre-Back,left,12(6),960.0,1,1,4,-,75.6,1.3,-,6.56,"Jun 30, 2029",€3.00m,0.5,0.1,-,0.1,-,0.5,0.1,0.2,0.3,0.6,0.3,0.3,1.3,0.4,2.4,1.3,1.1,1.7,0.6,2.3,1,0.4,1.1,-,2.4,0.4,0.1,0.6,-,-,-,-,20.7,0.8,2.1,14.8,2.9,0.6,0.1,0.5,0.1,-,-,-,-,-,0.1
235,Tommaso Pobega,Bologna FC 1909,SerieA,25 years old (15-07-1999),"1,88m",Italy,Midfielder (Centre),Central Midfield,left,12(6),1063.0,2,2,4,2,84.2,0.8,1,6.56,"Jun 30, 2025",€10.00m,1.2,0.1,-,0.1,-,1.2,0.6,0.1,0.5,0.4,0.2,0.2,0.7,0.3,1.6,0.8,0.8,1.7,0.4,2.1,0.7,0.6,1.4,-,0.8,0.2,-,0.6,-,-,-,-,22.5,0.9,1.2,18,2.4,0.6,0.1,0.4,0.1,-,-,0.1,-,-,0.1
236,Giacomo Raspadori,SSC Napoli,SerieA,25 years old (18-02-2000),"1,72m",Italy,"Attacking Midfielder (Centre, Left), Forward",Second Striker,right,7(15),782.0,4,1,1,-,74.3,0.2,1,6.56,"Jun 30, 2028",€20.00m,1.3,0.2,-,0.2,-,1.3,0.3,-,1,0.5,0.2,0.3,0.9,0.4,0.5,0.2,0.4,0.6,0.2,0.8,0.1,0.7,0.4,-,0.4,0.1,-,0.4,-,-,-,-,11.5,0.4,0.3,8.2,2.6,1.1,0.2,0.9,-,-,-,-,-,-,-
237,Nicolò Savona,Juventus FC,SerieA,22 years old (19-03-2003),"1,92m",Italy,Defender (Right),Right-Back,right,16(9),1458.0,2,1,4,-,91.7,0.3,1,6.56,"Jun 30, 2029",€14.00m,0.2,0.1,-,0.1,-,0.2,-,-,0.2,0.4,0.2,0.2,0.4,0.2,0.8,0.3,0.6,1.1,0.4,1.5,0.3,0.4,0.4,-,0.8,-,0.2,0.2,-,-,-,-,34.6,1.1,1.2,30.7,1.6,0.6,0.2,0.4,-,-,-,-,-,-,-
238,Patrick Cutrone,Como 1907,SerieA,27 years old (03-01-1998),"1,83m",Italy,Forward,Centre-Forward,right,22(7),1905.0,6,4,1,-,74.9,0.8,2,6.56,"Jun 30, 2028",€7.00m,2.1,0.2,0.1,0.1,-,2.1,0.4,0.1,1.5,0.8,0.5,0.3,2.1,0.9,2.9,0.8,2.1,0.5,0.2,0.7,0.1,0.8,0.8,0.6,0.2,-,0.1,0.4,-,-,-,-,14.4,0.1,0.2,10.7,3.4,0.7,-,0.7,0.1,-,-,-,-,-,0.1
239,Michael Svoboda,Venezia FC,SerieA,26 years old (15-10-1998),"1,95m",Austria,Defender (Centre),Centre-Back,right,15(1),1314.0,1,-,1,-,85.1,2.3,-,6.56,"Jun 30, 2026",€3.00m,0.3,0.1,-,0.1,-,0.3,0.1,0.1,0.1,0.2,0.1,0.1,0.8,0.7,4.1,2.3,1.8,1.6,0.7,2.3,1.4,0.7,0.4,-,3.9,0.7,0.2,0.5,-,-,-,-,51.3,2.3,2.9,41.4,4.7,0.3,0.1,0.2,-,-,-,-,-,-,-
240,Maxence Caqueret,Como 1907,SerieA,25 years old (15-02-2000),"1,74m",France,Midfielder (Centre),Central Midfield,right,11(3),847.0,-,3,2,-,84.9,0.2,-,6.56,"Jun 30, 2029",€15.00m,0.3,-,-,-,-,0.3,0.2,-,0.1,1.6,1,0.6,1.6,0.9,0.7,0.2,0.5,2.1,1.1,3.1,0.4,0.4,0.8,-,0.2,0.1,0.1,0.8,-,-,-,-,30.4,0.9,0.5,24.9,4.1,1.1,0.2,0.9,0.2,-,-,-,-,-,0.2
241,Kyle Walker,AC Milan,SerieA,34 years old (28-05-1990),"1,83m",England,"Defender (Centre, Right), Midfielder (Right)",Right-Back,right,7(2),623.0,-,-,1,-,90.2,0.7,-,6.56,"Jun 30, 2025",€6.00m,0.2,-,-,-,-,0.2,0.2,-,-,0.8,0.2,0.6,0.7,0.4,1.1,0.7,0.4,1.8,0.3,2.1,0.9,0.4,0.7,-,1.4,0.6,0.1,0.4,-,-,-,-,38.7,1.6,1.4,33.3,2.3,0.7,0.1,0.6,-,-,-,-,-,-,-
242,Philip Billing,SSC Napoli,SerieA,28 years old (11-06-1996),"1,93m",Denmark,"Midfielder (Centre), Forward",Central Midfield,left,1(5),142.0,1,-,-,-,79.2,1.5,-,6.55,"Jun 30, 2025",€12.00m,0.8,0.2,-,0.2,-,0.8,0.3,0.2,0.3,0.2,0.2,-,-,0.2,2.5,1.5,1,1.5,0.2,1.7,0.5,0.2,0.8,-,0.8,0.2,-,0.3,-,-,-,-,12,0.3,0.2,9.2,2.3,0.3,-,0.3,-,-,-,-,-,-,-
243,Leonardo Spinazzola,SSC Napoli,SerieA,32 years old (25-03-1993),"1,86m",Italy,"Defender (Left, Right), Midfielder (Left)",Left-Back,right,13(10),1170.0,1,1,1,-,84.7,0.1,-,6.55,"Jun 30, 2026",€3.50m,0.4,-,-,-,-,0.4,0.1,-,0.3,2.2,1.3,0.9,0.6,0.6,0.3,0.1,0.1,0.5,0.4,1,0.2,0.4,0.2,-,1,-,0.1,0.4,-,-,-,-,23.3,1.1,1,18.7,2.5,1,0.1,0.9,-,-,-,-,-,-,-
244,Matteo Darmian,Inter Milan,SerieA,35 years old (02-12-1989),"1,83m",Italy,"Defender (Centre, Left, Right), Midfielder (Left, Right)",Right-Back,right,17(9),1514.0,3,2,2,-,84.2,0.5,2,6.55,"Jun 30, 2026",€4.00m,0.3,0.1,-,0.1,-,0.3,0.1,-,0.2,0.3,0.2,0.2,0.5,0.2,1,0.5,0.5,1,0.4,1.4,0.2,0.7,1,0.2,1.1,0.2,0.2,0.3,-,-,-,-,26.5,1,1.5,21.3,2.7,0.5,0.2,0.4,0.1,-,-,-,-,-,-
245,Botond Balogh,Parma Calcio 1913,SerieA,22 years old (06-06-2002),"1,89m",Hungary,Defender (Centre),Centre-Back,right,21(5),1860.0,-,1,4,-,89.8,1.3,-,6.55,"Jun 30, 2027",€2.50m,0.1,-,-,-,-,0.1,-,-,-,-,-,-,0.3,-,2.3,1.3,1.1,1.1,0.2,1.3,0.9,0.2,0.6,-,4.8,0.9,0.2,0.3,-,-,-,-,34.7,1.6,1.5,29.6,2.1,0.1,-,0.1,-,-,-,-,-,-,-
246,Samuel Mbangula,Juventus FC,SerieA,21 years old (16-01-2004),"1,79m",,Attacking Midfielder (Left),Left Winger,right,7(14),698.0,3,3,1,-,89.4,0.1,1,6.55,"Jun 30, 2028",€14.00m,0.4,0.1,-,0.1,-,0.4,0.1,-,0.2,1.3,0.9,0.4,0.6,0.5,0.4,0.1,0.3,0.7,0.3,1,0.1,0.7,0.3,-,0.1,-,-,0.3,-,-,-,-,11.7,0.2,-,10.3,1.2,0.7,-,0.7,0.1,-,-,-,-,-,0.1
247,Sandi Lovric,Udinese Calcio,SerieA,27 years old (28-03-1998),"1,80m",Slovenia,Midfielder (Centre),Central Midfield,right,29(4),2140.0,2,3,4,-,85.4,-,1,6.55,"Jun 30, 2027",€8.00m,1.3,0.1,-,0.1,-,1.3,0.8,-,0.5,1.5,0.8,0.6,1.4,0.8,0.5,-,0.5,1.4,0.6,2,0.7,1,1.5,-,0.6,0.2,0.1,0.8,-,-,-,-,24,1.4,1.2,19.1,2.3,1,0.1,0.9,0.1,0.1,-,-,-,-,-
248,Pedro,SS Lazio,SerieA,37 years old (28-07-1987),"1,67m",Spain,"Midfielder (Centre, Left, Right), Forward",Right Winger,both,6(20),949.0,8,1,2,-,86.7,-,-,6.55,"Jun 30, 2025",€1.00m,1,0.3,0.1,0.2,-,1,0.5,0.1,0.5,1,0.6,0.5,0.7,0.7,0.2,-,0.2,0.7,0.4,1,0.1,0.8,0.7,-,0.1,-,-,0.3,-,-,-,-,17.1,0.7,0.2,14.1,2,0.6,0.1,0.5,-,-,-,-,-,-,-
249,Lautaro Giannetti,Udinese Calcio,SerieA,31 years old (13-11-1993),"1,85m",Argentina,Defender (Centre),Centre-Back,right,11(2),855.0,1,-,4,-,82.1,2.2,1,6.55,"Jun 30, 2026",€2.50m,0.2,0.1,0.1,-,-,0.2,0.1,0.1,-,0.2,0.2,-,0.2,-,3.3,2.2,1.1,1.7,0.5,2.2,1.2,-,0.5,-,3.2,0.8,0.3,0.7,-,-,-,-,28.8,1.2,2.2,22.5,3,0.2,-,0.2,-,-,-,-,-,-,-
250,Gianluca Busio,Venezia FC,SerieA,22 years old (28-05-2002),"1,72m",USA,Midfielder (Centre),Central Midfield,right,25(5),2263.0,2,-,3,-,78.5,0.9,2,6.54,"Jun 30, 2026",€6.50m,1.1,0.1,-,-,-,1.1,0.4,-,0.6,1.5,1.1,0.5,1.6,1,1.9,0.9,1,1.4,0.9,2.3,0.6,1.4,0.7,0.1,1.5,0.3,0.1,0.8,-,-,-,-,26.3,1.1,0.9,19.6,4.8,0.9,-,0.8,-,-,-,-,-,-,-
251,Nadir Zortea,Cagliari Calcio,SerieA,25 years old (19-06-1999),"1,87m",Italy,"Defender (Right), Midfielder (Left, Right)",Right Midfield,right,29(2),2421.0,5,-,3,-,73,0.5,1,6.54,"Jun 30, 2028",€4.50m,0.9,0.2,0.1,-,0.1,0.9,0.5,0.1,0.4,2.6,1.5,1.2,1.7,1,1.5,0.5,0.9,0.9,0.6,1.5,0.5,0.6,0.9,-,1.1,-,0.2,0.3,-,-,-,-,19.1,0.4,1,13.5,4.2,0.8,0.2,0.6,-,-,-,-,-,-,-
252,Santiago Giménez,AC Milan,SerieA,24 years old (18-04-2001),"1,83m",Mexico,Forward,Centre-Forward,left,6(5),604.0,3,1,3,-,81.5,0.5,-,6.54,"Jun 30, 2029",€37.00m,1.9,0.3,0.1,0.2,-,1.9,0.3,0.2,1.5,1.6,1.1,0.5,1.7,0.1,1.5,0.5,0.9,0.5,0.1,0.5,0.1,0.4,0.9,0.5,1,0.1,-,0.2,-,-,-,-,7.4,-,0.1,6,1.3,0.4,-,0.4,0.1,-,-,-,-,-,0.1
253,Maduka Okoye,Udinese Calcio,SerieA,25 years old (28-08-1999),"1,98m",Nigeria,Goalkeeper,Goalkeeper,right,21,1890.0,-,-,1,-,76.4,0.3,-,6.54,"Jun 30, 2028",€7.50m,-,-,-,-,-,-,-,-,-,-,-,-,-,-,0.3,0.3,-,-,-,-,-,-,-,-,0.8,-,-,-,2.8,0.2,1.8,0.8,31.6,5.9,7.3,18.3,0.1,-,-,-,-,-,-,-,-,-,-
254,Brenner,Udinese Calcio,SerieA,25 years old (16-01-2000),"1,75m",Brazil,"Attacking Midfielder (Centre), Forward",Centre-Forward,right,5(4),386.0,1,2,-,-,82.2,0.2,-,6.54,"Jun 30, 2028",€4.50m,0.8,0.1,-,0.1,-,0.8,0.3,-,0.4,0.6,0.2,0.3,0.6,1,0.6,0.2,0.3,0.7,0.6,1.2,0.1,0.6,-,-,0.6,-,0.1,0.4,-,-,-,-,11.2,0.4,0.6,8.8,1.4,0.6,0.3,0.2,0.2,0.1,0.1,-,-,-,0.1
255,Matteo Cancellieri,Parma Calcio 1913,SerieA,23 years old (12-02-2002),"1,85m",Italy,"Attacking Midfielder (Centre, Left, Right), Forward",Right Winger,left,19(7),1431.0,3,-,2,1,70.8,1.1,2,6.54,"Jun 30, 2025",€5.00m,0.8,0.1,-,0.1,-,0.8,0.3,-,0.5,2.7,1.6,1.1,1.3,0.9,2.2,1.1,1.1,1,0.8,1.8,0.5,1.6,1,0.1,1,-,0.2,0.5,-,-,-,-,11.1,0.3,0.5,7.6,2.7,0.4,-,0.4,-,-,-,-,-,-,-
256,Pietro Comuzzo,ACF Fiorentina,SerieA,20 years old (20-02-2005),"1,85m",Italy,Defender (Centre),Centre-Back,right,21(9),1989.0,-,-,5,-,86.1,2.1,-,6.54,"Jun 30, 2028",€25.00m,0.1,-,-,-,-,0.1,-,-,0.1,-,-,-,0.4,0.1,3.5,2.1,1.4,1.3,0.2,1.5,0.8,0.4,0.7,-,3.2,0.6,0.2,0.4,-,-,-,-,36.5,2,2.2,29.4,2.8,0.2,-,0.2,-,-,-,-,-,-,-
257,Lazar Samardzic,Atalanta BC,SerieA,23 years old (24-02-2002),"1,84m",Serbia,Attacking Midfielder (Centre),Central Midfield,left,6(23),1039.0,2,1,3,-,84.4,0.1,1,6.54,"Jun 30, 2025",€20.00m,1.1,0.1,-,-,-,1.1,0.5,-,0.6,2,1.1,0.9,1.1,0.6,0.7,0.1,0.6,0.6,0.4,1,0.1,0.3,0.6,-,0.1,-,0.1,0.2,-,-,-,-,20.1,1.5,0.4,15.5,2.8,1,0.2,0.8,-,-,-,-,-,-,-
258,Daniel Maldini,Atalanta BC,SerieA,23 years old (11-10-2001),"1,88m",Italy,"Attacking Midfielder (Centre, Left), Forward",Attacking Midfield,right,16(4),1317.0,3,-,5,-,74.2,1.2,1,6.54,"Jun 30, 2029",€10.00m,2,0.2,-,0.1,0.1,2,1,0.2,0.8,3.6,2.1,1.5,1.8,1.6,2.5,1.2,1.4,0.7,0.4,1,0.2,2,0.8,0.1,0.5,0.1,0.2,0.3,-,-,-,-,17.1,0.8,0.4,11.9,4,0.6,0.1,0.6,-,-,-,-,-,-,-
259,Fabio Miretti,Genoa CFC,SerieA,21 years old (03-08-2003),"1,80m",Italy,"Attacking Midfielder (Centre, Left)",Central Midfield,right,22(3),1696.0,3,3,2,-,80.1,0.5,2,6.53,"Jun 30, 2025",€14.00m,1,0.1,-,0.1,-,1,0.2,-,0.7,2.9,1.9,1,2.5,1.4,1.4,0.5,0.9,1.1,0.6,1.7,0.3,2.1,0.9,0.1,0.3,-,0.2,0.8,-,-,-,-,19.7,0.8,1.1,15,2.8,0.9,0.3,0.6,0.1,0.1,-,-,-,-,-
260,Dennis Man,Parma Calcio 1913,SerieA,26 years old (26-08-1998),"1,83m",Romania,"Attacking Midfielder (Centre, Right)",Right Winger,left,23(9),1999.0,4,4,-,-,81.6,0.3,2,6.53,"Jun 30, 2027",€12.50m,1.4,0.1,-,0.1,-,1.4,0.4,-,1,2.3,1.6,0.8,1.4,1,0.8,0.3,0.5,0.4,0.6,1,0.3,0.5,0.3,0.1,0.3,0.1,0.1,0.4,-,-,-,-,23.3,0.5,0.4,18.5,3.9,1.4,0.1,1.3,0.1,-,-,-,-,-,0.1
261,Antoine Hainaut,Parma Calcio 1913,SerieA,23 years old (18-02-2002),"1,87m",France,Defender (Right),Right-Back,right,8(13),965.0,1,-,2,-,76.5,1.1,-,6.53,"Jun 30, 2026",€1.00m,0.2,-,-,-,-,0.2,0.1,-,0.1,1,0.5,0.5,0.8,0.3,1.6,1.1,0.5,1.1,0.1,1.2,0.6,0.6,0.5,-,1.8,0.1,0.5,0.4,-,-,-,-,15.6,0.7,1,11.3,2.7,0.2,0.1,0.1,-,-,-,-,-,-,-
262,Andrea Carboni,AC Monza,SerieA,24 years old (04-02-2001),"1,87m",Italy,"Defender (Centre, Left)",Centre-Back,left,22(1),1926.0,-,1,5,-,85.4,1.5,-,6.53,"Jun 30, 2027",€3.40m,0.3,-,-,-,-,0.3,0.1,-,0.2,0.3,0.1,0.2,0.6,0.2,3.1,1.5,1.6,2.3,0.8,3.1,1,0.7,1.2,-,4,0.6,0.1,0.5,-,-,-,-,41.8,1.7,2.1,34,4,0.2,-,0.1,-,-,-,-,-,-,-
263,Mikael Ellertsson,Venezia FC,SerieA,23 years old (11-03-2002),"1,82m",,"Midfielder (Centre, Left)",Central Midfield,left,26(6),2228.0,2,2,2,-,73,0.3,1,6.52,"Jun 30, 2025",€2.80m,0.6,0.1,-,0.1,-,0.6,0.2,-,0.4,1.2,0.7,0.4,1.4,0.6,0.9,0.3,0.5,1.6,0.8,2.4,0.4,1.2,0.7,0.1,1.6,0.1,0.5,1.1,-,-,-,-,15.1,0.4,0.8,10.6,3.3,0.6,0.1,0.5,0.1,-,-,-,-,-,0.1
264,Martin Frese,Hellas Verona,SerieA,27 years old (04-01-1998),"1,79m",Denmark,Defender,Left-Back,left,3(4),354.0,-,-,-,-,73.2,1.1,-,6.52,"Jun 30, 2027",€2.00m,0.1,-,-,-,-,0.1,0.1,-,-,0.1,0.1,-,0.1,-,2.3,1.1,1.1,1.9,0.4,2.3,1,1,1,-,2,0.1,-,0.3,-,-,-,-,21.9,1.3,3.3,14.7,2.6,0.6,0.3,0.3,-,-,-,-,-,-,-
265,Hernani,Parma Calcio 1913,SerieA,31 years old (27-03-1994),"1,88m",Brazil,"Midfielder (Centre, Left)",Central Midfield,both,13(9),1186.0,3,2,7,-,79,0.8,1,6.52,"Jun 30, 2026",€2.00m,0.8,0.1,-,0.1,-,0.8,0.6,-,0.2,1,0.7,0.3,0.8,0.5,1.6,0.8,0.9,1.8,0.9,2.7,0.8,1.1,1.4,-,0.4,0.2,0.1,0.9,-,-,-,-,23.6,1.6,1,17.1,4,0.9,0.1,0.8,0.1,-,-,-,-,-,-
266,Jordan Zemura,Udinese Calcio,SerieA,25 years old (14-11-1999),"1,73m",Zimbabwe,"Defender (Left), Midfielder (Left)",Left-Back,left,12(9),1261.0,1,2,2,-,78.6,0.3,1,6.52,"Jun 30, 2027",€5.00m,0.6,-,-,-,-,0.6,0.4,0.1,0.1,2.1,1.1,1,1,0.7,1,0.3,0.7,1.2,0.5,1.7,0.7,0.3,1,0.1,1.4,0.1,0.3,0.6,-,-,-,-,20.7,0.9,1.1,15.4,3.3,0.4,0.1,0.3,0.1,0.1,-,-,-,-,-
267,Andrea Colpani,ACF Fiorentina,SerieA,25 years old (11-05-1999),"1,84m",Italy,"Attacking Midfielder (Centre, Right)",Attacking Midfield,left,17(5),1410.0,2,1,1,-,86,0.5,-,6.52,"Jun 30, 2025",€12.00m,1.6,0.1,-,0.1,-,1.6,0.6,-,1,1.1,0.7,0.5,1.1,1,1.2,0.5,0.7,0.7,0.4,1,0.4,1,1,-,0.4,-,-,0.3,-,-,-,-,18.5,0.7,0.7,15.2,1.9,0.8,0.1,0.7,-,-,-,-,-,-,-
268,Máximo Perrone,Como 1907,SerieA,22 years old (07-01-2003),"1,77m",Argentina,Defensive Midfielder (C),Defensive Midfield,left,16(6),1538.0,-,2,5,-,90.9,0.5,-,6.52,"Jun 30, 2025",€9.00m,0.4,-,-,-,-,0.4,0.2,-,0.1,0.3,0.2,0.1,0.9,0.6,1.1,0.5,0.6,1.5,1,2.5,0.7,0.5,1.1,-,1.6,-,-,0.5,-,-,-,-,48.6,1.9,1,42.4,3.4,1.1,0.1,1,0.1,-,-,-,-,-,-
269,Jesper Karlström,Udinese Calcio,SerieA,29 years old (21-06-1995),"1,85m",Sweden,Attacking Midfielder (Centre),Defensive Midfield,right,32(1),2829.0,-,2,8,-,83.7,0.9,-,6.52,"Jun 30, 2026",€3.50m,0.3,-,-,-,-,0.3,0.1,-,0.2,0.5,0.3,0.2,0.9,0.4,1.7,0.9,0.8,1.7,0.8,2.4,1,0.7,1,-,2.1,0.3,0.2,0.5,-,-,-,-,42.5,2.2,2.8,33.4,4.2,0.5,-,0.5,0.1,-,-,-,-,-,0.1
270,Nehuén Pérez,FC Porto,SerieA,24 years old (24-06-2000),185cm,Argentina,Defender (Centre),,,2,180.0,-,-,-,-,81.7,1.5,-,6.52,,,-,-,-,-,-,-,-,-,-,0.5,-,0.5,-,-,2,1.5,0.5,0.5,0.5,1,0.5,1,1.5,-,3.5,1,-,-,-,-,-,-,30,4,2,20.5,3.5,-,-,-,-,-,-,-,-,-,-
271,Marin Pongracic,ACF Fiorentina,SerieA,27 years old (11-09-1997),"1,93m",Croatia,Defender (Centre),Centre-Back,right,12(4),1159.0,-,-,1,1,88.7,1.4,-,6.52,"Jun 30, 2029",€10.00m,0.1,-,-,-,-,0.1,-,0.1,-,0.6,0.1,0.4,0.5,0.3,2.1,1.4,0.7,0.9,0.1,1.1,0.7,0.3,1.3,-,3.9,0.4,0.1,0.4,-,-,-,-,37.7,2.3,1.8,31.2,2.4,0.3,0.1,0.2,-,-,-,-,-,-,-
272,Lorenzo Pellegrini,AS Roma,SerieA,28 years old (19-06-1996),"1,86m",Italy,"Midfielder (Centre, Left)",Attacking Midfield,right,19(5),1590.0,2,1,4,-,83.9,0.5,-,6.51,"Jun 30, 2026",€14.00m,1.7,0.1,-,0.1,-,1.7,0.8,0.1,0.8,1,0.6,0.4,1.1,0.7,1.3,0.5,0.8,1,0.4,1.4,0.2,1.1,1,0.2,0.9,-,-,0.3,-,-,-,-,23.5,0.7,0.6,19.1,3.2,1.1,0.3,0.8,-,-,-,-,-,-,-
273,Ruben Loftus-Cheek,AC Milan,SerieA,29 years old (23-01-1996),"1,91m",England,"Midfielder (Centre, Left, Right)",Central Midfield,right,6(9),709.0,-,-,1,-,89.4,0.7,-,6.51,"Jun 30, 2027",€16.00m,0.5,-,-,-,-,0.5,0.1,0.1,0.3,1.1,0.5,0.6,0.8,0.3,1.3,0.7,0.6,1.1,0.3,1.3,0.1,1.3,0.9,-,0.7,-,0.1,0.1,-,-,-,-,18.9,0.5,0.1,16.4,1.9,0.9,-,0.9,-,-,-,-,-,-,-
274,Jesse Joronen,Venezia FC,SerieA,32 years old (21-03-1993),"1,97m",Finland,Goalkeeper,Goalkeeper,right,7(1),702.0,-,-,-,-,69.4,0.4,1,6.51,"Jun 30, 2025",€600k,-,-,-,-,-,-,-,-,-,-,-,-,-,-,0.4,0.4,-,-,-,-,-,-,0.1,-,1.4,-,-,-,3.4,-,1.8,1.6,31.9,3.6,9.4,18.5,0.4,-,-,-,-,-,-,-,-,-,-
275,Borna Sosa,Torino FC,SerieA,27 years old (21-01-1998),"1,87m",Croatia,"Defender (Left), Midfielder (Left)",Left Midfield,left,14(5),1187.0,-,-,-,-,83.1,0.8,1,6.51,"Jun 30, 2025",€6.00m,0.2,-,-,-,-,0.2,0.1,-,0.2,0.4,0.2,0.2,0.5,0.1,1.8,0.8,1,1.4,0.5,1.8,0.7,0.4,0.6,0.1,1.5,0.3,0.3,0.4,-,-,-,-,27.9,1.1,1.6,22.1,3.1,0.6,0.1,0.5,-,-,-,-,-,-,-
276,Morten Thorsby,Genoa CFC,SerieA,28 years old (05-05-1996),"1,88m",Norway,"Midfielder (Centre, Left, Right)",Central Midfield,right,21(7),1819.0,-,1,4,-,68.1,3.6,-,6.51,"Jun 30, 2026",€3.00m,0.5,-,-,-,-,0.5,-,0.1,0.4,0.8,0.5,0.3,1.6,1,7.2,3.6,3.6,1.6,0.4,2,0.2,0.5,1.8,0.3,1,-,-,0.7,-,-,-,-,17.7,0.2,0.3,11.8,5.4,0.9,-,0.9,-,-,-,-,-,-,-
277,Samuel Chukwueze,AC Milan,SerieA,25 years old (22-05-1999),"1,72m",Nigeria,"Attacking Midfielder (Centre, Right)",Right Winger,left,9(15),850.0,3,-,-,-,83.5,0.3,-,6.51,"Jun 30, 2028",€14.00m,1.3,0.1,-,0.1,-,1.3,0.5,-,0.7,1.8,0.8,1,1,0.4,0.7,0.3,0.4,0.6,0.5,1.1,0.1,0.4,0.1,0.1,0.3,-,-,0.1,-,-,-,-,13.7,0.6,0.3,10.8,2,0.9,-,0.9,-,-,-,-,-,-,-
278,Adam Marusic,SS Lazio,SerieA,32 years old (17-10-1992),"1,85m",Montenegro,"Defender (Centre, Left, Right), Midfielder (Left, Right)",Right-Back,right,22(9),2091.0,4,-,1,-,87.6,1,1,6.51,"Jun 30, 2026",€4.00m,0.7,0.1,0.1,-,-,0.7,0.2,0.1,0.4,0.7,0.4,0.3,0.3,0.4,1.6,1,0.7,0.9,0.4,1.3,0.5,0.4,0.6,0.1,1.7,0.2,0.1,0.3,-,-,-,-,30.1,0.6,1.1,25.7,2.6,0.4,-,0.4,-,-,-,-,-,-,-
279,Devyne Rensch,AS Roma,SerieA,22 years old (18-01-2003),"1,81m",Netherlands,"Defender (Centre, Left, Right), Midfielder (Right)",Right-Back,right,4(6),363.0,-,1,-,-,86.3,1,-,6.51,"Jun 30, 2029",€12.00m,0.2,-,-,-,-,0.2,0.1,0.1,-,0.2,0.2,-,0.3,0.2,1.6,1,0.6,1.5,0.1,1.6,0.5,0.6,0.1,-,0.7,0.2,0.1,0.2,-,-,-,-,19.7,0.4,0.9,16.6,1.8,0.2,-,0.2,0.1,-,-,-,-,-,0.1
280,Hamza Rafia,US Lecce,SerieA,26 years old (02-04-1999),"1,81m",Tunisia,Attacking Midfielder (Centre),Central Midfield,right,14(4),1067.0,-,-,4,-,83.1,0.3,-,6.51,"Jun 30, 2026",€1.70m,0.6,-,-,-,-,0.6,0.3,-,0.3,1.2,0.7,0.6,1.2,1.1,1.1,0.3,0.7,2.4,0.9,3.4,0.2,1.4,1.4,-,0.9,0.1,0.1,0.3,-,-,-,-,26.6,0.8,0.7,21.3,3.8,0.9,0.2,0.7,-,-,-,-,-,-,-
281,Jonathan Ikoné,Como 1907,SerieA,26 years old (02-05-1998),"1,75m",France,"Attacking Midfielder (Centre, Left, Right), Forward",Right Winger,left,4(6),416.0,2,-,1,-,79.3,0.2,-,6.51,"Jun 30, 2025",€8.00m,1.3,0.2,-,0.2,-,1.3,0.1,-,1.2,2.2,1.5,0.7,0.6,1.1,0.3,0.2,0.1,1.2,0.4,1.6,-,0.5,0.1,0.2,0.1,0.1,-,0.3,-,-,-,-,11.6,0.4,0.1,8.8,2.3,0.2,-,0.2,-,-,-,-,-,-,-
282,Thomas Kristensen,Udinese Calcio,SerieA,23 years old (17-01-2002),"1,98m",Denmark,Defender (Centre),Centre-Back,right,16(5),1483.0,-,-,4,-,81.2,2.4,-,6.51,"Jun 30, 2028",€6.00m,0.1,-,-,-,-,0.1,-,-,-,0.6,0.1,0.5,0.6,0.3,3.7,2.4,1.2,1.1,0.3,1.4,0.7,0.1,1,-,3.1,0.6,-,0.2,-,-,-,-,36.2,1.9,2.3,27.5,4.5,0.2,-,0.1,-,-,-,-,-,-,-
283,Saud Abdulhamid,AS Roma,SerieA,25 years old (18-07-1999),"1,75m",Saudi Arabia,Defender,Right-Back,right,2(2),205.0,-,1,-,-,88.7,-,-,6.51,"Jun 30, 2028",€4.00m,0.3,-,-,-,-,0.3,0.3,-,-,2,1.3,0.8,1.3,0.3,0.3,-,0.3,0.8,-,0.8,0.5,1.3,0.5,-,-,-,-,0.5,-,-,-,-,24.3,-,0.8,21.5,2,0.5,-,0.5,0.3,-,-,-,-,-,0.3
284,Kingsley Ehizibue,Udinese Calcio,SerieA,29 years old (25-05-1995),"1,89m",Netherlands,"Defender (Right), Midfielder (Right)",Right-Back,right,28(3),2334.0,-,1,5,-,78.8,0.9,-,6.5,"Jun 30, 2026",€3.00m,0.5,-,-,-,-,0.5,0.1,-,0.3,0.9,0.6,0.4,0.8,0.6,1.8,0.9,1,1.7,0.5,2.1,0.7,1,1.1,0.2,1.7,0.4,0.3,0.8,-,-,-,-,21,0.7,1,15.8,3.5,0.6,0.1,0.5,-,-,-,-,-,-,-
285,Alen Sherri,Cagliari Calcio,SerieA,27 years old (15-12-1997),"1,97m",Albania,Goalkeeper,Goalkeeper,right,6,540.0,-,-,-,-,72.5,-,-,6.5,"Jun 30, 2027",€1.00m,-,-,-,-,-,-,-,-,-,-,-,-,-,-,-,-,-,0.2,0.2,0.3,-,-,-,-,0.8,-,-,-,2.7,-,1.8,0.8,29.7,5.2,8,16.3,0.2,0.2,0.2,-,-,-,-,-,-,-,-
286,Samuele Ricci,Torino FC,SerieA,23 years old (21-08-2001),"1,81m",Italy,Midfielder (Centre),Defensive Midfield,right,31,2619.0,1,1,8,1,89.7,0.6,-,6.5,"Jun 30, 2028",€30.00m,0.6,-,-,-,-,0.6,0.5,-,0.2,0.7,0.5,0.2,1,0.5,1.1,0.6,0.5,1,0.3,1.3,0.8,2.2,1.2,-,1.4,0.3,0.2,0.4,-,-,-,-,37.8,1.7,1,32.2,2.9,0.4,-,0.3,-,-,-,-,-,-,-
287,Valentino Lazaro,Torino FC,SerieA,29 years old (24-03-1996),"1,81m",Austria,"Defender (Right), Midfielder (Centre, Left, Right)",Left Midfield,right,23(7),2078.0,-,6,5,-,81.3,0.5,1,6.5,"Jun 30, 2025",€4.50m,0.5,-,-,-,-,0.5,0.2,-,0.2,1.1,0.7,0.4,1,0.4,1.3,0.5,0.8,0.8,0.4,1.3,0.3,0.4,0.9,0.1,1,0.2,0.3,0.8,-,-,-,-,27.3,0.8,1,21.3,4.1,0.9,0.3,0.6,0.2,0.1,0.1,-,-,-,0.1
288,Nicolas Viola,Cagliari Calcio,SerieA,35 years old (12-10-1989),"1,80m",Italy,Midfielder (Centre),Attacking Midfield,left,16(8),1157.0,3,1,2,-,69.9,0.9,2,6.49,"Jun 30, 2025",€1.00m,1.2,0.1,-,0.1,-,1.2,0.5,-,0.7,1.2,0.8,0.4,1.2,0.9,1.8,0.9,0.9,0.6,0.4,1,0.1,1.3,0.8,0.3,0.2,-,-,0.2,-,-,-,-,14.2,0.7,0.8,9.3,3.5,1.1,0.5,0.5,-,-,-,-,-,-,-
289,Stefan Posch,Atalanta BC,SerieA,27 years old (14-05-1997),"1,90m",Austria,"Defender (Centre, Right)",Centre-Back,right,7(7),711.0,-,-,1,-,78.3,1.1,-,6.49,"Jun 30, 2025",€10.00m,0.1,-,-,-,-,0.1,0.1,0.1,-,0.8,0.6,0.2,0.6,0.9,1.6,1.1,0.6,1.9,0.7,2.6,0.4,1.2,1.1,0.1,1.4,0.3,0.2,1.1,-,-,-,-,29.4,2.6,2.1,20.4,4.3,0.7,0.2,0.5,-,-,-,-,-,-,-
290,Thórir Helgason,US Lecce,SerieA,24 years old (28-09-2000),"1,87m",Iceland,Attacking Midfielder (Centre),Central Midfield,right,11(6),946.0,-,4,-,-,71.8,0.9,-,6.49,"Jun 30, 2026",€2.50m,0.8,-,-,-,-,0.8,0.4,0.1,0.4,0.7,0.4,0.4,1.4,0.5,1.8,0.9,0.9,0.6,0.2,0.8,0.3,0.6,0.5,0.1,0.3,0.1,0.3,0.2,-,-,-,-,15.2,1,0.5,9.9,3.8,1.2,0.6,0.6,0.2,0.2,0.1,-,0.1,-,0.1
291,Sofyan Amrabat,Fenerbahce,SerieA,28 years old (21-08-1996),183cm,Morocco,"Defender (Left), Defensive Midfielder (C)",,,2,180.0,-,-,-,-,86,0.5,-,6.49,,,-,-,-,-,-,-,-,-,-,-,-,-,0.5,1,1,0.5,0.5,1.5,-,1.5,-,0.5,2,-,1,0.5,-,-,-,-,-,-,64.5,4.5,3,51,6,1,0.5,0.5,-,-,-,-,-,-,-
292,Lorenzo De Silvestri,Bologna FC 1909,SerieA,36 years old (23-05-1988),"1,87m",Italy,"Defender (Right), Midfielder (Right)",Right-Back,right,11(4),843.0,1,-,1,-,79,0.8,1,6.49,"Jun 30, 2025",€400k,0.5,0.1,-,0.1,-,0.5,-,-,0.5,0.3,0.2,0.1,0.3,0.1,1.7,0.8,0.9,0.7,0.5,1.3,0.5,0.5,1.1,-,1.8,0.2,0.1,0.5,-,-,-,-,23.2,1.5,1.2,16.8,3.7,0.3,0.1,0.3,-,-,-,-,-,-,-
293,Magnus Kofod Andersen,Venezia FC,SerieA,25 years old (10-05-1999),176cm,Denmark,Midfielder (Centre),,,7(7),692.0,1,1,1,-,82.4,0.6,-,6.49,,,0.6,0.1,-,0.1,-,0.6,0.4,-,0.1,0.3,0.1,0.1,0.6,0.4,1.1,0.6,0.5,0.9,0.4,1.4,0.4,0.4,0.5,-,0.8,0.1,0.1,0.4,-,-,-,-,20.6,0.7,1.2,16.3,2.4,0.6,0.1,0.5,0.1,0.1,-,-,0.1,-,-
294,Casper Tengstedt,Hellas Verona,SerieA,24 years old (01-06-2000),"1,84m",Denmark,Forward,Centre-Forward,right,18(4),1396.0,6,1,2,-,70.3,0.8,-,6.49,"Jun 30, 2025",€7.00m,1.7,0.3,-,0.3,-,1.7,0.2,0.1,1.4,1.1,0.7,0.4,1.5,0.3,3.3,0.8,2.5,0.3,0.2,0.5,0.1,0.4,0.2,0.2,1.2,-,-,0.2,-,-,-,-,11.6,0.4,0.4,7.8,3,0.5,-,0.5,-,-,-,-,-,-,-
295,Tomás Suslov,Hellas Verona,SerieA,22 years old (07-06-2002),"1,74m",Slovakia,"Midfielder (Centre, Left, Right)",Attacking Midfield,left,24(4),1923.0,-,-,4,1,77.7,0.2,-,6.48,"Jun 30, 2027",€6.00m,1.1,-,-,-,-,1.1,0.7,-,0.4,2.6,1.4,1.3,1.7,1.2,1,0.2,0.9,1.9,1.6,3.5,0.6,2.2,1.6,0.1,0.4,0.1,0.1,0.9,-,-,-,-,15.5,1.3,0.8,10.8,2.7,0.9,0.2,0.7,-,-,-,-,-,-,-
296,Lloyd Kelly,Juventus FC,SerieA,26 years old (06-10-1998),"1,89m",England,"Defender (Centre, Left)",Centre-Back,left,9(1),835.0,-,-,1,-,84.1,3.3,-,6.48,"Jun 30, 2025",€18.00m,0.7,-,-,-,-,0.7,0.2,0.1,0.4,0.1,0.1,-,0.5,0.3,5.5,3.3,2.2,1,0.2,1.2,0.1,0.4,1.1,-,4,0.6,0.1,0.4,-,-,-,-,55.2,1.6,4,44.8,4.8,0.3,0.1,0.2,-,-,-,-,-,-,-
297,Giovanni Leoni,Parma Calcio 1913,SerieA,18 years old (21-12-2006),"1,96m",Italy,Defender (Centre),Centre-Back,right,11(3),961.0,1,-,3,1,89.1,1.1,1,6.48,"Jun 30, 2029",€6.00m,0.1,0.1,-,0.1,-,0.1,-,-,0.1,0.1,-,0.1,0.4,0.1,1.6,1.1,0.5,0.6,0.1,0.7,1.1,0.4,0.5,-,2.9,0.6,0.1,0.6,-,-,-,-,36.7,0.8,1.6,31.9,2.4,-,-,-,-,-,-,-,-,-,-
298,José Palomino,Cagliari Calcio,SerieA,35 years old (05-01-1990),"1,88m",Argentina,Defender (Centre),Centre-Back,left,8(7),863.0,1,-,3,-,86.4,0.9,-,6.48,"Jun 30, 2025",€700k,0.1,0.1,0.1,-,-,0.1,-,0.1,-,0.1,0.1,-,0.2,0.1,1.7,0.9,0.8,1.3,0.3,1.5,1.1,0.1,0.4,-,2.3,0.4,-,0.4,-,-,-,-,30.9,1.9,2.1,24.9,2.1,0.1,-,0.1,-,-,-,-,-,-,-
299,Tammy Abraham,AC Milan,SerieA,27 years old (02-10-1997),"1,94m",England,Forward,Centre-Forward,right,12(16),1181.0,3,4,1,-,70,1.3,-,6.48,"Jun 30, 2025",€15.00m,1,0.1,-,0.1,-,1,0.1,0.2,0.7,0.5,0.4,0.1,0.8,0.5,2.6,1.3,1.3,0.6,0.1,0.7,0.1,0.4,0.8,0.3,0.5,-,-,0.5,-,-,-,-,7.8,0.1,0.1,5.4,2.2,0.5,-,0.5,0.1,-,-,0.1,-,-,0.1
300,Marko Arnautovic,Inter Milan,SerieA,36 years old (19-04-1989),"1,90m",Austria,"Attacking Midfielder (Centre, Left, Right), Forward",Centre-Forward,both,4(11),447.0,4,2,2,-,74.4,0.7,1,6.48,"Jun 30, 2025",€3.50m,0.8,0.3,0.1,0.1,-,0.8,-,0.4,0.4,0.1,0.1,0.1,0.7,0.2,1.1,0.7,0.5,0.5,0.1,0.6,0.1,0.3,0.3,0.4,0.1,-,-,0.1,-,-,-,-,8.3,0.1,0.1,6.1,2.1,0.5,0.1,0.4,0.1,-,-,0.1,-,-,0.1
301,Stefano Sabelli,Genoa CFC,SerieA,32 years old (13-01-1993),"1,76m",Italy,"Defender (Right), Midfielder (Right)",Right-Back,right,20(10),1844.0,-,1,3,-,70.8,0.5,-,6.48,"Jun 30, 2026",€1.50m,0.2,-,-,-,-,0.2,-,-,0.1,0.4,0.3,0.1,0.7,0.1,1.4,0.5,0.9,1.8,0.9,2.7,0.7,0.6,0.8,-,1.8,0.2,0.2,0.7,-,-,-,-,26.9,1.7,3.5,17.4,4.4,0.5,0.1,0.4,-,-,-,-,-,-,-
302,Nicolò Fagioli,ACF Fiorentina,SerieA,24 years old (12-02-2001),"1,78m",Italy,Defensive Midfielder (C),Central Midfield,right,7(4),648.0,-,2,-,-,84.8,0.1,-,6.48,"Jun 30, 2025",€18.00m,0.5,-,-,-,-,0.5,0.4,-,0.2,1.4,0.8,0.5,1.2,0.6,0.3,0.1,0.2,1.3,1.1,2.4,0.3,1,0.5,-,0.8,0.1,-,0.4,-,-,-,-,30.5,2.2,1.7,23.6,2.9,1,0.3,0.7,0.2,-,-,-,-,-,0.2
303,Michel Aebischer,Bologna FC 1909,SerieA,28 years old (06-01-1997),"1,83m",Switzerland,"Midfielder (Centre, Left, Right)",Central Midfield,right,8(4),653.0,-,-,1,-,89.2,0.4,-,6.48,"Jun 30, 2027",€10.00m,0.8,-,-,-,-,0.8,0.5,-,0.3,0.3,0.2,0.2,0.4,0.5,1.2,0.4,0.8,1.3,0.3,1.7,0.5,1.2,1.2,-,0.4,0.1,0.1,0.3,-,-,-,-,28.7,1.8,0.7,23.8,2.4,0.6,0.1,0.5,-,-,-,-,-,-,-
304,Alessandro Zanoli,Genoa CFC,SerieA,24 years old (03-10-2000),"1,88m",Italy,"Defender (Right), Midfielder (Right)",Right-Back,right,19(9),1634.0,1,-,3,-,72,0.7,1,6.48,"Jun 30, 2025",€6.00m,0.4,-,-,-,-,0.4,0.1,-,0.3,1.9,1.3,0.6,1.1,0.3,1.4,0.7,0.6,0.9,0.4,1.3,0.4,0.7,0.6,-,1.1,0.1,0.3,0.5,-,-,-,-,13.1,0.3,0.8,9.2,2.9,0.7,0.1,0.5,-,-,-,-,-,-,-
305,Jurgen Ekkelenkamp,Udinese Calcio,SerieA,25 years old (05-04-2000),"1,88m",Netherlands,"Midfielder (Centre, Left)",Central Midfield,right,18(12),1697.0,3,2,2,-,81.4,0.5,1,6.48,"Jun 30, 2029",€7.50m,0.7,0.1,-,-,-,0.7,0.3,0.1,0.3,0.8,0.6,0.3,0.7,0.2,0.9,0.5,0.5,1.2,0.5,1.7,0.4,0.5,0.9,0.1,0.5,0.1,0.2,0.7,-,-,-,-,20.1,0.5,0.4,15.9,3.3,0.5,-,0.5,0.1,-,-,-,-,-,-
306,Santiago Pierotti,US Lecce,SerieA,24 years old (03-04-2001),"1,89m",Argentina,"Attacking Midfielder (Centre, Right), Forward",Right Winger,right,20(12),1736.0,4,2,4,-,72.5,1.4,1,6.48,"Jun 30, 2027",€4.00m,1,0.1,-,0.1,-,1,0.1,-,0.8,1.3,0.8,0.6,1.7,0.8,3.3,1.4,1.9,1.3,0.7,2,0.4,0.4,1.5,0.3,0.8,0.2,0.1,0.6,-,-,-,-,11.3,0.2,0.3,7.9,2.8,0.7,-,0.7,0.1,-,-,-,-,-,0.1
307,Valentin Mihaila,Parma Calcio 1913,SerieA,25 years old (02-02-2000),"1,80m",Romania,Attacking Midfielder (Left),Left Winger,right,16(5),1296.0,-,3,2,-,80.3,0.7,-,6.48,"Jun 30, 2027",€3.00m,1.5,-,-,-,-,1.5,0.8,-,0.7,1.3,0.8,0.5,1.4,1,2,0.7,1.3,1.4,0.6,2,0.4,1,0.8,-,0.2,-,0.1,0.9,-,-,-,-,18.6,0.7,0.4,14.2,3.3,0.8,0.1,0.7,0.1,0.1,-,-,-,-,-
308,Piotr Zielinski,Inter Milan,SerieA,30 years old (20-05-1994),"1,80m",Poland,"Midfielder (Centre, Left, Right)",Central Midfield,both,6(17),840.0,2,2,-,-,91.9,0.4,-,6.47,"Jun 30, 2028",€14.00m,0.7,0.1,-,0.1,-,0.7,0.3,-,0.3,0.7,0.5,0.3,0.3,0.3,0.5,0.4,0.1,0.5,0.3,0.8,0.3,0.7,0.3,-,0.4,0.2,0.1,0.2,-,-,-,-,25.2,0.8,0.3,22.4,1.7,0.6,-,0.5,0.1,-,-,-,-,-,0.1
309,Keinan Davis,Udinese Calcio,SerieA,27 years old (13-02-1998),"1,89m",England,Forward,Centre-Forward,left,7(12),814.0,2,1,2,-,76.9,1.5,1,6.47,"Jun 30, 2027",€4.00m,1.1,0.1,-,0.1,-,1.1,0.2,0.2,0.7,1.5,0.8,0.7,1.6,0.9,2.8,1.5,1.3,0.4,0.1,0.5,0.1,0.6,1,0.2,0.2,0.1,-,0.1,-,-,-,-,11.4,0.3,0.1,8.4,2.6,0.8,-,0.8,0.1,-,-,-,-,-,0.1
310,Liberato Cacace,FC Empoli,SerieA,24 years old (27-09-2000),"1,83m",New Zealand,"Defender (Centre, Left), Midfielder (Centre, Left)",Left-Back,left,20(9),1914.0,2,3,5,-,75.2,1.2,-,6.47,"Jun 30, 2026",€3.00m,0.8,0.1,-,-,-,0.8,0.3,0.1,0.5,1.4,1,0.4,1,0.5,2.7,1.2,1.4,1.1,0.3,1.4,0.7,0.6,0.8,0.2,1.7,0.3,0.2,0.6,-,-,-,-,22.7,1.3,1.9,15.8,3.8,0.7,0.2,0.5,0.1,-,-,-,-,-,0.1
311,Davide Calabria,Bologna FC 1909,SerieA,28 years old (06-12-1996),"1,76m",Italy,"Defender (Left, Right), Midfielder (Right)",Right-Back,right,4(3),317.0,-,-,-,-,91.7,0.3,-,6.47,"Jun 30, 2025",€7.50m,0.3,-,-,-,-,0.3,-,-,0.3,0.7,0.3,0.4,0.1,0.1,0.3,0.3,-,1.4,0.4,1.9,1.1,0.6,0.4,-,1.1,-,-,0.1,-,-,-,-,27.6,0.4,0.3,24.9,2,0.1,-,0.1,-,-,-,-,-,-,-
312,Michael Folorunsho,ACF Fiorentina,SerieA,27 years old (07-02-1998),"1,90m",Italy,"Midfielder (Centre, Right)",Central Midfield,right,6(7),620.0,-,-,4,-,75.8,1.3,1,6.47,"Jun 30, 2025",€7.00m,0.5,-,-,-,-,0.5,0.2,-,0.3,1.3,0.7,0.6,0.9,0.7,2.2,1.3,0.8,1.5,0.9,2.4,0.3,1.7,1.2,-,0.5,0.1,0.3,0.6,-,-,-,-,15.9,0.6,0.7,11.5,3.2,0.2,-,0.2,-,-,-,-,-,-,-
313,Davide Frattesi,Inter Milan,SerieA,25 years old (22-09-1999),"1,78m",Italy,Defensive Midfielder (C),Central Midfield,right,8(19),1124.0,5,1,1,-,84.6,0.4,1,6.47,"Jun 30, 2028",€32.00m,1,0.2,-,0.1,-,1,0.1,0.2,0.7,0.6,0.4,0.3,0.6,0.1,0.9,0.4,0.5,0.6,0.3,0.9,0.2,1.1,0.4,0.1,0.4,0.1,-,0.3,-,-,-,-,11.8,0.2,0.2,9.7,1.6,0.3,-,0.2,-,-,-,-,-,-,-
314,Lukasz Skorupski,Bologna FC 1909,SerieA,33 years old (05-05-1991),"1,88m",Poland,Goalkeeper,Goalkeeper,right,24,2095.0,-,-,1,-,75.4,0.1,-,6.47,"Jun 30, 2026",€2.50m,-,-,-,-,-,-,-,-,-,-,-,-,-,-,0.1,0.1,-,-,0.1,0.1,-,0.2,-,-,0.8,-,-,-,1.9,0.1,1.3,0.5,36.3,6,8.6,21.4,0.3,-,-,-,-,-,-,-,-,-,-
315,Gvidas Gineitis,Torino FC,SerieA,21 years old (15-04-2004),"1,91m",Lithuania,Midfielder (Centre),Central Midfield,left,12(14),1185.0,3,1,5,-,80.8,0.3,-,6.46,"Jun 30, 2028",€5.00m,0.9,0.1,-,0.1,-,0.9,0.6,-,0.3,0.5,0.3,0.2,0.8,0.3,1,0.3,0.7,0.8,0.5,1.2,0.5,0.8,0.8,0.1,0.9,0.2,0.2,0.4,-,-,-,-,15,0.5,0.6,11.7,2.3,0.8,0.2,0.6,-,-,-,-,-,-,-
316,Devis Vásquez,FC Empoli,SerieA,26 years old (12-05-1998),"1,95m",Colombia,Goalkeeper,Goalkeeper,right,28,2520.0,-,-,2,-,55.8,0.3,2,6.46,"Jun 30, 2025",€2.00m,-,-,-,-,-,-,-,-,-,-,-,-,0.1,-,0.4,0.3,-,-,-,-,-,0.1,-,-,0.9,-,-,-,2.7,0.2,1.8,0.7,31.3,6.4,13.5,11.1,0.3,-,-,-,-,-,-,-,-,-,-
317,Gaetano Oristanio,Venezia FC,SerieA,22 years old (28-09-2002),"1,74m",Italy,"Attacking Midfielder (Centre, Left, Right), Forward",Attacking Midfield,left,27(6),2187.0,2,3,3,-,78,0.5,1,6.46,"Jun 30, 2029",€6.50m,1.2,0.1,-,-,-,1.2,0.6,0.1,0.6,3.5,1.9,1.6,2.4,2,1.6,0.5,1.2,0.5,0.2,0.7,0.2,2.1,1.5,0.3,0.1,-,0.1,0.5,-,-,-,-,11,0.6,0.3,8,2.1,1,0.1,0.9,0.1,-,-,-,-,-,0.1
318,Alberto Grassi,FC Empoli,SerieA,30 years old (07-03-1995),"1,83m",Italy,Defensive Midfielder (C),Defensive Midfield,right,24(1),1964.0,1,-,8,1,76.6,1,-,6.46,"Jun 30, 2026",€2.00m,0.4,-,-,-,-,0.4,-,-,0.4,0.4,0.2,0.2,1,0.6,1.8,1,0.7,1.4,0.2,1.7,1.2,1.2,1,-,1.4,0.5,0.1,0.4,-,-,-,-,29,1.4,2.4,20.8,4.4,0.3,-,0.3,-,-,-,-,-,-,-
319,Leandro Chichizola,Spezia,SerieA,35 years old (27-03-1990),185cm,Argentina,Goalkeeper,,,1,90.0,-,-,-,-,70.5,1,-,6.46,,,-,-,-,-,-,-,-,-,-,-,-,-,-,-,1,1,-,-,-,-,-,-,-,-,3,-,-,-,3,1,2,-,44,3,13,28,-,-,-,-,-,-,-,-,-,-,-
320,Matías Vecino,SS Lazio,SerieA,33 years old (24-08-1991),"1,87m",Uruguay,Midfielder (Centre),Central Midfield,right,6(10),708.0,1,2,5,-,81.5,1.4,-,6.46,"Jun 30, 2025",€2.50m,0.8,0.1,-,0.1,-,0.8,0.2,0.1,0.5,0.1,-,0.1,0.3,0.6,2.4,1.4,1,0.8,0.8,1.6,0.3,0.1,1.1,-,0.6,0.2,0.1,0.3,-,-,-,-,20.3,1.1,0.4,15.4,3.3,0.6,-,0.6,0.1,-,-,-,-,-,0.1
321,Billy Gilmour,SSC Napoli,SerieA,23 years old (11-06-2001),"1,70m",Scotland,Defensive Midfielder (C),Defensive Midfield,right,11(11),902.0,-,1,-,-,88.7,0.4,-,6.45,"Jun 30, 2029",€16.00m,0.3,-,-,-,-,0.3,0.3,-,-,0.4,0.1,0.2,0.3,0.2,0.8,0.4,0.4,0.9,0.4,1.2,0.3,0.5,0.5,-,0.6,-,0.1,0.2,-,-,-,-,29.6,1.1,0.8,25.1,2.6,0.7,0.3,0.5,-,-,-,-,-,-,-
322,Vítinha,Genoa CFC,SerieA,25 years old (15-03-2000),"1,78m",,Forward,Centre-Forward,right,13(8),1095.0,-,2,1,-,64.1,1.2,-,6.45,"Jun 30, 2028",€10.00m,1.3,-,-,-,-,1.3,0.6,0.1,0.6,2.8,1.9,0.9,2.1,1.3,2.5,1.2,1.2,1,0.8,1.7,0.5,1,0.8,0.3,0.8,-,-,0.5,-,-,-,-,10.6,0.2,0.4,6.6,3.4,0.6,0.1,0.5,0.1,-,-,-,-,-,-
323,Kacper Urbanski,AC Monza,SerieA,20 years old (07-09-2004),"1,83m",Poland,"Attacking Midfielder (Centre, Left)",Central Midfield,right,1(6),244.0,1,-,2,-,87.3,0.4,1,6.45,"Jun 30, 2025",€7.00m,0.6,0.1,-,0.1,-,0.6,0.1,-,0.4,0.7,0.3,0.4,1.1,0.4,1.6,0.4,1.1,0.7,0.3,1,0.3,0.6,0.7,-,0.6,0.1,0.1,0.6,-,-,-,-,16.9,0.4,0.1,14.3,2,1.3,0.6,0.7,-,-,-,-,-,-,-
324,Luca Marianucci,FC Empoli,SerieA,20 years old (23-07-2004),"1,86m",Italy,Defender (Centre),Centre-Back,right,9(6),840.0,-,-,-,1,79,1.7,-,6.45,-,€5.00m,0.3,-,-,-,-,0.3,0.1,0.1,0.1,0.3,0.2,0.1,0.4,0.2,3.7,1.7,1.9,1.5,0.4,1.9,1.2,0.3,0.7,-,3.5,0.5,0.1,0.4,-,-,-,-,22.3,2.3,2.7,15.3,2,0.1,0.1,-,-,-,-,-,-,-,-
325,Abdou Harroui,Hellas Verona,SerieA,27 years old (13-01-1998),"1,82m",Netherlands,"Midfielder (Centre, Left, Right)",Central Midfield,both,5(5),463.0,1,2,1,-,82,0.8,-,6.45,"Jun 30, 2028",€2.00m,1.5,0.1,-,0.1,-,1.5,0.4,-,1.1,2,1.4,0.6,1.2,1,1.5,0.8,0.7,0.9,-,0.9,0.2,0.3,1,-,0.4,-,0.1,0.5,-,-,-,-,18.9,0.2,0.6,15.3,2.8,0.4,0.1,0.3,0.2,0.1,-,-,-,-,0.1
326,Lorenzo Colombo,FC Empoli,SerieA,23 years old (08-03-2002),"1,83m",Italy,"Attacking Midfielder (Centre), Forward",Centre-Forward,left,25(9),2132.0,5,2,3,-,68.2,1.6,-,6.45,"Jun 30, 2025",€6.00m,1.6,0.1,-,0.1,-,1.6,0.5,0.1,0.9,1.4,0.7,0.7,2.4,1.4,5.1,1.6,3.5,0.8,0.4,1.2,0.1,1.1,1.2,0.2,0.4,0.1,-,0.9,-,-,-,-,13.8,0.6,0.4,8.8,3.9,0.6,0.1,0.5,0.1,-,-,-,-,-,0.1
327,Dany Mota,AC Monza,SerieA,26 years old (02-05-1998),"1,80m",Portugal,"Attacking Midfielder (Centre, Left), Forward",Second Striker,right,23(6),1986.0,5,2,3,-,76.1,1.9,1,6.45,"Jun 30, 2027",€5.00m,1.4,0.2,-,0.1,-,1.4,0.2,0.1,1.1,1.2,0.8,0.4,2,1,4.2,1.9,2.4,0.4,0.1,0.6,0.3,1.1,0.9,0.2,0.8,-,0.1,0.6,-,-,-,-,16.7,0.6,0.2,12.2,3.8,0.7,-,0.7,0.1,-,-,-,-,-,-
328,Emmanuel Gyasi,FC Empoli,SerieA,31 years old (11-01-1994),"1,81m",Ghana,"Midfielder (Centre, Left, Right), Forward",Right Midfield,right,33,2881.0,2,1,5,-,75.5,1.2,-,6.45,"Jun 30, 2025",€2.00m,0.6,0.1,0.1,-,-,0.6,-,0.2,0.4,0.9,0.3,0.5,1.4,0.7,3,1.2,1.8,1.5,0.3,1.9,0.2,0.6,1.3,0.4,1.9,0.2,0.3,0.5,-,-,-,-,20.8,0.5,1.2,15.2,3.9,0.4,-,0.4,-,-,-,-,-,-,-
329,Gabriele Zappa,Cagliari Calcio,SerieA,25 years old (22-12-1999),"1,87m",Italy,"Defender (Centre, Right), Midfielder (Right)",Right-Back,right,31(2),2733.0,2,-,4,-,78.8,0.6,-,6.44,"Jun 30, 2030",€4.00m,0.3,0.1,-,0.1,-,0.3,0.1,0.1,0.2,0.8,0.5,0.3,0.7,0.2,1.4,0.6,0.8,1.1,0.4,1.5,0.7,0.5,0.6,-,2.2,0.6,0.2,0.5,-,-,-,-,37.8,2.2,3.2,27.6,4.8,0.8,0.2,0.6,-,-,-,-,-,-,-
330,Daniel Mosquera,Hellas Verona,SerieA,25 years old (20-10-1999),"1,80m",Colombia,Forward,Centre-Forward,right,12(19),1258.0,5,1,3,-,69.7,2.3,1,6.44,"Jun 30, 2028",€1.50m,1.7,0.2,0.1,0.1,-,1.7,0.3,0.4,1.1,0.8,0.3,0.5,1.4,0.5,5,2.3,2.7,0.3,0.4,0.7,-,0.5,1.3,0.2,0.3,-,-,0.3,-,-,-,-,9.8,0.1,0.1,6.7,2.8,0.4,-,0.4,-,-,-,-,-,-,-
331,Simon Sohm,Parma Calcio 1913,SerieA,24 years old (11-04-2001),"1,88m",Switzerland,Midfielder (Centre),Central Midfield,right,32(1),2681.0,4,-,7,-,86,0.9,2,6.44,"Jun 30, 2027",€5.00m,0.9,0.1,-,0.1,-,0.9,0.3,0.1,0.5,0.8,0.5,0.4,1,0.6,1.6,0.9,0.8,0.8,0.5,1.3,0.7,0.8,0.6,-,1,-,-,0.2,-,-,-,-,33.8,1,0.8,28.1,4,0.6,0.1,0.5,-,-,-,-,-,-,-
332,Semuel Pizzignacco,AC Monza,SerieA,23 years old (01-09-2001),"1,88m",Italy,Goalkeeper,Goalkeeper,right,4(1),383.0,-,-,-,-,73.6,0.4,-,6.44,"Jun 30, 2027",€800k,-,-,-,-,-,-,-,-,-,-,-,-,-,-,0.4,0.4,-,-,0.2,0.2,-,0.2,-,-,1,-,-,-,2.2,0.2,1.4,0.6,25.8,6.2,6.8,12.8,-,-,-,-,-,-,-,-,-,-,-
333,Federico Ravaglia,Bologna FC 1909,SerieA,25 years old (11-11-1999),"1,96m",Italy,Goalkeeper,Goalkeeper,right,10(1),965.0,-,-,-,-,76,0.6,-,6.44,"Jun 30, 2028",€1.00m,-,-,-,-,-,-,-,-,-,0.1,-,0.1,-,-,0.6,0.6,-,-,-,-,-,0.4,-,-,1.2,-,-,-,0.9,-,0.5,0.5,36.4,5.4,8.6,22.3,0.1,0.1,0.1,-,-,-,-,-,-,-,-
334,Jacopo Fazzini,FC Empoli,SerieA,22 years old (16-03-2003),"1,78m",Italy,Attacking Midfielder (Centre),Central Midfield,right,12(4),1039.0,2,-,2,1,79.7,0.7,1,6.44,"Jun 30, 2027",€8.00m,1,0.1,0.1,0.1,-,1,0.3,0.1,0.6,2.1,1.1,1,1.9,1.8,1.4,0.7,0.8,1.6,0.5,2.1,0.4,1.4,1.2,0.1,1.3,0.1,0.1,0.4,-,-,-,-,16,0.3,0.4,12.4,2.9,0.4,-,0.4,-,-,-,-,-,-,-
335,João Félix,AC Milan,SerieA,25 years old (10-11-1999),"1,81m",Portugal,"Attacking Midfielder (Centre, Left), Forward",Second Striker,right,5(6),506.0,-,-,1,-,81.2,0.4,-,6.44,"Jun 30, 2025",€25.00m,1.7,-,-,-,-,1.7,0.7,-,1,2.5,1.5,1.1,1,0.5,0.8,0.4,0.5,0.4,0.6,1,-,1.6,0.8,0.2,0.7,-,-,0.1,-,-,-,-,16.9,0.7,0.6,13,2.5,0.5,-,0.5,-,-,-,-,-,-,-
336,Rafael Tolói,Atalanta BC,SerieA,34 years old (10-10-1990),"1,85m",Italy,Defender (Centre),Centre-Back,right,2(8),418.0,-,-,1,-,89.3,0.9,1,6.44,"Jun 30, 2025",€1.50m,0.3,-,-,-,-,0.3,0.2,-,0.1,0.3,0.1,0.2,0.6,0.3,1,0.9,0.1,1,0.7,1.7,0.7,0.2,0.6,-,1,0.2,-,0.6,-,-,-,-,27,0.5,1.2,23.6,1.7,0.3,-,0.3,-,-,-,-,-,-,-
337,Riccardo Sottil,AC Milan,SerieA,25 years old (03-06-1999),"1,80m",Italy,"Attacking Midfielder (Left, Right)",Left Winger,right,8(10),829.0,1,1,1,-,81,0.2,-,6.43,"Jun 30, 2025",€6.00m,1.2,0.1,-,0.1,-,1.2,0.4,-,0.8,1.5,0.9,0.6,1.2,0.4,0.7,0.2,0.5,0.3,0.1,0.3,0.2,1.8,0.4,0.1,0.2,-,-,0.1,-,-,-,-,12.9,0.3,0.4,10.2,2,0.7,0.1,0.6,0.1,0.1,-,-,-,-,-
338,Nicolò Casale,Bologna FC 1909,SerieA,27 years old (14-02-1998),"1,91m",Italy,Defender (Centre),Centre-Back,right,7(6),719.0,-,-,1,-,87.4,2.2,-,6.43,"Jun 30, 2025",€7.00m,0.2,-,-,-,-,0.2,-,0.1,0.1,0.2,-,0.2,0.5,-,4,2.2,1.8,0.5,0.3,0.8,1,0.3,1.4,-,3.1,0.5,-,0.3,-,-,-,-,31.2,1.7,0.6,25.6,3.3,0.2,0.1,0.1,-,-,-,-,-,-,-
339,Matteo Pessina,AC Monza,SerieA,28 years old (21-04-1997),"1,87m",Italy,"Midfielder (Centre, Right)",Central Midfield,left,10(1),857.0,-,-,2,-,87.8,0.9,-,6.43,"Jun 30, 2027",€9.00m,0.3,-,-,-,-,0.3,0.3,-,-,0.9,0.5,0.5,0.8,1.2,1.6,0.9,0.7,1.4,0.5,1.8,1.1,1.2,0.5,-,0.6,-,-,0.5,-,-,-,-,43.8,2.2,1.4,36.3,4,0.4,0.1,0.3,-,-,-,-,-,-,-
340,Cristiano Biraghi,Torino FC,SerieA,32 years old (01-09-1992),"1,85m",Italy,"Defender (Centre, Left), Midfielder (Left)",Left-Back,left,5(3),431.0,1,-,1,-,91,0.4,-,6.43,"Jun 30, 2025",€2.00m,0.6,0.1,-,-,0.1,0.6,0.5,-,0.1,-,-,-,0.4,-,0.8,0.4,0.4,0.5,0.6,1.1,0.5,0.9,0.5,-,1.3,-,0.1,0.3,-,-,-,-,33.5,1.8,1.6,28.8,1.4,0.8,0.5,0.3,-,-,-,-,-,-,-
341,Alessandro Vogliacco,Parma Calcio 1913,SerieA,26 years old (14-09-1998),"1,86m",Italy,Defender (Centre),Centre-Back,right,10,775.0,-,-,2,-,92,1.9,-,6.43,"Jun 30, 2025",€2.00m,0.1,-,-,-,-,0.1,-,-,0.1,0.1,-,0.1,0.4,-,3.3,1.9,1.4,0.5,0.2,0.7,0.3,0.5,1,-,3.6,1,0.1,0.5,-,-,-,-,47.5,2.8,2.2,40.9,1.6,0.3,0.1,0.2,-,-,-,-,-,-,-
342,Marin Sverko,Venezia FC,SerieA,27 years old (04-02-1998),"1,87m",Croatia,Defender (Centre),Centre-Back,left,11(4),1042.0,1,-,3,-,86.2,1.2,-,6.42,"Jun 30, 2026",€1.20m,0.2,0.1,-,0.1,-,0.2,0.1,-,0.1,0.7,0.3,0.4,0.5,0.3,2.4,1.2,1.2,1.1,0.1,1.3,1.1,0.5,0.6,-,2.7,0.3,0.1,0.3,-,-,-,-,34.2,1.9,1.7,27.6,3.1,0.1,0.1,0.1,-,-,-,-,-,-,-
343,Ivan Provedel,SS Lazio,SerieA,31 years old (17-03-1994),"1,94m",Italy,Goalkeeper,Goalkeeper,right,29,2610.0,-,-,-,-,75.5,0.3,-,6.42,"Jun 30, 2027",€7.00m,-,-,-,-,-,-,-,-,-,-,-,-,-,-,0.4,0.3,-,-,-,-,-,0.2,-,-,0.8,-,-,-,1.8,0.1,1,0.7,35.1,8,8.4,18.6,0.2,0.1,0.1,-,-,-,-,-,-,-,-
344,Eldor Shomurodov,AS Roma,SerieA,29 years old (29-06-1995),"1,90m",Uzbekistan,"Attacking Midfielder (Centre), Forward",Centre-Forward,right,7(16),789.0,4,3,1,-,77.8,1,-,6.42,"Jun 30, 2026",€4.00m,1.1,0.2,0.1,0.1,-,1.1,0.1,0.3,0.7,1,0.7,0.2,1.7,0.7,2.4,1,1.5,0.5,0.1,0.6,-,0.2,0.4,0.1,-,-,-,0.3,-,-,-,-,9.8,0.2,-,7.4,2.1,0.6,-,0.6,0.1,-,-,-,-,-,0.1
345,Kristjan Asllani,Inter Milan,SerieA,23 years old (09-03-2002),"1,75m",Albania,Defensive Midfielder (C),Defensive Midfield,right,7(12),714.0,-,2,4,-,92.6,0.2,1,6.42,"Jun 30, 2028",€15.00m,0.6,-,-,-,-,0.6,0.4,0.1,0.2,0.3,0.3,-,0.3,0.1,0.4,0.2,0.2,0.5,0.6,1.2,0.4,0.7,0.4,-,0.5,0.1,0.2,0.3,-,-,-,-,37.1,2.2,1.1,32.2,1.6,0.7,0.3,0.4,0.1,0.1,0.1,-,-,-,0.1
346,Sergi Roberto,Como 1907,SerieA,33 years old (07-02-1992),"1,78m",Spain,"Defender (Right), Midfielder (Centre, Right)",Central Midfield,right,8(5),697.0,-,1,4,-,90.9,0.5,-,6.42,"Jun 30, 2026",€2.00m,0.5,-,-,-,-,0.5,0.3,-,0.2,0.8,0.5,0.2,1.1,0.4,1.2,0.5,0.7,1.1,0.2,1.2,0.7,1.1,0.5,-,1.1,0.1,-,0.5,-,-,-,-,38.2,0.4,0.3,34.4,3.2,1.2,0.2,0.9,0.1,-,-,-,-,-,0.1
347,Martin Erlic,Bologna FC 1909,SerieA,27 years old (24-01-1998),"1,93m",Croatia,Defender (Centre),Centre-Back,right,4(3),303.0,-,-,-,-,91.1,1.4,-,6.42,"Jun 30, 2029",€5.00m,0.9,-,-,-,-,0.9,0.1,-,0.7,0.1,0.1,-,0.3,-,2.6,1.4,1.1,0.3,0.1,0.4,0.3,1,1,-,1.1,0.6,0.1,0.1,-,-,-,-,32.1,2.7,1,26.6,1.9,-,-,-,-,-,-,-,-,-,-
348,Gabriel Charpentier,Parma Calcio 1913,SerieA,25 years old (17-05-1999),"1,88m",France,Forward,Centre-Forward,right,0(10),266.0,1,2,1,-,60.8,1,-,6.42,"Jun 30, 2026",€1.60m,0.9,0.1,-,0.1,-,0.9,0.3,0.1,0.5,0.6,0.4,0.2,1.6,0.4,2.6,1,1.6,0.4,0.1,0.5,-,1,1.3,-,0.7,-,0.2,0.3,-,-,-,-,5.1,0.2,0.1,2.9,1.9,0.7,-,0.7,0.2,-,-,-,-,-,0.2
349,Lorenzo Montipò,Hellas Verona,SerieA,29 years old (20-02-1996),"1,91m",Italy,Goalkeeper,Goalkeeper,right,33,2970.0,-,-,-,-,44.7,0.3,1,6.41,"Jun 30, 2026",€3.00m,-,-,-,-,-,-,-,-,-,-,-,-,-,-,0.4,0.3,-,-,0.1,0.1,-,0.2,-,-,1.2,-,-,-,2.8,0.2,1.5,1.2,26.8,6.4,14.8,5.6,-,-,-,-,-,-,-,-,-,-,-
350,Michel Adopo,Cagliari Calcio,SerieA,24 years old (19-07-2000),"1,87m",France,Defensive Midfielder (C),Central Midfield,right,23(8),2079.0,-,1,2,1,84.3,0.8,1,6.41,"Jun 30, 2025",€3.00m,0.6,-,-,-,-,0.6,0.2,0.1,0.3,1.2,0.6,0.6,0.9,0.8,1.5,0.8,0.7,1.5,0.3,1.8,0.7,0.4,0.9,-,0.6,0.1,-,0.4,-,-,-,-,27.1,0.6,0.6,22.2,3.6,0.5,-,0.5,-,-,-,-,-,-,-
351,Odilon Kossounou,Atalanta BC,SerieA,24 years old (04-01-2001),"1,91m",,"Defender (Centre, Right)",Centre-Back,right,8(6),810.0,-,-,1,-,88,1.2,-,6.41,"Jun 30, 2025",€25.00m,0.4,-,-,-,-,0.4,0.1,0.1,0.2,0.7,0.4,0.4,0.8,0.2,1.9,1.2,0.7,0.9,0.2,1.1,0.6,0.4,0.9,0.1,0.8,0.2,0.2,0.6,-,-,-,-,36.4,1.8,1,30.3,3.4,0.1,-,0.1,-,-,-,-,-,-,-
352,Mattia Felici,Cagliari Calcio,SerieA,24 years old (17-04-2001),"1,82m",Italy,Midfielder (Left),Left Winger,right,9(9),875.0,-,3,1,-,74.2,0.4,-,6.41,"Jun 30, 2027",€3.00m,0.6,-,-,-,-,0.6,0.1,0.1,0.4,3.1,2.1,1,1.4,0.5,0.9,0.4,0.6,0.9,0.3,1.2,0.4,0.9,1,0.2,0.2,-,0.2,0.6,-,-,-,-,12.7,0.1,0.2,9.3,3.1,0.5,0.1,0.4,0.2,-,-,-,-,-,0.2
353,Samuele Birindelli,AC Monza,SerieA,25 years old (19-07-1999),"1,76m",Italy,"Defender (Right), Midfielder (Right)",Right-Back,right,14(3),1114.0,2,-,2,-,80.6,0.3,-,6.41,"Jun 30, 2026",€3.00m,0.7,0.1,-,0.1,-,0.7,0.1,-,0.6,0.5,0.3,0.2,1.4,0.6,1,0.3,0.7,1,0.3,1.3,0.5,0.8,0.9,0.1,0.9,0.1,0.4,0.5,-,-,-,-,20.6,0.8,0.9,15.8,3.1,0.9,0.2,0.6,-,-,-,-,-,-,-
354,Junior Messias,Genoa CFC,SerieA,33 years old (13-05-1991),"1,74m",Brazil,"Midfielder (Centre, Right), Forward",Right Winger,left,5(9),636.0,1,1,1,-,70.4,0.9,-,6.41,"Jun 30, 2025",€2.00m,1.1,0.1,-,0.1,-,1.1,0.5,-,0.6,2.4,1.8,0.6,1.7,0.3,2.4,0.9,1.6,0.7,0.4,1.1,0.4,1,0.5,-,0.9,0.1,-,0.1,-,-,-,-,11.4,0.5,0.5,7.5,2.9,0.4,-,0.4,0.1,-,-,-,-,-,0.1
355,Luca Caldirola,AC Monza,SerieA,34 years old (01-02-1991),"1,86m",Italy,"Defender (Centre, Left)",Centre-Back,left,8(3),745.0,-,-,4,-,89.4,1.3,-,6.41,"Jun 30, 2025",€800k,0.3,-,-,-,-,0.3,0.1,-,0.2,0.1,-,0.1,0.2,0.1,2.2,1.3,0.9,0.8,0.3,1.1,0.9,1.3,1.5,0.1,3.3,0.5,0.1,0.2,-,-,-,-,45.4,2.1,2.2,38.5,2.6,0.2,0.1,0.1,-,-,-,-,-,-,-
356,Manuel Lazzari,SS Lazio,SerieA,31 years old (29-11-1993),"1,74m",Italy,"Defender (Right), Midfielder (Right)",Right Midfield,right,16(8),1385.0,-,1,3,-,86.8,0.3,-,6.41,"Jun 30, 2027",€4.00m,0.3,-,-,-,-,0.3,0.2,-,-,1,0.4,0.6,1.1,0.3,0.8,0.3,0.5,1.1,0.4,1.5,0.4,1.1,0.5,-,0.4,0.2,0.4,0.2,-,-,-,-,22.1,0.6,0.4,18.6,2.5,0.7,0.2,0.5,-,-,-,-,-,-,-
357,Ylber Ramadani,US Lecce,SerieA,29 years old (12-04-1996),"1,85m",,Defensive Midfielder (C),Defensive Midfield,right,21(7),1698.0,-,1,4,-,83.8,0.5,-,6.41,"Jun 30, 2026",€2.20m,0.6,-,-,-,-,0.6,0.4,-,0.1,0.8,0.4,0.4,0.7,0.8,1.4,0.5,0.9,1.8,0.6,2.4,0.9,0.4,0.6,-,0.8,0.3,-,0.6,-,-,-,-,28.6,1.4,1.8,22.5,2.9,0.6,-,0.5,-,-,-,-,-,-,-
358,Reda Belahyane,SS Lazio,SerieA,20 years old (01-06-2004),"1,73m",France,Defensive Midfielder (C),Defensive Midfield,right,17(5),1657.0,-,2,4,1,84.2,0.2,-,6.4,"Jun 30, 2029",€10.00m,0.3,-,-,-,-,0.3,0.2,-,-,2.4,0.9,1.5,1.5,1,0.9,0.2,0.7,1.6,0.2,1.8,0.5,0.4,1.4,-,0.9,0.4,0.1,0.5,-,-,-,-,31.6,1,1.5,25.7,3.5,0.7,0.1,0.6,0.1,-,-,-,-,-,0.1
359,Douglas Luiz,Juventus FC,SerieA,26 years old (09-05-1998),"1,77m",Brazil,Midfielder (Centre),Central Midfield,right,3(13),485.0,-,-,2,-,90.8,0.3,-,6.4,"Jun 30, 2029",€38.00m,0.4,-,-,-,-,0.4,0.2,-,0.3,0.8,0.2,0.6,0.4,0.4,0.5,0.3,0.2,0.8,0.2,0.9,0.1,0.4,0.8,-,0.3,0.1,-,0.2,-,-,-,-,24.5,1.6,0.6,20.7,1.7,0.9,0.2,0.7,-,-,-,-,-,-,-
360,Luka Jovic,AC Milan,SerieA,27 years old (23-12-1997),"1,82m",Serbia,Forward,Centre-Forward,right,3(8),347.0,2,-,1,-,86.4,0.5,1,6.4,"Jun 30, 2025",€2.50m,0.8,0.2,0.1,0.1,-,0.8,0.1,0.1,0.6,0.5,0.1,0.4,0.5,0.2,0.9,0.5,0.5,-,-,-,0.1,0.5,0.4,-,0.2,0.1,-,0.1,-,-,-,-,8,0.2,-,6.7,1.1,0.8,-,0.8,-,-,-,-,-,-,-
361,Jackson Tchatchoua,Hellas Verona,SerieA,23 years old (14-09-2001),"1,80m",Cameroon,"Defender (Right), Midfielder (Left, Right)",Right-Back,right,32,2809.0,2,2,5,1,79.9,0.9,1,6.4,"Jun 30, 2027",€8.00m,0.4,0.1,-,-,-,0.4,0.1,-,0.3,1.1,0.6,0.6,1.4,0.4,1.9,0.9,1,1.4,0.4,1.8,0.4,0.3,0.8,0.3,1.7,0.3,0.3,0.3,-,-,-,-,22.8,0.6,1.3,17.6,3.3,1,-,1,0.1,-,-,-,-,-,0.1
362,Suat Serdar,Hellas Verona,SerieA,28 years old (11-04-1997),"1,84m",Germany,"Midfielder (Centre, Left, Right)",Central Midfield,right,13(5),1071.0,1,1,2,1,77.3,0.8,-,6.4,"Jun 30, 2028",€5.00m,1.4,0.1,-,-,0.1,1.4,0.8,0.1,0.6,1.7,0.9,0.8,1.1,0.7,1.5,0.8,0.7,1.4,0.7,2.2,0.4,0.7,1.4,-,0.8,0.2,0.1,0.5,-,-,-,-,21.3,0.9,0.8,15.6,4.1,0.4,-,0.4,0.1,-,-,-,-,-,0.1
363,Christian Kouamé,FC Empoli,SerieA,27 years old (06-12-1997),"1,85m",Ivory Coast,"Attacking Midfielder (Left, Right), Forward",Centre-Forward,right,5(13),614.0,-,1,1,-,70.5,1.6,-,6.4,"Jun 30, 2025",€6.00m,0.6,-,-,-,-,0.6,0.1,0.1,0.4,1.1,0.7,0.4,0.9,0.7,2.8,1.6,1.2,0.7,0.2,0.9,0.1,0.8,0.7,0.1,0.6,0.1,-,0.1,-,-,-,-,10.2,0.3,0.3,6.9,2.7,0.5,0.1,0.4,0.1,-,-,-,-,-,0.1
364,Pepe Reina,Como 1907,SerieA,42 years old (31-08-1982),"1,88m",Spain,Goalkeeper,Goalkeeper,right,10,900.0,-,-,-,-,72.5,0.1,-,6.4,"Jun 30, 2025",€600k,-,-,-,-,-,-,-,-,-,0.1,0.1,-,-,-,0.1,0.1,-,-,0.1,0.1,-,0.1,-,-,0.8,-,-,-,2.3,0.1,1.2,1,27.6,5.5,7.4,14.5,0.2,-,-,-,-,-,-,-,-,-,-
365,Alfred Duncan,Venezia FC,SerieA,32 years old (10-03-1993),"1,78m",Ghana,Defensive Midfielder (C),Central Midfield,left,12(4),959.0,-,-,2,-,83,0.6,-,6.4,"Jun 30, 2026",€2.50m,0.9,-,-,-,-,0.9,0.8,-,0.2,1.4,0.6,0.8,0.9,0.9,1.2,0.6,0.6,1.1,0.6,1.6,0.5,0.7,1.4,-,0.4,0.1,0.1,0.3,-,-,-,-,29.8,1.3,1.7,23.4,3.4,0.7,0.1,0.6,-,-,-,-,-,-,-
366,Fisayo Dele-Bashiru,SS Lazio,SerieA,24 years old (06-02-2001),"1,86m",Nigeria,"Midfielder (Centre, Left)",Attacking Midfield,right,11(8),894.0,3,1,-,-,89.3,0.2,-,6.4,"Jun 30, 2025",€8.00m,0.8,0.2,-,0.2,-,0.8,0.4,-,0.4,1.1,0.4,0.7,0.8,0.8,0.7,0.2,0.6,0.5,0.2,0.7,0.2,0.2,0.4,-,0.2,0.1,0.1,0.4,-,-,-,-,17.6,0.2,0.1,15.6,1.8,0.5,-,0.5,0.1,-,-,-,-,-,0.1
367,Sebastian Walukiewicz,Torino FC,SerieA,25 years old (05-04-2000),"1,88m",Poland,"Defender (Centre, Right)",Centre-Back,right,19(8),1602.0,-,-,6,-,83.5,0.8,-,6.39,"Jun 30, 2027",€5.00m,0.2,-,-,-,-,0.2,0.1,-,0.1,0.7,0.5,0.2,0.3,0.2,2.1,0.8,1.3,1.4,0.3,1.7,0.7,0.3,1,-,1.9,0.3,0.2,0.5,-,-,-,-,28.7,1.3,1.4,22.7,3.3,0.1,-,0.1,-,-,-,-,-,-,-
368,Mandela Keita,Parma Calcio 1913,SerieA,22 years old (10-05-2002),"1,80m",Belgium,Defensive Midfielder (C),Defensive Midfield,right,20(6),1555.0,-,2,4,1,90.8,0.5,-,6.39,"Jun 30, 2029",€11.00m,0.2,-,-,-,-,0.2,0.2,-,-,1,0.5,0.5,1,0.6,0.9,0.5,0.4,1.3,0.5,1.8,0.7,1.2,0.9,-,0.9,0.2,-,0.3,-,-,-,-,24.2,0.9,0.4,21.1,1.8,0.6,0.1,0.5,0.1,-,-,-,-,-,0.1
369,Tasos Douvikas,Como 1907,SerieA,25 years old (02-08-1999),186cm,Greece,"Attacking Midfielder (Right), Forward",,,3(6),369.0,2,-,1,-,77.3,0.7,-,6.39,,,1,0.2,0.2,-,-,1,0.1,0.2,0.7,0.8,0.3,0.4,1.6,0.7,2.2,0.7,1.6,0.3,0.2,0.6,0.1,1.3,1.1,0.1,0.2,-,-,0.3,-,-,-,-,8.3,0.1,0.2,6.3,1.7,0.3,-,0.3,-,-,-,-,-,-,-
370,Gaby Jean,US Lecce,SerieA,25 years old (19-02-2000),"1,91m",France,Defender (Centre),Centre-Back,left,16(3),1389.0,-,-,-,-,84.5,2.2,-,6.39,"Jun 30, 2027",€2.00m,0.1,-,-,-,-,0.1,-,-,0.1,0.2,0.1,0.1,0.3,0.3,3.6,2.2,1.4,0.7,0.3,1,0.5,0.7,0.8,-,3.6,0.5,0.1,0.2,-,-,-,-,44.6,2.2,3.3,35.5,3.6,0.1,-,0.1,-,-,-,-,-,-,-
371,Razvan Marin,Cagliari Calcio,SerieA,28 years old (23-05-1996),"1,78m",Romania,Midfielder (Centre),Defensive Midfield,right,12(17),1267.0,3,2,4,-,81.4,0.3,-,6.39,"Jun 30, 2026",€3.50m,0.7,0.1,-,0.1,-,0.7,0.5,-,0.2,0.7,0.3,0.4,0.5,0.4,0.9,0.3,0.6,0.7,0.4,1.1,0.1,0.4,0.9,-,0.6,-,-,0.2,-,-,-,-,21,1.2,1.5,15.9,2.4,1.1,0.6,0.6,0.1,-,-,-,-,-,-
372,Amin Sarr,Hellas Verona,SerieA,24 years old (11-03-2001),"1,88m",Sweden,"Attacking Midfielder (Left), Forward",Centre-Forward,right,21(7),1628.0,4,1,1,-,70.9,1.9,-,6.38,"Jun 30, 2025",€4.00m,0.7,0.1,-,0.1,-,0.7,0.2,0.1,0.5,0.9,0.5,0.4,1.6,0.9,4.4,1.9,2.5,0.8,0.1,0.9,0.1,0.6,1.4,0.4,0.5,0.1,-,0.4,-,-,-,-,14.2,0.4,0.2,9.7,3.9,0.7,-,0.7,-,-,-,-,-,-,-
373,Gianluca Gaetano,Cagliari Calcio,SerieA,24 years old (05-05-2000),"1,83m",Italy,Attacking Midfielder (Centre),Attacking Midfield,right,8(17),934.0,2,4,-,-,74.2,0.4,1,6.38,"Jun 30, 2025",€4.00m,1.2,0.1,-,-,-,1.2,0.4,0.1,0.6,1,0.5,0.5,1.2,0.6,1.2,0.4,0.8,0.4,0.4,0.8,0.2,0.4,0.6,0.2,0.3,-,-,0.3,-,-,-,-,11.9,0.6,0.3,8.2,2.8,0.8,0.1,0.7,0.2,-,-,0.1,-,-,0.1
374,Yannik Engelhardt,Como 1907,SerieA,24 years old (07-02-2001),"1,84m",Germany,Defensive Midfielder (C),Defensive Midfield,right,11(12),1080.0,1,1,4,-,88.4,0.4,1,6.38,"Jun 30, 2027",€7.00m,0.3,-,-,-,-,0.3,0.1,0.1,0.2,0.7,0.3,0.4,0.9,0.3,0.8,0.4,0.4,1.2,0.5,1.7,0.4,0.8,0.9,-,0.9,0.2,0.2,0.2,-,-,-,-,26.7,0.9,0.5,22.7,2.6,0.5,-,0.5,-,-,-,-,-,-,-
375,Medon Berisha,US Lecce,SerieA,21 years old (21-10-2003),"1,86m",,Attacking Midfielder (Centre),Central Midfield,right,6(8),605.0,-,1,5,-,82.4,0.4,-,6.38,"Jun 30, 2028",€1.00m,1.6,-,-,-,-,1.6,1.4,-,0.2,0.6,0.4,0.2,0.6,0.1,0.8,0.4,0.4,0.9,0.3,1.1,0.7,0.7,0.9,-,0.3,-,-,0.4,-,-,-,-,22.4,2.5,1.3,15.9,2.6,0.6,0.4,0.2,0.1,-,-,-,-,-,0.1
376,Fabiano Parisi,ACF Fiorentina,SerieA,24 years old (09-11-2000),"1,78m",Italy,"Defender (Left, Right), Midfielder (Left)",Left-Back,left,9(14),931.0,1,-,2,-,79.9,0.5,-,6.38,"Jun 30, 2028",€5.00m,0.3,-,-,-,-,0.3,0.1,-,0.2,1,0.7,0.3,0.8,0.5,1.1,0.5,0.7,0.9,0.3,1.2,0.6,1.1,0.6,-,0.4,0.1,0.3,0.5,-,-,-,-,14.5,0.6,0.9,11,2,0.2,0.1,0.1,-,-,-,-,-,-,-
377,Niccolò Pisilli,AS Roma,SerieA,20 years old (23-09-2004),"1,80m",Italy,Attacking Midfielder (Centre),Central Midfield,right,11(14),1160.0,2,1,6,-,85.3,0.1,-,6.38,"Jun 30, 2029",€12.00m,1,0.1,-,0.1,-,1,0.4,-,0.6,0.6,0.4,0.2,1,0.6,0.7,0.1,0.6,0.9,0.4,1.3,0.4,0.5,0.6,-,0.5,0.1,0.1,0.4,-,-,-,-,21.3,0.8,0.6,17.4,2.6,0.4,-,0.4,-,-,-,-,-,-,-
378,Edoardo Goldaniga,Como 1907,SerieA,31 years old (02-11-1993),"1,93m",Italy,"Defender (Centre, Right)",Centre-Back,right,25(4),2261.0,1,-,9,1,87.2,1.6,-,6.38,"Jun 30, 2026",€2.00m,0.4,-,-,-,-,0.4,-,0.2,0.2,0.2,0.1,0.1,0.3,0.2,2.8,1.6,1.1,1.1,0.1,1.2,0.9,1,1.3,0.1,2.9,0.3,0.1,0.3,-,-,-,-,43.6,2,2.8,36,2.8,0.1,-,0.1,-,-,-,-,-,-,-
379,Nahuel Estévez,Parma Calcio 1913,SerieA,29 years old (14-11-1995),"1,81m",Argentina,"Defensive Midfielder (C), Midfielder (Right)",Defensive Midfield,right,7(6),647.0,-,-,2,-,79.1,1.1,-,6.38,"Jun 30, 2026",€3.50m,0.3,-,-,-,-,0.3,0.2,-,0.1,0.2,-,0.2,0.2,0.3,1.3,1.1,0.2,1.1,0.7,1.8,0.2,0.7,0.7,-,1.9,0.2,-,0.5,-,-,-,-,22.5,0.8,1.5,16.9,3.2,0.5,0.1,0.4,-,-,-,-,-,-,-
380,Cheikh Niasse,Hellas Verona,SerieA,25 years old (19-01-2000),"1,88m",,Defensive Midfielder (C),Defensive Midfield,right,6(2),589.0,-,-,3,-,81.9,1.8,-,6.38,"Jun 30, 2025",€2.00m,0.4,-,-,-,-,0.4,0.1,-,0.3,0.8,0.6,0.1,1.5,0.6,3.8,1.8,2,1.6,0.8,2.4,2,1.3,1.1,-,2,0.5,-,1.3,-,-,-,-,22.8,1.3,0.5,17.4,3.6,0.1,-,0.1,-,-,-,-,-,-,-
381,Mërgim Vojvoda,Como 1907,SerieA,30 years old (01-02-1995),"1,87m",Kosovo,"Defender (Centre, Right), Midfielder (Left, Right)",Right-Back,right,12(5),1108.0,-,-,4,-,86.5,0.5,-,6.38,"Jun 30, 2028",€3.00m,0.3,-,-,-,-,0.3,0.2,0.1,0.1,0.6,0.3,0.4,0.5,0.5,1.1,0.5,0.6,1.1,0.4,1.5,0.4,0.2,0.8,0.1,1.2,0.2,0.2,0.6,-,-,-,-,40.5,1.9,1.4,33.1,4.1,0.6,0.1,0.6,-,-,-,-,-,-,-
382,Alessandro Vogliacco,Parma Calcio 1913,SerieA,26 years old (14-09-1998),"1,86m",Italy,Defender (Centre),Centre-Back,right,8(4),716.0,2,-,3,-,79.9,0.9,-,6.38,"Jun 30, 2025",€2.00m,0.4,0.2,0.1,0.1,-,0.4,0.1,0.2,0.2,0.1,0.1,-,0.2,0.1,1.6,0.9,0.7,1.3,0.2,1.4,0.8,0.2,1,-,1.6,0.6,0.1,0.3,-,-,-,-,26.1,1.9,2.5,18.9,2.8,0.1,0.1,-,-,-,-,-,-,-,-
383,Nicola Zalewski,Inter Milan,SerieA,23 years old (23-01-2002),"1,75m",Poland,"Defender (Left), Midfielder (Left, Right)",Left Midfield,right,1(6),206.0,-,1,2,-,89.4,0.1,-,6.37,"Jun 30, 2025",€10.00m,0.1,-,-,-,-,0.1,-,-,0.1,1.6,1,0.6,0.7,0.6,0.6,0.1,0.4,0.4,0.3,0.7,-,0.7,0.4,-,0.3,-,0.1,0.1,-,-,-,-,13.4,0.4,0.3,11.6,1.1,1,0.1,0.9,0.1,-,-,-,-,-,0.1
384,Domagoj Bradaric,Hellas Verona,SerieA,25 years old (10-12-1999),"1,78m",Croatia,"Defender (Left), Midfielder (Left)",Left-Back,left,21(4),1687.0,-,-,6,-,76.7,0.6,-,6.37,"Jun 30, 2025",€4.00m,0.2,-,-,-,-,0.2,0.1,-,0.1,1.4,0.8,0.6,1.1,0.4,1.4,0.6,0.8,1.3,0.4,1.7,0.5,0.5,0.8,0.1,1.6,0.2,0.2,0.5,-,-,-,-,19.4,0.8,1.3,14.1,3.2,0.8,0.3,0.5,-,-,-,-,-,-,-
385,Alan Matturro,Genoa CFC,SerieA,20 years old (11-10-2004),"1,89m",Uruguay,Defender (Centre),Centre-Back,left,9(4),896.0,-,-,2,-,79.8,1.2,-,6.37,"Jun 30, 2026",€8.00m,0.3,-,-,-,-,0.3,0.1,-,0.2,0.4,0.2,0.2,0.5,0.2,2.5,1.2,1.3,0.8,0.8,1.7,1.1,0.4,0.8,0.2,2.9,0.2,-,0.5,-,-,-,-,24.8,1.2,2.2,18.6,2.8,0.2,0.1,0.2,-,-,-,-,-,-,-
386,Darko Lazovic,Hellas Verona,SerieA,34 years old (15-09-1990),"1,81m",Serbia,"Midfielder (Centre, Left, Right)",Left Midfield,right,17(9),1435.0,1,3,-,-,66.8,0.3,-,6.37,"Jun 30, 2025",€1.00m,0.7,-,-,-,-,0.7,0.3,-,0.4,0.8,0.6,0.3,0.5,0.3,0.8,0.3,0.5,0.8,0.7,1.4,0.4,0.2,0.3,0.2,1.4,0.1,0.1,0.6,-,-,-,-,14.3,0.5,1.1,9,3.6,0.7,0.2,0.5,0.1,-,-,-,-,-,-
387,Pietro Pellegri,FC Empoli,SerieA,24 years old (17-03-2001),"1,89m",Italy,Forward,Centre-Forward,right,5(6),413.0,3,-,3,-,72.5,0.3,2,6.37,"Jun 30, 2025",€2.50m,0.7,0.3,-,0.1,0.2,0.7,0.3,-,0.5,1.3,0.8,0.5,1.5,1.4,2.3,0.3,2,0.6,0.2,0.8,-,0.5,0.9,0.1,0.3,-,-,0.2,-,-,-,-,6.3,0.1,-,4.5,1.7,0.6,-,0.6,-,-,-,-,-,-,-
388,Karol Linetty,Torino FC,SerieA,30 years old (02-02-1995),"1,75m",Poland,"Midfielder (Centre, Left, Right)",Central Midfield,right,18(9),1525.0,1,-,6,-,85.4,0.3,-,6.37,"Jun 30, 2025",€2.50m,0.6,-,-,-,-,0.6,0.4,-,0.2,0.8,0.5,0.3,0.6,0.3,0.9,0.3,0.5,1.4,0.8,2.2,0.4,0.5,1.4,-,1.1,0.2,-,0.3,-,-,-,-,20.6,1.2,0.6,16.4,2.4,0.4,-,0.3,-,-,-,-,-,-,-
389,Alessandro Bianco,AC Monza,SerieA,22 years old (01-10-2002),"1,73m",Italy,Midfielder (Centre),Central Midfield,right,25(5),2271.0,1,-,8,-,87.3,0.4,-,6.37,"Jun 30, 2025",€5.00m,0.8,-,-,-,-,0.8,0.6,-,0.2,1.3,0.7,0.6,1.1,0.7,1.2,0.4,0.8,1.5,0.4,1.9,0.6,1.5,1.3,0.1,1.4,0.5,0.1,0.8,-,-,-,-,42.4,2.8,1.7,34.1,3.7,0.5,-,0.5,-,-,-,-,-,-,-
390,Saba Goglichidze,FC Empoli,SerieA,20 years old (25-06-2004),"1,92m",Georgia,Defender (Centre),Centre-Back,right,27(3),2374.0,-,1,2,1,78.2,1,-,6.37,"Jun 30, 2027",€8.00m,0.2,-,-,-,-,0.2,0.1,-,0.1,0.3,0.2,0.1,0.6,0.2,2.7,1,1.6,2.1,0.8,2.9,1.1,1,0.8,-,2.9,0.5,0.1,0.6,-,-,-,-,28.1,2.3,3.3,19.7,2.9,0.1,-,0.1,-,-,-,-,-,-,-
391,Lassana Coulibaly,US Lecce,SerieA,29 years old (10-04-1996),"1,83m",Mali,"Midfielder (Centre, Left)",Central Midfield,right,26(8),2317.0,-,-,3,-,83.2,0.9,-,6.37,"Jun 30, 2027",€2.50m,0.1,-,-,-,-,0.1,0.1,-,-,0.9,0.5,0.4,0.9,0.4,1.9,0.9,1,1.3,1,2.3,0.5,1.1,0.9,-,1,0.3,0.2,0.8,-,-,-,-,24.6,1.5,1.2,19,3,0.3,0.1,0.2,-,-,-,-,-,-,-
392,Pedro Pereira,AC Monza,SerieA,27 years old (22-01-1998),"1,85m",Portugal,"Defender (Centre, Right), Midfielder (Left, Right)",Right-Back,right,29(3),2451.0,1,3,9,-,82.2,0.8,-,6.36,"Jun 30, 2025",€1.80m,0.4,-,-,-,-,0.4,0.1,-,0.3,0.8,0.3,0.4,0.8,0.6,1.9,0.8,1.2,1.5,0.6,2.1,0.5,0.3,1.4,-,1.9,0.3,0.3,0.4,-,-,-,-,26.6,1.1,1.6,20.8,3.2,0.4,0.1,0.3,0.1,0.1,-,-,-,-,-
393,Arthur Atta,Udinese Calcio,SerieA,22 years old (14-01-2003),"1,89m",France,"Attacking Midfielder (Centre, Right)",Central Midfield,right,9(15),1004.0,-,1,3,-,82.1,0.5,-,6.36,"Jun 30, 2025",€2.50m,1,-,-,-,-,1,0.4,-,0.5,2,1.1,0.9,1.2,0.7,1.3,0.5,0.8,0.8,0.2,1,0.3,0.5,0.5,-,0.5,0.2,0.1,0.1,-,-,-,-,19.3,0.6,0.8,15.3,2.6,0.5,-,0.5,-,-,-,-,-,-,-
394,Alberto Moreno,Como 1907,SerieA,32 years old (05-07-1992),"1,71m",Spain,"Defender (Left), Midfielder (Left)",Left-Back,left,19(2),1560.0,-,-,4,-,85,0.4,-,6.36,"Jun 30, 2025",€1.80m,0.6,-,-,-,-,0.6,0.4,-,0.2,0.3,0.2,0.1,0.8,0.1,1.3,0.4,0.9,1.1,0.5,1.7,0.6,0.6,0.7,-,1.3,0.1,0.2,0.4,-,-,-,-,37.4,1.9,2.1,29.9,3.5,0.8,0.1,0.7,-,-,-,-,-,-,-
395,Youssef Maleh,FC Empoli,SerieA,26 years old (22-08-1998),"1,79m",Italy,Attacking Midfielder (Centre),Central Midfield,left,17(5),1514.0,-,1,3,1,73.8,0.5,-,6.36,"Jun 30, 2025",€4.00m,0.8,-,-,-,-,0.8,0.6,-,0.1,0.6,0.4,0.2,1.1,0.5,1.3,0.5,0.8,2,0.8,2.8,0.7,1.3,1.5,-,1,0.3,0.1,0.9,-,-,-,-,24.3,1.3,2.6,16.6,3.7,0.5,-,0.5,-,-,-,-,-,-,-
396,Yunus Musah,AC Milan,SerieA,22 years old (29-11-2002),"1,78m",USA,"Midfielder (Centre, Right)",Central Midfield,right,17(8),1416.0,-,2,5,-,88.2,0.3,-,6.36,"Jun 30, 2028",€22.00m,0.8,-,-,-,-,0.8,0.4,-,0.4,1.4,0.6,0.8,1.6,0.5,0.9,0.3,0.6,1,0.2,1.2,0.3,0.6,1.3,-,0.3,-,-,0.3,-,-,-,-,24,1,0.4,20.2,2.4,0.9,0.1,0.8,0.1,-,-,-,-,-,-
397,Alessandro Circati,Parma Calcio 1913,SerieA,21 years old (10-10-2003),"1,90m",Italy,Defender,Centre-Back,right,4,360.0,-,-,1,-,87.6,1.3,-,6.35,"Jun 30, 2029",€8.50m,-,-,-,-,-,-,-,-,-,-,-,-,0.8,0.5,2,1.3,0.8,1,-,1,0.5,0.5,0.8,-,7,1,0.3,0.3,-,-,-,-,42.5,1.5,2.3,35.8,3,-,-,-,-,-,-,-,-,-,-
398,Amir Richardson,ACF Fiorentina,SerieA,23 years old (24-01-2002),"1,97m",France,Defensive Midfielder (C),Central Midfield,left,6(17),798.0,-,-,5,-,88.4,0.7,-,6.35,"Jun 30, 2029",€9.00m,0.3,-,-,-,-,0.3,0.1,-,0.1,0.7,0.3,0.4,0.7,0.4,1.3,0.7,0.7,1,0.4,1.5,0.2,0.6,1.2,-,1.1,-,-,0.4,-,-,-,-,19.4,0.5,0.5,16.7,1.8,0.3,-,0.3,-,-,-,-,-,-,-
399,Alessandro Deiola,Cagliari Calcio,SerieA,29 years old (01-08-1995),"1,90m",Italy,Defensive Midfielder (C),Central Midfield,right,14(11),1215.0,1,1,5,-,76.3,1.2,-,6.35,"Jun 30, 2029",€1.60m,0.6,-,-,-,-,0.6,0.3,0.1,0.2,0.1,-,0.1,0.5,0.4,2.3,1.2,1.1,1,0.7,1.8,0.5,0.4,1.1,-,1.2,0.4,0.1,0.4,-,-,-,-,17,0.8,0.8,12.2,3.3,0.1,-,0.1,-,-,-,-,-,-,-
400,Patrick Ciurria,AC Monza,SerieA,30 years old (09-02-1995),"1,78m",Italy,"Midfielder (Centre, Left, Right)",Right Midfield,both,11(6),998.0,1,1,1,-,79.3,0.3,-,6.35,"Jun 30, 2026",€3.00m,0.6,0.1,-,0.1,-,0.6,0.3,0.1,0.2,0.6,0.4,0.3,1,0.8,1.2,0.3,0.9,1.2,0.4,1.6,0.4,0.6,1,-,1.1,0.2,0.1,0.6,-,-,-,-,17.4,0.8,0.7,12.9,2.9,0.6,0.2,0.5,0.1,-,-,-,-,-,0.1
401,Danilo,Flamengo,SerieA,33 years old (15-07-1991),184cm,Brazil,"Defender (Centre, Left, Right), Defensive Midfielder (C)",,,6(6),579.0,-,1,2,-,91.1,1.3,-,6.35,,,0.1,-,-,-,-,0.1,-,-,0.1,-,-,-,0.3,0.2,1.9,1.3,0.6,0.8,0.4,1.3,0.8,0.1,0.9,-,1.7,0.3,0.1,0.1,-,-,-,-,45,3,1.5,38,2.5,0.3,-,0.3,0.1,-,-,-,-,-,0.1
402,Pasquale Mazzocchi,SSC Napoli,SerieA,29 years old (27-07-1995),"1,83m",Italy,"Defender (Left, Right), Midfielder (Left, Right)",Right-Back,right,8(11),687.0,-,-,2,-,83.9,0.2,-,6.35,"Jun 30, 2027",€3.00m,0.2,-,-,-,-,0.2,-,-,0.2,0.9,0.4,0.5,0.7,0.6,0.6,0.2,0.4,0.8,0.4,1.2,0.3,0.3,0.4,0.1,1.2,0.1,0.1,0.2,-,-,-,-,12.1,0.3,0.4,9.9,1.5,0.3,-,0.3,-,-,-,-,-,-,-
403,Zito Luvumbo,Cagliari Calcio,SerieA,23 years old (09-03-2002),"1,71m",Angola,"Attacking Midfielder (Centre, Left), Forward",Centre-Forward,left,16(7),1401.0,2,2,2,-,72.5,0.3,-,6.34,"Jun 30, 2028",€5.50m,0.8,0.1,-,0.1,-,0.8,0.2,-,0.6,2.3,1.3,1,2.6,1.2,0.8,0.3,0.6,0.3,0.5,0.9,0.1,1.9,1.7,0.3,0.1,-,0.1,0.2,-,-,-,-,9.2,0.3,0.4,6.3,2.1,0.5,0.1,0.4,0.1,0.1,-,-,-,-,-
404,Marco Brescianini,Atalanta BC,SerieA,25 years old (20-01-2000),"1,88m",Italy,Midfielder (Centre),Central Midfield,left,7(18),841.0,3,2,1,-,81.8,0.4,-,6.34,"Jun 30, 2025",€8.00m,0.7,0.1,-,0.1,-,0.7,0.1,0.2,0.4,0.9,0.6,0.3,1,0.8,0.8,0.4,0.4,0.6,0.1,0.7,0.1,0.3,0.8,0.1,0.2,-,-,0.5,-,-,-,-,13,0.2,0.3,10.4,2.1,0.2,-,0.2,0.1,-,-,-,-,-,-
405,Pierluigi Gollini,Genoa CFC,SerieA,30 years old (18-03-1995),194cm,Italy,Goalkeeper,,,7,630.0,-,-,1,-,80.8,-,-,6.34,,,-,-,-,-,-,-,-,-,-,-,-,-,-,-,-,-,-,-,-,-,-,-,-,-,0.3,-,-,0.1,2.4,0.1,1.7,0.6,32.7,6.4,6.3,20,-,-,-,-,-,-,-,-,-,-,-
406,Balthazar Pierret,US Lecce,SerieA,24 years old (15-05-2000),"1,86m",France,Defensive Midfielder (C),Defensive Midfield,left,18(9),1555.0,-,-,2,-,84.6,1,-,6.34,"Jun 30, 2027",€1.50m,0.2,-,-,-,-,0.2,0.1,-,0.1,0.8,0.4,0.4,0.9,0.3,2,1,1.1,1.7,0.6,2.3,0.7,0.7,1,-,1.1,0.1,0.1,0.5,-,-,-,-,27.1,1.1,1.4,21.9,2.7,0.3,-,0.3,-,-,-,-,-,-,-
407,Mattia Liberali,AC Milan,SerieA,18 years old (06-04-2007),169cm,Italy,Forward,,,1,62.0,-,-,-,-,82.8,1,-,6.34,,,2,-,-,-,-,2,1,-,1,1,1,-,1,2,1,1,-,2,-,2,-,-,1,-,-,-,-,-,-,-,-,-,29,-,-,24,5,1,-,1,-,-,-,-,-,-,-
408,Alessandro Marcandalli,Venezia FC,SerieA,22 years old (25-10-2002),"1,90m",,Defender (Centre),Centre-Back,right,5(2),344.0,-,-,2,-,74,1.7,-,6.34,"Jun 30, 2025",€2.00m,0.3,-,-,-,-,0.3,-,0.1,0.1,0.1,0.1,-,0.6,-,3.4,1.7,1.7,1,0.4,1.4,0.3,-,1.1,-,3,0.4,0.7,0.4,-,-,-,-,18.7,1,1.9,12.9,3,-,-,-,-,-,-,-,-,-,-
409,Luca Mazzitelli,Sassuolo,SerieA,29 years old (15-11-1995),184cm,Italy,Defensive Midfielder (C),,,3(8),330.0,1,1,1,-,84.6,0.2,-,6.34,,,0.6,0.1,-,0.1,-,0.6,0.2,-,0.5,0.5,0.1,0.4,0.3,0.5,0.9,0.2,0.7,0.8,0.2,1,0.3,0.4,0.8,-,0.9,0.2,-,0.3,-,-,-,-,16.5,1.5,1.2,12.5,1.4,0.5,-,0.5,0.1,-,-,-,-,-,0.1
410,Rafa Marín,SSC Napoli,SerieA,22 years old (19-05-2002),"1,91m",Spain,Defender (Centre),Centre-Back,right,1(3),139.0,-,-,1,-,97.5,0.5,-,6.34,"Jun 30, 2029",€7.00m,0.5,-,-,-,-,0.5,0.3,0.3,-,-,-,-,0.3,-,1,0.5,0.5,0.3,0.3,0.5,0.3,0.5,0.5,-,1,0.3,-,-,-,-,-,-,29.5,3.5,0.3,25.3,0.5,-,-,-,-,-,-,-,-,-,-
411,Liam Henderson,FC Empoli,SerieA,29 years old (25-04-1996),"1,83m",Scotland,Attacking Midfielder (Centre),Central Midfield,right,24(9),2158.0,-,3,10,-,78.4,0.4,-,6.34,"Jun 30, 2025",€1.80m,0.5,-,-,-,-,0.5,0.5,-,-,0.3,0.1,0.2,0.6,0.2,1,0.4,0.6,1.2,0.9,2.1,0.5,0.6,2.3,0.1,1.2,0.2,-,0.4,-,-,-,-,25.3,1.3,1.6,18.5,3.8,0.9,0.2,0.7,0.1,0.1,-,-,-,-,-
412,Anas Haj Mohamed,Parma Calcio 1913,SerieA,20 years old (26-03-2005),"1,74m",,Forward,Right Winger,right,3(12),448.0,1,2,4,-,79.9,0.5,-,6.33,"Jun 30, 2026",€1.80m,0.5,0.1,-,-,0.1,0.5,0.1,-,0.3,0.9,0.7,0.3,0.7,0.1,0.9,0.5,0.4,0.2,0.1,0.3,0.3,0.7,0.4,-,0.3,0.1,-,0.1,-,-,-,-,9.6,0.3,0.5,7.3,1.4,0.6,-,0.6,0.1,0.1,-,-,-,-,0.1
413,Nicolò Zaniolo,ACF Fiorentina,SerieA,25 years old (02-07-1999),"1,90m",Italy,"Attacking Midfielder (Centre, Left, Right), Forward",Attacking Midfield,left,0(14),344.0,2,2,4,-,86.7,0.3,-,6.33,"Jun 30, 2025",€16.00m,0.8,0.1,-,0.1,-,0.8,0.2,0.1,0.5,1.1,0.7,0.4,1.3,1,0.6,0.3,0.4,-,0.1,0.1,0.1,1.2,0.6,-,-,-,-,-,-,-,-,-,7,0.1,0.2,6,0.7,0.5,0.1,0.4,0.1,-,-,-,-,-,0.1
414,Joaquín Correa,Inter Milan,SerieA,30 years old (13-08-1994),"1,88m",Argentina,"Attacking Midfielder (Centre, Left), Forward",Second Striker,right,3(12),419.0,1,2,3,-,87,0.3,1,6.33,"Jun 30, 2025",€3.00m,0.5,0.1,-,0.1,-,0.5,0.1,0.1,0.3,0.2,0.1,0.1,0.5,0.2,1.3,0.3,0.9,0.5,0.5,1,-,0.7,0.4,0.1,0.2,-,-,0.1,-,-,-,-,13.9,0.3,-,11.8,1.8,0.5,-,0.5,0.1,-,-,0.1,-,-,0.1
415,Giangiacomo Magnani,Palermo,SerieA,29 years old (04-10-1995),190cm,Italy,Defender (Centre),,,11(6),1060.0,1,-,2,-,81.6,1.8,1,6.33,,,0.6,0.1,0.1,-,-,0.6,0.1,0.3,0.3,0.2,0.2,0.1,0.2,0.1,2.8,1.8,1.1,1.2,-,1.2,1,0.6,0.5,-,4.3,0.5,-,0.4,-,-,-,-,22.6,1.5,2.1,17,2.1,0.1,0.1,-,-,-,-,-,-,-,-
416,Pontus Almqvist,Parma Calcio 1913,SerieA,25 years old (10-07-1999),"1,83m",Sweden,"Attacking Midfielder (Left, Right), Forward",Right Winger,left,10(19),1109.0,1,1,5,-,75.4,0.3,-,6.33,"Jun 30, 2027",€2.50m,0.9,-,-,-,-,0.9,0.3,-,0.6,1.7,1,0.7,1.1,0.4,0.9,0.3,0.6,0.6,0.3,0.9,0.7,0.5,0.5,0.1,0.3,-,-,0.4,-,-,-,-,9.7,0.1,0.1,7.1,2.2,0.3,-,0.3,-,-,-,-,-,-,-
417,Noah Okafor,SSC Napoli,SerieA,24 years old (24-05-2000),"1,85m",Switzerland,"Attacking Midfielder (Left), Forward",Left Winger,right,5(6),413.0,1,-,-,-,81.3,0.2,-,6.33,"Jun 30, 2025",€15.00m,1.2,0.1,-,0.1,-,1.2,0.2,-,1,2.3,1.2,1.1,1.1,0.8,0.6,0.2,0.5,0.2,0.1,0.3,0.2,0.5,0.5,0.1,0.1,-,-,0.1,-,-,-,-,8.3,0.1,0.2,6.6,1.4,0.4,-,0.4,-,-,-,-,-,-,-
418,Tommaso Baldanzi,AS Roma,SerieA,22 years old (23-03-2003),"1,70m",Italy,"Attacking Midfielder (Centre, Right)",Attacking Midfield,left,5(22),778.0,1,1,2,-,84.7,-,-,6.33,"Jun 30, 2028",€14.00m,0.7,-,-,-,-,0.7,0.3,-,0.4,1.4,0.8,0.6,0.6,0.3,0.1,-,0.1,0.4,0.2,0.7,0.2,0.6,0.2,-,0.3,-,-,0.1,-,-,-,-,12.1,0.1,0.2,10.2,1.7,0.4,-,0.4,-,-,-,-,-,-,-
419,Fellipe Jack,Como 1907,SerieA,19 years old (12-01-2006),"1,87m",,Defender,Centre-Back,left,1(6),168.0,-,-,2,-,79.6,0.6,-,6.33,"Jun 30, 2025",€1.40m,-,-,-,-,-,-,-,-,-,0.1,0.1,-,0.7,-,1.1,0.6,0.6,1.3,0.3,1.6,0.6,0.1,0.7,-,0.7,0.3,-,-,-,-,-,-,13.3,0.9,0.9,9.7,1.9,0.1,-,0.1,-,-,-,-,-,-,-
420,Filippo Terracciano,AC Milan,SerieA,22 years old (08-02-2003),"1,86m",Italy,"Defender (Left), Midfielder (Right)",Right-Back,right,6(6),534.0,-,-,3,-,89.7,0.8,-,6.32,"Jun 30, 2028",€4.50m,0.3,-,-,-,-,0.3,0.1,-,0.2,0.2,0.2,-,0.1,0.4,1.3,0.8,0.4,0.8,0.4,1.2,0.5,0.8,0.9,0.1,0.8,-,0.1,0.1,-,-,-,-,18.6,0.2,0.3,16.5,1.6,0.2,-,0.2,-,-,-,-,-,-,-
421,Marco Sportiello,AC Milan,SerieA,32 years old (10-05-1992),"1,92m",Italy,Goalkeeper,Goalkeeper,right,1(1),125.0,-,-,-,-,82.7,-,-,6.32,"Jun 30, 2027",€1.50m,-,-,-,-,-,-,-,-,-,-,-,-,-,-,-,-,-,-,-,-,-,-,-,-,0.5,-,-,-,2,-,0.5,1.5,26,4,4,17.5,0.5,-,-,-,-,-,-,-,-,-,-
422,Anass Salah-Eddine,AS Roma,SerieA,23 years old (18-01-2002),"1,81m",Netherlands,"Defender (Left), Defensive Midfielder (C)",Left-Back,left,2(1),153.0,-,1,-,-,86.4,-,-,6.32,"Jun 30, 2028",€8.00m,0.7,-,-,-,-,0.7,-,0.3,0.3,1,1,-,0.7,0.3,0.3,-,0.3,0.3,-,0.3,0.3,0.3,0.7,-,0.7,-,-,-,-,-,-,-,27,0.3,0.7,23,3,0.7,-,0.7,0.3,0.3,-,-,-,-,-
423,Warren Bondo,AC Milan,SerieA,21 years old (15-09-2003),"1,77m",France,Defensive Midfielder (C),Central Midfield,right,19(1),1623.0,-,-,3,1,89.7,0.3,-,6.31,"Jun 30, 2029",€10.00m,0.7,-,-,-,-,0.7,0.6,-,0.1,2,1,1,1,1.5,0.7,0.3,0.4,1.8,0.3,2.1,0.3,1.8,1.6,0.1,0.3,0.3,0.1,0.5,-,-,-,-,30.2,1.1,0.6,26.1,2.6,0.3,-,0.3,-,-,-,-,-,-,-
424,Matías Moreno,ACF Fiorentina,SerieA,21 years old (24-09-2003),"1,93m",,Defender (Centre),Centre-Back,right,2(2),144.0,-,-,-,-,84.1,0.8,-,6.31,"Jun 30, 2029",€4.00m,-,-,-,-,-,-,-,-,-,0.8,-,0.8,0.3,0.3,2,0.8,1.3,2,-,2,0.3,-,1,-,2.3,0.3,-,1,-,-,-,-,17.3,0.5,0.3,14,2.5,0.3,-,0.3,-,-,-,-,-,-,-
425,Tyronne Ebuehi,FC Empoli,SerieA,29 years old (16-12-1995),"1,87m",Nigeria,"Defender (Left, Right)",Right-Back,right,0(3),63.0,-,-,-,-,64,1,-,6.31,"Jun 30, 2025",€1.50m,-,-,-,-,-,-,-,-,-,0.3,-,0.3,1,0.7,1.3,1,0.3,0.7,-,0.7,0.7,0.7,-,-,-,-,-,0.3,-,-,-,-,8.3,-,0.3,5.3,2.7,-,-,-,-,-,-,-,-,-,-
426,Florinel Coman,Cagliari Calcio,SerieA,27 years old (10-04-1998),"1,82m",Romania,Attacking Midfielder (Left),Left Winger,right,2(6),246.0,1,-,1,-,82.7,0.5,-,6.31,"Jun 30, 2025",€6.00m,0.5,0.1,-,-,0.1,0.5,0.3,-,0.3,0.6,0.4,0.3,1.4,0.8,0.8,0.5,0.3,0.6,-,0.6,0.1,0.9,0.9,-,0.3,-,-,0.3,-,-,-,-,9.4,0.1,0.1,7.6,1.5,0.1,-,0.1,-,-,-,-,-,-,-
427,Antoine Bernede,Hellas Verona,SerieA,25 years old (26-05-1999),"1,78m",France,Midfielder (Centre),Central Midfield,right,6(4),488.0,1,-,2,-,76.1,0.5,-,6.31,"Jun 30, 2025",€3.50m,0.4,0.1,-,0.1,-,0.4,0.3,-,0.1,0.3,0.2,0.1,1.2,0.5,1,0.5,0.5,1.4,0.6,2,0.5,0.3,1.5,-,0.3,0.1,-,0.4,-,-,-,-,18.8,1.1,1,13.2,3.5,0.9,0.2,0.7,-,-,-,-,-,-,-
428,Grigoris Kastanos,Hellas Verona,SerieA,27 years old (30-01-1998),"1,79m",Cyprus,"Midfielder (Centre, Right)",Attacking Midfield,left,8(17),850.0,1,1,3,-,72.9,0.6,-,6.31,"Jun 30, 2025",€1.80m,0.9,-,-,-,-,0.9,0.6,0.1,0.2,0.6,0.6,-,0.3,0.4,1.3,0.6,0.7,0.9,0.5,1.4,0.3,0.8,0.6,-,0.3,0.1,-,0.6,-,-,-,-,11.5,0.6,0.5,7.8,2.6,0.5,0.2,0.2,-,-,-,-,-,-,-
429,Samuel Iling-Junior,Middlesbrough,SerieA,21 years old (04-10-2003),182cm,England,"Defender (Left), Midfielder (Left)",,,0(7),113.0,1,-,-,-,77.9,-,1,6.3,,,0.6,0.1,-,0.1,-,0.6,0.1,-,0.4,1,0.6,0.4,0.4,0.1,0.4,-,0.4,0.4,0.1,0.6,0.3,0.1,0.3,-,0.1,-,0.1,0.1,-,-,-,-,11,0.4,0.4,8.1,2,0.1,-,0.1,-,-,-,-,-,-,-
430,Noah Okafor,SSC Napoli,SerieA,24 years old (24-05-2000),"1,85m",Switzerland,"Attacking Midfielder (Left), Forward",Left Winger,right,0(4),36.0,-,-,-,-,71.4,0.5,-,6.3,"Jun 30, 2025",€15.00m,0.3,-,-,-,-,0.3,0.3,-,-,1.8,1.3,0.5,0.5,0.5,1,0.5,0.5,0.8,-,0.8,-,0.3,0.5,-,0.3,-,-,-,-,-,-,-,3.5,0.3,0.3,2.3,0.8,0.8,0.3,0.5,-,-,-,-,-,-,-
431,Jean-Daniel Akpa Akpro,AC Monza,SerieA,32 years old (11-10-1992),"1,80m",Ivory Coast,"Defender (Right), Midfielder (Centre, Left, Right)",Central Midfield,right,8(2),612.0,-,-,3,-,78.9,0.8,-,6.3,"Jun 30, 2025",€500k,-,-,-,-,-,-,-,-,-,2.7,2,0.7,1.6,0.2,2.1,0.8,1.3,1.7,0.8,2.5,0.9,1,1.9,-,0.9,0.4,0.1,1.3,-,-,-,-,20.4,0.5,0.7,15.6,3.6,0.2,-,0.2,-,-,-,-,-,-,-
432,Francesco Zampano,Venezia FC,SerieA,31 years old (30-09-1993),"1,77m",Italy,"Defender (Right), Midfielder (Left, Right)",Right-Back,right,17(5),1614.0,1,2,5,-,76.9,0.5,-,6.3,"Jun 30, 2025",€1.10m,0.3,-,-,-,-,0.3,-,-,0.3,1.2,0.8,0.4,1.3,0.8,1.3,0.5,0.8,1.4,0.6,2,0.3,0.9,1.1,0.2,1.1,-,0.2,0.9,-,-,-,-,20.5,0.9,1.3,14.9,3.4,0.5,-,0.5,0.1,-,-,-,-,-,-
433,Pawel Dawidowicz,Hellas Verona,SerieA,29 years old (20-05-1995),"1,89m",Poland,"Defender (Centre), Defensive Midfielder (C)",Centre-Back,both,22(2),1685.0,-,-,6,1,84,1.3,-,6.3,"Jun 30, 2025",€2.50m,0.2,-,-,-,-,0.2,-,-,0.1,0.2,0.1,0.1,0.3,0.1,2.4,1.3,1.2,1.8,0.4,2.1,0.8,0.4,1.3,-,2.6,0.2,-,0.4,-,-,-,-,30.3,1.5,2.5,24,2.3,-,-,-,-,-,-,-,-,-,-
434,Giorgio Scalvini,Atalanta BC,SerieA,21 years old (11-12-2003),"1,94m",Italy,Defender (Centre),Centre-Back,right,4(2),274.0,-,-,2,-,84.5,1.3,-,6.29,"Jun 30, 2028",€35.00m,0.7,-,-,-,-,0.7,0.3,-,0.3,1.2,0.3,0.8,0.3,-,2.3,1.3,1,1.3,0.7,2,0.7,0.2,1.2,-,1.2,-,-,-,-,-,-,-,32.3,1.8,1.2,25.5,3.8,-,-,-,-,-,-,-,-,-,-
435,Oussama El Azzouzi,Bologna FC 1909,SerieA,23 years old (29-05-2001),"1,89m",Netherlands,Defensive Midfielder (C),Defensive Midfield,right,0(1),7.0,-,-,-,-,75,-,-,6.29,"Jun 30, 2027",€2.00m,-,-,-,-,-,-,-,-,-,-,-,-,-,-,-,-,-,-,-,-,2,2,-,-,-,-,-,-,-,-,-,-,4,-,-,3,1,-,-,-,-,-,-,-,-,-,-
436,Lucas Gourna-Douath,AS Roma,SerieA,21 years old (05-08-2003),"1,85m",France,Defensive Midfielder (C),Defensive Midfield,right,2(2),189.0,-,-,2,-,91.3,-,-,6.29,"Jun 30, 2025",€8.00m,0.5,-,-,-,-,0.5,0.3,-,0.3,0.8,0.8,-,-,1.3,1,-,1,1.8,1,2.8,-,1,1.8,0.3,0.3,0.3,-,-,-,-,-,-,23,0.5,0.5,20.5,1.5,0.3,-,0.3,-,-,-,-,-,-,-
437,Ivan Ilic,Torino FC,SerieA,24 years old (17-03-2001),"1,86m",Serbia,Midfielder (Centre),Central Midfield,left,8(8),797.0,1,-,4,-,87.2,0.3,-,6.28,"Jun 30, 2027",€18.00m,0.6,0.1,-,0.1,-,0.6,0.4,-,0.3,0.8,0.5,0.3,1,0.6,1,0.3,0.8,0.2,0.3,0.4,0.3,1.3,0.7,0.1,0.4,-,-,-,-,-,-,-,26.9,0.8,0.5,22.6,2.9,0.4,-,0.4,-,-,-,-,-,-,-
438,Stefano Sensi,AC Monza,SerieA,29 years old (05-08-1995),"1,68m",Italy,Attacking Midfielder (Centre),Central Midfield,right,2(7),226.0,1,-,-,-,89.3,0.2,-,6.28,"Jun 30, 2025",€1.50m,0.7,0.1,-,0.1,-,0.7,0.6,-,0.1,0.7,0.2,0.4,0.1,0.2,0.4,0.2,0.2,0.9,0.1,1,0.3,0.6,0.3,-,0.2,0.2,-,0.1,-,-,-,-,25,1.7,1.2,20.7,1.4,-,-,-,-,-,-,-,-,-,-
439,Isaak Touré,Udinese Calcio,SerieA,22 years old (28-03-2003),"2,06m",,Defender (Centre),Centre-Back,left,11(1),738.0,1,-,2,2,92.5,0.6,-,6.28,"Jun 30, 2025",€8.00m,0.3,0.1,0.1,-,-,0.3,-,0.3,0.1,0.8,0.4,0.4,0.6,-,1.1,0.6,0.5,0.6,0.1,0.7,0.8,0.5,1.3,0.1,1.2,0.5,0.3,0.8,-,-,-,-,42.5,2.1,0.9,37.3,2.3,0.2,-,0.2,-,-,-,-,-,-,-
440,Konan N’Dri,US Lecce,SerieA,24 years old (27-10-2000),"1,74m",,"Midfielder (Left, Right), Forward",Right Winger,left,0(8),193.0,-,-,-,-,82.9,0.1,-,6.28,"Jun 30, 2027",€1.50m,1,-,-,-,-,1,0.5,-,0.5,1.6,1,0.6,0.9,0.6,0.3,0.1,0.1,0.3,0.1,0.4,0.1,0.6,0.3,-,-,-,-,0.3,-,-,-,-,4.4,0.1,-,3.5,0.8,0.6,0.1,0.5,-,-,-,-,-,-,-
441,Gianluca Caprari,AC Monza,SerieA,31 years old (30-07-1993),"1,71m",Italy,"Attacking Midfielder (Centre, Left, Right), Forward",Second Striker,right,14(16),1359.0,2,1,3,-,87,0.1,-,6.28,"Jun 30, 2026",€1.50m,0.8,0.1,-,0.1,-,0.8,0.3,-,0.5,1.1,0.9,0.2,1.2,0.9,0.5,0.1,0.3,0.6,0.2,0.8,0.2,1.2,0.5,0.1,0.1,-,-,0.4,-,-,-,-,17.5,0.8,0.3,14.4,2,0.9,0.2,0.7,-,-,-,-,-,-,-
442,Michael Kayode,Brentford FC,SerieA,20 years old (10-07-2004),179cm,,Defender (Right),,,1(4),124.0,-,-,-,-,70.2,0.4,-,6.27,,,0.2,-,-,-,-,0.2,-,-,0.2,1.2,0.6,0.6,0.2,0.6,0.4,0.4,-,0.2,-,0.2,0.4,0.4,0.2,-,1.4,0.2,-,0.4,-,-,-,-,9.4,-,1.4,6.6,1.4,0.2,-,0.2,-,-,-,-,-,-,-
443,Antoine Makoumbou,Cagliari Calcio,SerieA,26 years old (18-07-1998),"1,87m",Congo,Defensive Midfielder (C),Defensive Midfield,right,23(6),1886.0,-,1,1,1,89.5,0.1,1,6.27,"Jun 30, 2026",€4.00m,0.2,-,-,-,-,0.2,0.2,-,-,0.7,0.3,0.3,0.5,0.7,0.7,0.1,0.6,1.3,0.2,1.4,0.5,0.5,0.8,-,0.7,0.1,0.1,0.7,-,-,-,-,35.1,1.1,1.4,30.4,2.3,0.1,-,0.1,-,-,-,-,-,-,-
444,Patric,SS Lazio,SerieA,32 years old (17-04-1993),"1,84m",Spain,"Defender (Centre, Right), Midfielder (Right)",Centre-Back,right,6(5),605.0,1,-,3,-,89.2,0.7,-,6.27,"Jun 30, 2027",€4.00m,0.2,0.1,0.1,-,-,0.2,-,0.1,0.1,-,-,-,0.2,-,1.4,0.7,0.6,0.8,0.4,1.2,0.3,0.5,0.5,-,1.9,0.2,0.1,0.1,-,-,-,-,36.2,2.3,2.9,30,1,0.1,-,0.1,-,-,-,-,-,-,-
445,Simone Scuffet,SSC Napoli,SerieA,28 years old (31-05-1996),"1,93m",Italy,Goalkeeper,Goalkeeper,right,13,1170.0,-,-,-,-,66.6,0.2,1,6.27,"Jun 30, 2025",€2.00m,-,-,-,-,-,-,-,-,-,-,-,-,-,-,0.3,0.2,0.1,-,0.1,0.1,-,0.1,-,-,0.9,-,-,-,2.5,0.1,1.2,1.3,27.2,7.5,8.9,10.6,0.2,-,-,-,-,-,-,-,-,-,-
446,Cheick Conde,Venezia FC,SerieA,24 years old (26-07-2000),"1,85m",Guinea,Midfielder,Defensive Midfield,right,1(6),106.0,-,-,2,-,76.7,0.9,-,6.26,"Jun 30, 2027",€2.00m,0.1,-,-,-,-,0.1,0.1,-,-,0.4,0.1,0.3,0.1,0.6,1,0.9,0.1,0.9,0.4,1.3,0.6,0.3,0.7,-,0.4,0.1,-,0.6,-,-,-,-,6.1,-,-,4.7,1.4,0.1,-,0.1,-,-,-,-,-,-,-
447,Milan Djuric,Parma Calcio 1913,SerieA,34 years old (22-05-1990),"1,99m",Bosnia-Herzegovina,Forward,Centre-Forward,right,3(3),231.0,-,-,1,-,47.7,3.8,-,6.26,"Jun 30, 2026",€1.50m,0.7,-,-,-,-,0.7,-,-,0.7,0.2,-,0.2,0.2,0.3,5.8,3.8,2,-,0.3,0.3,-,0.7,0.3,0.2,0.2,-,-,0.5,-,-,-,-,10.8,-,-,5.2,5.7,-,-,-,-,-,-,-,-,-,-
448,Ridgeciano Haps,Venezia FC,SerieA,31 years old (12-06-1993),"1,75m",Netherlands,"Defender (Left), Midfielder (Left)",Left-Back,left,12(9),1199.0,-,-,3,-,81.2,0.6,-,6.26,"Jun 30, 2026",€1.00m,0.6,-,-,-,-,0.6,0.2,-,0.4,0.6,0.3,0.2,0.4,0.2,1.3,0.6,0.7,1,0.3,1.4,0.3,0.7,0.5,-,1.6,0.1,0.4,0.6,-,-,-,-,20.3,0.9,1.7,15.6,2.1,0.2,-,0.2,-,-,-,-,-,-,-
449,Thijs Dallinga,Bologna FC 1909,SerieA,24 years old (03-08-2000),"1,90m",Netherlands,Forward,Centre-Forward,right,9(19),950.0,2,-,1,-,72.6,1.4,-,6.26,"Jun 30, 2028",€12.00m,1,0.1,-,-,-,1,-,0.1,0.9,0.4,0.3,0.1,1.4,0.7,2.6,1.4,1.3,0.4,-,0.4,-,0.6,0.8,0.2,0.4,-,-,0.3,-,-,-,-,8.6,0.1,0.1,6.1,2.3,0.3,-,0.3,-,-,-,-,-,-,-
450,Flavius Daniliuc,Hellas Verona,SerieA,24 years old (27-04-2001),"1,88m",Austria,"Defender (Centre, Right)",Centre-Back,right,8(8),906.0,-,-,-,-,85.3,1.1,-,6.26,"Jun 30, 2025",€4.00m,0.3,-,-,-,-,0.3,0.1,-,0.2,0.4,0.2,0.3,0.4,0.3,2.1,1.1,0.9,1.4,0.6,2,0.4,0.1,0.7,-,1.5,0.1,0.1,0.4,-,-,-,-,21.7,0.7,1.2,17.8,2,0.1,-,0.1,-,-,-,-,-,-,-
451,Andrea Belotti,Benfica,SerieA,31 years old (20-12-1993),181cm,Italy,Forward,,,7(11),589.0,2,-,1,-,78.3,1.1,-,6.26,,,1.1,0.1,0.1,0.1,-,1.1,0.2,0.2,0.6,0.3,0.2,0.1,0.6,0.6,2.6,1.1,1.5,0.4,0.2,0.6,0.1,1.1,0.5,0.3,0.4,-,-,0.2,-,-,-,-,6.4,0.1,0.1,4.9,1.3,0.4,-,0.4,-,-,-,-,-,-,-
452,Tijjani Noslin,SS Lazio,SerieA,25 years old (07-07-1999),"1,78m",Netherlands,"Attacking Midfielder (Left, Right), Forward",Right Winger,right,8(21),835.0,2,2,2,-,78,0.9,-,6.26,"Jun 30, 2029",€12.00m,0.6,0.1,-,0.1,-,0.6,0.1,0.1,0.4,0.7,0.4,0.3,0.8,0.4,1.9,0.9,1,0.2,0.2,0.4,-,0.5,0.7,-,0.2,-,0.1,0.5,-,-,-,-,7.8,0.2,0.1,5.9,1.6,0.4,0.1,0.3,0.1,-,-,-,-,-,0.1
453,Gaetano Castrovilli,AC Monza,SerieA,28 years old (17-02-1997),"1,87m",Italy,"Midfielder (Centre, Left)",Central Midfield,right,5(4),467.0,-,-,-,-,81,0.1,-,6.26,"Jun 30, 2025",€3.50m,0.7,-,-,-,-,0.7,0.2,-,0.4,1.1,0.7,0.4,1,0.7,0.6,0.1,0.4,1.3,0.7,2,0.2,0.6,0.6,0.1,0.7,0.2,0.1,0.6,-,-,-,-,19.3,0.4,0.6,15.2,3.1,0.6,-,0.6,-,-,-,-,-,-,-
454,Woyo Coulibaly,Leicester City,SerieA,25 years old (26-05-1999),188cm,France,Defender (Right),,,12(2),1085.0,-,1,1,1,88.4,0.6,-,6.26,,,0.2,-,-,-,-,0.2,0.1,-,0.1,1.2,0.6,0.6,1.4,0.8,1.3,0.6,0.6,0.9,0.4,1.4,0.6,0.9,0.9,0.1,1.4,0.1,0.4,1.2,-,-,-,-,36.9,0.6,0.9,32,3.4,0.6,-,0.6,0.1,-,-,-,-,-,0.1
455,Mehdi Taremi,Inter Milan,SerieA,32 years old (18-07-1992),"1,85m",Iran,"Attacking Midfielder (Left), Forward",Centre-Forward,right,4(18),576.0,1,1,1,-,81.7,0.7,-,6.25,"Jun 30, 2027",€5.00m,0.5,-,-,-,-,0.5,-,0.1,0.4,0.4,0.2,0.2,0.5,0.2,1.5,0.7,0.8,0.1,0.1,0.2,-,0.4,0.4,0.2,0.4,-,-,0.3,-,-,-,-,8,-,-,6.5,1.4,0.5,-,0.5,-,-,-,-,-,-,-
456,Marco Silvestri,FC Empoli,SerieA,34 years old (02-03-1991),"1,91m",Italy,Goalkeeper,Goalkeeper,right,5,450.0,-,-,-,-,59.1,0.2,-,6.25,"Jun 30, 2025",€500k,-,-,-,-,-,-,-,-,-,-,-,-,-,-,0.2,0.2,-,-,0.4,0.4,-,-,-,-,1.2,-,-,-,3.2,0.2,2,1,26.4,7.6,10.8,8,-,-,-,-,-,-,-,-,-,-,-
457,Tomás Palacios,AC Monza,SerieA,22 years old (28-04-2003),"1,96m",Argentina,Defender (Centre),Centre-Back,left,3(3),300.0,-,-,1,-,89,0.8,-,6.25,"Jun 30, 2025",€5.00m,0.2,-,-,-,-,0.2,0.2,-,-,1.2,0.2,1,0.3,0.3,1.3,0.8,0.5,1.2,0.7,1.8,0.8,1,0.2,-,1.5,0.3,-,0.3,-,-,-,-,39.5,2,2,33.2,2.3,-,-,-,-,-,-,-,-,-,-
458,Caleb Ekuban,Genoa CFC,SerieA,31 years old (23-03-1994),"1,82m",Ghana,"Attacking Midfielder (Centre, Left, Right), Forward",Centre-Forward,right,3(13),503.0,1,3,1,-,71.6,0.7,-,6.25,"Jun 30, 2026",€1.50m,1.1,0.1,0.1,-,-,1.1,0.3,0.2,0.7,0.6,0.4,0.1,1,0.8,1.8,0.7,1.1,0.2,-,0.2,0.1,0.5,0.7,0.3,0.3,0.1,-,0.2,-,-,-,-,5.5,0.2,0.1,3.8,1.4,0.4,-,0.4,0.2,0.1,-,-,-,-,0.1
459,Nicola Zalewski,Inter Milan,SerieA,23 years old (23-01-2002),"1,75m",Poland,"Defender (Left), Midfielder (Left, Right)",Left Midfield,right,4(8),532.0,-,-,-,-,78,0.4,-,6.25,"Jun 30, 2025",€10.00m,0.4,-,-,-,-,0.4,0.3,-,0.2,1.3,1.2,0.2,0.7,0.3,1.1,0.4,0.7,0.7,0.4,1.1,0.3,1.1,0.2,0.1,0.5,0.2,0.2,0.4,-,-,-,-,17.4,0.4,0.9,13.2,2.9,0.8,0.3,0.6,-,-,-,-,-,-,-
460,Enzo Ebosse,Jagiellonia Bialystok,SerieA,26 years old (11-03-1999),185cm,Cameroon,Defender (Centre),,,0(2),90.0,-,-,1,-,86.8,0.5,-,6.25,,,-,-,-,-,-,-,-,-,-,0.5,-,0.5,0.5,-,0.5,0.5,-,-,1,1,0.5,-,0.5,-,0.5,1.5,-,-,-,-,-,-,26.5,2,1,21,2.5,0.5,-,0.5,-,-,-,-,-,-,-
461,Nicolò Fagioli,ACF Fiorentina,SerieA,24 years old (12-02-2001),"1,78m",Italy,Defensive Midfielder (C),Central Midfield,right,5(12),565.0,-,-,4,-,91.1,0.1,-,6.24,"Jun 30, 2025",€18.00m,0.7,-,-,-,-,0.7,0.4,-,0.3,0.2,0.1,0.1,0.6,0.1,0.2,0.1,0.1,0.8,0.2,1,0.1,0.3,0.6,-,0.3,-,-,0.2,-,-,-,-,23.8,1.1,0.6,20.5,1.5,0.2,0.1,0.2,-,-,-,-,-,-,-
462,Keita Baldé,AC Monza,SerieA,30 years old (08-03-1995),"1,78m",Senegal,"Attacking Midfielder (Left, Right), Forward",Left Winger,both,6(2),465.0,1,-,1,-,90.5,0.4,-,6.24,"Jun 30, 2025",€1.00m,1.3,0.1,-,-,0.1,1.3,0.4,-,0.9,1.6,1.1,0.5,1.9,1.4,1.8,0.4,1.4,0.1,0.1,0.3,0.1,2.4,0.9,0.1,-,-,-,0.4,-,-,-,-,17.1,0.5,0.1,15,1.5,0.3,-,0.3,-,-,-,-,-,-,-
463,Lameck Banda,US Lecce,SerieA,24 years old (29-01-2001),"1,69m",Zambia,Attacking Midfielder (Left),Left Winger,right,6(8),574.0,-,1,1,-,84,0.1,-,6.24,"Jun 30, 2026",€6.00m,1.1,-,-,-,-,1.1,0.5,0.1,0.5,1.9,1.3,0.6,1.1,0.6,1.1,0.1,0.9,0.6,0.6,1.1,0.1,1.3,0.6,0.1,0.3,-,0.1,0.4,-,-,-,-,8.9,0.1,0.1,7.4,1.3,0.7,0.1,0.6,0.1,0.1,-,-,-,-,-
464,Leonardo Pavoletti,Cagliari Calcio,SerieA,36 years old (26-11-1988),"1,88m",Italy,Forward,Centre-Forward,right,1(24),408.0,2,-,4,-,58.8,2.2,1,6.24,"Jun 30, 2026",€700k,0.7,0.1,0.1,-,-,0.7,0.1,0.2,0.4,-,-,-,0.7,-,4.2,2.2,2,-,-,-,-,0.2,1,0.3,0.1,-,-,0.1,-,-,-,-,6.1,-,0.2,3.6,2.4,0.4,-,0.4,-,-,-,-,-,-,-
465,Mateusz Kowalski,Parma Calcio 1913,SerieA,19 years old (21-07-2005),"1,97m",Poland,Midfielder,Second Striker,right,1,57.0,-,-,-,-,66.7,-,-,6.24,"Jun 30, 2028",€300k,1,-,-,-,-,1,-,1,-,-,-,-,2,2,3,-,3,-,-,-,-,-,1,-,1,-,-,1,-,-,-,-,12,-,-,8,4,-,-,-,-,-,-,-,-,-,-
466,Drissa Camara,Parma Calcio 1913,SerieA,23 years old (18-02-2002),"1,79m",Ivory Coast,Midfielder,Central Midfield,right,1(18),384.0,-,-,3,-,77.1,0.2,-,6.24,"Jun 30, 2025",€1.80m,0.8,-,-,-,-,0.8,0.3,-,0.5,1.4,0.5,0.8,0.6,0.1,0.7,0.2,0.5,0.5,0.4,0.9,0.1,0.7,0.8,0.1,0.1,-,-,0.3,-,-,-,-,8.3,0.2,0.4,6.2,1.5,0.2,-,0.2,-,-,-,-,-,-,-
467,Antonio Sanabria,Torino FC,SerieA,29 years old (04-03-1996),"1,80m",Paraguay,Forward,Centre-Forward,right,15(9),1254.0,2,1,2,-,79.1,0.9,-,6.24,"Jun 30, 2026",€4.00m,0.8,0.1,-,0.1,-,0.8,0.2,0.1,0.5,0.4,0.2,0.2,1.3,0.9,3.2,0.9,2.3,0.1,0.1,0.3,-,0.5,0.7,-,0.5,-,-,0.2,-,-,-,-,10.6,0.1,0.1,8.3,2.1,0.4,-,0.4,-,-,-,-,-,-,-
468,Matteo Prati,Cagliari Calcio,SerieA,21 years old (28-12-2003),"1,85m",,Defensive Midfielder (C),Defensive Midfield,right,8(3),558.0,-,-,1,-,72.4,-,-,6.24,"Jun 30, 2028",€7.00m,0.3,-,-,-,-,0.3,0.3,-,-,0.8,0.5,0.3,0.4,0.2,0.6,-,0.6,0.9,0.7,1.6,0.6,0.5,0.7,-,0.9,0.2,-,0.3,-,-,-,-,21.1,1.5,3.5,13.7,2.4,0.5,0.1,0.5,-,-,-,-,-,-,-
469,Alieu Njie,Torino FC,SerieA,19 years old (14-05-2005),"1,85m",Sweden,Forward,Left Winger,right,0(16),381.0,1,-,1,-,69.9,0.8,-,6.24,"Jun 30, 2027",€2.50m,0.6,0.1,0.1,-,-,0.6,0.3,0.1,0.3,1.2,0.8,0.4,0.9,0.6,1.9,0.8,1.1,0.3,0.2,0.5,-,0.8,0.8,0.1,0.1,0.1,-,0.3,-,-,-,-,5.2,0.2,0.1,3.4,1.4,0.3,-,0.3,-,-,-,-,-,-,-
470,Franco Carboni,Venezia FC,SerieA,22 years old (04-04-2003),"1,90m",Argentina,Defender,Left-Back,left,3(5),224.0,-,-,2,-,71.6,0.3,-,6.24,"Jun 30, 2025",€1.00m,0.1,-,-,-,-,0.1,0.1,-,-,0.8,0.5,0.3,0.5,0.4,0.6,0.3,0.4,0.6,0.4,1,-,0.3,0.4,-,1.1,0.1,0.3,-,-,-,-,-,9.3,0.4,1.3,6.3,1.4,0.3,-,0.3,-,-,-,-,-,-,-
471,Jonathan Ikoné,Como 1907,SerieA,26 years old (02-05-1998),"1,75m",France,"Attacking Midfielder (Centre, Left, Right), Forward",Right Winger,left,1(13),325.0,-,-,-,-,85.1,-,-,6.23,"Jun 30, 2025",€8.00m,0.6,-,-,-,-,0.6,0.1,-,0.6,1.2,0.7,0.5,0.3,0.5,0.4,-,0.4,0.4,0.1,0.5,0.1,0.5,0.2,-,-,-,0.1,0.2,-,-,-,-,7.2,0.1,0.1,6,1,0.1,-,0.1,-,-,-,-,-,-,-
472,Alberto Costa,Juventus FC,SerieA,21 years old (29-09-2003),"1,86m",,Defender (Right),Right-Back,right,0(5),116.0,-,-,1,-,87.4,0.2,-,6.23,"Jun 30, 2029",€10.00m,0.4,-,-,-,-,0.4,-,-,0.4,1.2,1,0.2,0.6,-,0.6,0.2,0.4,1.2,0.2,1.4,0.2,0.2,0.8,-,0.6,-,-,0.8,-,-,-,-,17.4,0.4,0.2,14.8,2,0.2,-,0.2,-,-,-,-,-,-,-
473,Danilo D'Ambrosio,AC Monza,SerieA,36 years old (09-09-1988),"1,80m",Italy,"Defender (Centre, Left, Right), Midfielder (Left, Right)",Centre-Back,right,12(8),1095.0,-,1,2,1,88.3,0.8,-,6.23,"Jun 30, 2025",€800k,0.5,-,-,-,-,0.5,0.1,0.1,0.3,0.4,0.3,0.1,0.8,0.1,2,0.8,1.2,1.4,0.5,1.9,0.8,0.6,0.9,0.2,1.8,0.4,0.1,0.2,-,-,-,-,30.3,1.4,1.3,25.3,2.3,0.3,-,0.3,0.1,-,-,-,-,-,0.1
474,Danilo Veiga,US Lecce,SerieA,22 years old (25-09-2002),"1,83m",Portugal,"Defender (Right), Midfielder (Right)",Right-Back,right,2(7),271.0,-,-,-,-,66.2,0.3,-,6.23,"Jun 30, 2027",€1.00m,0.3,-,-,-,-,0.3,0.1,0.1,0.1,1.1,0.6,0.6,0.6,0.4,1,0.3,0.7,0.8,0.6,1.3,0.4,0.7,0.7,-,0.6,-,0.1,0.6,-,-,-,-,8.6,0.1,0.8,5.6,2.1,0.7,0.2,0.4,-,-,-,-,-,-,-
475,Issa Doumbia,Venezia FC,SerieA,21 years old (16-10-2003),"1,87m",Italy,Midfielder (Centre),Central Midfield,right,9(11),823.0,-,-,-,-,77.5,0.9,-,6.23,"Jun 30, 2029",€2.00m,0.7,-,-,-,-,0.7,0.3,0.1,0.4,0.7,0.3,0.5,1.1,0.8,1.8,0.9,0.9,0.7,0.4,1,0.4,0.5,0.8,-,0.6,0.2,0.1,0.6,-,-,-,-,11.5,0.1,0.5,8.9,2.1,0.2,-,0.2,-,-,-,-,-,-,-
476,Marco Palestra,Atalanta BC,SerieA,20 years old (03-03-2005),"1,86m",Italy,Midfielder,Right Midfield,right,0(7),99.0,-,-,-,-,82.1,0.1,-,6.23,-,€3.00m,-,-,-,-,-,-,-,-,-,0.9,0.7,0.1,0.3,-,0.3,0.1,0.1,0.7,-,0.7,-,0.9,0.1,-,0.4,-,-,0.3,-,-,-,-,8,-,0.1,6.6,1.3,0.3,-,0.3,-,-,-,-,-,-,-
477,Mattia De Sciglio,FC Empoli,SerieA,32 years old (20-10-1992),"1,83m",Italy,"Defender (Centre, Left, Right), Midfielder (Left, Right)",Right-Back,right,8(9),765.0,1,-,-,1,77.7,0.4,-,6.22,"Jun 30, 2025",€1.00m,0.3,0.1,0.1,-,-,0.3,0.1,0.1,0.1,0.2,0.2,0.1,0.3,0.2,0.5,0.4,0.1,1.1,0.2,1.2,0.5,0.3,0.5,-,1.9,0.2,0.2,0.4,-,-,-,-,15.5,1.1,1.5,11,2,0.2,0.1,0.1,-,-,-,-,-,-,-
478,Rui Modesto,Udinese Calcio,SerieA,25 years old (07-10-1999),"1,81m",Angola,Midfielder,Right Midfield,right,2(15),397.0,-,-,1,-,71.2,0.4,-,6.22,"Jun 30, 2029",€1.80m,0.1,-,-,-,-,0.1,-,-,0.1,0.4,0.3,0.1,0.4,0.1,0.8,0.4,0.4,0.7,0.1,0.8,0.4,0.3,0.5,0.1,0.6,-,-,0.3,-,-,-,-,8.6,0.3,0.6,5.8,1.8,0.3,-,0.3,-,-,-,-,-,-,-
479,Federico Barba,FC Sion,SerieA,31 years old (01-09-1993),187cm,Italy,"Defender (Centre, Left)",,,5(2),431.0,-,-,-,-,89.3,0.7,-,6.22,,,0.3,-,-,-,-,0.3,-,-,0.3,-,-,-,0.1,0.1,1.9,0.7,1.1,0.3,0.4,0.7,0.6,0.1,0.4,-,2.1,0.3,-,-,-,-,-,-,40,1.3,1.6,34.4,2.7,-,-,-,-,-,-,-,-,-,-
480,Jean Onana,Genoa CFC,SerieA,25 years old (08-01-2000),"1,89m",Cameroon,Defensive Midfielder (C),Defensive Midfield,right,1(6),185.0,-,-,-,-,82.1,0.7,-,6.22,"Jun 30, 2025",€3.00m,0.1,-,-,-,-,0.1,0.1,-,-,0.4,0.3,0.1,0.7,0.7,1.7,0.7,1,1.3,0.4,1.7,0.3,0.1,0.9,-,1,-,0.1,0.4,-,-,-,-,12,0.4,0.9,9.4,1.3,0.3,-,0.3,-,-,-,-,-,-,-
481,Vasilije Adzic,Juventus FC,SerieA,18 years old (12-05-2006),"1,85m",Montenegro,Midfielder,Attacking Midfield,right,0(3),24.0,-,-,-,-,75,0.7,-,6.22,"Jun 30, 2029",€3.00m,0.3,-,-,-,-,0.3,0.3,-,-,0.3,0.3,-,-,0.3,1.3,0.7,0.7,0.7,0.3,1,-,-,0.3,-,-,-,-,-,-,-,-,-,5.3,-,-,4,1.3,-,-,-,-,-,-,-,-,-,-
482,Cyril Ngonge,SSC Napoli,SerieA,24 years old (26-05-2000),"1,80m",Belgium,"Attacking Midfielder (Centre, Right), Forward",Right Winger,left,1(14),186.0,-,-,2,-,85.3,0.3,-,6.22,"Jun 30, 2028",€10.00m,0.8,-,-,-,-,0.8,0.4,-,0.4,1.3,0.9,0.5,0.3,0.5,0.5,0.3,0.3,0.5,0.1,0.7,0.1,0.9,0.5,0.1,0.3,-,-,0.2,-,-,-,-,4.5,0.1,0.1,3.8,0.6,0.2,0.1,0.1,-,-,-,-,-,-,-
483,Andy Pelmard,UD Las Palmas,SerieA,25 years old (12-03-2000),181cm,France,"Defender (Centre, Right)",,,1(2),127.0,-,-,1,-,80.8,-,-,6.21,,,-,-,-,-,-,-,-,-,-,0.3,-,0.3,-,-,0.3,-,0.3,2,-,2,-,-,0.7,-,1.3,-,0.3,0.3,-,-,-,-,8.7,1,0.7,6,1,-,-,-,-,-,-,-,-,-,-
484,Oier Zarraga,Udinese Calcio,SerieA,26 years old (04-01-1999),"1,75m",Spain,"Defensive Midfielder (C), Midfielder (Right)",Central Midfield,right,6(12),643.0,-,-,-,-,87.8,0.2,-,6.21,"Jun 30, 2027",€2.00m,0.2,-,-,-,-,0.2,0.2,-,-,0.3,0.2,0.1,0.4,0.2,0.8,0.2,0.6,0.8,0.6,1.3,0.1,0.3,0.5,-,0.3,0.2,-,0.2,-,-,-,-,10.9,0.4,0.3,9.2,1,0.3,-,0.3,-,-,-,-,-,-,-
485,John Yeboah,Venezia FC,SerieA,24 years old (23-06-2000),"1,70m",Ecuador,"Attacking Midfielder (Right), Forward",Attacking Midfield,left,7(22),906.0,1,1,6,-,76.8,0.2,-,6.21,"Jun 30, 2028",€2.50m,0.8,-,-,-,-,0.8,0.3,0.1,0.4,1.7,1,0.7,1.3,0.8,0.4,0.2,0.3,0.1,0.3,0.4,0.1,0.6,0.4,0.1,0.1,-,-,0.1,-,-,-,-,8.3,0.1,0.1,6.2,1.8,0.6,0.1,0.5,-,-,-,-,-,-,-
486,Daniel Maldini,Atalanta BC,SerieA,23 years old (11-10-2001),"1,88m",Italy,"Attacking Midfielder (Centre, Left), Forward",Attacking Midfield,right,0(6),118.0,-,-,-,-,58.1,1,-,6.21,"Jun 30, 2029",€10.00m,0.5,-,-,-,-,0.5,0.2,-,0.3,1.5,1,0.5,0.3,0.5,1.5,1,0.5,0.2,-,0.2,-,1,0.2,0.2,-,-,-,0.2,-,-,-,-,7.2,0.2,-,4,3,-,-,-,-,-,-,-,-,-,-
487,Reda Belahyane,SS Lazio,SerieA,20 years old (01-06-2004),"1,73m",France,Defensive Midfielder (C),Defensive Midfield,right,1(5),191.0,-,-,-,1,90.3,0.3,-,6.21,"Jun 30, 2029",€10.00m,-,-,-,-,-,-,-,-,-,1,0.5,0.5,1,0.3,0.3,0.3,-,1.3,-,1.3,0.2,0.2,0.7,-,0.8,0.3,-,0.2,-,-,-,-,15.5,0.5,0.5,13.5,1,-,-,-,-,-,-,-,-,-,-
488,Jonas Rouhi,Juventus FC,SerieA,21 years old (07-01-2004),"1,83m",Sweden,Defender,Left-Back,left,1(4),208.0,-,-,-,-,78.8,-,-,6.21,"Jun 30, 2028",€2.00m,-,-,-,-,-,-,-,-,-,1,0.6,0.4,1,1,0.8,-,0.8,0.8,0.2,1,0.6,0.4,0.8,-,0.2,-,0.2,0.4,-,-,-,-,27.4,0.4,1.8,21.2,4,-,-,-,-,-,-,-,-,-,-
489,Nicolas Haas,FC Empoli,SerieA,29 years old (23-01-1996),"1,78m",Switzerland,Defensive Midfielder (C),Central Midfield,right,2(8),281.0,-,-,1,-,82.4,0.3,-,6.21,"Jun 30, 2025",€700k,0.1,-,-,-,-,0.1,0.1,-,-,0.1,0.1,-,0.3,0.3,0.8,0.3,0.5,1.1,0.4,1.5,0.4,0.3,1.1,-,0.5,0.1,0.1,0.1,-,-,-,-,11.9,0.2,0.8,9.6,1.3,0.2,-,0.2,-,-,-,-,-,-,-
490,Davide Faraoni,Hellas Verona,SerieA,33 years old (25-10-1991),"1,80m",Italy,"Defender (Right), Midfielder (Right)",Right-Back,right,4(5),258.0,-,-,1,-,73.5,0.1,-,6.21,"Jun 30, 2025",€1.00m,0.1,-,-,-,-,0.1,-,0.1,-,0.1,0.1,-,0.3,-,1.1,0.1,1,1.1,0.7,1.8,0.2,0.1,0.8,0.2,1.2,0.3,0.1,0.4,-,-,-,-,7.6,0.1,0.7,5.4,1.3,0.2,-,0.2,-,-,-,-,-,-,-
491,Mohamed Kaba,US Lecce,SerieA,23 years old (27-10-2001),"1,85m",France,Midfielder (Centre),Central Midfield,right,1(11),337.0,-,-,1,-,79.4,0.7,-,6.21,"Jun 30, 2027",€2.30m,0.3,-,-,-,-,0.3,-,-,0.3,0.4,0.3,0.1,0.9,0.4,1.5,0.7,0.8,1,0.1,1.1,0.3,0.7,0.4,-,0.8,0.3,-,0.6,-,-,-,-,11.8,0.3,0.4,9,2,0.1,-,0.1,-,-,-,-,-,-,-
492,Mateusz Wieteska,PAOK Thessaloniki FC,SerieA,28 years old (11-02-1997),187cm,Poland,Defender (Centre),,,1(4),182.0,-,-,1,-,86.3,0.4,-,6.2,,,0.2,-,-,-,-,0.2,-,-,0.2,-,-,-,0.2,-,1.8,0.4,1.4,0.2,-,0.2,1.4,-,0.8,-,1,0.4,0.2,0.2,-,-,-,-,19,1.2,1.2,15.2,1.4,0.2,-,0.2,-,-,-,-,-,-,-
493,Honest Ahanor,Genoa CFC,SerieA,17 years old (23-02-2008),"1,84m",Italy,Defender,Left-Back,left,2(2),174.0,-,-,-,-,71.1,0.3,-,6.2,"Jun 30, 2027",€3.00m,0.5,-,-,-,-,0.5,-,-,0.5,0.3,0.3,-,1.3,0.3,0.8,0.3,0.5,1,0.5,1.5,-,1.3,-,-,0.8,-,-,0.3,-,-,-,-,9.5,0.5,0.5,6.3,2.3,0.3,-,0.3,-,-,-,-,-,-,-
494,Nicolò Zaniolo,ACF Fiorentina,SerieA,25 years old (02-07-1999),"1,90m",Italy,"Attacking Midfielder (Centre, Left, Right), Forward",Attacking Midfield,left,3(5),281.0,-,-,2,-,75,0.4,-,6.2,"Jun 30, 2025",€16.00m,1,-,-,-,-,1,0.6,-,0.4,1.9,1.1,0.8,1.8,1.1,1.6,0.4,1.3,0.3,0.3,0.5,-,1.8,1.4,0.4,0.1,0.1,-,0.1,-,-,-,-,7,0.4,0.1,4.9,1.6,0.4,-,0.4,-,-,-,-,-,-,-
495,Antonio Candela,Real Valladolid CF,SerieA,25 years old (27-04-2000),185cm,Italy,"Defender (Centre, Right), Midfielder (Right)",,,12(2),1013.0,-,1,2,-,77.9,1,-,6.2,,,0.4,-,-,-,-,0.4,0.1,-,0.2,0.9,0.4,0.4,1.2,0.7,1.9,1,0.9,2.2,0.6,2.8,0.6,0.3,1,-,1.4,0.4,0.2,0.1,-,-,-,-,23.6,0.5,1.2,17.9,4,0.6,0.1,0.6,0.1,-,-,-,-,-,0.1
496,Kevin Martins,AC Monza,SerieA,20 years old (31-01-2005),"1,80m",Italy,Forward,Right Winger,right,1(8),178.0,-,1,1,-,73.3,0.2,-,6.2,"Jun 30, 2027",€1.50m,-,-,-,-,-,-,-,-,-,0.7,0.2,0.4,0.9,0.1,0.3,0.2,0.1,0.6,0.3,0.9,0.1,0.4,0.3,-,0.2,-,0.2,0.1,-,-,-,-,5,0.1,0.1,3.6,1.2,0.2,-,0.2,0.1,0.1,-,-,-,-,-
497,Jeff Ekhator,Genoa CFC,SerieA,18 years old (11-11-2006),"1,88m",Italy,Forward,Centre-Forward,right,6(16),728.0,1,1,1,-,71.2,0.7,-,6.2,"Jun 30, 2029",€5.00m,0.5,-,-,-,-,0.5,0.1,-,0.4,0.6,0.4,0.2,1.5,0.4,2.2,0.7,1.5,0.3,0.2,0.5,0.1,0.5,0.6,0.1,0.2,-,-,0.4,-,-,-,-,6.6,0.1,-,4.6,1.9,0.5,-,0.5,-,-,-,-,-,-,-
498,Joël Schingtienne,Venezia FC,SerieA,22 years old (14-08-2002),"1,88m",Belgium,"Defender (Centre, Right)",Centre-Back,right,8(4),781.0,-,-,2,-,86.3,0.3,-,6.2,"Jun 30, 2029",€3.00m,-,-,-,-,-,-,-,-,-,0.8,0.3,0.4,1.2,0.3,1,0.3,0.7,1.7,0.5,2.2,0.9,0.1,0.4,-,1.4,0.5,-,0.7,-,-,-,-,25.5,0.5,0.8,21.5,2.8,0.2,-,0.2,-,-,-,-,-,-,-
499,Alphadjo Cissè,Hellas Verona,SerieA,18 years old (22-10-2006),"1,81m",,Forward,Attacking Midfield,,0(2),7.0,-,-,-,-,75,0.5,-,6.2,-,€1.40m,1,-,-,-,-,1,1,-,-,-,-,-,-,-,0.5,0.5,-,-,-,-,-,-,0.5,-,-,-,-,-,-,-,-,-,4,-,-,3,1,-,-,-,-,-,-,-,-,-,-
500,Cher Ndour,ACF Fiorentina,SerieA,20 years old (27-07-2004),"1,90m",Italy,Defensive Midfielder (C),Central Midfield,both,2(3),245.0,-,-,-,-,78.8,2.2,-,6.19,"Jun 30, 2029",€5.00m,0.2,-,-,-,-,0.2,-,-,0.2,0.4,0.4,-,0.6,0.8,4.6,2.2,2.4,0.6,1,1.6,0.4,1.2,0.6,-,0.8,0.2,-,0.6,-,-,-,-,23.6,0.2,0.4,18.4,4.6,0.2,-,0.2,-,-,-,-,-,-,-
501,Tajon Buchanan,Villarreal CF,SerieA,26 years old (08-02-1999),183cm,Canada,"Defender (Right), Midfielder (Centre, Left, Right)",,,0(6),89.0,-,-,-,-,87.5,0.2,-,6.19,,,-,-,-,-,-,-,-,-,-,1.5,1,0.5,0.3,0.3,0.2,0.2,-,0.5,0.2,0.7,-,0.7,0.3,-,0.3,-,0.2,-,-,-,-,-,6.7,-,0.2,5.8,0.7,0.2,-,0.2,-,-,-,-,-,-,-
502,Junior Sambia,FC Empoli,SerieA,28 years old (07-09-1996),"1,85m",France,"Defender (Right), Midfielder (Centre, Left, Right)",Right-Back,right,2(12),311.0,-,-,-,-,71.4,0.4,-,6.19,"Jun 30, 2025",€1.40m,0.5,-,-,-,-,0.5,0.3,-,0.2,0.8,0.5,0.3,0.5,0.4,0.8,0.4,0.4,0.9,-,0.9,0.1,0.2,0.2,-,0.2,-,0.1,0.1,-,-,-,-,6.5,0.3,0.4,4.4,1.4,0.3,0.1,0.1,-,-,-,-,-,-,-
503,Lior Kassa,Genoa CFC,SerieA,19 years old (27-09-2005),"1,85m",Israel,Midfielder,Defensive Midfield,right,2(5),205.0,-,-,2,-,85,0.1,-,6.19,"Jun 30, 2025",€1.50m,0.7,-,-,-,-,0.7,0.3,0.1,0.3,0.7,0.6,0.1,0.9,0.1,0.6,0.1,0.4,0.6,0.4,1,0.3,0.4,0.6,-,0.3,0.1,-,0.4,-,-,-,-,8.6,1,0.7,6.3,0.6,0.3,0.1,0.1,-,-,-,-,-,-,-
504,Daniele Baselli,Como 1907,SerieA,33 years old (12-03-1992),182cm,Italy,Midfielder (Centre),,,1(1),23.0,-,-,-,-,88.9,-,-,6.19,,,-,-,-,-,-,-,-,-,-,-,-,-,0.5,-,0.5,-,0.5,-,-,-,0.5,0.5,-,-,0.5,-,-,-,-,-,-,-,13.5,0.5,-,11.5,1.5,-,-,-,-,-,-,-,-,-,-
505,Iker Bravo,Udinese Calcio,SerieA,20 years old (13-01-2005),"1,82m",Spain,Forward,Centre-Forward,right,4(22),620.0,2,1,3,-,83.9,0.4,-,6.19,"Jun 30, 2028",€2.50m,0.5,0.1,-,-,-,0.5,0.2,-,0.3,1,0.7,0.4,1.1,0.5,1.4,0.4,1,0.3,0.2,0.5,-,0.4,0.5,-,0.1,-,-,0.1,-,-,-,-,6.5,0.2,0.1,5.2,0.9,0.2,-,0.2,-,-,-,-,-,-,-
506,Adrien Tameze,Torino FC,SerieA,31 years old (04-02-1994),"1,82m",France,"Defender (Centre), Midfielder (Centre)",Defensive Midfield,right,9(11),648.0,-,-,3,-,87.9,0.6,-,6.18,"Jun 30, 2026",€3.50m,0.4,-,-,-,-,0.4,0.1,0.1,0.2,0.8,0.6,0.2,0.5,0.2,1,0.6,0.4,0.3,0.5,0.7,0.5,0.2,0.4,-,0.2,0.3,0.2,0.2,-,-,-,-,14.5,0.6,0.2,12.2,1.6,0.3,-,0.3,-,-,-,-,-,-,-
507,Giovanni Fabbian,Bologna FC 1909,SerieA,22 years old (14-01-2003),"1,86m",Italy,Attacking Midfielder (Centre),Attacking Midfield,right,8(20),951.0,3,1,2,-,74.6,0.6,-,6.18,"Jun 30, 2028",€13.00m,0.7,0.1,-,0.1,-,0.7,-,0.1,0.6,0.5,0.4,-,1.1,0.6,1.9,0.6,1.2,0.4,0.2,0.6,0.1,0.8,0.8,-,0.1,0.1,-,0.2,-,-,-,-,6.3,0.1,0.2,4.6,1.4,0.3,-,0.3,-,-,-,-,-,-,-
508,Gianluca Lapadula,Spezia,SerieA,35 years old (07-02-1990),178cm,Peru,Forward,,,1(11),303.0,-,-,1,-,63.3,0.9,-,6.18,,,1.3,-,-,-,-,1.3,0.2,0.1,1,0.2,-,0.2,0.5,0.1,1.6,0.9,0.7,0.2,0.1,0.3,-,0.1,0.8,0.1,0.1,-,-,-,-,-,-,-,5,-,0.1,3.2,1.8,0.3,-,0.3,-,-,-,-,-,-,-
509,Lorenzo Anghelè,Juventus FC,SerieA,20 years old (26-02-2005),,,Forward,,,0(1),5.0,-,-,-,-,100,-,-,6.18,,,-,-,-,-,-,-,-,-,-,1,-,1,-,-,2,-,2,-,-,-,-,-,-,-,-,-,-,-,-,-,-,-,4,1,-,3,-,-,-,-,-,-,-,-,-,-,-
510,Mitchel Bakker,LOSC Lille,SerieA,24 years old (20-06-2000),185cm,Netherlands,"Defender (Left), Midfielder (Left, Right)",,,0(1),21.0,-,-,-,-,87.5,1,-,6.18,,,-,-,-,-,-,-,-,-,-,-,-,-,-,-,2,1,1,1,-,1,-,-,1,-,-,-,-,-,-,-,-,-,8,-,-,7,1,-,-,-,-,-,-,-,-,-,-
511,Jesper Karlsson,US Lecce,SerieA,26 years old (25-07-1998),"1,79m",Sweden,"Attacking Midfielder (Left, Right), Forward",Left Winger,right,4(7),393.0,1,-,2,-,78.9,0.1,-,6.18,"Jun 30, 2025",€4.50m,0.9,0.1,-,0.1,-,0.9,0.5,0.1,0.3,0.6,0.3,0.4,0.6,0.5,0.6,0.1,0.5,0.3,0.5,0.7,-,-,0.3,-,0.2,-,0.1,0.1,-,-,-,-,9.9,0.1,0.3,7.7,1.8,0.5,0.1,0.4,-,-,-,-,-,-,-
512,Ola Solbakken,FC Empoli,SerieA,26 years old (07-09-1998),"1,89m",Norway,"Attacking Midfielder (Centre, Right)",Right Winger,left,7(11),676.0,-,-,1,-,70.4,0.5,-,6.18,"Jun 30, 2025",€2.50m,0.2,-,-,-,-,0.2,-,-,0.2,0.7,0.4,0.3,0.7,0.4,1.5,0.5,1,0.3,0.2,0.5,0.1,0.1,0.4,0.1,0.4,-,-,-,-,-,-,-,8.8,0.4,0.2,5.8,2.4,0.4,-,0.4,-,-,-,-,-,-,-
513,Marco Sala,US Lecce,SerieA,25 years old (04-06-1999),"1,82m",Italy,Defender,Left-Back,left,0(2),71.0,-,-,-,-,81.8,-,-,6.18,"Jun 30, 2025",€1.00m,-,-,-,-,-,-,-,-,-,-,-,-,-,-,1,-,1,0.5,0.5,1,-,0.5,0.5,-,-,-,-,0.5,-,-,-,-,16.5,-,0.5,13.5,2.5,0.5,-,0.5,-,-,-,-,-,-,-
514,Federico Cassa,Atalanta BC,SerieA,19 years old (01-02-2006),176cm,,Midfielder,,,0(2),12.0,-,-,-,-,83.3,-,-,6.18,,,-,-,-,-,-,-,-,-,-,0.5,0.5,-,-,-,0.5,-,0.5,-,-,-,-,0.5,1,-,-,-,-,0.5,-,-,-,-,3,-,-,2.5,0.5,-,-,-,-,-,-,-,-,-,-
515,Marcus Pedersen,Torino FC,SerieA,24 years old (16-07-2000),"1,84m",Norway,"Defender (Left, Right), Midfielder (Right)",Right Midfield,right,15(12),1355.0,-,-,3,-,77.8,0.2,-,6.17,"Jun 30, 2025",€3.50m,0.3,-,-,-,-,0.3,0.1,-,0.2,0.9,0.7,0.2,0.8,0.4,0.9,0.2,0.7,0.4,0.2,0.7,0.5,0.2,0.6,0.1,0.9,0.1,0.3,0.3,-,-,-,-,13.5,0.6,0.5,10,2.5,0.3,0.1,0.1,-,-,-,-,-,-,-
516,Ante Rebic,US Lecce,SerieA,31 years old (21-09-1993),"1,85m",Croatia,"Attacking Midfielder (Centre, Left, Right), Forward",Left Winger,right,7(19),736.0,1,-,3,1,65.7,1,-,6.17,"Jun 30, 2025",€1.50m,0.5,-,-,-,-,0.5,0.1,-,0.3,1.1,0.8,0.3,1.4,0.5,2.3,1,1.3,0.4,0.2,0.6,0.1,0.5,0.7,0.2,0.2,-,-,0.2,-,-,-,-,9.8,0.2,0.2,6.3,3.2,0.7,0.1,0.5,-,-,-,-,-,-,-
517,Gianluca Scamacca,Atalanta BC,SerieA,26 years old (01-01-1999),"1,95m",Italy,Forward,Centre-Forward,right,0(1),5.0,-,-,-,-,100,-,-,6.17,"Jun 30, 2027",€24.00m,1,-,-,-,-,1,-,-,1,-,-,-,-,-,-,-,-,-,-,-,-,-,-,-,-,-,-,-,-,-,-,-,1,-,-,1,-,-,-,-,-,-,-,-,-,-,-
518,Kevin Zeroli,AC Monza,SerieA,20 years old (11-01-2005),"1,87m",Italy,Midfielder,Central Midfield,right,0(1),11.0,-,-,-,-,100,-,-,6.17,"Jun 30, 2025",€3.50m,-,-,-,-,-,-,-,-,-,-,-,-,-,1,-,-,-,1,-,1,-,-,-,-,-,-,-,-,-,-,-,-,9,-,-,9,-,-,-,-,-,-,-,-,-,-,-
519,Tommaso Rubino,ACF Fiorentina,SerieA,18 years old (10-11-2006),170cm,,Midfielder,,,0(1),7.0,-,-,-,-,33.3,-,-,6.17,,,-,-,-,-,-,-,-,-,-,-,-,-,-,-,-,-,-,-,1,1,-,-,1,-,-,-,-,-,-,-,-,-,3,-,-,1,2,1,-,1,-,-,-,-,-,-,-
520,Riccardo Sottil,AC Milan,SerieA,25 years old (03-06-1999),"1,80m",Italy,"Attacking Midfielder (Left, Right)",Left Winger,right,1(4),116.0,-,-,-,-,85.7,0.2,-,6.17,"Jun 30, 2025",€6.00m,0.4,-,-,-,-,0.4,-,0.2,0.2,0.8,0.6,0.2,0.6,0.2,0.2,0.2,-,0.2,-,0.2,-,0.6,0.2,-,-,-,-,-,-,-,-,-,8.4,0.2,0.4,7,0.8,0.4,-,0.4,-,-,-,-,-,-,-
521,Ibrahim Sulemana,Atalanta BC,SerieA,21 years old (22-05-2003),"1,80m",Ghana,Defensive Midfielder (C),Defensive Midfield,right,1(5),122.0,-,-,1,-,87.6,0.8,-,6.17,"Jun 30, 2028",€6.00m,-,-,-,-,-,-,-,-,-,0.2,0.2,-,0.7,0.3,1.2,0.8,0.3,0.8,0.3,1.2,-,0.3,0.3,-,0.2,-,-,0.2,-,-,-,-,18.8,0.2,-,16.3,2.3,-,-,-,-,-,-,-,-,-,-
522,Gastón Pereiro,Bari,SerieA,29 years old (11-06-1995),188cm,Uruguay,"Attacking Midfielder (Centre, Left, Right), Forward",,,0(2),29.0,-,-,-,-,78.6,0.5,-,6.16,,,-,-,-,-,-,-,-,-,-,-,-,-,-,-,1,0.5,0.5,0.5,-,0.5,-,0.5,-,-,0.5,-,-,-,-,-,-,-,7,-,0.5,5.5,1,-,-,-,-,-,-,-,-,-,-
523,Kacper Urbanski,AC Monza,SerieA,20 years old (07-09-2004),"1,83m",Poland,"Attacking Midfielder (Centre, Left)",Central Midfield,right,6(2),502.0,-,-,1,-,87.7,0.8,-,6.16,"Jun 30, 2025",€7.00m,0.6,-,-,-,-,0.6,0.4,-,0.3,1,0.6,0.4,0.8,1.3,2.4,0.8,1.6,0.6,0.4,1,0.3,0.5,1,-,1,0.3,0.1,0.6,-,-,-,-,30.5,1.8,0.3,25,3.5,0.5,-,0.5,-,-,-,-,-,-,-
524,Kevin Bonifazi,US Lecce,SerieA,28 years old (19-05-1996),187cm,Italy,Defender (Centre),,,0(3),62.0,-,-,-,-,88.1,0.3,-,6.16,,,-,-,-,-,-,-,-,-,-,0.7,0.3,0.3,0.7,-,0.7,0.3,0.3,0.3,-,0.3,0.7,-,-,-,1,0.3,-,-,-,-,-,-,14,-,1,12.3,0.7,-,-,-,-,-,-,-,-,-,-
525,Jesper Karlsson,US Lecce,SerieA,26 years old (25-07-1998),"1,79m",Sweden,"Attacking Midfielder (Left, Right), Forward",Left Winger,right,3(4),297.0,1,-,1,-,76.7,0.3,-,6.16,"Jun 30, 2025",€4.50m,0.9,0.1,-,0.1,-,0.9,0.4,-,0.4,0.9,0.6,0.3,0.9,1.3,0.9,0.3,0.6,0.1,0.3,0.4,-,0.6,0.9,0.1,0.3,-,0.1,0.6,-,-,-,-,12.9,-,0.1,9.9,2.9,0.3,-,0.3,-,-,-,-,-,-,-
526,Rémi Oudin,Sampdoria,SerieA,28 years old (18-11-1996),185cm,France,"Midfielder (Centre, Left, Right), Forward",,,3(8),295.0,-,-,1,-,77.2,0.1,-,6.16,,,0.3,-,-,-,-,0.3,0.3,-,-,0.5,0.3,0.3,0.5,0.3,0.2,0.1,0.1,0.3,0.2,0.5,0.2,0.1,0.2,-,0.1,0.2,-,0.4,-,-,-,-,10.4,1.1,0.6,6.9,1.7,0.5,0.2,0.4,-,-,-,-,-,-,-
527,Brooke Norton-Cuffy,Genoa CFC,SerieA,21 years old (12-01-2004),"1,81m",England,"Defender (Right), Midfielder (Right)",Right-Back,right,4(6),374.0,-,-,-,-,75.4,0.6,-,6.16,"Jun 30, 2029",€3.50m,0.2,-,-,-,-,0.2,0.1,-,0.1,0.9,0.9,-,0.8,0.2,1,0.6,0.4,0.9,0.1,1,0.3,0.1,0.3,-,0.6,-,0.3,0.4,-,-,-,-,12.2,0.6,0.6,8.6,2.4,0.1,-,0.1,-,-,-,-,-,-,-
528,Filippo Melegoni,Carrarese,SerieA,26 years old (18-02-1999),186cm,Italy,"Midfielder (Centre, Right)",,,1(2),88.0,-,1,-,-,58.3,0.3,-,6.16,,,0.3,-,-,-,-,0.3,0.3,-,-,0.7,0.3,0.3,1,0.3,0.3,0.3,-,0.3,1.3,1.7,-,0.3,-,-,0.7,-,-,-,-,-,-,-,4,-,-,2.3,1.7,0.3,-,0.3,0.3,-,-,0.3,-,-,-
529,Emil Bohinen,Frosinone,SerieA,26 years old (12-03-1999),189cm,Norway,Defensive Midfielder (C),,,1(2),165.0,-,-,-,-,80.2,1,-,6.15,,,0.7,-,-,-,-,0.7,0.7,-,-,-,-,-,1.3,0.7,1.3,1,0.3,1.3,1,2.3,0.3,1,1,-,2,-,-,0.7,-,-,-,-,28.7,0.7,0.3,22.3,5.3,1,-,1,-,-,-,-,-,-,-
530,Alessio Iovine,Como 1907,SerieA,34 years old (01-02-1991),"1,74m",Italy,Midfielder,Right Midfield,right,3(6),374.0,-,-,2,-,76.1,0.3,-,6.15,-,€400k,0.1,-,-,-,-,0.1,0.1,-,-,0.1,-,0.1,0.1,-,1.1,0.3,0.8,0.6,0.7,1.2,0.3,0.7,0.6,-,2.1,0.1,0.2,0.7,-,-,-,-,17.7,1.4,2,12,2.2,0.3,0.1,0.2,-,-,-,-,-,-,-
531,Mathis Lambourde,Hellas Verona,SerieA,19 years old (09-01-2006),"1,79m",France,Forward,Centre-Forward,left,0(7),83.0,1,-,1,-,57.1,0.3,-,6.15,"Jun 30, 2029",€500k,0.3,0.1,-,0.1,-,0.3,0.1,-,0.1,0.4,0.3,0.1,0.4,0.9,0.9,0.3,0.6,0.4,0.3,0.7,-,0.1,0.6,-,0.1,-,-,0.4,-,-,-,-,3,-,-,1.7,1.3,0.1,-,0.1,-,-,-,-,-,-,-
532,Warren Bondo,AC Milan,SerieA,21 years old (15-09-2003),"1,77m",France,Defensive Midfielder (C),Central Midfield,right,3(1),164.0,-,-,1,-,91.6,0.3,-,6.15,"Jun 30, 2029",€10.00m,0.3,-,-,-,-,0.3,0.3,-,-,0.3,-,0.3,0.5,0.3,0.5,0.3,0.3,1.3,-,1.3,-,1,0.3,-,0.5,-,-,0.3,-,-,-,-,20.8,0.5,-,18.5,1.8,0.3,-,0.3,-,-,-,-,-,-,-
533,James Abankwah,Watford,SerieA,21 years old (16-01-2004),182cm,Ireland,Defender (Centre),,,0(6),85.0,-,-,1,-,78.3,0.3,-,6.15,,,0.2,-,-,-,-,0.2,-,-,0.2,-,-,-,0.2,0.5,0.7,0.3,0.3,0.7,0.2,0.8,0.2,0.5,0.7,-,0.5,0.2,-,0.2,-,-,-,-,7.7,0.2,1,5.8,0.7,-,-,-,-,-,-,-,-,-,-
534,Dani Silva,FC Midtjylland,SerieA,25 years old (11-04-2000),180cm,Portugal,Defensive Midfielder (C),,,4(7),405.0,-,-,1,-,85.5,0.6,-,6.15,,,0.2,-,-,-,-,0.2,0.2,-,-,0.1,-,0.1,0.4,0.5,1,0.6,0.4,0.4,0.3,0.6,0.5,0.4,0.4,-,0.6,0.1,0.1,0.1,-,-,-,-,20.6,0.5,0.5,17.1,2.5,0.3,0.1,0.2,-,-,-,-,-,-,-
535,Francesco Camarda,AC Milan,SerieA,17 years old (10-03-2008),184cm,Italy,Forward,,,1(8),155.0,-,-,-,-,86.7,0.6,-,6.15,,,0.6,-,-,-,-,0.6,0.1,-,0.4,0.8,0.6,0.2,0.7,0.3,1.3,0.6,0.8,0.6,0.4,1,-,0.1,0.7,0.2,0.3,0.1,-,-,-,-,-,-,3.3,-,-,2.9,0.4,0.2,-,0.2,-,-,-,-,-,-,-
536,Vanja Vlahovic,Atalanta BC,SerieA,21 years old (23-03-2004),184cm,Serbia,Forward,,,0(3),58.0,-,-,-,-,66.7,-,-,6.14,,,0.3,-,-,-,-,0.3,-,-,0.3,0.7,0.7,-,2,0.3,1,-,1,0.3,-,0.3,-,1,-,-,-,-,-,-,-,-,-,-,2,-,-,1.3,0.7,0.7,-,0.7,-,-,-,-,-,-,-
537,Daniel Oyegoke,Hellas Verona,SerieA,22 years old (03-01-2003),"1,88m",England,"Defender (Centre, Right), Midfielder (Right)",Right-Back,right,0(5),99.0,-,-,1,-,81.5,-,-,6.14,"Jun 30, 2028",€400k,0.2,-,-,-,-,0.2,0.2,-,-,0.6,0.2,0.4,0.4,0.4,0.4,-,0.4,0.4,-,0.4,0.2,-,0.4,-,1.2,-,0.2,0.2,-,-,-,-,5.4,0.2,0.4,4.2,0.6,-,-,-,-,-,-,-,-,-,-
538,Jacopo Bacci,FC Empoli,SerieA,19 years old (19-06-2005),173cm,Italy,Midfielder,,,0(3),29.0,-,-,-,-,60,0.3,-,6.14,,,-,-,-,-,-,-,-,-,-,-,-,-,-,-,0.3,0.3,-,0.3,-,0.3,0.3,0.3,-,-,0.3,-,-,-,-,-,-,-,3.3,0.3,1,1.7,0.3,-,-,-,-,-,-,-,-,-,-
539,Arvid Brorsson,AC Monza,SerieA,25 years old (08-05-1999),"1,93m",Sweden,Defender (Centre),Centre-Back,right,1(2),105.0,-,-,-,-,84.8,1,-,6.14,"Jun 30, 2027",€600k,-,-,-,-,-,-,-,-,-,-,-,-,-,-,1.7,1,0.7,0.7,-,0.7,-,-,-,-,4.3,1.3,-,0.3,-,-,-,-,22,0.7,1,18,2.3,-,-,-,-,-,-,-,-,-,-
540,Simone Verdi,Sassuolo,SerieA,32 years old (12-07-1992),171cm,Italy,"Attacking Midfielder (Centre, Left, Right), Forward",,,0(9),108.0,-,-,1,-,59.1,-,-,6.14,,,0.2,-,-,-,-,0.2,0.2,-,-,0.2,-,0.2,-,0.4,-,-,-,0.2,0.2,0.4,-,0.1,0.1,-,0.1,-,0.1,0.2,-,-,-,-,4.9,0.2,0.3,2.7,1.7,0.7,0.3,0.3,-,-,-,-,-,-,-
541,Kevin Zeroli,AC Monza,SerieA,20 years old (11-01-2005),"1,87m",Italy,Midfielder,Central Midfield,right,3(3),315.0,-,-,-,-,75,0.7,-,6.14,"Jun 30, 2025",€3.50m,0.8,-,-,-,-,0.8,0.2,-,0.7,0.2,0.2,-,1.2,0.5,1,0.7,0.3,0.8,0.2,1,0.3,0.2,0.5,0.2,1,0.2,0.2,0.8,-,-,-,-,13.3,0.2,0.2,9.8,3.2,0.2,-,0.2,-,-,-,-,-,-,-
542,Mirko Maric,Venezia FC,SerieA,29 years old (16-05-1995),"1,88m",Croatia,Forward,Centre-Forward,left,4(3),319.0,-,-,-,-,79.8,1.4,-,6.14,"Jun 30, 2025",€700k,0.9,-,-,-,-,0.9,0.1,-,0.7,0.9,0.6,0.3,1.7,0.6,4.4,1.4,3,0.3,0.4,0.7,0.1,0.6,0.4,0.4,1.4,-,-,0.3,-,-,-,-,12.7,0.1,-,10,2.6,0.1,-,0.1,-,-,-,-,-,-,-
543,Yann Karamoh,Torino FC,SerieA,26 years old (08-07-1998),"1,84m",France,"Attacking Midfielder (Centre, Left, Right), Forward",Left Winger,right,10(19),1042.0,-,1,2,-,72.7,0.2,-,6.14,"Jun 30, 2025",€2.20m,0.9,-,-,-,-,0.9,0.2,-,0.6,1.3,0.9,0.4,0.9,0.9,0.5,0.2,0.3,0.2,0.2,0.3,0.1,0.5,0.4,0.1,0.2,0.1,-,0.3,-,-,-,-,8.7,0.1,0.2,6.2,2.2,0.3,-,0.3,-,-,-,-,-,-,-
544,Alessandro Gabrielloni,Como 1907,SerieA,30 years old (10-07-1994),"1,78m",Italy,Forward,Centre-Forward,right,0(14),129.0,1,1,1,-,57.4,0.2,-,6.13,"Jun 30, 2027",€1.00m,0.4,0.1,0.1,-,-,0.4,0.1,0.1,0.1,-,-,-,0.1,0.2,1,0.2,0.8,-,0.2,0.2,-,0.3,0.4,0.1,0.1,-,-,-,-,-,-,-,3.4,-,0.1,1.9,1.3,0.3,-,0.3,0.1,-,-,-,-,-,0.1
545,Bjarki Bjarkason,Venezia FC,SerieA,24 years old (11-05-2000),"1,80m",Iceland,Midfielder,Left Midfield,right,1(8),159.0,-,-,2,-,89.5,-,-,6.13,"Jun 30, 2027",€800k,-,-,-,-,-,-,-,-,-,0.7,0.6,0.1,0.2,-,-,-,-,0.3,0.1,0.4,0.2,0.9,0.2,-,0.4,-,-,0.1,-,-,-,-,8.4,0.1,0.1,7.4,0.8,0.1,-,0.1,-,-,-,-,-,-,-
546,Alexis Sánchez,Udinese Calcio,SerieA,36 years old (19-12-1988),"1,69m",Chile,"Midfielder (Centre, Left, Right), Forward",Centre-Forward,right,5(5),358.0,-,-,-,-,83.5,0.1,-,6.13,"Jun 30, 2026",€2.00m,0.5,-,-,-,-,0.5,0.2,-,0.3,0.5,0.3,0.2,1.2,0.8,1.2,0.1,1.1,0.3,0.4,0.7,0.3,0.8,0.3,0.4,-,-,-,0.4,-,-,-,-,12.7,0.7,0.2,9.9,1.9,0.2,0.1,0.1,-,-,-,-,-,-,-
547,Mathias Løvik,Parma Calcio 1913,SerieA,21 years old (06-12-2003),"1,83m",,Defender,Left-Back,left,0(5),81.0,-,-,-,-,81,0.4,-,6.13,"Jun 30, 2029",€5.00m,0.2,-,-,-,-,0.2,-,-,0.2,0.6,0.4,0.2,1,0.2,0.8,0.4,0.4,0.2,0.2,0.4,0.4,-,0.4,-,0.6,0.2,-,-,-,-,-,-,8.4,0.6,0.4,6.2,1.2,0.2,-,0.2,-,-,-,-,-,-,-
548,Loum Tchaouna,SS Lazio,SerieA,21 years old (08-09-2003),"1,80m",France,"Attacking Midfielder (Centre, Right), Forward",Right Winger,left,6(18),651.0,1,-,2,1,76.3,0.2,-,6.13,"Jun 30, 2029",€10.00m,1,-,-,-,-,1,0.3,-,0.6,0.4,0.2,0.2,1.1,0.3,1.3,0.2,1.1,0.3,0.3,0.6,0.2,0.3,0.4,-,0.5,-,-,0.2,-,-,-,-,8.8,0.2,0.3,6.5,1.8,0.4,-,0.4,-,-,-,-,-,-,-
549,Christian Gytkjær,Venezia FC,SerieA,34 years old (06-05-1990),"1,85m",Denmark,Forward,Centre-Forward,right,5(21),587.0,2,-,-,-,56.6,0.8,-,6.12,"Jun 30, 2025",€700k,0.5,0.1,-,-,-,0.5,0.1,0.1,0.3,-,-,-,0.6,0.3,2.6,0.8,1.8,0.2,-,0.3,-,0.2,0.3,0.2,0.3,-,-,-,-,-,-,-,5,0.1,-,2.7,2.2,0.2,-,0.2,-,-,-,-,-,-,-
550,Gaetano Castrovilli,AC Monza,SerieA,28 years old (17-02-1997),"1,87m",Italy,"Midfielder (Centre, Left)",Central Midfield,right,1(8),140.0,-,-,-,-,84.4,-,-,6.12,"Jun 30, 2025",€3.50m,0.2,-,-,-,-,0.2,0.1,-,0.1,0.2,0.1,0.1,0.2,0.4,-,-,-,0.6,0.2,0.8,0.3,0.1,0.4,-,0.1,-,-,0.3,-,-,-,-,8.6,0.4,0.1,6.8,1.2,0.2,-,0.2,-,-,-,-,-,-,-
551,Alberto Manzoni,Atalanta BC,SerieA,19 years old (25-06-2005),178cm,Italy,Midfielder,,,0(1),5.0,-,-,-,-,91.7,1,-,6.12,,,1,-,-,-,-,1,1,-,-,-,-,-,-,-,1,1,-,-,-,-,-,1,1,-,-,-,-,-,-,-,-,-,12,-,-,11,1,-,-,-,-,-,-,-,-,-,-
552,Omari Forson,AC Monza,SerieA,20 years old (20-07-2004),"1,79m",England,Forward,Right Winger,left,0(7),107.0,-,-,-,-,88.1,-,-,6.12,"Jun 30, 2028",€2.00m,0.4,-,-,-,-,0.4,0.4,-,-,0.7,0.3,0.4,0.6,0.3,0.1,-,0.1,0.3,0.1,0.4,-,0.3,0.3,0.1,-,-,-,0.3,-,-,-,-,9.6,0.4,-,8,1.1,0.6,-,0.6,-,-,-,-,-,-,-
553,Faride Alidou,Kaiserslautern,SerieA,23 years old (18-07-2001),186cm,Germany,"Attacking Midfielder (Left, Right)",,,0(3),68.0,-,-,-,-,88.2,0.3,-,6.11,,,0.3,-,-,-,-,0.3,0.3,-,-,1.3,0.7,0.7,0.3,0.3,0.3,0.3,-,-,-,-,0.3,-,0.3,-,0.7,-,0.3,0.3,-,-,-,-,5.7,-,-,5,0.7,0.3,-,0.3,-,-,-,-,-,-,-
554,Roberto Gagliardini,AC Monza,SerieA,31 years old (07-04-1994),"1,88m",Italy,Defensive Midfielder (C),Central Midfield,right,0(8),174.0,-,-,1,-,87,0.6,-,6.11,"Jun 30, 2025",€2.00m,-,-,-,-,-,-,-,-,-,0.3,0.1,0.1,0.5,0.5,1.4,0.6,0.8,0.4,0.4,0.8,0.3,0.9,0.8,-,0.5,-,-,0.1,-,-,-,-,15.4,0.6,1,12.8,1,0.1,-,0.1,-,-,-,-,-,-,-
555,Giovanni Simeone,SSC Napoli,SerieA,29 years old (05-07-1995),"1,80m",Argentina,"Attacking Midfielder (Right), Forward",Centre-Forward,right,1(26),365.0,1,1,1,-,72.3,0.3,-,6.11,"Jun 30, 2026",€8.00m,0.5,-,-,-,-,0.5,0.1,-,0.4,0.4,0.2,0.2,0.7,0.4,1.5,0.3,1.2,0.1,0.2,0.3,-,0.6,0.2,0.1,0.2,0.1,-,0.3,-,-,-,-,3.7,-,-,2.7,1,0.3,-,0.3,-,-,-,-,-,-,-
556,Wylan Cyprien,Parma Calcio 1913,SerieA,30 years old (28-01-1995),180cm,France,Midfielder (Centre),,,0(2),26.0,-,-,-,-,70,-,-,6.11,,,0.5,-,-,-,-,0.5,-,-,0.5,-,-,-,-,-,-,-,-,-,0.5,0.5,0.5,-,-,-,-,-,-,0.5,-,-,-,-,10,1,1,6,2,-,-,-,-,-,-,-,-,-,-
557,Emmanuel Ekong,Malmoe FF,SerieA,22 years old (25-06-2002),176cm,Sweden,Forward,,,0(15),173.0,-,-,1,-,67.4,0.1,-,6.1,,,0.3,-,-,-,-,0.3,0.2,-,0.1,1.3,0.9,0.5,0.5,0.6,0.6,0.1,0.5,0.3,-,0.3,0.1,0.3,0.2,0.1,0.1,0.1,-,0.1,-,-,-,-,2.9,0.1,0.1,1.9,0.9,0.1,-,0.1,-,-,-,-,-,-,-
558,Domen Crnigoj,Venezia FC,SerieA,29 years old (18-11-1995),"1,88m",Slovenia,"Attacking Midfielder (Centre, Right)",Central Midfield,right,1(7),131.0,-,-,-,-,54.3,0.3,-,6.1,"Jun 30, 2026",€900k,0.1,-,-,-,-,0.1,-,-,0.1,0.1,0.1,-,0.9,0.1,0.9,0.3,0.6,0.5,0.1,0.6,0.5,0.5,0.3,-,0.5,0.3,-,0.4,-,-,-,-,5.8,0.1,0.5,3,2.1,-,-,-,-,-,-,-,-,-,-
559,Simone Pafundi,Udinese Calcio,SerieA,19 years old (14-03-2006),"1,66m",Italy,Midfielder,Attacking Midfield,left,0(8),94.0,-,-,-,-,86.8,-,-,6.1,"Jun 30, 2026",€6.00m,0.3,-,-,-,-,0.3,0.1,-,0.1,0.9,0.8,0.1,0.1,0.1,0.3,-,0.3,0.4,0.4,0.8,-,0.8,0.1,-,0.1,-,-,-,-,-,-,-,6.6,0.1,0.1,5.6,0.8,0.1,-,0.1,-,-,-,-,-,-,-
560,Dailon Livramento,Hellas Verona,SerieA,23 years old (04-05-2001),"1,85m",,Forward,Centre-Forward,right,8(18),888.0,1,1,2,1,59.3,1.1,-,6.1,"Jun 30, 2028",€800k,0.5,-,-,-,-,0.5,-,0.1,0.4,0.9,0.7,0.2,1,0.4,2.8,1.1,1.8,0.5,0.2,0.7,0.1,0.2,0.7,0.3,0.2,0.1,0.1,0.3,-,-,-,-,5.6,0.1,0.1,3.2,2.2,0.3,-,0.3,-,-,-,-,-,-,-
561,Mirko Maric,Venezia FC,SerieA,29 years old (16-05-1995),"1,88m",Croatia,Forward,Centre-Forward,left,1(7),101.0,-,-,-,-,63.2,0.8,-,6.1,"Jun 30, 2025",€700k,0.1,-,-,-,-,0.1,-,-,0.1,0.1,-,0.1,0.4,0.1,2.3,0.8,1.5,0.1,0.1,0.3,0.1,0.3,0.3,-,0.1,0.1,-,-,-,-,-,-,4.8,-,-,3,1.8,0.1,-,0.1,-,-,-,-,-,-,-
562,Tomás Palacios,AC Monza,SerieA,22 years old (28-04-2003),"1,96m",Argentina,Defender (Centre),Centre-Back,left,0(2),10.0,-,-,-,-,100,-,-,6.1,"Jun 30, 2025",€5.00m,-,-,-,-,-,-,-,-,-,-,-,-,-,-,-,-,-,-,-,-,0.5,-,-,-,-,-,-,-,-,-,-,-,7.5,0.5,-,7,-,-,-,-,-,-,-,-,-,-,-
563,Yordan Osorio,Parma Calcio 1913,SerieA,30 years old (10-05-1994),"1,89m",Venezuela,Defender (Centre),Centre-Back,right,2(1),172.0,-,-,-,-,88,0.7,-,6.09,"Jun 30, 2025",€1.70m,0.3,-,-,-,-,0.3,0.3,-,-,-,-,-,0.3,-,1,0.7,0.3,1.7,-,1.7,1.3,0.7,1.7,-,2,0.3,-,0.7,-,-,-,-,39,1.3,2.3,33,2.3,0.3,-,0.3,-,-,-,-,-,-,-
564,Ben Kone,Frosinone,SerieA,25 years old (14-03-2000),172cm,Ivory Coast,Midfielder,,,0(4),48.0,-,-,1,-,95.8,-,-,6.09,,,0.3,-,-,-,-,0.3,0.3,-,-,0.3,-,0.3,1.3,1.3,0.3,-,0.3,0.5,0.3,0.8,0.3,0.3,0.3,-,0.3,-,-,-,-,-,-,-,6,-,-,5.8,0.3,-,-,-,-,-,-,-,-,-,-
565,Sergiu Perciun,Torino FC,SerieA,19 years old (23-04-2006),175cm,Moldova,Midfielder,,,0(1),14.0,-,-,-,-,75,-,-,6.09,,,-,-,-,-,-,-,-,-,-,1,1,-,-,-,-,-,-,-,-,-,-,-,1,-,-,-,-,2,-,-,-,-,4,-,-,3,1,-,-,-,-,-,-,-,-,-,-
566,Ismael Konaté,FC Empoli,SerieA,19 years old (29-03-2006),183cm,Italy,Forward,,,0(9),61.0,-,-,-,-,47.8,0.3,-,6.09,,,0.2,-,-,-,-,0.2,0.1,-,0.1,0.1,-,0.1,0.6,0.1,1,0.3,0.7,0.4,0.1,0.6,-,0.2,0.3,-,-,0.2,0.1,0.1,-,-,-,-,2.6,0.1,0.1,1.1,1.2,-,-,-,-,-,-,-,-,-,-
567,Nicola Sansone,US Lecce,SerieA,33 years old (10-09-1991),"1,74m",Italy,"Attacking Midfielder (Left, Right), Forward",Left Winger,right,1(5),63.0,-,-,1,-,88.9,-,-,6.09,"Jun 30, 2025",€400k,0.5,-,-,-,-,0.5,0.3,-,0.2,0.2,0.2,-,0.2,0.2,0.2,-,0.2,-,-,-,-,0.2,-,0.2,-,-,-,-,-,-,-,-,3,-,-,2.7,0.3,0.2,-,0.2,-,-,-,-,-,-,-
568,Adrian Benedyczak,Parma Calcio 1913,SerieA,24 years old (24-11-2000),"1,91m",Poland,Forward,Left Winger,both,2(6),194.0,-,-,-,-,66.7,1.1,-,6.08,"Jun 30, 2028",€4.50m,0.4,-,-,-,-,0.4,0.1,-,0.3,0.1,0.1,-,0.6,0.4,2.5,1.1,1.4,-,0.1,0.1,-,0.6,0.4,0.1,1,0.1,-,0.3,-,-,-,-,6,0.4,0.4,3.6,1.6,0.1,-,0.1,-,-,-,-,-,-,-
569,Richie Sagrado,Venezia FC,SerieA,21 years old (30-01-2004),"1,82m",,"Defender (Right), Midfielder (Right)",Right-Back,right,3,143.0,-,-,1,-,81.5,0.7,-,6.08,"Jun 30, 2028",€2.00m,0.3,-,-,-,-,0.3,0.3,-,-,-,-,-,1,-,0.7,0.7,-,0.7,-,0.7,1,0.7,0.7,-,1.3,-,-,0.3,-,-,-,-,9,-,0.7,7.3,1,-,-,-,-,-,-,-,-,-,-
570,Lorenzo Venturino,Genoa CFC,SerieA,18 years old (22-06-2006),169cm,,Forward,,,0(4),88.0,-,-,-,-,55.6,0.3,-,6.08,,,0.5,-,-,-,-,0.5,0.3,-,0.3,0.5,0.3,0.3,1.8,0.3,0.5,0.3,0.3,0.5,0.3,0.8,-,0.3,0.5,-,0.5,-,0.3,0.3,-,-,-,-,6.8,-,0.3,3.8,2.8,0.5,-,0.5,-,-,-,-,-,-,-
571,Oliver Provstgaard,SS Lazio,SerieA,21 years old (04-06-2003),"1,94m",Denmark,Defender,Centre-Back,left,0(1),22.0,-,-,-,-,91.7,-,-,6.08,"Jun 30, 2029",€3.50m,-,-,-,-,-,-,-,-,-,-,-,-,-,-,1,-,1,-,-,-,-,-,-,-,1,-,-,1,-,-,-,-,12,-,-,11,1,-,-,-,-,-,-,-,-,-,-
572,Viktor Kovalenko,FC Empoli,SerieA,29 years old (14-02-1996),"1,82m",Ukraine,Midfielder (Centre),Attacking Midfield,right,0(6),72.0,-,-,-,-,72.2,0.5,-,6.08,"Jun 30, 2025",€1.00m,0.5,-,-,-,-,0.5,0.3,-,0.2,0.2,-,0.2,0.2,0.3,1,0.5,0.5,0.3,0.2,0.5,-,0.3,0.3,-,-,-,-,-,-,-,-,-,6,0.2,0.2,4.2,1.5,-,-,-,-,-,-,-,-,-,-
573,Silvere Ganvoula,AC Monza,SerieA,28 years old (29-06-1996),"1,91m",Congo,Forward,Centre-Forward,right,4(3),326.0,-,-,-,-,61.7,2.3,-,6.08,"Jun 30, 2026",€2.00m,0.6,-,-,-,-,0.6,-,0.1,0.4,1.1,0.9,0.3,2.6,1.1,4,2.3,1.7,-,0.1,0.1,0.1,1.1,0.6,0.1,0.7,-,-,0.1,-,-,-,-,8.6,0.3,-,5,3.3,0.1,-,0.1,-,-,-,-,-,-,-
574,Ali Jasim,Almere City FC,SerieA,21 years old (20-01-2004),178cm,,Midfielder,,,0(2),9.0,-,-,-,-,87.5,0.5,-,6.07,,,-,-,-,-,-,-,-,-,-,-,-,-,-,-,0.5,0.5,-,0.5,-,0.5,-,-,0.5,-,-,-,-,-,-,-,-,-,4,-,0.5,3.5,-,-,-,-,-,-,-,-,-,-,-
575,Alessandro Marcandalli,Venezia FC,SerieA,22 years old (25-10-2002),"1,90m",,Defender (Centre),Centre-Back,right,1(1),47.0,-,-,-,-,60,1,-,6.07,"Jun 30, 2025",€2.00m,-,-,-,-,-,-,-,-,-,-,-,-,-,-,1,1,-,0.5,-,0.5,-,-,-,-,1,-,-,-,-,-,-,-,10,0.5,-,5.5,4,-,-,-,-,-,-,-,-,-,-
576,Samuel Dahl,Benfica,SerieA,22 years old (04-03-2003),174cm,Sweden,Defender,,,0(2),41.0,-,-,-,-,88.5,-,-,6.07,,,-,-,-,-,-,-,-,-,-,0.5,0.5,-,0.5,-,0.5,-,0.5,1,0.5,1.5,-,-,1,-,-,-,-,1,-,-,-,-,13,-,0.5,11.5,1,-,-,-,-,-,-,-,-,-,-
577,Alessandro Bianco,AC Monza,SerieA,22 years old (01-10-2002),"1,73m",Italy,Midfielder (Centre),Central Midfield,right,0(1),17.0,-,-,-,-,81.8,-,-,6.06,"Jun 30, 2025",€5.00m,-,-,-,-,-,-,-,-,-,-,-,-,1,-,-,-,-,-,1,1,-,-,-,-,-,-,-,-,-,-,-,-,11,1,-,8,2,-,-,-,-,-,-,-,-,-,-
578,Szymon Zurkowski,FC Empoli,SerieA,27 years old (25-09-1997),"1,85m",Poland,Attacking Midfielder (Centre),Central Midfield,right,0(5),102.0,-,-,-,-,81.8,-,-,6.05,"Jun 30, 2025",€2.50m,0.4,-,-,-,-,0.4,-,-,0.4,0.8,0.4,0.4,1,0.8,-,-,-,1.2,-,1.2,0.2,0.2,0.4,-,0.4,-,-,0.6,-,-,-,-,6.6,-,0.2,5.4,1,-,-,-,-,-,-,-,-,-,-
579,Francesco Caputo,FC Empoli,SerieA,37 years old (06-08-1987),181cm,Italy,Forward,,,0(1),5.0,-,-,-,-,100,-,-,6.05,,,-,-,-,-,-,-,-,-,-,-,-,-,-,-,-,-,-,-,-,-,-,-,-,-,-,-,-,-,-,-,-,-,2,-,-,2,-,-,-,-,-,-,-,-,-,-,-
580,Marco Sala,US Lecce,SerieA,25 years old (04-06-1999),"1,82m",Italy,Defender,Left-Back,left,3(5),259.0,-,-,3,-,77.8,0.1,-,6.05,"Jun 30, 2025",€1.00m,-,-,-,-,-,-,-,-,-,0.3,0.1,0.1,0.1,0.1,0.4,0.1,0.3,1.1,0.4,1.5,0.1,0.1,0.6,-,1,-,0.1,0.3,-,-,-,-,15.8,0.5,1.5,11.8,2,0.1,-,0.1,-,-,-,-,-,-,-
581,Ben Godfrey,Ipswich Town,SerieA,27 years old (15-01-1998),184cm,England,"Defender (Centre, Left, Right)",,,0(1),22.0,-,-,-,-,77.8,-,-,6.04,,,-,-,-,-,-,-,-,-,-,-,-,-,1,-,-,-,-,-,1,1,-,-,1,-,-,1,-,-,-,-,-,-,9,-,-,7,2,-,-,-,-,-,-,-,-,-,-
582,Filip Marchwinski,US Lecce,SerieA,23 years old (10-01-2002),"1,87m",Poland,Midfielder,Attacking Midfield,both,0(1),14.0,-,-,-,-,80,-,-,6.04,"Jun 30, 2028",€3.00m,-,-,-,-,-,-,-,-,-,-,-,-,-,-,-,-,-,-,-,-,-,1,-,-,-,-,-,-,-,-,-,-,5,-,-,4,1,-,-,-,-,-,-,-,-,-,-
583,Oliver Abildgaard,Pisa,SerieA,28 years old (10-06-1996),192cm,Denmark,Defensive Midfielder (C),,,0(1),7.0,-,-,-,-,100,-,-,6.04,,,-,-,-,-,-,-,-,-,-,-,-,-,-,-,-,-,-,-,-,-,-,1,-,-,-,-,-,1,-,-,-,-,1,-,-,1,-,-,-,-,-,-,-,-,-,-,-
584,Samuele Vignato,AC Monza,SerieA,21 years old (24-02-2004),"1,72m",Italy,Attacking Midfielder (Centre),Attacking Midfield,right,3(13),443.0,-,-,-,-,80.6,0.3,-,6.03,"Jun 30, 2025",€3.50m,0.2,-,-,-,-,0.2,-,-,0.2,0.8,0.5,0.3,0.5,0.6,1.2,0.3,0.9,0.4,0.2,0.6,-,0.2,0.2,0.1,0.3,-,0.1,0.1,-,-,-,-,8.7,0.2,0.3,6.8,1.4,0.1,0.1,-,-,-,-,-,-,-,-
585,Daniel Fila,Venezia FC,SerieA,22 years old (21-08-2002),"1,90m",Czech Republic,Forward,Centre-Forward,left,5(3),408.0,1,-,1,1,80,0.4,-,6.03,"Jun 30, 2029",€3.00m,0.8,0.1,0.1,-,-,0.8,0.1,0.1,0.5,0.5,0.3,0.3,1.6,1.3,2.5,0.4,2.1,0.3,0.3,0.5,-,0.8,1.4,0.4,0.5,-,-,0.6,-,-,-,-,8.8,0.3,0.3,6.8,1.5,0.8,-,0.8,-,-,-,-,-,-,-
586,Nicholas Pierini,Sassuolo,SerieA,26 years old (06-08-1998),176cm,Italy,Forward,,,0(2),82.0,-,-,-,-,82.4,0.5,-,6.03,,,0.5,-,-,-,-,0.5,0.5,-,-,0.5,0.5,-,1,1.5,2,0.5,1.5,-,0.5,0.5,-,1,0.5,-,-,-,-,1,-,-,-,-,8.5,-,-,7,1.5,1,0.5,0.5,-,-,-,-,-,-,-
587,Ali Dembélé,Torino FC,SerieA,21 years old (05-01-2004),"1,89m",France,Defender,Right Midfield,right,1(10),132.0,1,-,1,1,78.8,0.2,-,6.02,"Jun 30, 2026",€800k,0.1,0.1,-,0.1,-,0.1,-,-,0.1,0.4,0.3,0.1,0.3,0.3,0.7,0.2,0.5,0.4,-,0.4,-,-,0.3,-,0.5,0.1,-,-,-,-,-,-,4.7,0.1,0.1,3.6,0.9,0.1,-,0.1,-,-,-,-,-,-,-
588,Mario Balotelli,Genoa CFC,SerieA,34 years old (12-08-1990),"1,89m",Italy,Forward,Centre-Forward,right,0(6),57.0,-,-,2,-,36.4,0.3,-,6.02,"Jun 30, 2025",€500k,0.3,-,-,-,-,0.3,0.3,-,-,-,-,-,0.2,-,0.7,0.3,0.3,-,-,-,-,0.3,0.3,-,0.2,-,-,-,-,-,-,-,1.8,0.2,-,0.5,1.2,-,-,-,-,-,-,-,-,-,-
589,David Ankeye,Genoa CFC,SerieA,22 years old (22-05-2002),191cm,,Forward,,,0(4),43.0,-,-,-,-,85.7,-,-,6.02,,,-,-,-,-,-,-,-,-,-,0.3,-,0.3,-,0.5,0.3,-,0.3,-,0.3,0.3,-,0.3,0.8,-,0.3,-,-,-,-,-,-,-,1.8,-,-,1.5,0.3,-,-,-,-,-,-,-,-,-,-
590,Emil Audero,Palermo,SerieA,28 years old (18-01-1997),190cm,Italy,Goalkeeper,,,8,720.0,-,-,-,-,80.3,0.3,-,6.02,,,-,-,-,-,-,-,-,-,-,-,-,-,-,-,0.4,0.3,0.1,-,0.1,0.1,-,0.1,-,-,0.5,-,-,-,2,-,1.3,0.8,27.9,3.6,5.3,18.8,0.3,-,-,-,-,-,-,-,-,-,-
591,Mattia Valoti,Cremonese,SerieA,31 years old (06-09-1993),187cm,Italy,"Attacking Midfielder (Centre, Left)",,,0(5),36.0,-,-,1,-,63.2,-,-,6.02,,,-,-,-,-,-,-,-,-,-,-,-,-,-,0.2,0.2,-,0.2,0.6,0.4,1,-,0.4,0.4,-,0.4,-,-,0.4,-,-,-,-,3.8,0.2,0.4,2.2,1,-,-,-,-,-,-,-,-,-,-
592,Davide Bartesaghi,AC Milan,SerieA,19 years old (29-12-2005),193cm,Italy,Defender,,,0(3),58.0,-,-,-,1,85,0.3,-,6.02,,,0.3,-,-,-,-,0.3,0.3,-,-,0.7,0.7,-,-,-,0.3,0.3,-,0.7,-,0.7,0.7,-,0.3,0.3,0.3,0.3,-,-,-,-,-,-,6.7,0.3,0.3,5.3,0.7,0.3,-,0.3,-,-,-,-,-,-,-
593,Michael Folorunsho,ACF Fiorentina,SerieA,27 years old (07-02-1998),"1,90m",Italy,"Midfielder (Centre, Right)",Central Midfield,right,0(6),31.0,-,-,-,-,71.4,0.3,-,6.02,"Jun 30, 2025",€7.00m,0.2,-,-,-,-,0.2,-,-,0.2,0.5,0.5,-,0.3,-,0.7,0.3,0.3,0.5,0.3,0.8,0.2,0.2,0.3,-,-,-,0.2,-,-,-,-,-,2.3,-,-,1.7,0.7,-,-,-,-,-,-,-,-,-,-
594,Andrea Petagna,AC Monza,SerieA,29 years old (30-06-1995),"1,90m",Italy,Forward,Centre-Forward,left,2(8),291.0,-,-,1,-,65.1,0.7,-,6.01,"Jun 30, 2027",€1.40m,0.4,-,-,-,-,0.4,0.1,-,0.3,0.4,0.2,0.2,0.8,0.3,2.3,0.7,1.6,0.1,0.1,0.2,0.1,0.4,0.5,0.3,0.1,-,0.1,-,-,-,-,-,6.3,0.3,0.1,3.8,2.1,0.1,-,0.1,-,-,-,-,-,-,-
595,Junior Ajayi,Hellas Verona,SerieA,20 years old (11-10-2004),"1,85m",Ivory Coast,Forward,Centre-Forward,right,0(2),11.0,-,-,-,-,100,-,-,6.01,-,€300k,-,-,-,-,-,-,-,-,-,-,-,-,0.5,-,0.5,-,0.5,-,-,-,-,0.5,0.5,-,-,-,-,-,-,-,-,-,2,-,-,2,-,-,-,-,-,-,-,-,-,-,-
596,Aaron Ciammaglichella,Torino FC,SerieA,20 years old (26-01-2005),180cm,Italy,Midfielder,,,0(1),1.0,-,-,-,-,-,-,-,6.0,,,-,-,-,-,-,-,-,-,-,-,-,-,-,-,-,-,-,-,-,-,-,-,-,-,-,-,-,-,-,-,-,-,-,-,-,-,-,-,-,-,-,-,-,-,-,-,-
597,Alessio Zerbin,Venezia FC,SerieA,26 years old (03-03-1999),"1,82m",Italy,"Midfielder (Left, Right)",Left Winger,right,0(2),2.0,-,-,-,-,-,-,-,6.0,"Jun 30, 2025",€4.00m,-,-,-,-,-,-,-,-,-,0.5,0.5,-,-,-,-,-,-,1,-,1,-,-,-,-,-,-,-,-,-,-,-,-,-,-,-,-,-,-,-,-,-,-,-,-,-,-,-
598,Kingstone Mutandwa,Cagliari Calcio,SerieA,22 years old (05-01-2003),"1,80m",Zambia,Forward,Centre-Forward,right,0(5),89.0,-,-,-,-,73.9,0.4,-,6.0,"Jun 30, 2028",€1.00m,0.8,-,-,-,-,0.8,0.4,-,0.4,0.6,0.4,0.2,0.4,-,1.2,0.4,0.8,-,-,-,-,0.2,0.8,-,-,-,-,-,-,-,-,-,4.6,-,-,3.4,1.2,-,-,-,-,-,-,-,-,-,-
599,Lorenzo Tosto,FC Empoli,SerieA,19 years old (29-01-2006),188cm,,Defender,,,0(1),1.0,-,-,-,-,100,-,-,6.0,,,-,-,-,-,-,-,-,-,-,-,-,-,-,-,-,-,-,-,-,-,-,-,-,-,-,-,-,-,-,-,-,-,4,-,-,4,-,-,-,-,-,-,-,-,-,-,-
600,Nikita Contini,SSC Napoli,SerieA,28 years old (21-05-1996),"1,90m",Italy,Goalkeeper,Goalkeeper,right,1,1.0,-,-,1,-,-,-,-,6.0,"Jun 30, 2025",€400k,-,-,-,-,-,-,-,-,-,-,-,-,-,-,-,-,-,-,-,-,-,-,-,-,-,-,-,-,-,-,-,-,-,-,-,-,-,-,-,-,-,-,-,-,-,-,-
601,Nunzio Lella,Bari,SerieA,24 years old (28-07-2000),186cm,Italy,Midfielder,,,0(1),5.0,-,-,-,-,100,-,-,6.0,,,-,-,-,-,-,-,-,-,-,-,-,-,-,-,1,-,1,-,-,-,-,1,1,-,-,-,-,-,-,-,-,-,1,-,-,1,-,-,-,-,-,-,-,-,-,-,-
602,Tammy Abraham,AC Milan,SerieA,27 years old (02-10-1997),"1,94m",England,Forward,Centre-Forward,right,0(1),1.0,-,-,-,-,33.3,1,-,6.0,"Jun 30, 2025",€15.00m,-,-,-,-,-,-,-,-,-,-,-,-,1,-,1,1,-,-,1,1,-,-,-,-,-,-,-,-,-,-,-,-,3,1,-,-,2,-,-,-,-,-,-,-,-,-,-
603,Yllan Okou,Hellas Verona,SerieA,22 years old (23-12-2002),"1,89m",France,Defender,Centre-Back,left,0(1),1.0,-,-,-,-,-,-,-,5.99,"Jun 30, 2025",€900k,-,-,-,-,-,-,-,-,-,-,-,-,-,-,-,-,-,-,-,-,-,-,-,-,-,-,-,1,-,-,-,-,1,-,1,-,-,-,-,-,-,-,-,-,-,-,-
604,Antonio Raimondo,Salernitana,SerieA,21 years old (18-03-2004),185cm,Italy,Forward,,,0(9),86.0,-,-,-,-,66.7,0.1,-,5.98,,,0.1,-,-,-,-,0.1,-,0.1,-,-,-,-,0.6,0.3,0.8,0.1,0.7,0.2,-,0.2,-,0.1,0.2,0.1,-,-,-,-,-,-,-,-,2.7,-,-,1.8,0.9,0.1,-,0.1,-,-,-,-,-,-,-
605,Bob Omoregbe,AC Milan,SerieA,21 years old (05-11-2003),185cm,,Forward,,,0(1),2.0,-,-,-,-,100,-,-,5.98,,,-,-,-,-,-,-,-,-,-,-,-,-,-,-,-,-,-,-,-,-,-,-,1,-,-,-,-,-,-,-,-,-,1,-,-,1,-,-,-,-,-,-,-,-,-,-,-
606,Petar Stojanovic,Salernitana,SerieA,29 years old (07-10-1995),178cm,Slovenia,"Defender (Right), Midfielder (Right)",,,0(1),2.0,-,-,-,-,33.3,-,-,5.98,,,-,-,-,-,-,-,-,-,-,-,-,-,-,-,-,-,-,-,-,-,-,-,-,-,-,-,-,-,-,-,-,-,3,-,2,1,-,-,-,-,-,-,-,-,-,-,-
607,Stefan Lekovic,AC Monza,SerieA,21 years old (09-01-2004),"1,92m",Serbia,Defender,Centre-Back,right,3(3),319.0,-,-,-,-,86.1,0.8,-,5.98,"Jun 30, 2025",€1.80m,0.3,-,-,-,-,0.3,0.2,-,0.2,0.5,0.2,0.3,0.5,-,1.7,0.8,0.8,1.3,1,2.3,1,0.5,0.8,-,0.3,0.7,0.2,-,-,-,-,-,26.3,1,1,21.7,2.7,-,-,-,-,-,-,-,-,-,-
608,Walid Cheddira,RCD Espanyol Barcelona,SerieA,27 years old (22-01-1998),187cm,Morocco,Forward,,,0(1),11.0,-,-,-,-,66.7,-,-,5.97,,,-,-,-,-,-,-,-,-,-,-,-,-,-,-,1,-,1,-,-,-,-,-,-,-,-,-,-,-,-,-,-,-,3,-,-,2,1,1,-,1,-,-,-,-,-,-,-
609,Mario Hermoso,Bayer 04 Leverkusen,SerieA,29 years old (18-06-1995),184cm,Spain,"Defender (Centre, Left)",,,2(6),246.0,-,-,-,1,90.7,0.4,-,5.95,,,0.1,-,-,-,-,0.1,-,-,0.1,0.4,0.1,0.3,-,0.1,1,0.4,0.6,0.3,0.1,0.4,0.5,0.1,0.9,-,1.6,0.1,-,-,-,-,-,-,24.1,1,0.4,20.9,1.9,-,-,-,-,-,-,-,-,-,-
610,Diego Pugno,Juventus FC,SerieA,18 years old (07-07-2006),174cm,,Forward,,,0(1),6.0,-,-,-,-,100,-,-,5.95,,,-,-,-,-,-,-,-,-,-,1,1,-,-,-,2,-,2,-,-,-,-,-,-,-,-,-,-,-,-,-,-,-,2,-,-,2,-,1,-,1,-,-,-,-,-,-,-
611,Damián Pizarro,Udinese Calcio,SerieA,20 years old (28-03-2005),"1,87m",Chile,Forward,Centre-Forward,right,0(2),14.0,-,-,-,-,66.7,-,-,5.94,"Jun 30, 2029",€4.00m,-,-,-,-,-,-,-,-,-,-,-,-,-,-,0.5,-,0.5,-,-,-,-,-,-,-,-,-,-,-,-,-,-,-,1.5,-,-,1,0.5,-,-,-,-,-,-,-,-,-,-
612,Saad El Haddad,Venezia FC,SerieA,19 years old (24-07-2005),"1,75m",Morocco,Midfielder,Attacking Midfield,right,0(3),27.0,-,-,-,-,76.9,-,-,5.93,"Jun 30, 2027",€250k,-,-,-,-,-,-,-,-,-,-,-,-,1.3,0.7,0.3,-,0.3,-,-,-,-,0.3,0.3,-,-,-,-,-,-,-,-,-,4.3,-,-,3.3,1,0.3,-,0.3,-,-,-,-,-,-,-
613,Federico Accornero,Genoa CFC,SerieA,21 years old (05-02-2004),175cm,,Midfielder,,,0(1),4.0,-,-,-,-,80,-,-,5.92,,,-,-,-,-,-,-,-,-,-,-,-,-,2,-,1,-,1,-,-,-,-,-,-,-,-,-,-,-,-,-,-,-,5,-,-,4,1,-,-,-,-,-,-,-,-,-,-
614,Sebastian Otoa,Genoa CFC,SerieA,20 years old (13-05-2004),"1,98m",,Defender,Centre-Back,right,1,21.0,-,-,-,1,87.5,-,-,5.92,"Jun 30, 2028",€2.00m,-,-,-,-,-,-,-,-,-,-,-,-,-,1,-,-,-,-,1,1,-,-,2,-,-,-,-,-,-,-,-,-,8,1,-,6,1,-,-,-,-,-,-,-,-,-,-
615,Maat Caprini,ACF Fiorentina,SerieA,19 years old (11-02-2006),180cm,,Forward,,,0(2),7.0,-,-,-,-,83.3,-,-,5.89,,,-,-,-,-,-,-,-,-,-,1,1,-,1.5,0.5,1,-,1,-,-,-,-,-,-,0.5,-,-,-,-,-,-,-,-,3,-,-,2.5,0.5,-,-,-,-,-,-,-,-,-,-
616,Arijon Ibrahimovic,SS Lazio,SerieA,19 years old (11-12-2005),"1,76m",Germany,Attacking Midfielder (Left),Attacking Midfield,right,0(1),7.0,-,-,-,-,75,-,-,5.89,"Jun 30, 2025",€4.00m,2,-,-,-,-,2,2,-,-,-,-,-,-,-,-,-,-,-,-,-,-,-,-,-,-,-,-,-,-,-,-,-,4,-,-,3,1,-,-,-,-,-,-,-,-,-,-
617,Alberto Cerri,Salernitana,SerieA,29 years old (16-04-1996),194cm,Italy,Forward,,,0(5),82.0,-,-,-,-,65.2,0.8,-,5.89,,,0.8,-,-,-,-,0.8,-,0.2,0.6,-,-,-,0.4,0.6,1.6,0.8,0.8,-,-,-,-,0.2,0.6,0.4,0.2,-,-,0.4,-,-,-,-,4.6,0.2,-,2.8,1.6,-,-,-,-,-,-,-,-,-,-
618,Saba Sazonov,Torino FC,SerieA,23 years old (01-02-2002),192cm,Russia,Defender (Centre),,,0(1),2.0,-,-,-,-,-,-,-,5.88,,,-,-,-,-,-,-,-,-,-,-,-,-,-,-,-,-,-,-,-,-,-,-,-,-,-,1,-,-,-,-,-,-,-,-,-,-,-,-,-,-,-,-,-,-,-,-,-
619,Thomas Campaniello,FC Empoli,SerieA,17 years old (29-02-2008),180cm,Italy,Forward,,,0(2),22.0,-,-,-,-,69.2,0.5,-,5.87,,,0.5,-,-,-,-,0.5,-,-,0.5,-,-,-,0.5,-,1.5,0.5,1,-,0.5,0.5,-,0.5,-,-,-,-,-,-,-,-,-,-,6.5,-,-,4.5,2,-,-,-,-,-,-,-,-,-,-
620,Rares Burnete,US Lecce,SerieA,21 years old (31-01-2004),"1,85m",Romania,Forward,Centre-Forward,right,0(3),23.0,-,-,-,-,55.6,-,-,5.86,"Jun 30, 2029",€700k,0.3,-,-,-,-,0.3,-,-,0.3,-,-,-,1.3,0.7,0.3,-,0.3,-,0.3,0.3,-,0.3,0.3,-,-,-,-,-,-,-,-,-,3,-,0.3,1.7,1,-,-,-,-,-,-,-,-,-,-
621,Valentin Gendrey,TSG 1899 Hoffenheim,SerieA,24 years old (21-06-2000),179cm,France,"Defender (Right), Midfielder (Right)",,,2,180.0,-,-,-,-,84.2,0.5,-,5.86,,,1,-,-,-,-,1,-,-,1,-,-,-,0.5,-,2.5,0.5,2,1,-,1,1,1,0.5,-,0.5,0.5,-,1,-,-,-,-,19,-,-,16,3,1,-,1,-,-,-,-,-,-,-
622,Jacopo Seghetti,FC Empoli,SerieA,20 years old (17-02-2005),"1,89m",Italy,Goalkeeper,Goalkeeper,right,1,90.0,-,-,-,-,56.3,-,-,5.82,-,€1.00m,-,-,-,-,-,-,-,-,-,-,-,-,-,-,-,-,-,-,-,-,-,-,-,-,-,-,-,-,3,-,1,2,16,4,6,5,1,-,-,-,-,-,-,-,-,-,-
623,Matthias Braunöder,Como 1907,SerieA,23 years old (27-03-2002),"1,74m",Austria,Midfielder,Central Midfield,right,3(5),266.0,-,-,1,1,87.7,0.1,-,5.78,"Jun 30, 2027",€1.60m,0.3,-,-,-,-,0.3,0.1,-,0.1,0.5,0.4,0.1,0.4,0.3,0.6,0.1,0.5,1.3,0.5,1.8,0.3,0.6,1.3,-,0.5,-,-,0.4,-,-,-,-,18.3,0.8,0.6,15.3,1.6,-,-,-,-,-,-,-,-,-,-
624,Dele Alli,Como 1907,SerieA,29 years old (11-04-1996),"1,88m",England,"Midfielder (Centre, Left), Forward",Attacking Midfield,right,0(1),9.0,-,-,-,1,100,-,-,4.96,"Jun 30, 2026",€3.50m,-,-,-,-,-,-,-,-,-,-,-,-,1,-,-,-,-,-,-,-,-,-,1,-,-,-,-,-,-,-,-,-,3,-,-,3,-,-,-,-,-,-,-,-,-,-,-
625,Alessandro Florenzi,AC Milan,SerieA,,"1,73m",,,Right-Back,right,,,,,,,,,,,"Jun 30, 2025",€1.50m,,,,,,,,,,,,,,,,,,,,,,,,,,,,,,,,,,,,,,,,,,,,,,,
626,Lorenzo Torriani,AC Milan,SerieA,,"1,97m",,,Goalkeeper,right,,,,,,,,,,,"Jun 30, 2027",€500k,,,,,,,,,,,,,,,,,,,,,,,,,,,,,,,,,,,,,,,,,,,,,,,
627,Andrea Mazza,AC Monza,SerieA,,"1,90m",,,Goalkeeper,right,,,,,,,,,,,"Jun 30, 2027",€75k,,,,,,,,,,,,,,,,,,,,,,,,,,,,,,,,,,,,,,,,,,,,,,,
628,Leonardo Colombo,AC Monza,SerieA,,"1,75m",,,Defensive Midfield,right,,,,,,,,,,,"Jun 30, 2027",€250k,,,,,,,,,,,,,,,,,,,,,,,,,,,,,,,,,,,,,,,,,,,,,,,
629,Maat Daniel Caprini,ACF Fiorentina,SerieA,,"1,80m",,,Left Winger,right,,,,,,,,,,,"Jun 30, 2027",€2.00m,,,,,,,,,,,,,,,,,,,,,,,,,,,,,,,,,,,,,,,,,,,,,,,
630,Tommaso Martinelli,ACF Fiorentina,SerieA,,"1,94m",,,Goalkeeper,right,,,,,,,,,,,"Jun 30, 2029",€1.80m,,,,,,,,,,,,,,,,,,,,,,,,,,,,,,,,,,,,,,,,,,,,,,,
631,Buba Sangaré,AS Roma,SerieA,,"1,83m",,,Right-Back,right,,,,,,,,,,,"Jun 30, 2027",€1.00m,,,,,,,,,,,,,,,,,,,,,,,,,,,,,,,,,,,,,,,,,,,,,,,
632,Pierluigi Gollini,AS Roma,SerieA,,"1,94m",,,Goalkeeper,right,,,,,,,,,,,"Jun 30, 2027",€1.00m,,,,,,,,,,,,,,,,,,,,,,,,,,,,,,,,,,,,,,,,,,,,,,,
633,Renato Marin,AS Roma,SerieA,,"1,93m",,,Goalkeeper,right,,,,,,,,,,,"Jun 30, 2025",€500k,,,,,,,,,,,,,,,,,,,,,,,,,,,,,,,,,,,,,,,,,,,,,,,
634,Francesco Rossi,Atalanta BC,SerieA,,"1,93m",,,Goalkeeper,right,,,,,,,,,,,"Jun 30, 2025",€100k,,,,,,,,,,,,,,,,,,,,,,,,,,,,,,,,,,,,,,,,,,,,,,,
635,Andri Fannar Baldursson,Bologna FC 1909,SerieA,,"1,87m",,,Central Midfield,right,,,,,,,,,,,"Jun 30, 2025",€900k,,,,,,,,,,,,,,,,,,,,,,,,,,,,,,,,,,,,,,,,,,,,,,,
636,Nicola Bagnolini,Bologna FC 1909,SerieA,,"1,94m",,,Goalkeeper,right,,,,,,,,,,,"Jun 30, 2027",€200k,,,,,,,,,,,,,,,,,,,,,,,,,,,,,,,,,,,,,,,,,,,,,,,
637,Jakub Jankto,Cagliari Calcio,SerieA,,"1,84m",,,Left Midfield,left,,,,,,,,,,,"Jun 30, 2025",€1.00m,,,,,,,,,,,,,,,,,,,,,,,,,,,,,,,,,,,,,,,,,,,,,,,
638,Giuseppe Ciocci,Cagliari Calcio,SerieA,,"1,93m",,,Goalkeeper,right,,,,,,,,,,,"Jun 30, 2027",€100k,,,,,,,,,,,,,,,,,,,,,,,,,,,,,,,,,,,,,,,,,,,,,,,
639,Pierre Bolchini,Como 1907,SerieA,,"2,00m",,,Goalkeeper,left,,,,,,,,,,,-,€50k,,,,,,,,,,,,,,,,,,,,,,,,,,,,,,,,,,,,,,,,,,,,,,,
640,Mauro Vigorito,Como 1907,SerieA,,"1,87m",,,Goalkeeper,right,,,,,,,,,,,-,€150k,,,,,,,,,,,,,,,,,,,,,,,,,,,,,,,,,,,,,,,,,,,,,,,
641,Naj Razi,Como 1907,SerieA,,"1,75m",,,Attacking Midfield,both,,,,,,,,,,,"Jun 30, 2026",€300k,,,,,,,,,,,,,,,,,,,,,,,,,,,,,,,,,,,,,,,,,,,,,,,
642,Anastasios Douvikas,Como 1907,SerieA,,"1,86m",,,Centre-Forward,right,,,,,,,,,,,"Jun 30, 2029",€8.00m,,,,,,,,,,,,,,,,,,,,,,,,,,,,,,,,,,,,,,,,,,,,,,,
643,Iván Azón,Como 1907,SerieA,,"1,82m",,,Centre-Forward,right,,,,,,,,,,,"Jun 30, 2029",€3.00m,,,,,,,,,,,,,,,,,,,,,,,,,,,,,,,,,,,,,,,,,,,,,,,
644,Giuseppe Mazzaglia,Como 1907,SerieA,,"1,80m",,,Central Midfield,right,,,,,,,,,,,"Jun 30, 2027",€250k,,,,,,,,,,,,,,,,,,,,,,,,,,,,,,,,,,,,,,,,,,,,,,,
645,Federico Brancolini,FC Empoli,SerieA,,"1,92m",,,Goalkeeper,right,,,,,,,,,,,"Jun 30, 2027",€200k,,,,,,,,,,,,,,,,,,,,,,,,,,,,,,,,,,,,,,,,,,,,,,,
646,Saba Sazonov,FC Empoli,SerieA,,"1,94m",,,Centre-Back,right,,,,,,,,,,,"Jun 30, 2025",€2.50m,,,,,,,,,,,,,,,,,,,,,,,,,,,,,,,,,,,,,,,,,,,,,,,
647,Hugo Cuenca,Genoa CFC,SerieA,,"1,83m",,,Attacking Midfield,left,,,,,,,,,,,-,€300k,,,,,,,,,,,,,,,,,,,,,,,,,,,,,,,,,,,,,,,,,,,,,,,
648,Daniele Sommariva,Genoa CFC,SerieA,,"1,85m",,,Goalkeeper,right,,,,,,,,,,,"Jun 30, 2025",€100k,,,,,,,,,,,,,,,,,,,,,,,,,,,,,,,,,,,,,,,,,,,,,,,
649,Benjamin Siegrist,Genoa CFC,SerieA,,"1,96m",,,Goalkeeper,right,,,,,,,,,,,"Jun 30, 2025",€650k,,,,,,,,,,,,,,,,,,,,,,,,,,,,,,,,,,,,,,,,,,,,,,,
650,Alessandro Berardi,Hellas Verona,SerieA,,"1,85m",,,Goalkeeper,right,,,,,,,,,,,"Jun 30, 2025",€50k,,,,,,,,,,,,,,,,,,,,,,,,,,,,,,,,,,,,,,,,,,,,,,,
651,Federico Magro,Hellas Verona,SerieA,,"1,90m",,,Goalkeeper,right,,,,,,,,,,,-,€300k,,,,,,,,,,,,,,,,,,,,,,,,,,,,,,,,,,,,,,,,,,,,,,,
652,Tobias Slotsager,Hellas Verona,SerieA,,"1,90m",,,Centre-Back,right,,,,,,,,,,,-,€2.00m,,,,,,,,,,,,,,,,,,,,,,,,,,,,,,,,,,,,,,,,,,,,,,,
653,Luan Patrick,Hellas Verona,SerieA,,"1,90m",,,Centre-Back,right,,,,,,,,,,,"Jun 30, 2026",€1.30m,,,,,,,,,,,,,,,,,,,,,,,,,,,,,,,,,,,,,,,,,,,,,,,
654,Raffaele Di Gennaro,Inter Milan,SerieA,,"1,88m",,,Goalkeeper,right,,,,,,,,,,,"Jun 30, 2025",€300k,,,,,,,,,,,,,,,,,,,,,,,,,,,,,,,,,,,,,,,,,,,,,,,
655,Valentín Carboni,Inter Milan,SerieA,,"1,85m",,,Attacking Midfield,left,,,,,,,,,,,"Jun 30, 2029",€12.00m,,,,,,,,,,,,,,,,,,,,,,,,,,,,,,,,,,,,,,,,,,,,,,,
656,Carlo Pinsoglio,Juventus FC,SerieA,,"1,94m",,,Goalkeeper,left,,,,,,,,,,,"Jun 30, 2026",€200k,,,,,,,,,,,,,,,,,,,,,,,,,,,,,,,,,,,,,,,,,,,,,,,
657,Arkadiusz Milik,Juventus FC,SerieA,,"1,86m",,,Centre-Forward,left,,,,,,,,,,,"Jun 30, 2027",€2.00m,,,,,,,,,,,,,,,,,,,,,,,,,,,,,,,,,,,,,,,,,,,,,,,
658,Kenan Yıldız,Juventus FC,SerieA,,"1,87m",,,Left Winger,both,,,,,,,,,,,"Jun 30, 2029",€45.00m,,,,,,,,,,,,,,,,,,,,,,,,,,,,,,,,,,,,,,,,,,,,,,,
659,Richard Marcone,Parma Calcio 1913,SerieA,,"1,84m",,,Goalkeeper,right,,,,,,,,,,,"Jun 30, 2025",€250k,,,,,,,,,,,,,,,,,,,,,,,,,,,,,,,,,,,,,,,,,,,,,,,
660,Edoardo Corvi,Parma Calcio 1913,SerieA,,"1,87m",,,Goalkeeper,right,,,,,,,,,,,"Jun 30, 2027",€350k,,,,,,,,,,,,,,,,,,,,,,,,,,,,,,,,,,,,,,,,,,,,,,,
661,André Anderson,SS Lazio,SerieA,,"1,80m",,,Attacking Midfield,right,,,,,,,,,,,"Jun 30, 2025",€200k,,,,,,,,,,,,,,,,,,,,,,,,,,,,,,,,,,,,,,,,,,,,,,,
662,Cristo Muñoz,SS Lazio,SerieA,,-,,,Attacking Midfield,right,,,,,,,,,,,"Jun 30, 2027",€250k,,,,,,,,,,,,,,,,,,,,,,,,,,,,,,,,,,,,,,,,,,,,,,,
663,Taty Castellanos,SS Lazio,SerieA,,"1,78m",,,Centre-Forward,right,,,,,,,,,,,"Jun 30, 2028",€25.00m,,,,,,,,,,,,,,,,,,,,,,,,,,,,,,,,,,,,,,,,,,,,,,,
664,Toma Bašić,SS Lazio,SerieA,,"1,90m",,,Central Midfield,left,,,,,,,,,,,"Jun 30, 2026",€1.00m,,,,,,,,,,,,,,,,,,,,,,,,,,,,,,,,,,,,,,,,,,,,,,,
665,Alessio Furlanetto,SS Lazio,SerieA,,"1,91m",,,Goalkeeper,,,,,,,,,,,,"Jun 30, 2028",€50k,,,,,,,,,,,,,,,,,,,,,,,,,,,,,,,,,,,,,,,,,,,,,,,
666,Filipe Bordon,SS Lazio,SerieA,,"1,93m",,,Centre-Back,right,,,,,,,,,,,"Jun 30, 2028",€500k,,,,,,,,,,,,,,,,,,,,,,,,,,,,,,,,,,,,,,,,,,,,,,,
667,Davide Renzetti,SS Lazio,SerieA,,"1,94m",,,Goalkeeper,right,,,,,,,,,,,"Jun 30, 2027",€100k,,,,,,,,,,,,,,,,,,,,,,,,,,,,,,,,,,,,,,,,,,,,,,,
668,Claudio Turi,SSC Napoli,SerieA,,-,,,Goalkeeper,right,,,,,,,,,,,-,€150k,,,,,,,,,,,,,,,,,,,,,,,,,,,,,,,,,,,,,,,,,,,,,,,
669,Luis Hasa,SSC Napoli,SerieA,,"1,72m",,,Central Midfield,right,,,,,,,,,,,"Jun 30, 2029",€1.00m,,,,,,,,,,,,,,,,,,,,,,,,,,,,,,,,,,,,,,,,,,,,,,,
670,Antonio Donnarumma,Torino FC,SerieA,,"1,92m",,,Goalkeeper,right,,,,,,,,,,,"Jun 30, 2026",€300k,,,,,,,,,,,,,,,,,,,,,,,,,,,,,,,,,,,,,,,,,,,,,,,
671,Perr Schuurs,Torino FC,SerieA,,"1,91m",,,Centre-Back,right,,,,,,,,,,,"Jun 30, 2026",€10.00m,,,,,,,,,,,,,,,,,,,,,,,,,,,,,,,,,,,,,,,,,,,,,,,
672,Emirhan İlkhan,Torino FC,SerieA,,"1,75m",,,Central Midfield,right,,,,,,,,,,,"Jun 30, 2026",€2.50m,,,,,,,,,,,,,,,,,,,,,,,,,,,,,,,,,,,,,,,,,,,,,,,
673,Nikola Vlašić,Torino FC,SerieA,,"1,79m",,,Attacking Midfield,right,,,,,,,,,,,"Jun 30, 2027",€8.00m,,,,,,,,,,,,,,,,,,,,,,,,,,,,,,,,,,,,,,,,,,,,,,,
674,Zanos Savva,Torino FC,SerieA,,"1,91m",,,Right Winger,left,,,,,,,,,,,"Jun 30, 2026",€1.00m,,,,,,,,,,,,,,,,,,,,,,,,,,,,,,,,,,,,,,,,,,,,,,,
675,Amine Salama,Torino FC,SerieA,,"1,92m",,,Centre-Forward,right,,,,,,,,,,,"Jun 30, 2025",€1.80m,,,,,,,,,,,,,,,,,,,,,,,,,,,,,,,,,,,,,,,,,,,,,,,
676,Christian Früchtl,US Lecce,SerieA,,"1,93m",,,Goalkeeper,left,,,,,,,,,,,"Jun 30, 2027",€1.50m,,,,,,,,,,,,,,,,,,,,,,,,,,,,,,,,,,,,,,,,,,,,,,,
677,Jasper Samooja,US Lecce,SerieA,,"1,93m",,,Goalkeeper,right,,,,,,,,,,,"Jun 30, 2026",€75k,,,,,,,,,,,,,,,,,,,,,,,,,,,,,,,,,,,,,,,,,,,,,,,
678,Sebastian Esposito,US Lecce,SerieA,,"1,91m",,,Centre-Back,right,,,,,,,,,,,-,€200k,,,,,,,,,,,,,,,,,,,,,,,,,,,,,,,,,,,,,,,,,,,,,,,
679,Vernon Addo,US Lecce,SerieA,,"1,88m",,,Left-Back,left,,,,,,,,,,,"Jun 30, 2027",€150k,,,,,,,,,,,,,,,,,,,,,,,,,,,,,,,,,,,,,,,,,,,,,,,
680,Joel Voelkerling Persson,US Lecce,SerieA,,"1,94m",,,Centre-Forward,right,,,,,,,,,,,"Jun 30, 2027",€350k,,,,,,,,,,,,,,,,,,,,,,,,,,,,,,,,,,,,,,,,,,,,,,,
681,Jeppe Corfitzen,US Lecce,SerieA,,"1,79m",,,Right Winger,left,,,,,,,,,,,"Jun 30, 2025",€400k,,,,,,,,,,,,,,,,,,,,,,,,,,,,,,,,,,,,,,,,,,,,,,,
682,Joan González,US Lecce,SerieA,,"1,90m",,,Central Midfield,right,,,,,,,,,,,"Jun 30, 2027",€800k,,,,,,,,,,,,,,,,,,,,,,,,,,,,,,,,,,,,,,,,,,,,,,,
683,David Pejičić,Udinese Calcio,SerieA,,-,,,Attacking Midfield,right,,,,,,,,,,,"Jun 30, 2027",€1.00m,,,,,,,,,,,,,,,,,,,,,,,,,,,,,,,,,,,,,,,,,,,,,,,
684,Matteo Palma,Udinese Calcio,SerieA,,"1,94m",,,Centre-Back,right,,,,,,,,,,,"Jun 30, 2027",€1.00m,,,,,,,,,,,,,,,,,,,,,,,,,,,,,,,,,,,,,,,,,,,,,,,
685,Edoardo Piana,Udinese Calcio,SerieA,,"1,98m",,,Goalkeeper,right,,,,,,,,,,,-,€50k,,,,,,,,,,,,,,,,,,,,,,,,,,,,,,,,,,,,,,,,,,,,,,,
686,Matteo Grandi,Venezia FC,SerieA,,"1,90m",,,Goalkeeper,right,,,,,,,,,,,"Jun 30, 2025",€150k,,,,,,,,,,,,,,,,,,,,,,,,,,,,,,,,,,,,,,,,,,,,,,,
687,Andrei Radu,Venezia FC,SerieA,,"1,88m",,,Goalkeeper,right,,,,,,,,,,,"Jun 30, 2025",€2.50m,,,,,,,,,,,,,,,,,,,,,,,,,,,,,,,,,,,,,,,,,,,,,,,
