,Club,Player Name,Link
0,Manchester City,Ederson,https://www.transfermarkt.com/ederson/profil/spieler/238223
1,Manchester City,Stefan Ortega,https://www.transfermarkt.com/stefan-ortega/profil/spieler/85941
2,Manchester City,Scott Carson,https://www.transfermarkt.com/scott-carson/profil/spieler/14555
3,Manchester City,Ruben Dias,https://www.transfermarkt.com/ruben-dias/profil/spieler/258004
4,Manchester City,Abdukodir Khusanov,https://www.transfermarkt.com/abdukodir-khusanov/profil/spieler/763079
5,Manchester City,Nathan Ake,https://www.transfermarkt.com/nathan-ake/profil/spieler/177476
6,Manchester City,Manuel Akanji,https://www.transfermarkt.com/manuel-akanji/profil/spieler/284730
7,Manchester City,John Stones,https://www.transfermarkt.com/john-stones/profil/spieler/186590
8,Manchester City,Vitor Reis,https://www.transfermarkt.com/vitor-reis/profil/spieler/1005575
9,Manchester City,Josko Gvardiol,https://www.transfermarkt.com/josko-gvardiol/profil/spieler/475959
10,Manchester City,Rico Lewis,https://www.transfermarkt.com/rico-lewis/profil/spieler/701057
11,Manchester City,Rodri,https://www.transfermarkt.com/rodri/profil/spieler/357565
12,Manchester City,Nico Gonzalez,https://www.transfermarkt.com/nico-gonzalez/profil/spieler/466805
13,Manchester City,Matheus Nunes,https://www.transfermarkt.com/matheus-nunes/profil/spieler/601883
14,Manchester City,Mateo Kovacic,https://www.transfermarkt.com/mateo-kovacic/profil/spieler/51471
15,Manchester City,Ilkay Gundogan,https://www.transfermarkt.com/ilkay-gundogan/profil/spieler/53622
16,Manchester City,Bernardo Silva,https://www.transfermarkt.com/bernardo-silva/profil/spieler/241641
17,Manchester City,Kevin De Bruyne,https://www.transfermarkt.com/kevin-de-bruyne/profil/spieler/88755
18,Manchester City,Claudio Echeverri,https://www.transfermarkt.com/claudio-echeverri/profil/spieler/994536
19,Manchester City,James Mcatee,https://www.transfermarkt.com/james-mcatee/profil/spieler/583199
20,Manchester City,Nico Oreilly,https://www.transfermarkt.com/nico-oreilly/profil/spieler/743413
21,Manchester City,Jeremy Doku,https://www.transfermarkt.com/jeremy-doku/profil/spieler/486049
22,Manchester City,Jack Grealish,https://www.transfermarkt.com/jack-grealish/profil/spieler/203460
23,Manchester City,Phil Foden,https://www.transfermarkt.com/phil-foden/profil/spieler/406635
24,Manchester City,Savinho,https://www.transfermarkt.com/savinho/profil/spieler/743591
25,Manchester City,Oscar Bobb,https://www.transfermarkt.com/oscar-bobb/profil/spieler/661207
26,Manchester City,Erling Haaland,https://www.transfermarkt.com/erling-haaland/profil/spieler/418560
27,Manchester City,Omar Marmoush,https://www.transfermarkt.com/omar-marmoush/profil/spieler/445939
28,Fc Arsenal,David Raya,https://www.transfermarkt.com/david-raya/profil/spieler/262749
29,Fc Arsenal,Neto,https://www.transfermarkt.com/neto/profil/spieler/111819
30,Fc Arsenal,William Saliba,https://www.transfermarkt.com/william-saliba/profil/spieler/495666
31,Fc Arsenal,Gabriel Magalhaes,https://www.transfermarkt.com/gabriel-magalhaes/profil/spieler/435338
32,Fc Arsenal,Jakub Kiwior,https://www.transfermarkt.com/jakub-kiwior/profil/spieler/425918
33,Fc Arsenal,Riccardo Calafiori,https://www.transfermarkt.com/riccardo-calafiori/profil/spieler/502821
34,Fc Arsenal,Myles Lewis Skelly,https://www.transfermarkt.com/myles-lewis-skelly/profil/spieler/890721
35,Fc Arsenal,Oleksandr Zinchenko,https://www.transfermarkt.com/oleksandr-zinchenko/profil/spieler/203853
36,Fc Arsenal,Kieran Tierney,https://www.transfermarkt.com/kieran-tierney/profil/spieler/300716
37,Fc Arsenal,Ben White,https://www.transfermarkt.com/ben-white/profil/spieler/335721
38,Fc Arsenal,Jurrien Timber,https://www.transfermarkt.com/jurrien-timber/profil/spieler/420243
39,Fc Arsenal,Takehiro Tomiyasu,https://www.transfermarkt.com/takehiro-tomiyasu/profil/spieler/331560
40,Fc Arsenal,Thomas Partey,https://www.transfermarkt.com/thomas-partey/profil/spieler/230784
41,Fc Arsenal,Jorginho,https://www.transfermarkt.com/jorginho/profil/spieler/102017
42,Fc Arsenal,Declan Rice,https://www.transfermarkt.com/declan-rice/profil/spieler/357662
43,Fc Arsenal,Mikel Merino,https://www.transfermarkt.com/mikel-merino/profil/spieler/338424
44,Fc Arsenal,Martin Odegaard,https://www.transfermarkt.com/martin-odegaard/profil/spieler/316264
45,Fc Arsenal,Gabriel Martinelli,https://www.transfermarkt.com/gabriel-martinelli/profil/spieler/655488
46,Fc Arsenal,Leandro Trossard,https://www.transfermarkt.com/leandro-trossard/profil/spieler/144028
47,Fc Arsenal,Bukayo Saka,https://www.transfermarkt.com/bukayo-saka/profil/spieler/433177
48,Fc Arsenal,Ethan Nwaneri,https://www.transfermarkt.com/ethan-nwaneri/profil/spieler/890719
49,Fc Arsenal,Raheem Sterling,https://www.transfermarkt.com/raheem-sterling/profil/spieler/134425
50,Fc Arsenal,Kai Havertz,https://www.transfermarkt.com/kai-havertz/profil/spieler/309400
51,Fc Arsenal,Gabriel Jesus,https://www.transfermarkt.com/gabriel-jesus/profil/spieler/363205
52,Fc Liverpool,Alisson,https://www.transfermarkt.com/alisson/profil/spieler/105470
53,Fc Liverpool,Caoimhin Kelleher,https://www.transfermarkt.com/caoimhin-kelleher/profil/spieler/340918
54,Fc Liverpool,Vitezslav Jaros,https://www.transfermarkt.com/vitezslav-jaros/profil/spieler/486604
55,Fc Liverpool,Harvey Davies,https://www.transfermarkt.com/harvey-davies/profil/spieler/706815
56,Fc Liverpool,Ibrahima Konate,https://www.transfermarkt.com/ibrahima-konate/profil/spieler/357119
57,Fc Liverpool,Virgil Van Dijk,https://www.transfermarkt.com/virgil-van-dijk/profil/spieler/139208
58,Fc Liverpool,Joe Gomez,https://www.transfermarkt.com/joe-gomez/profil/spieler/256178
59,Fc Liverpool,Jarell Quansah,https://www.transfermarkt.com/jarell-quansah/profil/spieler/632349
60,Fc Liverpool,Konstantinos Tsimikas,https://www.transfermarkt.com/konstantinos-tsimikas/profil/spieler/338070
61,Fc Liverpool,Andrew Robertson,https://www.transfermarkt.com/andrew-robertson/profil/spieler/234803
62,Fc Liverpool,Trent Alexander Arnold,https://www.transfermarkt.com/trent-alexander-arnold/profil/spieler/314353
63,Fc Liverpool,Conor Bradley,https://www.transfermarkt.com/conor-bradley/profil/spieler/624258
64,Fc Liverpool,Ryan Gravenberch,https://www.transfermarkt.com/ryan-gravenberch/profil/spieler/478573
65,Fc Liverpool,Wataru Endo,https://www.transfermarkt.com/wataru-endo/profil/spieler/146310
66,Fc Liverpool,Tyler Morton,https://www.transfermarkt.com/tyler-morton/profil/spieler/618494
67,Fc Liverpool,Alexis Mac Allister,https://www.transfermarkt.com/alexis-mac-allister/profil/spieler/534033
68,Fc Liverpool,Dominik Szoboszlai,https://www.transfermarkt.com/dominik-szoboszlai/profil/spieler/451276
69,Fc Liverpool,Curtis Jones,https://www.transfermarkt.com/curtis-jones/profil/spieler/433188
70,Fc Liverpool,Harvey Elliott,https://www.transfermarkt.com/harvey-elliott/profil/spieler/565822
71,Fc Liverpool,Luis Diaz,https://www.transfermarkt.com/luis-diaz/profil/spieler/480692
72,Fc Liverpool,Cody Gakpo,https://www.transfermarkt.com/cody-gakpo/profil/spieler/434675
73,Fc Liverpool,Mohamed Salah,https://www.transfermarkt.com/mohamed-salah/profil/spieler/148455
74,Fc Liverpool,Federico Chiesa,https://www.transfermarkt.com/federico-chiesa/profil/spieler/341092
75,Fc Liverpool,Darwin Nunez,https://www.transfermarkt.com/darwin-nunez/profil/spieler/546543
76,Fc Liverpool,Diogo Jota,https://www.transfermarkt.com/diogo-jota/profil/spieler/340950
77,Fc Chelsea,Robert Sanchez,https://www.transfermarkt.com/robert-sanchez/profil/spieler/403151
78,Fc Chelsea,Filip Jorgensen,https://www.transfermarkt.com/filip-jorgensen/profil/spieler/585323
79,Fc Chelsea,Marcus Bettinelli,https://www.transfermarkt.com/marcus-bettinelli/profil/spieler/116648
80,Fc Chelsea,Lucas Bergstrom,https://www.transfermarkt.com/lucas-bergstrom/profil/spieler/490606
81,Fc Chelsea,Levi Colwill,https://www.transfermarkt.com/levi-colwill/profil/spieler/614258
82,Fc Chelsea,Wesley Fofana,https://www.transfermarkt.com/wesley-fofana/profil/spieler/475411
83,Fc Chelsea,Benoit Badiashile,https://www.transfermarkt.com/benoit-badiashile/profil/spieler/463603
84,Fc Chelsea,Tosin Adarabioyo,https://www.transfermarkt.com/tosin-adarabioyo/profil/spieler/258878
85,Fc Chelsea,Trevoh Chalobah,https://www.transfermarkt.com/trevoh-chalobah/profil/spieler/346314
86,Fc Chelsea,Aaron Anselmino,https://www.transfermarkt.com/aaron-anselmino/profil/spieler/1145504
87,Fc Chelsea,Marc Cucurella,https://www.transfermarkt.com/marc-cucurella/profil/spieler/284857
88,Fc Chelsea,Malo Gusto,https://www.transfermarkt.com/malo-gusto/profil/spieler/620322
89,Fc Chelsea,Reece James,https://www.transfermarkt.com/reece-james/profil/spieler/472423
90,Fc Chelsea,Josh Acheampong,https://www.transfermarkt.com/josh-acheampong/profil/spieler/1004708
91,Fc Chelsea,Moises Caicedo,https://www.transfermarkt.com/moises-caicedo/profil/spieler/687626
92,Fc Chelsea,Romeo Lavia,https://www.transfermarkt.com/romeo-lavia/profil/spieler/628451
93,Fc Chelsea,Enzo Fernandez,https://www.transfermarkt.com/enzo-fernandez/profil/spieler/648195
94,Fc Chelsea,Kiernan Dewsbury Hall,https://www.transfermarkt.com/kiernan-dewsbury-hall/profil/spieler/475188
95,Fc Chelsea,Mathis Amougou,https://www.transfermarkt.com/mathis-amougou/profil/spieler/1010854
96,Fc Chelsea,Cole Palmer,https://www.transfermarkt.com/cole-palmer/profil/spieler/568177
97,Fc Chelsea,Omari Kellyman,https://www.transfermarkt.com/omari-kellyman/profil/spieler/926135
98,Fc Chelsea,Mykhaylo Mudryk,https://www.transfermarkt.com/mykhaylo-mudryk/profil/spieler/537860
99,Fc Chelsea,Jadon Sancho,https://www.transfermarkt.com/jadon-sancho/profil/spieler/401173
100,Fc Chelsea,Tyrique George,https://www.transfermarkt.com/tyrique-george/profil/spieler/936874
101,Fc Chelsea,Pedro Neto,https://www.transfermarkt.com/pedro-neto/profil/spieler/487465
102,Fc Chelsea,Noni Madueke,https://www.transfermarkt.com/noni-madueke/profil/spieler/503987
103,Fc Chelsea,Nicolas Jackson,https://www.transfermarkt.com/nicolas-jackson/profil/spieler/776890
104,Fc Chelsea,Christopher Nkunku,https://www.transfermarkt.com/christopher-nkunku/profil/spieler/344381
105,Fc Chelsea,David Datro Fofana,https://www.transfermarkt.com/david-datro-fofana/profil/spieler/787232
106,Fc Chelsea,Marc Guiu,https://www.transfermarkt.com/marc-guiu/profil/spieler/938158
107,Tottenham Hotspur,Guglielmo Vicario,https://www.transfermarkt.com/guglielmo-vicario/profil/spieler/286047
108,Tottenham Hotspur,Antonin Kinsky,https://www.transfermarkt.com/antonin-kinsky/profil/spieler/725912
109,Tottenham Hotspur,Fraser Forster,https://www.transfermarkt.com/fraser-forster/profil/spieler/52570
110,Tottenham Hotspur,Brandon Austin,https://www.transfermarkt.com/brandon-austin/profil/spieler/428016
111,Tottenham Hotspur,Alfie Whiteman,https://www.transfermarkt.com/alfie-whiteman/profil/spieler/282823
112,Tottenham Hotspur,Cristian Romero,https://www.transfermarkt.com/cristian-romero/profil/spieler/355915
113,Tottenham Hotspur,Micky Van De Ven,https://www.transfermarkt.com/micky-van-de-ven/profil/spieler/557459
114,Tottenham Hotspur,Kevin Danso,https://www.transfermarkt.com/kevin-danso/profil/spieler/263236
115,Tottenham Hotspur,Radu Dragusin,https://www.transfermarkt.com/radu-dragusin/profil/spieler/568559
116,Tottenham Hotspur,Ben Davies,https://www.transfermarkt.com/ben-davies/profil/spieler/192765
117,Tottenham Hotspur,Destiny Udogie,https://www.transfermarkt.com/destiny-udogie/profil/spieler/556385
118,Tottenham Hotspur,Sergio Reguilon,https://www.transfermarkt.com/sergio-reguilon/profil/spieler/282429
119,Tottenham Hotspur,Pedro Porro,https://www.transfermarkt.com/pedro-porro/profil/spieler/553875
120,Tottenham Hotspur,Archie Gray,https://www.transfermarkt.com/archie-gray/profil/spieler/922693
121,Tottenham Hotspur,Djed Spence,https://www.transfermarkt.com/djed-spence/profil/spieler/483348
122,Tottenham Hotspur,Rodrigo Bentancur,https://www.transfermarkt.com/rodrigo-bentancur/profil/spieler/354362
123,Tottenham Hotspur,Yves Bissouma,https://www.transfermarkt.com/yves-bissouma/profil/spieler/410425
124,Tottenham Hotspur,Pape Matar Sarr,https://www.transfermarkt.com/pape-matar-sarr/profil/spieler/568693
125,Tottenham Hotspur,Lucas Bergvall,https://www.transfermarkt.com/lucas-bergvall/profil/spieler/866246
126,Tottenham Hotspur,Dejan Kulusevski,https://www.transfermarkt.com/dejan-kulusevski/profil/spieler/431755
127,Tottenham Hotspur,James Maddison,https://www.transfermarkt.com/james-maddison/profil/spieler/294057
128,Tottenham Hotspur,Heung Min Son,https://www.transfermarkt.com/heung-min-son/profil/spieler/91845
129,Tottenham Hotspur,Wilson Odobert,https://www.transfermarkt.com/wilson-odobert/profil/spieler/743498
130,Tottenham Hotspur,Mikey Moore,https://www.transfermarkt.com/mikey-moore/profil/spieler/1011147
131,Tottenham Hotspur,Timo Werner,https://www.transfermarkt.com/timo-werner/profil/spieler/170527
132,Tottenham Hotspur,Brennan Johnson,https://www.transfermarkt.com/brennan-johnson/profil/spieler/470607
133,Tottenham Hotspur,Dominic Solanke,https://www.transfermarkt.com/dominic-solanke/profil/spieler/258889
134,Tottenham Hotspur,Mathys Tel,https://www.transfermarkt.com/mathys-tel/profil/spieler/801734
135,Tottenham Hotspur,Richarlison,https://www.transfermarkt.com/richarlison/profil/spieler/378710
136,Tottenham Hotspur,Dane Scarlett,https://www.transfermarkt.com/dane-scarlett/profil/spieler/670883
137,Manchester United,Andre Onana,https://www.transfermarkt.com/andre-onana/profil/spieler/234509
138,Manchester United,Altay Bayindir,https://www.transfermarkt.com/altay-bayindir/profil/spieler/336077
139,Manchester United,Tom Heaton,https://www.transfermarkt.com/tom-heaton/profil/spieler/34130
140,Manchester United,Leny Yoro,https://www.transfermarkt.com/leny-yoro/profil/spieler/923831
141,Manchester United,Lisandro Martinez,https://www.transfermarkt.com/lisandro-martinez/profil/spieler/480762
142,Manchester United,Matthijs De Ligt,https://www.transfermarkt.com/matthijs-de-ligt/profil/spieler/326031
143,Manchester United,Harry Maguire,https://www.transfermarkt.com/harry-maguire/profil/spieler/177907
144,Manchester United,Victor Lindelof,https://www.transfermarkt.com/victor-lindelof/profil/spieler/184573
145,Manchester United,Ayden Heaven,https://www.transfermarkt.com/ayden-heaven/profil/spieler/1078163
146,Manchester United,Jonny Evans,https://www.transfermarkt.com/jonny-evans/profil/spieler/42412
147,Manchester United,Patrick Dorgu,https://www.transfermarkt.com/patrick-dorgu/profil/spieler/926952
148,Manchester United,Luke Shaw,https://www.transfermarkt.com/luke-shaw/profil/spieler/183288
149,Manchester United,Harry Amass,https://www.transfermarkt.com/harry-amass/profil/spieler/1011738
150,Manchester United,Diogo Dalot,https://www.transfermarkt.com/diogo-dalot/profil/spieler/357147
151,Manchester United,Noussair Mazraoui,https://www.transfermarkt.com/noussair-mazraoui/profil/spieler/340456
152,Manchester United,Manuel Ugarte,https://www.transfermarkt.com/manuel-ugarte/profil/spieler/476701
153,Manchester United,Casemiro,https://www.transfermarkt.com/casemiro/profil/spieler/16306
154,Manchester United,Toby Collyer,https://www.transfermarkt.com/toby-collyer/profil/spieler/654253
155,Manchester United,Kobbie Mainoo,https://www.transfermarkt.com/kobbie-mainoo/profil/spieler/820374
156,Manchester United,Christian Eriksen,https://www.transfermarkt.com/christian-eriksen/profil/spieler/69633
157,Manchester United,Bruno Fernandes,https://www.transfermarkt.com/bruno-fernandes/profil/spieler/240306
158,Manchester United,Mason Mount,https://www.transfermarkt.com/mason-mount/profil/spieler/346483
159,Manchester United,Alejandro Garnacho,https://www.transfermarkt.com/alejandro-garnacho/profil/spieler/811779
160,Manchester United,Amad Diallo,https://www.transfermarkt.com/amad-diallo/profil/spieler/536835
161,Manchester United,Rasmus Hojlund,https://www.transfermarkt.com/rasmus-hojlund/profil/spieler/610442
162,Manchester United,Joshua Zirkzee,https://www.transfermarkt.com/joshua-zirkzee/profil/spieler/435648
163,Newcastle United,Nick Pope,https://www.transfermarkt.com/nick-pope/profil/spieler/192080
164,Newcastle United,Odysseas Vlachodimos,https://www.transfermarkt.com/odysseas-vlachodimos/profil/spieler/124419
165,Newcastle United,Martin Dubravka,https://www.transfermarkt.com/martin-dubravka/profil/spieler/74960
166,Newcastle United,Mark Gillespie,https://www.transfermarkt.com/mark-gillespie/profil/spieler/142389
167,Newcastle United,John Ruddy,https://www.transfermarkt.com/john-ruddy/profil/spieler/29712
168,Newcastle United,Sven Botman,https://www.transfermarkt.com/sven-botman/profil/spieler/361093
169,Newcastle United,Fabian Schar,https://www.transfermarkt.com/fabian-schar/profil/spieler/135343
170,Newcastle United,Dan Burn,https://www.transfermarkt.com/dan-burn/profil/spieler/134270
171,Newcastle United,Jamaal Lascelles,https://www.transfermarkt.com/jamaal-lascelles/profil/spieler/183318
172,Newcastle United,Lewis Hall,https://www.transfermarkt.com/lewis-hall/profil/spieler/670858
173,Newcastle United,Matt Targett,https://www.transfermarkt.com/matt-targett/profil/spieler/250478
174,Newcastle United,Jamal Lewis,https://www.transfermarkt.com/jamal-lewis/profil/spieler/346018
175,Newcastle United,Tino Livramento,https://www.transfermarkt.com/tino-livramento/profil/spieler/503981
176,Newcastle United,Kieran Trippier,https://www.transfermarkt.com/kieran-trippier/profil/spieler/95810
177,Newcastle United,Emil Krafth,https://www.transfermarkt.com/emil-krafth/profil/spieler/184528
178,Newcastle United,Bruno Guimaraes,https://www.transfermarkt.com/bruno-guimaraes/profil/spieler/520624
179,Newcastle United,Sandro Tonali,https://www.transfermarkt.com/sandro-tonali/profil/spieler/397033
180,Newcastle United,Joelinton,https://www.transfermarkt.com/joelinton/profil/spieler/333241
181,Newcastle United,Joe Willock,https://www.transfermarkt.com/joe-willock/profil/spieler/340329
182,Newcastle United,Sean Longstaff,https://www.transfermarkt.com/sean-longstaff/profil/spieler/346707
183,Newcastle United,Lewis Miley,https://www.transfermarkt.com/lewis-miley/profil/spieler/922769
184,Newcastle United,Anthony Gordon,https://www.transfermarkt.com/anthony-gordon/profil/spieler/503733
185,Newcastle United,Harvey Barnes,https://www.transfermarkt.com/harvey-barnes/profil/spieler/398065
186,Newcastle United,Jacob Murphy,https://www.transfermarkt.com/jacob-murphy/profil/spieler/199527
187,Newcastle United,Alexander Isak,https://www.transfermarkt.com/alexander-isak/profil/spieler/349066
188,Newcastle United,Callum Wilson,https://www.transfermarkt.com/callum-wilson/profil/spieler/123682
189,Newcastle United,William Osula,https://www.transfermarkt.com/william-osula/profil/spieler/609556
190,Aston Villa,Emiliano Martinez,https://www.transfermarkt.com/emiliano-martinez/profil/spieler/111873
191,Aston Villa,Robin Olsen,https://www.transfermarkt.com/robin-olsen/profil/spieler/75458
192,Aston Villa,Pau Torres,https://www.transfermarkt.com/pau-torres/profil/spieler/399776
193,Aston Villa,Ezri Konsa,https://www.transfermarkt.com/ezri-konsa/profil/spieler/413403
194,Aston Villa,Axel Disasi,https://www.transfermarkt.com/axel-disasi/profil/spieler/386047
195,Aston Villa,Tyrone Mings,https://www.transfermarkt.com/tyrone-mings/profil/spieler/253677
196,Aston Villa,Kortney Hause,https://www.transfermarkt.com/kortney-hause/profil/spieler/233124
197,Aston Villa,Ian Maatsen,https://www.transfermarkt.com/ian-maatsen/profil/spieler/485585
198,Aston Villa,Lucas Digne,https://www.transfermarkt.com/lucas-digne/profil/spieler/126664
199,Aston Villa,Matty Cash,https://www.transfermarkt.com/matty-cash/profil/spieler/425334
200,Aston Villa,Andres Garcia,https://www.transfermarkt.com/andres-garcia/profil/spieler/1063329
201,Aston Villa,Amadou Onana,https://www.transfermarkt.com/amadou-onana/profil/spieler/485706
202,Aston Villa,Boubacar Kamara,https://www.transfermarkt.com/boubacar-kamara/profil/spieler/394327
203,Aston Villa,Lamare Bogarde,https://www.transfermarkt.com/lamare-bogarde/profil/spieler/645686
204,Aston Villa,Youri Tielemans,https://www.transfermarkt.com/youri-tielemans/profil/spieler/249565
205,Aston Villa,John Mcginn,https://www.transfermarkt.com/john-mcginn/profil/spieler/193116
206,Aston Villa,Ross Barkley,https://www.transfermarkt.com/ross-barkley/profil/spieler/131978
207,Aston Villa,Jacob Ramsey,https://www.transfermarkt.com/jacob-ramsey/profil/spieler/503749
208,Aston Villa,Morgan Rogers,https://www.transfermarkt.com/morgan-rogers/profil/spieler/503743
209,Aston Villa,Marcus Rashford,https://www.transfermarkt.com/marcus-rashford/profil/spieler/258923
210,Aston Villa,Leon Bailey,https://www.transfermarkt.com/leon-bailey/profil/spieler/387626
211,Aston Villa,Donyell Malen,https://www.transfermarkt.com/donyell-malen/profil/spieler/326029
212,Aston Villa,Marco Asensio,https://www.transfermarkt.com/marco-asensio/profil/spieler/296622
213,Aston Villa,Ollie Watkins,https://www.transfermarkt.com/ollie-watkins/profil/spieler/324358
214,Brighton Amp Hove Albion,Bart Verbruggen,https://www.transfermarkt.com/bart-verbruggen/profil/spieler/565093
215,Brighton Amp Hove Albion,Carl Rushworth,https://www.transfermarkt.com/carl-rushworth/profil/spieler/646353
216,Brighton Amp Hove Albion,Jason Steele,https://www.transfermarkt.com/jason-steele/profil/spieler/73564
217,Brighton Amp Hove Albion,Tom Mcgill,https://www.transfermarkt.com/tom-mcgill/profil/spieler/406556
218,Brighton Amp Hove Albion,Jan Paul Van Hecke,https://www.transfermarkt.com/jan-paul-van-hecke/profil/spieler/576314
219,Brighton Amp Hove Albion,Igor,https://www.transfermarkt.com/igor/profil/spieler/380350
220,Brighton Amp Hove Albion,Adam Webster,https://www.transfermarkt.com/adam-webster/profil/spieler/212847
221,Brighton Amp Hove Albion,Lewis Dunk,https://www.transfermarkt.com/lewis-dunk/profil/spieler/148153
222,Brighton Amp Hove Albion,Eiran Cashin,https://www.transfermarkt.com/eiran-cashin/profil/spieler/581330
223,Brighton Amp Hove Albion,Ferdi Kadioglu,https://www.transfermarkt.com/ferdi-kadioglu/profil/spieler/369316
224,Brighton Amp Hove Albion,Pervis Estupinan,https://www.transfermarkt.com/pervis-estupinan/profil/spieler/349599
225,Brighton Amp Hove Albion,Tariq Lamptey,https://www.transfermarkt.com/tariq-lamptey/profil/spieler/504148
226,Brighton Amp Hove Albion,Joel Veltman,https://www.transfermarkt.com/joel-veltman/profil/spieler/111195
227,Brighton Amp Hove Albion,Carlos Baleba,https://www.transfermarkt.com/carlos-baleba/profil/spieler/973085
228,Brighton Amp Hove Albion,Mats Wieffer,https://www.transfermarkt.com/mats-wieffer/profil/spieler/415381
229,Brighton Amp Hove Albion,Jack Hinshelwood,https://www.transfermarkt.com/jack-hinshelwood/profil/spieler/867688
230,Brighton Amp Hove Albion,Matt Oriley,https://www.transfermarkt.com/matt-oriley/profil/spieler/406634
231,Brighton Amp Hove Albion,Yasin Ayari,https://www.transfermarkt.com/yasin-ayari/profil/spieler/667287
232,Brighton Amp Hove Albion,Diego Gomez,https://www.transfermarkt.com/diego-gomez/profil/spieler/996897
233,Brighton Amp Hove Albion,James Milner,https://www.transfermarkt.com/james-milner/profil/spieler/3333
234,Brighton Amp Hove Albion,Kaoru Mitoma,https://www.transfermarkt.com/kaoru-mitoma/profil/spieler/504849
235,Brighton Amp Hove Albion,Simon Adingra,https://www.transfermarkt.com/simon-adingra/profil/spieler/658536
236,Brighton Amp Hove Albion,Yankuba Minteh,https://www.transfermarkt.com/yankuba-minteh/profil/spieler/1012534
237,Brighton Amp Hove Albion,Brajan Gruda,https://www.transfermarkt.com/brajan-gruda/profil/spieler/700106
238,Brighton Amp Hove Albion,Solly March,https://www.transfermarkt.com/solly-march/profil/spieler/209212
239,Brighton Amp Hove Albion,Joao Pedro,https://www.transfermarkt.com/joao-pedro/profil/spieler/626724
240,Brighton Amp Hove Albion,Georginio Rutter,https://www.transfermarkt.com/georginio-rutter/profil/spieler/538977
241,Brighton Amp Hove Albion,Danny Welbeck,https://www.transfermarkt.com/danny-welbeck/profil/spieler/67063
242,West Ham United,Alphonse Areola,https://www.transfermarkt.com/alphonse-areola/profil/spieler/120629
243,West Ham United,Wes Foderingham,https://www.transfermarkt.com/wes-foderingham/profil/spieler/61697
244,West Ham United,Lukasz Fabianski,https://www.transfermarkt.com/lukasz-fabianski/profil/spieler/29692
245,West Ham United,Maximilian Kilman,https://www.transfermarkt.com/maximilian-kilman/profil/spieler/525247
246,West Ham United,Jean Clair Todibo,https://www.transfermarkt.com/jean-clair-todibo/profil/spieler/605184
247,West Ham United,Konstantinos Mavropanos,https://www.transfermarkt.com/konstantinos-mavropanos/profil/spieler/415912
248,West Ham United,Kaelan Casey,https://www.transfermarkt.com/kaelan-casey/profil/spieler/845321
249,West Ham United,Emerson,https://www.transfermarkt.com/emerson/profil/spieler/181778
250,West Ham United,Oliver Scarles,https://www.transfermarkt.com/oliver-scarles/profil/spieler/922563
251,West Ham United,Aaron Cresswell,https://www.transfermarkt.com/aaron-cresswell/profil/spieler/92571
252,West Ham United,Aaron Wan Bissaka,https://www.transfermarkt.com/aaron-wan-bissaka/profil/spieler/477758
253,West Ham United,Vladimir Coufal,https://www.transfermarkt.com/vladimir-coufal/profil/spieler/157672
254,West Ham United,Edson Alvarez,https://www.transfermarkt.com/edson-alvarez/profil/spieler/401356
255,West Ham United,Tomas Soucek,https://www.transfermarkt.com/tomas-soucek/profil/spieler/283628
256,West Ham United,Guido Rodriguez,https://www.transfermarkt.com/guido-rodriguez/profil/spieler/342385
257,West Ham United,Carlos Soler,https://www.transfermarkt.com/carlos-soler/profil/spieler/372246
258,West Ham United,James Ward Prowse,https://www.transfermarkt.com/james-ward-prowse/profil/spieler/181579
259,West Ham United,Andrew Irving,https://www.transfermarkt.com/andrew-irving/profil/spieler/430310
260,West Ham United,Lucas Paqueta,https://www.transfermarkt.com/lucas-paqueta/profil/spieler/444523
261,West Ham United,Crysencio Summerville,https://www.transfermarkt.com/crysencio-summerville/profil/spieler/474701
262,West Ham United,Mohammed Kudus,https://www.transfermarkt.com/mohammed-kudus/profil/spieler/543499
263,West Ham United,Jarrod Bowen,https://www.transfermarkt.com/jarrod-bowen/profil/spieler/314875
264,West Ham United,Luis Guilherme,https://www.transfermarkt.com/luis-guilherme/profil/spieler/991800
265,West Ham United,Evan Ferguson,https://www.transfermarkt.com/evan-ferguson/profil/spieler/648046
266,West Ham United,Niclas Fullkrug,https://www.transfermarkt.com/niclas-fullkrug/profil/spieler/75489
267,West Ham United,Danny Ings,https://www.transfermarkt.com/danny-ings/profil/spieler/134294
268,West Ham United,Michail Antonio,https://www.transfermarkt.com/michail-antonio/profil/spieler/104124
269,Nottingham Forest,Matz Sels,https://www.transfermarkt.com/matz-sels/profil/spieler/127202
270,Nottingham Forest,Carlos Miguel,https://www.transfermarkt.com/carlos-miguel/profil/spieler/641458
271,Nottingham Forest,Wayne Hennessey,https://www.transfermarkt.com/wayne-hennessey/profil/spieler/45494
272,Nottingham Forest,Murillo,https://www.transfermarkt.com/murillo/profil/spieler/1005649
273,Nottingham Forest,Nikola Milenkovic,https://www.transfermarkt.com/nikola-milenkovic/profil/spieler/413507
274,Nottingham Forest,Morato,https://www.transfermarkt.com/morato/profil/spieler/673492
275,Nottingham Forest,Willy Boly,https://www.transfermarkt.com/willy-boly/profil/spieler/142310
276,Nottingham Forest,Alex Moreno,https://www.transfermarkt.com/alex-moreno/profil/spieler/193098
277,Nottingham Forest,Harry Toffolo,https://www.transfermarkt.com/harry-toffolo/profil/spieler/198516
278,Nottingham Forest,Neco Williams,https://www.transfermarkt.com/neco-williams/profil/spieler/503680
279,Nottingham Forest,Ola Aina,https://www.transfermarkt.com/ola-aina/profil/spieler/236490
280,Nottingham Forest,Ibrahim Sangare,https://www.transfermarkt.com/ibrahim-sangare/profil/spieler/375885
281,Nottingham Forest,Danilo,https://www.transfermarkt.com/danilo/profil/spieler/808509
282,Nottingham Forest,Elliot Anderson,https://www.transfermarkt.com/elliot-anderson/profil/spieler/567576
283,Nottingham Forest,Nicolas Dominguez,https://www.transfermarkt.com/nicolas-dominguez/profil/spieler/497291
284,Nottingham Forest,Ryan Yates,https://www.transfermarkt.com/ryan-yates/profil/spieler/425902
285,Nottingham Forest,Eric Da Silva Moreira,https://www.transfermarkt.com/eric-da-silva-moreira/profil/spieler/897481
286,Nottingham Forest,Morgan Gibbs White,https://www.transfermarkt.com/morgan-gibbs-white/profil/spieler/429014
287,Nottingham Forest,Callum Hudson Odoi,https://www.transfermarkt.com/callum-hudson-odoi/profil/spieler/392768
288,Nottingham Forest,Ramon Sosa,https://www.transfermarkt.com/ramon-sosa/profil/spieler/745191
289,Nottingham Forest,Anthony Elanga,https://www.transfermarkt.com/anthony-elanga/profil/spieler/583189
290,Nottingham Forest,Jota Silva,https://www.transfermarkt.com/jota-silva/profil/spieler/663244
291,Nottingham Forest,Taiwo Awoniyi,https://www.transfermarkt.com/taiwo-awoniyi/profil/spieler/295313
292,Nottingham Forest,Chris Wood,https://www.transfermarkt.com/chris-wood/profil/spieler/108725
293,Crystal Palace,Dean Henderson,https://www.transfermarkt.com/dean-henderson/profil/spieler/258919
294,Crystal Palace,Matt Turner,https://www.transfermarkt.com/matt-turner/profil/spieler/425306
295,Crystal Palace,Remi Matthews,https://www.transfermarkt.com/remi-matthews/profil/spieler/196722
296,Crystal Palace,Marc Guehi,https://www.transfermarkt.com/marc-guehi/profil/spieler/392757
297,Crystal Palace,Maxence Lacroix,https://www.transfermarkt.com/maxence-lacroix/profil/spieler/434224
298,Crystal Palace,Chadi Riad,https://www.transfermarkt.com/chadi-riad/profil/spieler/689637
299,Crystal Palace,Chris Richards,https://www.transfermarkt.com/chris-richards/profil/spieler/578539
300,Crystal Palace,Tyrick Mitchell,https://www.transfermarkt.com/tyrick-mitchell/profil/spieler/730893
301,Crystal Palace,Ben Chilwell,https://www.transfermarkt.com/ben-chilwell/profil/spieler/316125
302,Crystal Palace,Daniel Munoz,https://www.transfermarkt.com/daniel-munoz/profil/spieler/493003
303,Crystal Palace,Nathaniel Clyne,https://www.transfermarkt.com/nathaniel-clyne/profil/spieler/85177
304,Crystal Palace,Caleb Kporha,https://www.transfermarkt.com/caleb-kporha/profil/spieler/1047261
305,Crystal Palace,Joel Ward,https://www.transfermarkt.com/joel-ward/profil/spieler/92572
306,Crystal Palace,Adam Wharton,https://www.transfermarkt.com/adam-wharton/profil/spieler/744149
307,Crystal Palace,Cheick Doucoure,https://www.transfermarkt.com/cheick-doucoure/profil/spieler/543387
308,Crystal Palace,Jefferson Lerma,https://www.transfermarkt.com/jefferson-lerma/profil/spieler/262980
309,Crystal Palace,Kaden Rodney,https://www.transfermarkt.com/kaden-rodney/profil/spieler/860078
310,Crystal Palace,Will Hughes,https://www.transfermarkt.com/will-hughes/profil/spieler/207014
311,Crystal Palace,Justin Devenny,https://www.transfermarkt.com/justin-devenny/profil/spieler/747009
312,Crystal Palace,Eberechi Eze,https://www.transfermarkt.com/eberechi-eze/profil/spieler/479999
313,Crystal Palace,Daichi Kamada,https://www.transfermarkt.com/daichi-kamada/profil/spieler/356141
314,Crystal Palace,Matheus Franca,https://www.transfermarkt.com/matheus-franca/profil/spieler/743597
315,Crystal Palace,Ismaila Sarr,https://www.transfermarkt.com/ismaila-sarr/profil/spieler/410225
316,Crystal Palace,Romain Esse,https://www.transfermarkt.com/romain-esse/profil/spieler/967319
317,Crystal Palace,Malcolm Ebiowei,https://www.transfermarkt.com/malcolm-ebiowei/profil/spieler/512354
318,Crystal Palace,Jean Philippe Mateta,https://www.transfermarkt.com/jean-philippe-mateta/profil/spieler/420002
319,Crystal Palace,Eddie Nketiah,https://www.transfermarkt.com/eddie-nketiah/profil/spieler/340324
320,Afc Bournemouth,Kepa Arrizabalaga,https://www.transfermarkt.com/kepa-arrizabalaga/profil/spieler/192279
321,Afc Bournemouth,Will Dennis,https://www.transfermarkt.com/will-dennis/profil/spieler/582078
322,Afc Bournemouth,Dean Huijsen,https://www.transfermarkt.com/dean-huijsen/profil/spieler/890290
323,Afc Bournemouth,Ilya Zabarnyi,https://www.transfermarkt.com/ilya-zabarnyi/profil/spieler/659089
324,Afc Bournemouth,Marcos Senesi,https://www.transfermarkt.com/marcos-senesi/profil/spieler/469781
325,Afc Bournemouth,James Hill,https://www.transfermarkt.com/james-hill/profil/spieler/611793
326,Afc Bournemouth,Matai Akinmboni,https://www.transfermarkt.com/matai-akinmboni/profil/spieler/994604
327,Afc Bournemouth,Max Kinsey,https://www.transfermarkt.com/max-kinsey/profil/spieler/939615
328,Afc Bournemouth,Milos Kerkez,https://www.transfermarkt.com/milos-kerkez/profil/spieler/730861
329,Afc Bournemouth,Julio Soler,https://www.transfermarkt.com/julio-soler/profil/spieler/1009658
330,Afc Bournemouth,Julian Araujo,https://www.transfermarkt.com/julian-araujo/profil/spieler/513970
331,Afc Bournemouth,Adam Smith,https://www.transfermarkt.com/adam-smith/profil/spieler/61841
332,Afc Bournemouth,Tyler Adams,https://www.transfermarkt.com/tyler-adams/profil/spieler/332705
333,Afc Bournemouth,Ryan Christie,https://www.transfermarkt.com/ryan-christie/profil/spieler/188077
334,Afc Bournemouth,Alex Scott,https://www.transfermarkt.com/alex-scott/profil/spieler/855256
335,Afc Bournemouth,Lewis Cook,https://www.transfermarkt.com/lewis-cook/profil/spieler/249089
336,Afc Bournemouth,Antoine Semenyo,https://www.transfermarkt.com/antoine-semenyo/profil/spieler/583255
337,Afc Bournemouth,Marcus Tavernier,https://www.transfermarkt.com/marcus-tavernier/profil/spieler/399434
338,Afc Bournemouth,Justin Kluivert,https://www.transfermarkt.com/justin-kluivert/profil/spieler/330659
339,Afc Bournemouth,Dango Ouattara,https://www.transfermarkt.com/dango-ouattara/profil/spieler/823231
340,Afc Bournemouth,Luis Sinisterra,https://www.transfermarkt.com/luis-sinisterra/profil/spieler/512385
341,Afc Bournemouth,David Brooks,https://www.transfermarkt.com/david-brooks/profil/spieler/277033
342,Afc Bournemouth,Evanilson,https://www.transfermarkt.com/evanilson/profil/spieler/711337
343,Afc Bournemouth,Enes Unal,https://www.transfermarkt.com/enes-unal/profil/spieler/251106
344,Afc Bournemouth,Daniel Jebbison,https://www.transfermarkt.com/daniel-jebbison/profil/spieler/746740
345,Fc Brentford,Mark Flekken,https://www.transfermarkt.com/mark-flekken/profil/spieler/125714
346,Fc Brentford,Hakon Rafn Valdimarsson,https://www.transfermarkt.com/hakon-rafn-valdimarsson/profil/spieler/488935
347,Fc Brentford,Nathan Collins,https://www.transfermarkt.com/nathan-collins/profil/spieler/469050
348,Fc Brentford,Sepp Van Den Berg,https://www.transfermarkt.com/sepp-van-den-berg/profil/spieler/541231
349,Fc Brentford,Kristoffer Ajer,https://www.transfermarkt.com/kristoffer-ajer/profil/spieler/328658
350,Fc Brentford,Ethan Pinnock,https://www.transfermarkt.com/ethan-pinnock/profil/spieler/442248
351,Fc Brentford,Ben Mee,https://www.transfermarkt.com/ben-mee/profil/spieler/74810
352,Fc Brentford,Ji Soo Kim,https://www.transfermarkt.com/ji-soo-kim/profil/spieler/709767
353,Fc Brentford,Rico Henry,https://www.transfermarkt.com/rico-henry/profil/spieler/339556
354,Fc Brentford,Aaron Hickey,https://www.transfermarkt.com/aaron-hickey/profil/spieler/591949
355,Fc Brentford,Michael Kayode,https://www.transfermarkt.com/michael-kayode/profil/spieler/823486
356,Fc Brentford,Vitaly Janelt,https://www.transfermarkt.com/vitaly-janelt/profil/spieler/270171
357,Fc Brentford,Christian Norgaard,https://www.transfermarkt.com/christian-norgaard/profil/spieler/148367
358,Fc Brentford,Yunus Emre Konak,https://www.transfermarkt.com/yunus-emre-konak/profil/spieler/1141628
359,Fc Brentford,Mathias Jensen,https://www.transfermarkt.com/mathias-jensen/profil/spieler/319859
360,Fc Brentford,Josh Dasilva,https://www.transfermarkt.com/josh-dasilva/profil/spieler/340321
361,Fc Brentford,Paris Maghoma,https://www.transfermarkt.com/paris-maghoma/profil/spieler/470596
362,Fc Brentford,Mikkel Damsgaard,https://www.transfermarkt.com/mikkel-damsgaard/profil/spieler/540941
363,Fc Brentford,Fabio Carvalho,https://www.transfermarkt.com/fabio-carvalho/profil/spieler/559263
364,Fc Brentford,Yegor Yarmolyuk,https://www.transfermarkt.com/yegor-yarmolyuk/profil/spieler/717411
365,Fc Brentford,Kevin Schade,https://www.transfermarkt.com/kevin-schade/profil/spieler/473050
366,Fc Brentford,Keane Lewis Potter,https://www.transfermarkt.com/keane-lewis-potter/profil/spieler/644401
367,Fc Brentford,Gustavo Nunes,https://www.transfermarkt.com/gustavo-nunes/profil/spieler/1086375
368,Fc Brentford,Bryan Mbeumo,https://www.transfermarkt.com/bryan-mbeumo/profil/spieler/413039
369,Fc Brentford,Yoane Wissa,https://www.transfermarkt.com/yoane-wissa/profil/spieler/388165
370,Fc Brentford,Igor Thiago,https://www.transfermarkt.com/igor-thiago/profil/spieler/739443
371,Wolverhampton Wanderers,Jose Sa,https://www.transfermarkt.com/jose-sa/profil/spieler/249994
372,Wolverhampton Wanderers,Sam Johnstone,https://www.transfermarkt.com/sam-johnstone/profil/spieler/110864
373,Wolverhampton Wanderers,Daniel Bentley,https://www.transfermarkt.com/daniel-bentley/profil/spieler/136401
374,Wolverhampton Wanderers,Tom King,https://www.transfermarkt.com/tom-king/profil/spieler/215810
375,Wolverhampton Wanderers,Toti,https://www.transfermarkt.com/toti/profil/spieler/606718
376,Wolverhampton Wanderers,Emmanuel Agbadou,https://www.transfermarkt.com/emmanuel-agbadou/profil/spieler/683895
377,Wolverhampton Wanderers,Nasser Djiga,https://www.transfermarkt.com/nasser-djiga/profil/spieler/862297
378,Wolverhampton Wanderers,Santiago Bueno,https://www.transfermarkt.com/santiago-bueno/profil/spieler/438001
379,Wolverhampton Wanderers,Yerson Mosquera,https://www.transfermarkt.com/yerson-mosquera/profil/spieler/716276
380,Wolverhampton Wanderers,Bastien Meupiyou,https://www.transfermarkt.com/bastien-meupiyou/profil/spieler/955253
381,Wolverhampton Wanderers,Craig Dawson,https://www.transfermarkt.com/craig-dawson/profil/spieler/121477
382,Wolverhampton Wanderers,Rayan Ait Nouri,https://www.transfermarkt.com/rayan-ait-nouri/profil/spieler/578391
383,Wolverhampton Wanderers,Nelson Semedo,https://www.transfermarkt.com/nelson-semedo/profil/spieler/231572
384,Wolverhampton Wanderers,Pedro Lima,https://www.transfermarkt.com/pedro-lima/profil/spieler/1193867
385,Wolverhampton Wanderers,Matt Doherty,https://www.transfermarkt.com/matt-doherty/profil/spieler/171679
386,Wolverhampton Wanderers,Andre,https://www.transfermarkt.com/andre/profil/spieler/800176
387,Wolverhampton Wanderers,Boubacar Traore,https://www.transfermarkt.com/boubacar-traore/profil/spieler/649020
388,Wolverhampton Wanderers,Joao Gomes,https://www.transfermarkt.com/joao-gomes/profil/spieler/735570
389,Wolverhampton Wanderers,Jean Ricner Bellegarde,https://www.transfermarkt.com/jean-ricner-bellegarde/profil/spieler/450050
390,Wolverhampton Wanderers,Marshall Munetsi,https://www.transfermarkt.com/marshall-munetsi/profil/spieler/414908
391,Wolverhampton Wanderers,Tommy Doyle,https://www.transfermarkt.com/tommy-doyle/profil/spieler/433183
392,Wolverhampton Wanderers,Rodrigo Gomes,https://www.transfermarkt.com/rodrigo-gomes/profil/spieler/667121
393,Wolverhampton Wanderers,Goncalo Guedes,https://www.transfermarkt.com/goncalo-guedes/profil/spieler/225122
394,Wolverhampton Wanderers,Carlos Forbs,https://www.transfermarkt.com/carlos-forbs/profil/spieler/742451
395,Wolverhampton Wanderers,Enso Gonzalez,https://www.transfermarkt.com/enso-gonzalez/profil/spieler/1060740
396,Wolverhampton Wanderers,Pablo Sarabia,https://www.transfermarkt.com/pablo-sarabia/profil/spieler/74230
397,Wolverhampton Wanderers,Matheus Cunha,https://www.transfermarkt.com/matheus-cunha/profil/spieler/517894
398,Wolverhampton Wanderers,Jorgen Strand Larsen,https://www.transfermarkt.com/jorgen-strand-larsen/profil/spieler/429983
399,Wolverhampton Wanderers,Hee Chan Hwang,https://www.transfermarkt.com/hee-chan-hwang/profil/spieler/292246
400,Wolverhampton Wanderers,Sasa Kalajdzic,https://www.transfermarkt.com/sasa-kalajdzic/profil/spieler/369567
401,Wolverhampton Wanderers,Nathan Fraser,https://www.transfermarkt.com/nathan-fraser/profil/spieler/863741
402,Fc Everton,Jordan Pickford,https://www.transfermarkt.com/jordan-pickford/profil/spieler/130164
403,Fc Everton,Joao Virginia,https://www.transfermarkt.com/joao-virginia/profil/spieler/329813
404,Fc Everton,Asmir Begovic,https://www.transfermarkt.com/asmir-begovic/profil/spieler/33873
405,Fc Everton,Jarrad Branthwaite,https://www.transfermarkt.com/jarrad-branthwaite/profil/spieler/661053
406,Fc Everton,James Tarkowski,https://www.transfermarkt.com/james-tarkowski/profil/spieler/173504
407,Fc Everton,Michael Keane,https://www.transfermarkt.com/michael-keane/profil/spieler/118534
408,Fc Everton,Vitaliy Mykolenko,https://www.transfermarkt.com/vitaliy-mykolenko/profil/spieler/404842
409,Fc Everton,Nathan Patterson,https://www.transfermarkt.com/nathan-patterson/profil/spieler/424015
410,Fc Everton,Jake Obrien,https://www.transfermarkt.com/jake-obrien/profil/spieler/711544
411,Fc Everton,Ashley Young,https://www.transfermarkt.com/ashley-young/profil/spieler/14086
412,Fc Everton,Seamus Coleman,https://www.transfermarkt.com/seamus-coleman/profil/spieler/68390
413,Fc Everton,Orel Mangala,https://www.transfermarkt.com/orel-mangala/profil/spieler/289592
414,Fc Everton,James Garner,https://www.transfermarkt.com/james-garner/profil/spieler/505219
415,Fc Everton,Idrissa Gueye,https://www.transfermarkt.com/idrissa-gueye/profil/spieler/126665
416,Fc Everton,Carlos Alcaraz,https://www.transfermarkt.com/carlos-alcaraz/profil/spieler/748319
417,Fc Everton,Tim Iroegbunam,https://www.transfermarkt.com/tim-iroegbunam/profil/spieler/696589
418,Fc Everton,Abdoulaye Doucoure,https://www.transfermarkt.com/abdoulaye-doucoure/profil/spieler/127187
419,Fc Everton,Dwight Mcneil,https://www.transfermarkt.com/dwight-mcneil/profil/spieler/584769
420,Fc Everton,Iliman Ndiaye,https://www.transfermarkt.com/iliman-ndiaye/profil/spieler/623570
421,Fc Everton,Jesper Lindstrom,https://www.transfermarkt.com/jesper-lindstrom/profil/spieler/513245
422,Fc Everton,Jack Harrison,https://www.transfermarkt.com/jack-harrison/profil/spieler/417346
423,Fc Everton,Dominic Calvert Lewin,https://www.transfermarkt.com/dominic-calvert-lewin/profil/spieler/306024
424,Fc Everton,Beto,https://www.transfermarkt.com/beto/profil/spieler/595809
425,Fc Everton,Armando Broja,https://www.transfermarkt.com/armando-broja/profil/spieler/571743
426,Fc Everton,Chermiti,https://www.transfermarkt.com/chermiti/profil/spieler/670688
427,Fc Fulham,Bernd Leno,https://www.transfermarkt.com/bernd-leno/profil/spieler/72476
428,Fc Fulham,Steven Benda,https://www.transfermarkt.com/steven-benda/profil/spieler/381469
429,Fc Fulham,Joachim Andersen,https://www.transfermarkt.com/joachim-andersen/profil/spieler/260827
430,Fc Fulham,Calvin Bassey,https://www.transfermarkt.com/calvin-bassey/profil/spieler/461883
431,Fc Fulham,Issa Diop,https://www.transfermarkt.com/issa-diop/profil/spieler/272622
432,Fc Fulham,Jorge Cuenca,https://www.transfermarkt.com/jorge-cuenca/profil/spieler/494880
433,Fc Fulham,Antonee Robinson,https://www.transfermarkt.com/antonee-robinson/profil/spieler/349701
434,Fc Fulham,Ryan Sessegnon,https://www.transfermarkt.com/ryan-sessegnon/profil/spieler/392775
435,Fc Fulham,Kenny Tete,https://www.transfermarkt.com/kenny-tete/profil/spieler/206746
436,Fc Fulham,Timothy Castagne,https://www.transfermarkt.com/timothy-castagne/profil/spieler/262226
437,Fc Fulham,Sander Berge,https://www.transfermarkt.com/sander-berge/profil/spieler/333014
438,Fc Fulham,Sasa Lukic,https://www.transfermarkt.com/sasa-lukic/profil/spieler/245056
439,Fc Fulham,Harrison Reed,https://www.transfermarkt.com/harrison-reed/profil/spieler/226973
440,Fc Fulham,Tom Cairney,https://www.transfermarkt.com/tom-cairney/profil/spieler/123275
441,Fc Fulham,Josh King,https://www.transfermarkt.com/josh-king/profil/spieler/1011131
442,Fc Fulham,Emile Smith Rowe,https://www.transfermarkt.com/emile-smith-rowe/profil/spieler/392765
443,Fc Fulham,Andreas Pereira,https://www.transfermarkt.com/andreas-pereira/profil/spieler/203394
444,Fc Fulham,Alex Iwobi,https://www.transfermarkt.com/alex-iwobi/profil/spieler/242631
445,Fc Fulham,Willian,https://www.transfermarkt.com/willian/profil/spieler/52769
446,Fc Fulham,Reiss Nelson,https://www.transfermarkt.com/reiss-nelson/profil/spieler/340325
447,Fc Fulham,Harry Wilson,https://www.transfermarkt.com/harry-wilson/profil/spieler/279455
448,Fc Fulham,Adama Traore,https://www.transfermarkt.com/adama-traore/profil/spieler/204103
449,Fc Fulham,Rodrigo Muniz,https://www.transfermarkt.com/rodrigo-muniz/profil/spieler/735571
450,Fc Fulham,Raul Jimenez,https://www.transfermarkt.com/raul-jimenez/profil/spieler/206040
451,Fc Fulham,Carlos Vinicius,https://www.transfermarkt.com/carlos-vinicius/profil/spieler/525287
452,Ipswich Town,Arijanet Muric,https://www.transfermarkt.com/arijanet-muric/profil/spieler/371021
453,Ipswich Town,Christian Walton,https://www.transfermarkt.com/christian-walton/profil/spieler/208379
454,Ipswich Town,Alex Palmer,https://www.transfermarkt.com/alex-palmer/profil/spieler/245625
455,Ipswich Town,Cieran Slicker,https://www.transfermarkt.com/cieran-slicker/profil/spieler/621997
456,Ipswich Town,Jacob Greaves,https://www.transfermarkt.com/jacob-greaves/profil/spieler/693095
457,Ipswich Town,Dara Oshea,https://www.transfermarkt.com/dara-oshea/profil/spieler/401320
458,Ipswich Town,Ben Godfrey,https://www.transfermarkt.com/ben-godfrey/profil/spieler/343475
459,Ipswich Town,Cameron Burgess,https://www.transfermarkt.com/cameron-burgess/profil/spieler/255788
460,Ipswich Town,Luke Woolfenden,https://www.transfermarkt.com/luke-woolfenden/profil/spieler/527425
461,Ipswich Town,Leif Davis,https://www.transfermarkt.com/leif-davis/profil/spieler/596446
462,Ipswich Town,Conor Townsend,https://www.transfermarkt.com/conor-townsend/profil/spieler/146509
463,Ipswich Town,Ben Johnson,https://www.transfermarkt.com/ben-johnson/profil/spieler/468002
464,Ipswich Town,Axel Tuanzebe,https://www.transfermarkt.com/axel-tuanzebe/profil/spieler/342046
465,Ipswich Town,Kalvin Phillips,https://www.transfermarkt.com/kalvin-phillips/profil/spieler/351749
466,Ipswich Town,Jens Cajuste,https://www.transfermarkt.com/jens-cajuste/profil/spieler/468066
467,Ipswich Town,Jack Taylor,https://www.transfermarkt.com/jack-taylor/profil/spieler/458178
468,Ipswich Town,Sam Morsy,https://www.transfermarkt.com/sam-morsy/profil/spieler/123551
469,Ipswich Town,Massimo Luongo,https://www.transfermarkt.com/massimo-luongo/profil/spieler/181687
470,Ipswich Town,Julio Enciso,https://www.transfermarkt.com/julio-enciso/profil/spieler/660867
471,Ipswich Town,Omari Hutchinson,https://www.transfermarkt.com/omari-hutchinson/profil/spieler/741238
472,Ipswich Town,Sammie Szmodics,https://www.transfermarkt.com/sammie-szmodics/profil/spieler/292139
473,Ipswich Town,Jaden Philogene,https://www.transfermarkt.com/jaden-philogene/profil/spieler/665390
474,Ipswich Town,Jack Clarke,https://www.transfermarkt.com/jack-clarke/profil/spieler/559794
475,Ipswich Town,Nathan Broadhead,https://www.transfermarkt.com/nathan-broadhead/profil/spieler/344009
476,Ipswich Town,Chiedozie Ogbene,https://www.transfermarkt.com/chiedozie-ogbene/profil/spieler/392591
477,Ipswich Town,Wes Burns,https://www.transfermarkt.com/wes-burns/profil/spieler/255731
478,Ipswich Town,Conor Chaplin,https://www.transfermarkt.com/conor-chaplin/profil/spieler/349503
479,Ipswich Town,Liam Delap,https://www.transfermarkt.com/liam-delap/profil/spieler/610849
480,Ipswich Town,George Hirst,https://www.transfermarkt.com/george-hirst/profil/spieler/420808
481,Fc Southampton,Aaron Ramsdale,https://www.transfermarkt.com/aaron-ramsdale/profil/spieler/427568
482,Fc Southampton,Gavin Bazunu,https://www.transfermarkt.com/gavin-bazunu/profil/spieler/585550
483,Fc Southampton,Joe Lumley,https://www.transfermarkt.com/joe-lumley/profil/spieler/336367
484,Fc Southampton,Alex Mccarthy,https://www.transfermarkt.com/alex-mccarthy/profil/spieler/95976
485,Fc Southampton,Taylor Harwood Bellis,https://www.transfermarkt.com/taylor-harwood-bellis/profil/spieler/503977
486,Fc Southampton,Armel Bella Kotchap,https://www.transfermarkt.com/armel-bella-kotchap/profil/spieler/467563
487,Fc Southampton,Jan Bednarek,https://www.transfermarkt.com/jan-bednarek/profil/spieler/243028
488,Fc Southampton,Nathan Wood,https://www.transfermarkt.com/nathan-wood/profil/spieler/503990
489,Fc Southampton,Jack Stephens,https://www.transfermarkt.com/jack-stephens/profil/spieler/163744
490,Fc Southampton,Joachim Kayi Sanda,https://www.transfermarkt.com/joachim-kayi-sanda/profil/spieler/986298
491,Fc Southampton,Juan Larios,https://www.transfermarkt.com/juan-larios/profil/spieler/646738
492,Fc Southampton,Ryan Manning,https://www.transfermarkt.com/ryan-manning/profil/spieler/262300
493,Fc Southampton,Welington,https://www.transfermarkt.com/welington/profil/spieler/729264
494,Fc Southampton,Charlie Taylor,https://www.transfermarkt.com/charlie-taylor/profil/spieler/195633
495,Fc Southampton,Kyle Walker Peters,https://www.transfermarkt.com/kyle-walker-peters/profil/spieler/341051
496,Fc Southampton,Yukinari Sugawara,https://www.transfermarkt.com/yukinari-sugawara/profil/spieler/405385
497,Fc Southampton,James Bree,https://www.transfermarkt.com/james-bree/profil/spieler/324223
498,Fc Southampton,Lesley Ugochukwu,https://www.transfermarkt.com/lesley-ugochukwu/profil/spieler/711999
499,Fc Southampton,Flynn Downes,https://www.transfermarkt.com/flynn-downes/profil/spieler/506189
500,Fc Southampton,Mateus Fernandes,https://www.transfermarkt.com/mateus-fernandes/profil/spieler/880245
501,Fc Southampton,Will Smallbone,https://www.transfermarkt.com/will-smallbone/profil/spieler/444211
502,Fc Southampton,Joe Aribo,https://www.transfermarkt.com/joe-aribo/profil/spieler/468198
503,Fc Southampton,Albert Gronbaek,https://www.transfermarkt.com/albert-gronbaek/profil/spieler/503866
504,Fc Southampton,Adam Lallana,https://www.transfermarkt.com/adam-lallana/profil/spieler/43530
505,Fc Southampton,Kamaldeen Sulemana,https://www.transfermarkt.com/kamaldeen-sulemana/profil/spieler/746695
506,Fc Southampton,Ryan Fraser,https://www.transfermarkt.com/ryan-fraser/profil/spieler/146795
507,Fc Southampton,Tyler Dibling,https://www.transfermarkt.com/tyler-dibling/profil/spieler/866655
508,Fc Southampton,Cameron Archer,https://www.transfermarkt.com/cameron-archer/profil/spieler/533662
509,Fc Southampton,Paul Onuachu,https://www.transfermarkt.com/paul-onuachu/profil/spieler/272855
510,Fc Southampton,Ross Stewart,https://www.transfermarkt.com/ross-stewart/profil/spieler/447995
511,Fc Southampton,Rento Takaoka,https://www.transfermarkt.com/rento-takaoka/profil/spieler/1146989
512,Leicester City,Mads Hermansen,https://www.transfermarkt.com/mads-hermansen/profil/spieler/400536
513,Leicester City,Daniel Iversen,https://www.transfermarkt.com/daniel-iversen/profil/spieler/260841
514,Leicester City,Danny Ward,https://www.transfermarkt.com/danny-ward/profil/spieler/203026
515,Leicester City,Jakub Stolarczyk,https://www.transfermarkt.com/jakub-stolarczyk/profil/spieler/486144
516,Leicester City,Wout Faes,https://www.transfermarkt.com/wout-faes/profil/spieler/292808
517,Leicester City,Caleb Okoli,https://www.transfermarkt.com/caleb-okoli/profil/spieler/461833
518,Leicester City,Harry Souttar,https://www.transfermarkt.com/harry-souttar/profil/spieler/298091
519,Leicester City,Conor Coady,https://www.transfermarkt.com/conor-coady/profil/spieler/128901
520,Leicester City,Jannik Vestergaard,https://www.transfermarkt.com/jannik-vestergaard/profil/spieler/99331
521,Leicester City,Victor Kristiansen,https://www.transfermarkt.com/victor-kristiansen/profil/spieler/564529
522,Leicester City,Luke Thomas,https://www.transfermarkt.com/luke-thomas/profil/spieler/505194
523,Leicester City,James Justin,https://www.transfermarkt.com/james-justin/profil/spieler/413220
524,Leicester City,Ricardo Pereira,https://www.transfermarkt.com/ricardo-pereira/profil/spieler/215876
525,Leicester City,Woyo Coulibaly,https://www.transfermarkt.com/woyo-coulibaly/profil/spieler/592975
526,Leicester City,Wilfred Ndidi,https://www.transfermarkt.com/wilfred-ndidi/profil/spieler/274839
527,Leicester City,Boubakary Soumare,https://www.transfermarkt.com/boubakary-soumare/profil/spieler/344605
528,Leicester City,Oliver Skipp,https://www.transfermarkt.com/oliver-skipp/profil/spieler/406638
529,Leicester City,Harry Winks,https://www.transfermarkt.com/harry-winks/profil/spieler/249126
530,Leicester City,Michael Golding,https://www.transfermarkt.com/michael-golding/profil/spieler/936842
531,Leicester City,Bilal El Khannouss,https://www.transfermarkt.com/bilal-el-khannouss/profil/spieler/654982
532,Leicester City,Facundo Buonanotte,https://www.transfermarkt.com/facundo-buonanotte/profil/spieler/983989
533,Leicester City,Stephy Mavididi,https://www.transfermarkt.com/stephy-mavididi/profil/spieler/340328
534,Leicester City,Issahaku Fatawu,https://www.transfermarkt.com/issahaku-fatawu/profil/spieler/864121
535,Leicester City,Bobby De Cordova Reid,https://www.transfermarkt.com/bobby-de-cordova-reid/profil/spieler/186186
536,Leicester City,Jordan Ayew,https://www.transfermarkt.com/jordan-ayew/profil/spieler/108354
537,Leicester City,Kasey Mcateer,https://www.transfermarkt.com/kasey-mcateer/profil/spieler/621193
538,Leicester City,Patson Daka,https://www.transfermarkt.com/patson-daka/profil/spieler/365172
539,Leicester City,Odsonne Edouard,https://www.transfermarkt.com/odsonne-edouard/profil/spieler/344152
540,Leicester City,Jamie Vardy,https://www.transfermarkt.com/jamie-vardy/profil/spieler/197838
541,Real Madrid,Thibaut Courtois,https://www.transfermarkt.com/thibaut-courtois/profil/spieler/108390
542,Real Madrid,Andriy Lunin,https://www.transfermarkt.com/andriy-lunin/profil/spieler/404839
543,Real Madrid,Fran Gonzalez,https://www.transfermarkt.com/fran-gonzalez/profil/spieler/1055220
544,Real Madrid,Eder Militao,https://www.transfermarkt.com/eder-militao/profil/spieler/401530
545,Real Madrid,Raul Asencio,https://www.transfermarkt.com/raul-asencio/profil/spieler/935245
546,Real Madrid,Antonio Rudiger,https://www.transfermarkt.com/antonio-rudiger/profil/spieler/86202
547,Real Madrid,David Alaba,https://www.transfermarkt.com/david-alaba/profil/spieler/59016
548,Real Madrid,Jesus Vallejo,https://www.transfermarkt.com/jesus-vallejo/profil/spieler/251896
549,Real Madrid,Ferland Mendy,https://www.transfermarkt.com/ferland-mendy/profil/spieler/291417
550,Real Madrid,Fran Garcia,https://www.transfermarkt.com/fran-garcia/profil/spieler/341264
551,Real Madrid,Daniel Carvajal,https://www.transfermarkt.com/daniel-carvajal/profil/spieler/138927
552,Real Madrid,Lucas Vazquez,https://www.transfermarkt.com/lucas-vazquez/profil/spieler/221316
553,Real Madrid,Aurelien Tchouameni,https://www.transfermarkt.com/aurelien-tchouameni/profil/spieler/413112
554,Real Madrid,Federico Valverde,https://www.transfermarkt.com/federico-valverde/profil/spieler/369081
555,Real Madrid,Eduardo Camavinga,https://www.transfermarkt.com/eduardo-camavinga/profil/spieler/640428
556,Real Madrid,Dani Ceballos,https://www.transfermarkt.com/dani-ceballos/profil/spieler/319745
557,Real Madrid,Luka Modric,https://www.transfermarkt.com/luka-modric/profil/spieler/27992
558,Real Madrid,Jude Bellingham,https://www.transfermarkt.com/jude-bellingham/profil/spieler/581678
559,Real Madrid,Vinicius Junior,https://www.transfermarkt.com/vinicius-junior/profil/spieler/371998
560,Real Madrid,Rodrygo,https://www.transfermarkt.com/rodrygo/profil/spieler/412363
561,Real Madrid,Arda Guler,https://www.transfermarkt.com/arda-guler/profil/spieler/861410
562,Real Madrid,Brahim Diaz,https://www.transfermarkt.com/brahim-diaz/profil/spieler/314678
563,Real Madrid,Kylian Mbappe,https://www.transfermarkt.com/kylian-mbappe/profil/spieler/342229
564,Real Madrid,Endrick,https://www.transfermarkt.com/endrick/profil/spieler/971570
565,Fc Barcelona,Marc Andre Ter Stegen,https://www.transfermarkt.com/marc-andre-ter-stegen/profil/spieler/74857
566,Fc Barcelona,Inaki Pena,https://www.transfermarkt.com/inaki-pena/profil/spieler/283170
567,Fc Barcelona,Wojciech Szczesny,https://www.transfermarkt.com/wojciech-szczesny/profil/spieler/44058
568,Fc Barcelona,Pau Cubarsi,https://www.transfermarkt.com/pau-cubarsi/profil/spieler/962110
569,Fc Barcelona,Ronald Araujo,https://www.transfermarkt.com/ronald-araujo/profil/spieler/480267
570,Fc Barcelona,Andreas Christensen,https://www.transfermarkt.com/andreas-christensen/profil/spieler/196948
571,Fc Barcelona,Eric Garcia,https://www.transfermarkt.com/eric-garcia/profil/spieler/466794
572,Fc Barcelona,Inigo Martinez,https://www.transfermarkt.com/inigo-martinez/profil/spieler/158863
573,Fc Barcelona,Alejandro Balde,https://www.transfermarkt.com/alejandro-balde/profil/spieler/636688
574,Fc Barcelona,Gerard Martin,https://www.transfermarkt.com/gerard-martin/profil/spieler/705395
575,Fc Barcelona,Jules Kounde,https://www.transfermarkt.com/jules-kounde/profil/spieler/411975
576,Fc Barcelona,Hector Fort,https://www.transfermarkt.com/hector-fort/profil/spieler/937955
577,Fc Barcelona,Marc Casado,https://www.transfermarkt.com/marc-casado/profil/spieler/636695
578,Fc Barcelona,Marc Bernal,https://www.transfermarkt.com/marc-bernal/profil/spieler/1018920
579,Fc Barcelona,Pedri,https://www.transfermarkt.com/pedri/profil/spieler/683840
580,Fc Barcelona,Gavi,https://www.transfermarkt.com/gavi/profil/spieler/646740
581,Fc Barcelona,Frenkie De Jong,https://www.transfermarkt.com/frenkie-de-jong/profil/spieler/326330
582,Fc Barcelona,Dani Olmo,https://www.transfermarkt.com/dani-olmo/profil/spieler/293385
583,Fc Barcelona,Fermin Lopez,https://www.transfermarkt.com/fermin-lopez/profil/spieler/636703
584,Fc Barcelona,Pablo Torre,https://www.transfermarkt.com/pablo-torre/profil/spieler/720038
585,Fc Barcelona,Raphinha,https://www.transfermarkt.com/raphinha/profil/spieler/411295
586,Fc Barcelona,Ansu Fati,https://www.transfermarkt.com/ansu-fati/profil/spieler/466810
587,Fc Barcelona,Lamine Yamal,https://www.transfermarkt.com/lamine-yamal/profil/spieler/937958
588,Fc Barcelona,Ferran Torres,https://www.transfermarkt.com/ferran-torres/profil/spieler/398184
589,Fc Barcelona,Robert Lewandowski,https://www.transfermarkt.com/robert-lewandowski/profil/spieler/38253
590,Fc Barcelona,Pau Victor,https://www.transfermarkt.com/pau-victor/profil/spieler/707572
591,Atletico Madrid,Jan Oblak,https://www.transfermarkt.com/jan-oblak/profil/spieler/121483
592,Atletico Madrid,Juan Musso,https://www.transfermarkt.com/juan-musso/profil/spieler/242359
593,Atletico Madrid,Robin Le Normand,https://www.transfermarkt.com/robin-le-normand/profil/spieler/351809
594,Atletico Madrid,Jose Maria Gimenez,https://www.transfermarkt.com/jose-maria-gimenez/profil/spieler/250845
595,Atletico Madrid,Clement Lenglet,https://www.transfermarkt.com/clement-lenglet/profil/spieler/182904
596,Atletico Madrid,Axel Witsel,https://www.transfermarkt.com/axel-witsel/profil/spieler/35047
597,Atletico Madrid,Cesar Azpilicueta,https://www.transfermarkt.com/cesar-azpilicueta/profil/spieler/57500
598,Atletico Madrid,Reinildo Mandava,https://www.transfermarkt.com/reinildo-mandava/profil/spieler/240692
599,Atletico Madrid,Javi Galan,https://www.transfermarkt.com/javi-galan/profil/spieler/448628
600,Atletico Madrid,Nahuel Molina,https://www.transfermarkt.com/nahuel-molina/profil/spieler/424042
601,Atletico Madrid,Pablo Barrios,https://www.transfermarkt.com/pablo-barrios/profil/spieler/775605
602,Atletico Madrid,Conor Gallagher,https://www.transfermarkt.com/conor-gallagher/profil/spieler/488362
603,Atletico Madrid,Rodrigo De Paul,https://www.transfermarkt.com/rodrigo-de-paul/profil/spieler/255901
604,Atletico Madrid,Koke,https://www.transfermarkt.com/koke/profil/spieler/74229
605,Atletico Madrid,Marcos Llorente,https://www.transfermarkt.com/marcos-llorente/profil/spieler/282411
606,Atletico Madrid,Thomas Lemar,https://www.transfermarkt.com/thomas-lemar/profil/spieler/205562
607,Atletico Madrid,Samuel Lino,https://www.transfermarkt.com/samuel-lino/profil/spieler/694928
608,Atletico Madrid,Rodrigo Riquelme,https://www.transfermarkt.com/rodrigo-riquelme/profil/spieler/461617
609,Atletico Madrid,Giuliano Simeone,https://www.transfermarkt.com/giuliano-simeone/profil/spieler/742201
610,Atletico Madrid,Angel Correa,https://www.transfermarkt.com/angel-correa/profil/spieler/266807
611,Atletico Madrid,Julian Alvarez,https://www.transfermarkt.com/julian-alvarez/profil/spieler/576024
612,Atletico Madrid,Alexander Sorloth,https://www.transfermarkt.com/alexander-sorloth/profil/spieler/238407
613,Atletico Madrid,Antoine Griezmann,https://www.transfermarkt.com/antoine-griezmann/profil/spieler/125781
614,Real Sociedad San Sebastian,Alex Remiro,https://www.transfermarkt.com/alex-remiro/profil/spieler/212862
615,Real Sociedad San Sebastian,Unai Marrero,https://www.transfermarkt.com/unai-marrero/profil/spieler/625657
616,Real Sociedad San Sebastian,Nayef Aguerd,https://www.transfermarkt.com/nayef-aguerd/profil/spieler/361914
617,Real Sociedad San Sebastian,Igor Zubeldia,https://www.transfermarkt.com/igor-zubeldia/profil/spieler/355628
618,Real Sociedad San Sebastian,Jon Pacheco,https://www.transfermarkt.com/jon-pacheco/profil/spieler/580560
619,Real Sociedad San Sebastian,Aritz Elustondo,https://www.transfermarkt.com/aritz-elustondo/profil/spieler/229804
620,Real Sociedad San Sebastian,Jon Martin,https://www.transfermarkt.com/jon-martin/profil/spieler/1018938
621,Real Sociedad San Sebastian,Javi Lopez,https://www.transfermarkt.com/javi-lopez/profil/spieler/568158
622,Real Sociedad San Sebastian,Aihen Munoz,https://www.transfermarkt.com/aihen-munoz/profil/spieler/517842
623,Real Sociedad San Sebastian,Jon Aramburu,https://www.transfermarkt.com/jon-aramburu/profil/spieler/661145
624,Real Sociedad San Sebastian,Hamari Traore,https://www.transfermarkt.com/hamari-traore/profil/spieler/297070
625,Real Sociedad San Sebastian,Alvaro Odriozola,https://www.transfermarkt.com/alvaro-odriozola/profil/spieler/280730
626,Real Sociedad San Sebastian,Martin Zubimendi,https://www.transfermarkt.com/martin-zubimendi/profil/spieler/423440
627,Real Sociedad San Sebastian,Luka Sucic,https://www.transfermarkt.com/luka-sucic/profil/spieler/502722
628,Real Sociedad San Sebastian,Benat Turrientes,https://www.transfermarkt.com/benat-turrientes/profil/spieler/634431
629,Real Sociedad San Sebastian,Jon Ander Olasagasti,https://www.transfermarkt.com/jon-ander-olasagasti/profil/spieler/625660
630,Real Sociedad San Sebastian,Brais Mendez,https://www.transfermarkt.com/brais-mendez/profil/spieler/309110
631,Real Sociedad San Sebastian,Arsen Zakharyan,https://www.transfermarkt.com/arsen-zakharyan/profil/spieler/555143
632,Real Sociedad San Sebastian,Pablo Marin,https://www.transfermarkt.com/pablo-marin/profil/spieler/907813
633,Real Sociedad San Sebastian,Ander Barrenetxea,https://www.transfermarkt.com/ander-barrenetxea/profil/spieler/616369
634,Real Sociedad San Sebastian,Sheraldo Becker,https://www.transfermarkt.com/sheraldo-becker/profil/spieler/188888
635,Real Sociedad San Sebastian,Arkaitz Mariezkurrena,https://www.transfermarkt.com/arkaitz-mariezkurrena/profil/spieler/962145
636,Real Sociedad San Sebastian,Takefusa Kubo,https://www.transfermarkt.com/takefusa-kubo/profil/spieler/405398
637,Real Sociedad San Sebastian,Sergio Gomez,https://www.transfermarkt.com/sergio-gomez/profil/spieler/366930
638,Real Sociedad San Sebastian,Mikel Oyarzabal,https://www.transfermarkt.com/mikel-oyarzabal/profil/spieler/351478
639,Real Sociedad San Sebastian,Orri Oskarsson,https://www.transfermarkt.com/orri-oskarsson/profil/spieler/660438
640,Athletic Bilbao,Unai Simon,https://www.transfermarkt.com/unai-simon/profil/spieler/262396
641,Athletic Bilbao,Julen Agirrezabala,https://www.transfermarkt.com/julen-agirrezabala/profil/spieler/625014
642,Athletic Bilbao,Dani Vivian,https://www.transfermarkt.com/dani-vivian/profil/spieler/524000
643,Athletic Bilbao,Aitor Paredes,https://www.transfermarkt.com/aitor-paredes/profil/spieler/591916
644,Athletic Bilbao,Yeray Alvarez,https://www.transfermarkt.com/yeray-alvarez/profil/spieler/255488
645,Athletic Bilbao,Unai Nunez,https://www.transfermarkt.com/unai-nunez/profil/spieler/338285
646,Athletic Bilbao,Adama Boiro,https://www.transfermarkt.com/adama-boiro/profil/spieler/710671
647,Athletic Bilbao,Yuri Berchiche,https://www.transfermarkt.com/yuri-berchiche/profil/spieler/61812
648,Athletic Bilbao,Andoni Gorosabel,https://www.transfermarkt.com/andoni-gorosabel/profil/spieler/289255
649,Athletic Bilbao,Inigo Lekue,https://www.transfermarkt.com/inigo-lekue/profil/spieler/255501
650,Athletic Bilbao,Oscar De Marcos,https://www.transfermarkt.com/oscar-de-marcos/profil/spieler/96718
651,Athletic Bilbao,Mikel Vesga,https://www.transfermarkt.com/mikel-vesga/profil/spieler/300168
652,Athletic Bilbao,Mikel Jauregizar,https://www.transfermarkt.com/mikel-jauregizar/profil/spieler/938729
653,Athletic Bilbao,Benat Prados,https://www.transfermarkt.com/benat-prados/profil/spieler/625047
654,Athletic Bilbao,Inigo Ruiz De Galarreta,https://www.transfermarkt.com/inigo-ruiz-de-galarreta/profil/spieler/126751
655,Athletic Bilbao,Oihan Sancet,https://www.transfermarkt.com/oihan-sancet/profil/spieler/571020
656,Athletic Bilbao,Unai Gomez,https://www.transfermarkt.com/unai-gomez/profil/spieler/834752
657,Athletic Bilbao,Peio Canales,https://www.transfermarkt.com/peio-canales/profil/spieler/1056966
658,Athletic Bilbao,Nico Williams,https://www.transfermarkt.com/nico-williams/profil/spieler/709187
659,Athletic Bilbao,Alex Berenguer,https://www.transfermarkt.com/alex-berenguer/profil/spieler/338425
660,Athletic Bilbao,Alvaro Djalo,https://www.transfermarkt.com/alvaro-djalo/profil/spieler/671649
661,Athletic Bilbao,Inaki Williams,https://www.transfermarkt.com/inaki-williams/profil/spieler/255508
662,Athletic Bilbao,Gorka Guruzeta,https://www.transfermarkt.com/gorka-guruzeta/profil/spieler/340205
663,Athletic Bilbao,Maroan Sannadi,https://www.transfermarkt.com/maroan-sannadi/profil/spieler/1054934
664,Fc Villarreal,Diego Conde,https://www.transfermarkt.com/diego-conde/profil/spieler/341713
665,Fc Villarreal,Luiz Junior,https://www.transfermarkt.com/luiz-junior/profil/spieler/712107
666,Fc Villarreal,Iker Alvarez,https://www.transfermarkt.com/iker-alvarez/profil/spieler/547248
667,Fc Villarreal,Logan Costa,https://www.transfermarkt.com/logan-costa/profil/spieler/484988
668,Fc Villarreal,Willy Kambwala,https://www.transfermarkt.com/willy-kambwala/profil/spieler/780630
669,Fc Villarreal,Eric Bailly,https://www.transfermarkt.com/eric-bailly/profil/spieler/286384
670,Fc Villarreal,Raul Albiol,https://www.transfermarkt.com/raul-albiol/profil/spieler/15452
671,Fc Villarreal,Pau Navarro,https://www.transfermarkt.com/pau-navarro/profil/spieler/1061336
672,Fc Villarreal,Sergi Cardona,https://www.transfermarkt.com/sergi-cardona/profil/spieler/678406
673,Fc Villarreal,Alfonso Pedraza,https://www.transfermarkt.com/alfonso-pedraza/profil/spieler/356197
674,Fc Villarreal,Juan Foyth,https://www.transfermarkt.com/juan-foyth/profil/spieler/480763
675,Fc Villarreal,Kiko Femenia,https://www.transfermarkt.com/kiko-femenia/profil/spieler/76467
676,Fc Villarreal,Pape Gueye,https://www.transfermarkt.com/pape-gueye/profil/spieler/485963
677,Fc Villarreal,Santi Comesana,https://www.transfermarkt.com/santi-comesana/profil/spieler/380598
678,Fc Villarreal,Dani Parejo,https://www.transfermarkt.com/dani-parejo/profil/spieler/59561
679,Fc Villarreal,Denis Suarez,https://www.transfermarkt.com/denis-suarez/profil/spieler/165007
680,Fc Villarreal,Alex Baena,https://www.transfermarkt.com/alex-baena/profil/spieler/548111
681,Fc Villarreal,Yeremy Pino,https://www.transfermarkt.com/yeremy-pino/profil/spieler/568157
682,Fc Villarreal,Ilias Akhomach,https://www.transfermarkt.com/ilias-akhomach/profil/spieler/709969
683,Fc Villarreal,Tajon Buchanan,https://www.transfermarkt.com/tajon-buchanan/profil/spieler/638793
684,Fc Villarreal,Nicolas Pepe,https://www.transfermarkt.com/nicolas-pepe/profil/spieler/343052
685,Fc Villarreal,Thierno Barry,https://www.transfermarkt.com/thierno-barry/profil/spieler/937941
686,Fc Villarreal,Ayoze Perez,https://www.transfermarkt.com/ayoze-perez/profil/spieler/246968
687,Fc Villarreal,Gerard Moreno,https://www.transfermarkt.com/gerard-moreno/profil/spieler/177467
688,Fc Valencia,Giorgi Mamardashvili,https://www.transfermarkt.com/giorgi-mamardashvili/profil/spieler/502676
689,Fc Valencia,Stole Dimitrievski,https://www.transfermarkt.com/stole-dimitrievski/profil/spieler/165467
690,Fc Valencia,Jaume Domenech,https://www.transfermarkt.com/jaume-domenech/profil/spieler/227805
691,Fc Valencia,Cristhian Mosquera,https://www.transfermarkt.com/cristhian-mosquera/profil/spieler/646750
692,Fc Valencia,Yarek Gasiorowski,https://www.transfermarkt.com/yarek-gasiorowski/profil/spieler/895334
693,Fc Valencia,Cesar Tarrega,https://www.transfermarkt.com/cesar-tarrega/profil/spieler/707274
694,Fc Valencia,Mouctar Diakhaby,https://www.transfermarkt.com/mouctar-diakhaby/profil/spieler/346289
695,Fc Valencia,Jose Gaya,https://www.transfermarkt.com/jose-gaya/profil/spieler/221322
696,Fc Valencia,Jesus Vazquez,https://www.transfermarkt.com/jesus-vazquez/profil/spieler/623024
697,Fc Valencia,Max Aarons,https://www.transfermarkt.com/max-aarons/profil/spieler/471690
698,Fc Valencia,Thierry Correia,https://www.transfermarkt.com/thierry-correia/profil/spieler/367466
699,Fc Valencia,Dimitri Foulquier,https://www.transfermarkt.com/dimitri-foulquier/profil/spieler/170472
700,Fc Valencia,Pepelu,https://www.transfermarkt.com/pepelu/profil/spieler/328480
701,Fc Valencia,Enzo Barrenechea,https://www.transfermarkt.com/enzo-barrenechea/profil/spieler/671915
702,Fc Valencia,Hugo Guillamon,https://www.transfermarkt.com/hugo-guillamon/profil/spieler/495629
703,Fc Valencia,Javi Guerra,https://www.transfermarkt.com/javi-guerra/profil/spieler/834764
704,Fc Valencia,Andre Almeida,https://www.transfermarkt.com/andre-almeida/profil/spieler/375382
705,Fc Valencia,Ivan Jaime,https://www.transfermarkt.com/ivan-jaime/profil/spieler/610335
706,Fc Valencia,Martin Tejon,https://www.transfermarkt.com/martin-tejon/profil/spieler/941883
707,Fc Valencia,Luis Rioja,https://www.transfermarkt.com/luis-rioja/profil/spieler/278837
708,Fc Valencia,Sergi Canos,https://www.transfermarkt.com/sergi-canos/profil/spieler/251845
709,Fc Valencia,Diego Lopez,https://www.transfermarkt.com/diego-lopez/profil/spieler/617081
710,Fc Valencia,Fran Perez,https://www.transfermarkt.com/fran-perez/profil/spieler/622988
711,Fc Valencia,Hugo Duro,https://www.transfermarkt.com/hugo-duro/profil/spieler/573775
712,Fc Valencia,Umar Sadiq,https://www.transfermarkt.com/umar-sadiq/profil/spieler/337715
713,Fc Valencia,Rafa Mir,https://www.transfermarkt.com/rafa-mir/profil/spieler/361254
714,Fc Girona,Paulo Gazzaniga,https://www.transfermarkt.com/paulo-gazzaniga/profil/spieler/195488
715,Fc Girona,Vladyslav Krapyvtsov,https://www.transfermarkt.com/vladyslav-krapyvtsov/profil/spieler/1169436
716,Fc Girona,Juan Carlos,https://www.transfermarkt.com/juan-carlos/profil/spieler/120705
717,Fc Girona,Ladislav Krejci,https://www.transfermarkt.com/ladislav-krejci/profil/spieler/345911
718,Fc Girona,David Lopez,https://www.transfermarkt.com/david-lopez/profil/spieler/129444
719,Fc Girona,Daley Blind,https://www.transfermarkt.com/daley-blind/profil/spieler/12282
720,Fc Girona,Juanpe,https://www.transfermarkt.com/juanpe/profil/spieler/115333
721,Fc Girona,Miguel Gutierrez,https://www.transfermarkt.com/miguel-gutierrez/profil/spieler/525299
722,Fc Girona,Arnau Martinez,https://www.transfermarkt.com/arnau-martinez/profil/spieler/826224
723,Fc Girona,Alejandro Frances,https://www.transfermarkt.com/alejandro-frances/profil/spieler/632896
724,Fc Girona,Arthur Melo,https://www.transfermarkt.com/arthur-melo/profil/spieler/362842
725,Fc Girona,Oriol Romeu,https://www.transfermarkt.com/oriol-romeu/profil/spieler/66100
726,Fc Girona,Yangel Herrera,https://www.transfermarkt.com/yangel-herrera/profil/spieler/378293
727,Fc Girona,Donny Van De Beek,https://www.transfermarkt.com/donny-van-de-beek/profil/spieler/288255
728,Fc Girona,Jhon Solis,https://www.transfermarkt.com/jhon-solis/profil/spieler/742521
729,Fc Girona,Ivan Martin,https://www.transfermarkt.com/ivan-martin/profil/spieler/341278
730,Fc Girona,Gabriel Misehouy,https://www.transfermarkt.com/gabriel-misehouy/profil/spieler/646698
731,Fc Girona,Bryan Gil,https://www.transfermarkt.com/bryan-gil/profil/spieler/537382
732,Fc Girona,Arnaut Danjuma,https://www.transfermarkt.com/arnaut-danjuma/profil/spieler/355861
733,Fc Girona,Min Su Kim,https://www.transfermarkt.com/min-su-kim/profil/spieler/1108203
734,Fc Girona,Viktor Tsygankov,https://www.transfermarkt.com/viktor-tsygankov/profil/spieler/264372
735,Fc Girona,Yaser Asprilla,https://www.transfermarkt.com/yaser-asprilla/profil/spieler/857818
736,Fc Girona,Portu,https://www.transfermarkt.com/portu/profil/spieler/99353
737,Fc Girona,Abel Ruiz,https://www.transfermarkt.com/abel-ruiz/profil/spieler/340376
738,Fc Girona,Bojan Miovski,https://www.transfermarkt.com/bojan-miovski/profil/spieler/476219
739,Fc Girona,Cristhian Stuani,https://www.transfermarkt.com/cristhian-stuani/profil/spieler/59323
740,Fc Sevilla,Alvaro Fernandez,https://www.transfermarkt.com/alvaro-fernandez/profil/spieler/453704
741,Fc Sevilla,Orjan Nyland,https://www.transfermarkt.com/orjan-nyland/profil/spieler/73517
742,Fc Sevilla,Loic Bade,https://www.transfermarkt.com/loic-bade/profil/spieler/730581
743,Fc Sevilla,Kike Salas,https://www.transfermarkt.com/kike-salas/profil/spieler/766583
744,Fc Sevilla,Marcao,https://www.transfermarkt.com/marcao/profil/spieler/439022
745,Fc Sevilla,Tanguy Nianzou,https://www.transfermarkt.com/tanguy-nianzou/profil/spieler/538996
746,Fc Sevilla,Adria Pedrosa,https://www.transfermarkt.com/adria-pedrosa/profil/spieler/501418
747,Fc Sevilla,Jose Angel Carmona,https://www.transfermarkt.com/jose-angel-carmona/profil/spieler/711625
748,Fc Sevilla,Juanlu Sanchez,https://www.transfermarkt.com/juanlu-sanchez/profil/spieler/676042
749,Fc Sevilla,Lucien Agoume,https://www.transfermarkt.com/lucien-agoume/profil/spieler/569384
750,Fc Sevilla,Nemanja Gudelj,https://www.transfermarkt.com/nemanja-gudelj/profil/spieler/74294
751,Fc Sevilla,Albert Sambi Lokonga,https://www.transfermarkt.com/albert-sambi-lokonga/profil/spieler/381967
752,Fc Sevilla,Djibril Sow,https://www.transfermarkt.com/djibril-sow/profil/spieler/212723
753,Fc Sevilla,Saul Niguez,https://www.transfermarkt.com/saul-niguez/profil/spieler/148928
754,Fc Sevilla,Manu Bueno,https://www.transfermarkt.com/manu-bueno/profil/spieler/766723
755,Fc Sevilla,Stanis Idumbo,https://www.transfermarkt.com/stanis-idumbo/profil/spieler/743387
756,Fc Sevilla,Ruben Vargas,https://www.transfermarkt.com/ruben-vargas/profil/spieler/345886
757,Fc Sevilla,Chidera Ejuke,https://www.transfermarkt.com/chidera-ejuke/profil/spieler/500067
758,Fc Sevilla,Dodi Lukebakio,https://www.transfermarkt.com/dodi-lukebakio/profil/spieler/303259
759,Fc Sevilla,Suso,https://www.transfermarkt.com/suso/profil/spieler/111961
760,Fc Sevilla,Peque Fernandez,https://www.transfermarkt.com/peque-fernandez/profil/spieler/639733
761,Fc Sevilla,Isaac Romero,https://www.transfermarkt.com/isaac-romero/profil/spieler/687609
762,Fc Sevilla,Akor Adams,https://www.transfermarkt.com/akor-adams/profil/spieler/607034
763,Real Betis Sevilla,Fran Vieites,https://www.transfermarkt.com/fran-vieites/profil/spieler/551182
764,Real Betis Sevilla,Adrian,https://www.transfermarkt.com/adrian/profil/spieler/71271
765,Real Betis Sevilla,Natan,https://www.transfermarkt.com/natan/profil/spieler/735568
766,Real Betis Sevilla,Diego Llorente,https://www.transfermarkt.com/diego-llorente/profil/spieler/246291
767,Real Betis Sevilla,Marc Bartra,https://www.transfermarkt.com/marc-bartra/profil/spieler/99922
768,Real Betis Sevilla,Romain Perraud,https://www.transfermarkt.com/romain-perraud/profil/spieler/318523
769,Real Betis Sevilla,Ricardo Rodriguez,https://www.transfermarkt.com/ricardo-rodriguez/profil/spieler/86784
770,Real Betis Sevilla,Aitor Ruibal,https://www.transfermarkt.com/aitor-ruibal/profil/spieler/378139
771,Real Betis Sevilla,Hector Bellerin,https://www.transfermarkt.com/hector-bellerin/profil/spieler/191217
772,Real Betis Sevilla,Angel Ortiz,https://www.transfermarkt.com/angel-ortiz/profil/spieler/933908
773,Real Betis Sevilla,Youssouf Sabaly,https://www.transfermarkt.com/youssouf-sabaly/profil/spieler/135492
774,Real Betis Sevilla,Johnny Cardoso,https://www.transfermarkt.com/johnny-cardoso/profil/spieler/689505
775,Real Betis Sevilla,Marc Roca,https://www.transfermarkt.com/marc-roca/profil/spieler/336869
776,Real Betis Sevilla,William Carvalho,https://www.transfermarkt.com/william-carvalho/profil/spieler/100131
777,Real Betis Sevilla,Giovani Lo Celso,https://www.transfermarkt.com/giovani-lo-celso/profil/spieler/348795
778,Real Betis Sevilla,Sergi Altimira,https://www.transfermarkt.com/sergi-altimira/profil/spieler/466801
779,Real Betis Sevilla,Mateo Flores,https://www.transfermarkt.com/mateo-flores/profil/spieler/1061283
780,Real Betis Sevilla,Pablo Fornals,https://www.transfermarkt.com/pablo-fornals/profil/spieler/357885
781,Real Betis Sevilla,Isco,https://www.transfermarkt.com/isco/profil/spieler/85288
782,Real Betis Sevilla,Abde Ezzalzouli,https://www.transfermarkt.com/abde-ezzalzouli/profil/spieler/724520
783,Real Betis Sevilla,Jesus Rodriguez,https://www.transfermarkt.com/jesus-rodriguez/profil/spieler/1190411
784,Real Betis Sevilla,Antony,https://www.transfermarkt.com/antony/profil/spieler/602105
785,Real Betis Sevilla,Cucho Hernandez,https://www.transfermarkt.com/cucho-hernandez/profil/spieler/459463
786,Real Betis Sevilla,Chimy Avila,https://www.transfermarkt.com/chimy-avila/profil/spieler/167721
787,Real Betis Sevilla,Cedric Bakambu,https://www.transfermarkt.com/cedric-bakambu/profil/spieler/127048
788,Ud Las Palmas,Dinko Horkas,https://www.transfermarkt.com/dinko-horkas/profil/spieler/357770
789,Ud Las Palmas,Jasper Cillessen,https://www.transfermarkt.com/jasper-cillessen/profil/spieler/146227
790,Ud Las Palmas,Mika Marmol,https://www.transfermarkt.com/mika-marmol/profil/spieler/617060
791,Ud Las Palmas,Scott Mckenna,https://www.transfermarkt.com/scott-mckenna/profil/spieler/255906
792,Ud Las Palmas,Juanma Herzog,https://www.transfermarkt.com/juanma-herzog/profil/spieler/1146029
793,Ud Las Palmas,Alex Suarez,https://www.transfermarkt.com/alex-suarez/profil/spieler/510396
794,Ud Las Palmas,Alex Munoz,https://www.transfermarkt.com/alex-munoz/profil/spieler/243760
795,Ud Las Palmas,Andy Pelmard,https://www.transfermarkt.com/andy-pelmard/profil/spieler/494236
796,Ud Las Palmas,Viti Rozada,https://www.transfermarkt.com/viti-rozada/profil/spieler/438971
797,Ud Las Palmas,Marvin Park,https://www.transfermarkt.com/marvin-park/profil/spieler/603940
798,Ud Las Palmas,Dario Essugo,https://www.transfermarkt.com/dario-essugo/profil/spieler/670717
799,Ud Las Palmas,Stefan Bajcetic,https://www.transfermarkt.com/stefan-bajcetic/profil/spieler/864799
800,Ud Las Palmas,Javi Munoz,https://www.transfermarkt.com/javi-munoz/profil/spieler/282421
801,Ud Las Palmas,Enzo Loiodice,https://www.transfermarkt.com/enzo-loiodice/profil/spieler/581781
802,Ud Las Palmas,Jose Campana,https://www.transfermarkt.com/jose-campana/profil/spieler/120095
803,Ud Las Palmas,Alberto Moleiro,https://www.transfermarkt.com/alberto-moleiro/profil/spieler/733576
804,Ud Las Palmas,Kirian Rodriguez,https://www.transfermarkt.com/kirian-rodriguez/profil/spieler/566574
805,Ud Las Palmas,Manu Fuster,https://www.transfermarkt.com/manu-fuster/profil/spieler/511021
806,Ud Las Palmas,Benito Ramirez,https://www.transfermarkt.com/benito-ramirez/profil/spieler/282672
807,Ud Las Palmas,Adnan Januzaj,https://www.transfermarkt.com/adnan-januzaj/profil/spieler/177847
808,Ud Las Palmas,Fabio Silva,https://www.transfermarkt.com/fabio-silva/profil/spieler/505653
809,Ud Las Palmas,Oli Mcburnie,https://www.transfermarkt.com/oli-mcburnie/profil/spieler/298477
810,Ud Las Palmas,Sandro Ramirez,https://www.transfermarkt.com/sandro-ramirez/profil/spieler/199369
811,Ud Las Palmas,Marc Cardona,https://www.transfermarkt.com/marc-cardona/profil/spieler/443222
812,Ud Las Palmas,Jaime Mata,https://www.transfermarkt.com/jaime-mata/profil/spieler/227961
813,Ca Osasuna,Sergio Herrera,https://www.transfermarkt.com/sergio-herrera/profil/spieler/248738
814,Ca Osasuna,Aitor Fernandez,https://www.transfermarkt.com/aitor-fernandez/profil/spieler/118997
815,Ca Osasuna,Enzo Boyomo,https://www.transfermarkt.com/enzo-boyomo/profil/spieler/541555
816,Ca Osasuna,Jorge Herrando,https://www.transfermarkt.com/jorge-herrando/profil/spieler/555500
817,Ca Osasuna,Alejandro Catena,https://www.transfermarkt.com/alejandro-catena/profil/spieler/449796
818,Ca Osasuna,Unai Garcia,https://www.transfermarkt.com/unai-garcia/profil/spieler/197122
819,Ca Osasuna,Abel Bretones,https://www.transfermarkt.com/abel-bretones/profil/spieler/658115
820,Ca Osasuna,Juan Cruz,https://www.transfermarkt.com/juan-cruz/profil/spieler/169497
821,Ca Osasuna,Jesus Areso,https://www.transfermarkt.com/jesus-areso/profil/spieler/488626
822,Ca Osasuna,Ruben Pena,https://www.transfermarkt.com/ruben-pena/profil/spieler/238868
823,Ca Osasuna,Lucas Torro,https://www.transfermarkt.com/lucas-torro/profil/spieler/213670
824,Ca Osasuna,Iker Munoz,https://www.transfermarkt.com/iker-munoz/profil/spieler/710677
825,Ca Osasuna,Jon Moncayola,https://www.transfermarkt.com/jon-moncayola/profil/spieler/552425
826,Ca Osasuna,Pablo Ibanez,https://www.transfermarkt.com/pablo-ibanez/profil/spieler/785353
827,Ca Osasuna,Aimar Oroz,https://www.transfermarkt.com/aimar-oroz/profil/spieler/634131
828,Ca Osasuna,Bryan Zaragoza,https://www.transfermarkt.com/bryan-zaragoza/profil/spieler/713644
829,Ca Osasuna,Moi Gomez,https://www.transfermarkt.com/moi-gomez/profil/spieler/175449
830,Ca Osasuna,Jose Manuel Arnaiz,https://www.transfermarkt.com/jose-manuel-arnaiz/profil/spieler/364603
831,Ca Osasuna,Ruben Garcia,https://www.transfermarkt.com/ruben-garcia/profil/spieler/213260
832,Ca Osasuna,Kike Barja,https://www.transfermarkt.com/kike-barja/profil/spieler/298575
833,Ca Osasuna,Ante Budimir,https://www.transfermarkt.com/ante-budimir/profil/spieler/46413
834,Ca Osasuna,Raul Garcia,https://www.transfermarkt.com/raul-garcia/profil/spieler/631002
835,Celta Vigo,Ivan Villar,https://www.transfermarkt.com/ivan-villar/profil/spieler/297194
836,Celta Vigo,Vicente Guaita,https://www.transfermarkt.com/vicente-guaita/profil/spieler/64399
837,Celta Vigo,Javi Rodriguez,https://www.transfermarkt.com/javi-rodriguez/profil/spieler/1076815
838,Celta Vigo,Carl Starfelt,https://www.transfermarkt.com/carl-starfelt/profil/spieler/258987
839,Celta Vigo,Carlos Dominguez,https://www.transfermarkt.com/carlos-dominguez/profil/spieler/636093
840,Celta Vigo,Marcos Alonso,https://www.transfermarkt.com/marcos-alonso/profil/spieler/112515
841,Celta Vigo,Mihailo Ristic,https://www.transfermarkt.com/mihailo-ristic/profil/spieler/271455
842,Celta Vigo,Oscar Mingueza,https://www.transfermarkt.com/oscar-mingueza/profil/spieler/331505
843,Celta Vigo,Sergio Carreira,https://www.transfermarkt.com/sergio-carreira/profil/spieler/545647
844,Celta Vigo,Javier Manquillo,https://www.transfermarkt.com/javier-manquillo/profil/spieler/162029
845,Celta Vigo,Damian Rodriguez,https://www.transfermarkt.com/damian-rodriguez/profil/spieler/715628
846,Celta Vigo,Jailson,https://www.transfermarkt.com/jailson/profil/spieler/366948
847,Celta Vigo,Fran Beltran,https://www.transfermarkt.com/fran-beltran/profil/spieler/423444
848,Celta Vigo,Hugo Sotelo,https://www.transfermarkt.com/hugo-sotelo/profil/spieler/892221
849,Celta Vigo,Ilaix Moriba,https://www.transfermarkt.com/ilaix-moriba/profil/spieler/617074
850,Celta Vigo,Hugo Alvarez,https://www.transfermarkt.com/hugo-alvarez/profil/spieler/892929
851,Celta Vigo,Williot Swedberg,https://www.transfermarkt.com/williot-swedberg/profil/spieler/764859
852,Celta Vigo,Alfon Gonzalez,https://www.transfermarkt.com/alfon-gonzalez/profil/spieler/357628
853,Celta Vigo,Franco Cervi,https://www.transfermarkt.com/franco-cervi/profil/spieler/341110
854,Celta Vigo,Fer Lopez,https://www.transfermarkt.com/fer-lopez/profil/spieler/1064471
855,Celta Vigo,Iker Losada,https://www.transfermarkt.com/iker-losada/profil/spieler/632741
856,Celta Vigo,Pablo Duran,https://www.transfermarkt.com/pablo-duran/profil/spieler/905997
857,Celta Vigo,Borja Iglesias,https://www.transfermarkt.com/borja-iglesias/profil/spieler/278359
858,Celta Vigo,Iago Aspas,https://www.transfermarkt.com/iago-aspas/profil/spieler/72047
859,Espanyol Barcelona,Joan Garcia,https://www.transfermarkt.com/joan-garcia/profil/spieler/561613
860,Espanyol Barcelona,Fernando Pacheco,https://www.transfermarkt.com/fernando-pacheco/profil/spieler/172015
861,Espanyol Barcelona,Angel Fortuno,https://www.transfermarkt.com/angel-fortuno/profil/spieler/628487
862,Espanyol Barcelona,Marash Kumbulla,https://www.transfermarkt.com/marash-kumbulla/profil/spieler/371371
863,Espanyol Barcelona,Fernando Calero,https://www.transfermarkt.com/fernando-calero/profil/spieler/357884
864,Espanyol Barcelona,Leandro Cabrera,https://www.transfermarkt.com/leandro-cabrera/profil/spieler/102423
865,Espanyol Barcelona,Sergi Gomez,https://www.transfermarkt.com/sergi-gomez/profil/spieler/92947
866,Espanyol Barcelona,Pablo Ramon,https://www.transfermarkt.com/pablo-ramon/profil/spieler/629511
867,Espanyol Barcelona,Carlos Romero,https://www.transfermarkt.com/carlos-romero/profil/spieler/709372
868,Espanyol Barcelona,Brian Olivan,https://www.transfermarkt.com/brian-olivan/profil/spieler/166677
869,Espanyol Barcelona,Omar El Hilali,https://www.transfermarkt.com/omar-el-hilali/profil/spieler/822331
870,Espanyol Barcelona,Alvaro Tejero,https://www.transfermarkt.com/alvaro-tejero/profil/spieler/290273
871,Espanyol Barcelona,Urko Gonzalez De Zarate,https://www.transfermarkt.com/urko-gonzalez-de-zarate/profil/spieler/625651
872,Espanyol Barcelona,Alex Kral,https://www.transfermarkt.com/alex-kral/profil/spieler/337333
873,Espanyol Barcelona,Pol Lozano,https://www.transfermarkt.com/pol-lozano/profil/spieler/412045
874,Espanyol Barcelona,Jose Gragera,https://www.transfermarkt.com/jose-gragera/profil/spieler/557147
875,Espanyol Barcelona,Alvaro Aguado,https://www.transfermarkt.com/alvaro-aguado/profil/spieler/449496
876,Espanyol Barcelona,Edu Exposito,https://www.transfermarkt.com/edu-exposito/profil/spieler/506248
877,Espanyol Barcelona,Justin Smith,https://www.transfermarkt.com/justin-smith/profil/spieler/904712
878,Espanyol Barcelona,Rafel Bauza,https://www.transfermarkt.com/rafel-bauza/profil/spieler/1178721
879,Espanyol Barcelona,Javi Puado,https://www.transfermarkt.com/javi-puado/profil/spieler/408471
880,Espanyol Barcelona,Pere Milla,https://www.transfermarkt.com/pere-milla/profil/spieler/225593
881,Espanyol Barcelona,Jofre Carreras,https://www.transfermarkt.com/jofre-carreras/profil/spieler/628498
882,Espanyol Barcelona,Antoniu Roca,https://www.transfermarkt.com/antoniu-roca/profil/spieler/834744
883,Espanyol Barcelona,Roberto Fernandez,https://www.transfermarkt.com/roberto-fernandez/profil/spieler/720518
884,Espanyol Barcelona,Walid Cheddira,https://www.transfermarkt.com/walid-cheddira/profil/spieler/521407
885,Espanyol Barcelona,Alejo Veliz,https://www.transfermarkt.com/alejo-veliz/profil/spieler/888493
886,Espanyol Barcelona,Omar Sadik,https://www.transfermarkt.com/omar-sadik/profil/spieler/869458
887,Rcd Mallorca,Dominik Greif,https://www.transfermarkt.com/dominik-greif/profil/spieler/316884
888,Rcd Mallorca,Leo Roman,https://www.transfermarkt.com/leo-roman/profil/spieler/562742
889,Rcd Mallorca,Ivan Cuellar,https://www.transfermarkt.com/ivan-cuellar/profil/spieler/27493
890,Rcd Mallorca,Martin Valjent,https://www.transfermarkt.com/martin-valjent/profil/spieler/277384
891,Rcd Mallorca,Jose Copete,https://www.transfermarkt.com/jose-copete/profil/spieler/520840
892,Rcd Mallorca,Antonio Raillo,https://www.transfermarkt.com/antonio-raillo/profil/spieler/278296
893,Rcd Mallorca,David Lopez,https://www.transfermarkt.com/david-lopez/profil/spieler/947431
894,Rcd Mallorca,Johan Mojica,https://www.transfermarkt.com/johan-mojica/profil/spieler/262939
895,Rcd Mallorca,Toni Lato,https://www.transfermarkt.com/toni-lato/profil/spieler/320271
896,Rcd Mallorca,Pablo Maffeo,https://www.transfermarkt.com/pablo-maffeo/profil/spieler/251876
897,Rcd Mallorca,Mateu Morey,https://www.transfermarkt.com/mateu-morey/profil/spieler/388513
898,Rcd Mallorca,Samu Costa,https://www.transfermarkt.com/samu-costa/profil/spieler/657430
899,Rcd Mallorca,Omar Mascarell,https://www.transfermarkt.com/omar-mascarell/profil/spieler/142031
900,Rcd Mallorca,Sergi Darder,https://www.transfermarkt.com/sergi-darder/profil/spieler/142021
901,Rcd Mallorca,Manu Morlanes,https://www.transfermarkt.com/manu-morlanes/profil/spieler/335225
902,Rcd Mallorca,Antonio Sanchez,https://www.transfermarkt.com/antonio-sanchez/profil/spieler/513031
903,Rcd Mallorca,Robert Navarro,https://www.transfermarkt.com/robert-navarro/profil/spieler/563137
904,Rcd Mallorca,Dani Rodriguez,https://www.transfermarkt.com/dani-rodriguez/profil/spieler/139435
905,Rcd Mallorca,Chiquinho,https://www.transfermarkt.com/chiquinho/profil/spieler/695454
906,Rcd Mallorca,Takuma Asano,https://www.transfermarkt.com/takuma-asano/profil/spieler/245744
907,Rcd Mallorca,Valery Fernandez,https://www.transfermarkt.com/valery-fernandez/profil/spieler/331496
908,Rcd Mallorca,Vedat Muriqi,https://www.transfermarkt.com/vedat-muriqi/profil/spieler/256267
909,Rcd Mallorca,Cyle Larin,https://www.transfermarkt.com/cyle-larin/profil/spieler/343463
910,Rcd Mallorca,Abdon Prats,https://www.transfermarkt.com/abdon-prats/profil/spieler/177452
911,Fc Getafe,David Soria,https://www.transfermarkt.com/david-soria/profil/spieler/226012
912,Fc Getafe,Jiri Letacek,https://www.transfermarkt.com/jiri-letacek/profil/spieler/339079
913,Fc Getafe,Omar Alderete,https://www.transfermarkt.com/omar-alderete/profil/spieler/353032
914,Fc Getafe,Djene,https://www.transfermarkt.com/djene/profil/spieler/221150
915,Fc Getafe,Juan Berrocal,https://www.transfermarkt.com/juan-berrocal/profil/spieler/461843
916,Fc Getafe,Domingos Duarte,https://www.transfermarkt.com/domingos-duarte/profil/spieler/257376
917,Fc Getafe,Juan Bernat,https://www.transfermarkt.com/juan-bernat/profil/spieler/126719
918,Fc Getafe,Diego Rico,https://www.transfermarkt.com/diego-rico/profil/spieler/249513
919,Fc Getafe,Juan Iglesias,https://www.transfermarkt.com/juan-iglesias/profil/spieler/390688
920,Fc Getafe,Allan Nyom,https://www.transfermarkt.com/allan-nyom/profil/spieler/111508
921,Fc Getafe,Ramon Terrats,https://www.transfermarkt.com/ramon-terrats/profil/spieler/783396
922,Fc Getafe,Mauro Arambarri,https://www.transfermarkt.com/mauro-arambarri/profil/spieler/290249
923,Fc Getafe,Luis Milla,https://www.transfermarkt.com/luis-milla/profil/spieler/281989
924,Fc Getafe,Yellu Santiago,https://www.transfermarkt.com/yellu-santiago/profil/spieler/941869
925,Fc Getafe,Christantus Uche,https://www.transfermarkt.com/christantus-uche/profil/spieler/1124005
926,Fc Getafe,Alberto Risco,https://www.transfermarkt.com/alberto-risco/profil/spieler/1255616
927,Fc Getafe,Coba Da Costa,https://www.transfermarkt.com/coba-da-costa/profil/spieler/1033005
928,Fc Getafe,Juanmi,https://www.transfermarkt.com/juanmi/profil/spieler/126737
929,Fc Getafe,Alex Sola,https://www.transfermarkt.com/alex-sola/profil/spieler/434990
930,Fc Getafe,Carles Perez,https://www.transfermarkt.com/carles-perez/profil/spieler/282810
931,Fc Getafe,Peter Federico,https://www.transfermarkt.com/peter-federico/profil/spieler/710004
932,Fc Getafe,Borja Mayoral,https://www.transfermarkt.com/borja-mayoral/profil/spieler/298976
933,Fc Getafe,Bertug Yildirim,https://www.transfermarkt.com/bertug-yildirim/profil/spieler/672803
934,Fc Getafe,Alvaro Rodriguez,https://www.transfermarkt.com/alvaro-rodriguez/profil/spieler/948275
935,Deportivo Alaves,Antonio Sivera,https://www.transfermarkt.com/antonio-sivera/profil/spieler/298197
936,Deportivo Alaves,Jesus Owono,https://www.transfermarkt.com/jesus-owono/profil/spieler/631693
937,Deportivo Alaves,Adrian Rodriguez,https://www.transfermarkt.com/adrian-rodriguez/profil/spieler/608382
938,Deportivo Alaves,Abdel Abqar,https://www.transfermarkt.com/abdel-abqar/profil/spieler/559979
939,Deportivo Alaves,Santiago Mourino,https://www.transfermarkt.com/santiago-mourino/profil/spieler/953901
940,Deportivo Alaves,Moussa Diarra,https://www.transfermarkt.com/moussa-diarra/profil/spieler/694509
941,Deportivo Alaves,Adrian Pica,https://www.transfermarkt.com/adrian-pica/profil/spieler/895458
942,Deportivo Alaves,Facundo Garces,https://www.transfermarkt.com/facundo-garces/profil/spieler/533354
943,Deportivo Alaves,Aleksandar Sedlar,https://www.transfermarkt.com/aleksandar-sedlar/profil/spieler/237499
944,Deportivo Alaves,Manu Sanchez,https://www.transfermarkt.com/manu-sanchez/profil/spieler/618809
945,Deportivo Alaves,Nahuel Tenaglia,https://www.transfermarkt.com/nahuel-tenaglia/profil/spieler/533568
946,Deportivo Alaves,Hugo Novoa,https://www.transfermarkt.com/hugo-novoa/profil/spieler/668276
947,Deportivo Alaves,Antonio Blanco,https://www.transfermarkt.com/antonio-blanco/profil/spieler/495621
948,Deportivo Alaves,Carlos Protesoni,https://www.transfermarkt.com/carlos-protesoni/profil/spieler/431190
949,Deportivo Alaves,Ander Guevara,https://www.transfermarkt.com/ander-guevara/profil/spieler/465967
950,Deportivo Alaves,Jon Guridi,https://www.transfermarkt.com/jon-guridi/profil/spieler/289257
951,Deportivo Alaves,Carles Alena,https://www.transfermarkt.com/carles-alena/profil/spieler/284854
952,Deportivo Alaves,Joan Jordan,https://www.transfermarkt.com/joan-jordan/profil/spieler/263727
953,Deportivo Alaves,Carlos Martin,https://www.transfermarkt.com/carlos-martin/profil/spieler/618813
954,Deportivo Alaves,Tomas Conechny,https://www.transfermarkt.com/tomas-conechny/profil/spieler/401571
955,Deportivo Alaves,Carlos Vicente,https://www.transfermarkt.com/carlos-vicente/profil/spieler/540536
956,Deportivo Alaves,Toni Martinez,https://www.transfermarkt.com/toni-martinez/profil/spieler/302371
957,Deportivo Alaves,Asier Villalibre,https://www.transfermarkt.com/asier-villalibre/profil/spieler/251897
958,Deportivo Alaves,Kike Garcia,https://www.transfermarkt.com/kike-garcia/profil/spieler/93936
959,Deportivo Alaves,Pau Cabanes,https://www.transfermarkt.com/pau-cabanes/profil/spieler/1063553
960,Rayo Vallecano,Augusto Batalla,https://www.transfermarkt.com/augusto-batalla/profil/spieler/275218
961,Rayo Vallecano,Dani Cardenas,https://www.transfermarkt.com/dani-cardenas/profil/spieler/397676
962,Rayo Vallecano,Abdul Mumin,https://www.transfermarkt.com/abdul-mumin/profil/spieler/451801
963,Rayo Vallecano,Florian Lejeune,https://www.transfermarkt.com/florian-lejeune/profil/spieler/127108
964,Rayo Vallecano,Pelayo Fernandez,https://www.transfermarkt.com/pelayo-fernandez/profil/spieler/692208
965,Rayo Vallecano,Aridane Hernandez,https://www.transfermarkt.com/aridane-hernandez/profil/spieler/82503
966,Rayo Vallecano,Pep Chavarria,https://www.transfermarkt.com/pep-chavarria/profil/spieler/596122
967,Rayo Vallecano,Alfonso Espino,https://www.transfermarkt.com/alfonso-espino/profil/spieler/311044
968,Rayo Vallecano,Andrei Ratiu,https://www.transfermarkt.com/andrei-ratiu/profil/spieler/527966
969,Rayo Vallecano,Ivan Balliu,https://www.transfermarkt.com/ivan-balliu/profil/spieler/85295
970,Rayo Vallecano,Gerard Gumbau,https://www.transfermarkt.com/gerard-gumbau/profil/spieler/268670
971,Rayo Vallecano,Oscar Valentin,https://www.transfermarkt.com/oscar-valentin/profil/spieler/517753
972,Rayo Vallecano,Unai Lopez,https://www.transfermarkt.com/unai-lopez/profil/spieler/192009
973,Rayo Vallecano,Pedro Diaz,https://www.transfermarkt.com/pedro-diaz/profil/spieler/363057
974,Rayo Vallecano,Pathe Ciss,https://www.transfermarkt.com/pathe-ciss/profil/spieler/525578
975,Rayo Vallecano,Randy Nteka,https://www.transfermarkt.com/randy-nteka/profil/spieler/560483
976,Rayo Vallecano,Joni Montiel,https://www.transfermarkt.com/joni-montiel/profil/spieler/343273
977,Rayo Vallecano,Oscar Trejo,https://www.transfermarkt.com/oscar-trejo/profil/spieler/30321
978,Rayo Vallecano,Alvaro Garcia,https://www.transfermarkt.com/alvaro-garcia/profil/spieler/257062
979,Rayo Vallecano,Jorge De Frutos,https://www.transfermarkt.com/jorge-de-frutos/profil/spieler/455181
980,Rayo Vallecano,Adrian Embarba,https://www.transfermarkt.com/adrian-embarba/profil/spieler/288318
981,Rayo Vallecano,Isi Palazon,https://www.transfermarkt.com/isi-palazon/profil/spieler/362086
982,Rayo Vallecano,Sergio Camello,https://www.transfermarkt.com/sergio-camello/profil/spieler/505674
983,Rayo Vallecano,Raul De Tomas,https://www.transfermarkt.com/raul-de-tomas/profil/spieler/162038
984,Rayo Vallecano,Sergi Guardiola,https://www.transfermarkt.com/sergi-guardiola/profil/spieler/256429
985,Real Valladolid,Karl Hein,https://www.transfermarkt.com/karl-hein/profil/spieler/493513
986,Real Valladolid,Andre Ferreira,https://www.transfermarkt.com/andre-ferreira/profil/spieler/290346
987,Real Valladolid,Eray Comert,https://www.transfermarkt.com/eray-comert/profil/spieler/298583
988,Real Valladolid,Javi Sanchez,https://www.transfermarkt.com/javi-sanchez/profil/spieler/340853
989,Real Valladolid,Cenk Ozkacar,https://www.transfermarkt.com/cenk-ozkacar/profil/spieler/615350
990,Real Valladolid,David Torres,https://www.transfermarkt.com/david-torres/profil/spieler/857832
991,Real Valladolid,Joseph Aidoo,https://www.transfermarkt.com/joseph-aidoo/profil/spieler/358250
992,Real Valladolid,Adam Aznou,https://www.transfermarkt.com/adam-aznou/profil/spieler/938146
993,Real Valladolid,Henrique Silva,https://www.transfermarkt.com/henrique-silva/profil/spieler/204072
994,Real Valladolid,Antonio Candela,https://www.transfermarkt.com/antonio-candela/profil/spieler/392881
995,Real Valladolid,Luis Perez,https://www.transfermarkt.com/luis-perez/profil/spieler/358115
996,Real Valladolid,Florian Grillitsch,https://www.transfermarkt.com/florian-grillitsch/profil/spieler/195736
997,Real Valladolid,Mario Martin,https://www.transfermarkt.com/mario-martin/profil/spieler/948273
998,Real Valladolid,Stanko Juric,https://www.transfermarkt.com/stanko-juric/profil/spieler/388125
999,Real Valladolid,Tamas Nikitscher,https://www.transfermarkt.com/tamas-nikitscher/profil/spieler/633056
1000,Real Valladolid,Selim Amallah,https://www.transfermarkt.com/selim-amallah/profil/spieler/377219
1001,Real Valladolid,Chuki,https://www.transfermarkt.com/chuki/profil/spieler/926763
1002,Real Valladolid,Raul Moro,https://www.transfermarkt.com/raul-moro/profil/spieler/624942
1003,Real Valladolid,Darwin Machis,https://www.transfermarkt.com/darwin-machis/profil/spieler/211251
1004,Real Valladolid,Kenedy,https://www.transfermarkt.com/kenedy/profil/spieler/281404
1005,Real Valladolid,Amath Ndiaye,https://www.transfermarkt.com/amath-ndiaye/profil/spieler/339820
1006,Real Valladolid,Anuar,https://www.transfermarkt.com/anuar/profil/spieler/327126
1007,Real Valladolid,Ivan Sanchez,https://www.transfermarkt.com/ivan-sanchez/profil/spieler/221311
1008,Real Valladolid,Juanmi Latasa,https://www.transfermarkt.com/juanmi-latasa/profil/spieler/623521
1009,Real Valladolid,Mamadou Sylla,https://www.transfermarkt.com/mamadou-sylla/profil/spieler/166683
1010,Real Valladolid,Marcos Andre,https://www.transfermarkt.com/marcos-andre/profil/spieler/481084
1011,Cd Leganes,Juan Soriano,https://www.transfermarkt.com/juan-soriano/profil/spieler/251892
1012,Cd Leganes,Marko Dmitrovic,https://www.transfermarkt.com/marko-dmitrovic/profil/spieler/94308
1013,Cd Leganes,Sergio Gonzalez,https://www.transfermarkt.com/sergio-gonzalez/profil/spieler/308989
1014,Cd Leganes,Jorge Saenz,https://www.transfermarkt.com/jorge-saenz/profil/spieler/340339
1015,Cd Leganes,Matija Nastasic,https://www.transfermarkt.com/matija-nastasic/profil/spieler/143559
1016,Cd Leganes,Javi Hernandez,https://www.transfermarkt.com/javi-hernandez/profil/spieler/422466
1017,Cd Leganes,Enric Franquesa,https://www.transfermarkt.com/enric-franquesa/profil/spieler/282700
1018,Cd Leganes,Borna Barisic,https://www.transfermarkt.com/borna-barisic/profil/spieler/39125
1019,Cd Leganes,Valentin Rosier,https://www.transfermarkt.com/valentin-rosier/profil/spieler/441170
1020,Cd Leganes,Adria Altimira,https://www.transfermarkt.com/adria-altimira/profil/spieler/466807
1021,Cd Leganes,Renato Tapia,https://www.transfermarkt.com/renato-tapia/profil/spieler/277137
1022,Cd Leganes,Yvan Neyou,https://www.transfermarkt.com/yvan-neyou/profil/spieler/469669
1023,Cd Leganes,Julian Chicco,https://www.transfermarkt.com/julian-chicco/profil/spieler/401583
1024,Cd Leganes,Seydouba Cisse,https://www.transfermarkt.com/seydouba-cisse/profil/spieler/543537
1025,Cd Leganes,Darko Brasanac,https://www.transfermarkt.com/darko-brasanac/profil/spieler/95641
1026,Cd Leganes,Oscar Rodriguez,https://www.transfermarkt.com/oscar-rodriguez/profil/spieler/284884
1027,Cd Leganes,Roberto Lopez,https://www.transfermarkt.com/roberto-lopez/profil/spieler/569866
1028,Cd Leganes,Juan Cruz,https://www.transfermarkt.com/juan-cruz/profil/spieler/585700
1029,Cd Leganes,Duktm,https://www.transfermarkt.com/duktm/profil/spieler/535959
1030,Cd Leganes,Dani Raba,https://www.transfermarkt.com/dani-raba/profil/spieler/413262
1031,Cd Leganes,Munir El Haddadi,https://www.transfermarkt.com/munir-el-haddadi/profil/spieler/223725
1032,Cd Leganes,Miguel De La Fuente,https://www.transfermarkt.com/miguel-de-la-fuente/profil/spieler/480883
1033,Cd Leganes,Diego Garcia,https://www.transfermarkt.com/diego-garcia/profil/spieler/852727
1034,Fc Bayern Munchen,Jonas Urbig,https://www.transfermarkt.com/jonas-urbig/profil/spieler/607720
1035,Fc Bayern Munchen,Manuel Neuer,https://www.transfermarkt.com/manuel-neuer/profil/spieler/17259
1036,Fc Bayern Munchen,Daniel Peretz,https://www.transfermarkt.com/daniel-peretz/profil/spieler/468539
1037,Fc Bayern Munchen,Sven Ulreich,https://www.transfermarkt.com/sven-ulreich/profil/spieler/40680
1038,Fc Bayern Munchen,Dayot Upamecano,https://www.transfermarkt.com/dayot-upamecano/profil/spieler/344695
1039,Fc Bayern Munchen,Min Jae Kim,https://www.transfermarkt.com/min-jae-kim/profil/spieler/503482
1040,Fc Bayern Munchen,Hiroki Ito,https://www.transfermarkt.com/hiroki-ito/profil/spieler/353892
1041,Fc Bayern Munchen,Eric Dier,https://www.transfermarkt.com/eric-dier/profil/spieler/175722
1042,Fc Bayern Munchen,Tarek Buchmann,https://www.transfermarkt.com/tarek-buchmann/profil/spieler/744729
1043,Fc Bayern Munchen,Alphonso Davies,https://www.transfermarkt.com/alphonso-davies/profil/spieler/424204
1044,Fc Bayern Munchen,Raphael Guerreiro,https://www.transfermarkt.com/raphael-guerreiro/profil/spieler/170986
1045,Fc Bayern Munchen,Josip Stanisic,https://www.transfermarkt.com/josip-stanisic/profil/spieler/483046
1046,Fc Bayern Munchen,Sacha Boey,https://www.transfermarkt.com/sacha-boey/profil/spieler/475413
1047,Fc Bayern Munchen,Joshua Kimmich,https://www.transfermarkt.com/joshua-kimmich/profil/spieler/161056
1048,Fc Bayern Munchen,Aleksandar Pavlovic,https://www.transfermarkt.com/aleksandar-pavlovic/profil/spieler/792380
1049,Fc Bayern Munchen,Joao Palhinha,https://www.transfermarkt.com/joao-palhinha/profil/spieler/257455
1050,Fc Bayern Munchen,Konrad Laimer,https://www.transfermarkt.com/konrad-laimer/profil/spieler/223967
1051,Fc Bayern Munchen,Leon Goretzka,https://www.transfermarkt.com/leon-goretzka/profil/spieler/153084
1052,Fc Bayern Munchen,Jamal Musiala,https://www.transfermarkt.com/jamal-musiala/profil/spieler/580195
1053,Fc Bayern Munchen,Kingsley Coman,https://www.transfermarkt.com/kingsley-coman/profil/spieler/243714
1054,Fc Bayern Munchen,Serge Gnabry,https://www.transfermarkt.com/serge-gnabry/profil/spieler/159471
1055,Fc Bayern Munchen,Michael Olise,https://www.transfermarkt.com/michael-olise/profil/spieler/566723
1056,Fc Bayern Munchen,Leroy Sane,https://www.transfermarkt.com/leroy-sane/profil/spieler/192565
1057,Fc Bayern Munchen,Thomas Muller,https://www.transfermarkt.com/thomas-muller/profil/spieler/58358
1058,Fc Bayern Munchen,Gabriel Vidovic,https://www.transfermarkt.com/gabriel-vidovic/profil/spieler/604327
1059,Fc Bayern Munchen,Harry Kane,https://www.transfermarkt.com/harry-kane/profil/spieler/132098
1060,Bayer 04 Leverkusen,Matej Kovar,https://www.transfermarkt.com/matej-kovar/profil/spieler/550829
1061,Bayer 04 Leverkusen,Lukas Hradecky,https://www.transfermarkt.com/lukas-hradecky/profil/spieler/48015
1062,Bayer 04 Leverkusen,Niklas Lomb,https://www.transfermarkt.com/niklas-lomb/profil/spieler/85543
1063,Bayer 04 Leverkusen,Luca Novodomsky,https://www.transfermarkt.com/luca-novodomsky/profil/spieler/810826
1064,Bayer 04 Leverkusen,Piero Hincapie,https://www.transfermarkt.com/piero-hincapie/profil/spieler/659813
1065,Bayer 04 Leverkusen,Edmond Tapsoba,https://www.transfermarkt.com/edmond-tapsoba/profil/spieler/564545
1066,Bayer 04 Leverkusen,Jonathan Tah,https://www.transfermarkt.com/jonathan-tah/profil/spieler/196357
1067,Bayer 04 Leverkusen,Jeanuel Belocian,https://www.transfermarkt.com/jeanuel-belocian/profil/spieler/919515
1068,Bayer 04 Leverkusen,Mario Hermoso,https://www.transfermarkt.com/mario-hermoso/profil/spieler/281769
1069,Bayer 04 Leverkusen,Alejandro Grimaldo,https://www.transfermarkt.com/alejandro-grimaldo/profil/spieler/193082
1070,Bayer 04 Leverkusen,Nordi Mukiele,https://www.transfermarkt.com/nordi-mukiele/profil/spieler/348026
1071,Bayer 04 Leverkusen,Arthur,https://www.transfermarkt.com/arthur/profil/spieler/977464
1072,Bayer 04 Leverkusen,Granit Xhaka,https://www.transfermarkt.com/granit-xhaka/profil/spieler/111455
1073,Bayer 04 Leverkusen,Robert Andrich,https://www.transfermarkt.com/robert-andrich/profil/spieler/159088
1074,Bayer 04 Leverkusen,Exequiel Palacios,https://www.transfermarkt.com/exequiel-palacios/profil/spieler/401578
1075,Bayer 04 Leverkusen,Aleix Garcia,https://www.transfermarkt.com/aleix-garcia/profil/spieler/261504
1076,Bayer 04 Leverkusen,Jeremie Frimpong,https://www.transfermarkt.com/jeremie-frimpong/profil/spieler/484547
1077,Bayer 04 Leverkusen,Nathan Tella,https://www.transfermarkt.com/nathan-tella/profil/spieler/340322
1078,Bayer 04 Leverkusen,Florian Wirtz,https://www.transfermarkt.com/florian-wirtz/profil/spieler/598577
1079,Bayer 04 Leverkusen,Emiliano Buendia,https://www.transfermarkt.com/emiliano-buendia/profil/spieler/321247
1080,Bayer 04 Leverkusen,Jonas Hofmann,https://www.transfermarkt.com/jonas-hofmann/profil/spieler/7161
1081,Bayer 04 Leverkusen,Amine Adli,https://www.transfermarkt.com/amine-adli/profil/spieler/532776
1082,Bayer 04 Leverkusen,Martin Terrier,https://www.transfermarkt.com/martin-terrier/profil/spieler/442891
1083,Bayer 04 Leverkusen,Victor Boniface,https://www.transfermarkt.com/victor-boniface/profil/spieler/656681
1084,Bayer 04 Leverkusen,Patrik Schick,https://www.transfermarkt.com/patrik-schick/profil/spieler/242086
1085,Bayer 04 Leverkusen,Alejo Sarco,https://www.transfermarkt.com/alejo-sarco/profil/spieler/1000675
1086,Rasenballsport Leipzig,Maarten Vandevoordt,https://www.transfermarkt.com/maarten-vandevoordt/profil/spieler/486046
1087,Rasenballsport Leipzig,Peter Gulacsi,https://www.transfermarkt.com/peter-gulacsi/profil/spieler/57071
1088,Rasenballsport Leipzig,Leopold Zingerle,https://www.transfermarkt.com/leopold-zingerle/profil/spieler/160971
1089,Rasenballsport Leipzig,Castello Lukeba,https://www.transfermarkt.com/castello-lukeba/profil/spieler/618472
1090,Rasenballsport Leipzig,El Chadaille Bitshiabu,https://www.transfermarkt.com/el-chadaille-bitshiabu/profil/spieler/787912
1091,Rasenballsport Leipzig,Willi Orban,https://www.transfermarkt.com/willi-orban/profil/spieler/93740
1092,Rasenballsport Leipzig,Lukas Klostermann,https://www.transfermarkt.com/lukas-klostermann/profil/spieler/215599
1093,Rasenballsport Leipzig,David Raum,https://www.transfermarkt.com/david-raum/profil/spieler/318204
1094,Rasenballsport Leipzig,Lutsharel Geertruida,https://www.transfermarkt.com/lutsharel-geertruida/profil/spieler/420210
1095,Rasenballsport Leipzig,Benjamin Henrichs,https://www.transfermarkt.com/benjamin-henrichs/profil/spieler/202591
1096,Rasenballsport Leipzig,Kosta Nedeljkovic,https://www.transfermarkt.com/kosta-nedeljkovic/profil/spieler/848682
1097,Rasenballsport Leipzig,Ridle Baku,https://www.transfermarkt.com/ridle-baku/profil/spieler/327251
1098,Rasenballsport Leipzig,Arthur Vermeeren,https://www.transfermarkt.com/arthur-vermeeren/profil/spieler/926694
1099,Rasenballsport Leipzig,Amadou Haidara,https://www.transfermarkt.com/amadou-haidara/profil/spieler/402008
1100,Rasenballsport Leipzig,Xaver Schlager,https://www.transfermarkt.com/xaver-schlager/profil/spieler/223979
1101,Rasenballsport Leipzig,Nicolas Seiwald,https://www.transfermarkt.com/nicolas-seiwald/profil/spieler/404950
1102,Rasenballsport Leipzig,Assan Ouedraogo,https://www.transfermarkt.com/assan-ouedraogo/profil/spieler/897424
1103,Rasenballsport Leipzig,Kevin Kampl,https://www.transfermarkt.com/kevin-kampl/profil/spieler/53418
1104,Rasenballsport Leipzig,Xavi Simons,https://www.transfermarkt.com/xavi-simons/profil/spieler/566931
1105,Rasenballsport Leipzig,Christoph Baumgartner,https://www.transfermarkt.com/christoph-baumgartner/profil/spieler/324278
1106,Rasenballsport Leipzig,Viggo Gebel,https://www.transfermarkt.com/viggo-gebel/profil/spieler/1074526
1107,Rasenballsport Leipzig,Antonio Nusa,https://www.transfermarkt.com/antonio-nusa/profil/spieler/894914
1108,Rasenballsport Leipzig,Tidiam Gomis,https://www.transfermarkt.com/tidiam-gomis/profil/spieler/955448
1109,Rasenballsport Leipzig,Benjamin Sesko,https://www.transfermarkt.com/benjamin-sesko/profil/spieler/627442
1110,Rasenballsport Leipzig,Lois Openda,https://www.transfermarkt.com/lois-openda/profil/spieler/368887
1111,Rasenballsport Leipzig,Yussuf Poulsen,https://www.transfermarkt.com/yussuf-poulsen/profil/spieler/157635
1112,Borussia Dortmund,Gregor Kobel,https://www.transfermarkt.com/gregor-kobel/profil/spieler/257814
1113,Borussia Dortmund,Marcel Lotka,https://www.transfermarkt.com/marcel-lotka/profil/spieler/453737
1114,Borussia Dortmund,Alexander Meyer,https://www.transfermarkt.com/alexander-meyer/profil/spieler/76158
1115,Borussia Dortmund,Silas Ostrzinski,https://www.transfermarkt.com/silas-ostrzinski/profil/spieler/684116
1116,Borussia Dortmund,Nico Schlotterbeck,https://www.transfermarkt.com/nico-schlotterbeck/profil/spieler/388198
1117,Borussia Dortmund,Waldemar Anton,https://www.transfermarkt.com/waldemar-anton/profil/spieler/193004
1118,Borussia Dortmund,Niklas Sule,https://www.transfermarkt.com/niklas-sule/profil/spieler/166601
1119,Borussia Dortmund,Filippo Mane,https://www.transfermarkt.com/filippo-mane/profil/spieler/883007
1120,Borussia Dortmund,Ramy Bensebaini,https://www.transfermarkt.com/ramy-bensebaini/profil/spieler/284732
1121,Borussia Dortmund,Daniel Svensson,https://www.transfermarkt.com/daniel-svensson/profil/spieler/579287
1122,Borussia Dortmund,Almugera Kabar,https://www.transfermarkt.com/almugera-kabar/profil/spieler/884820
1123,Borussia Dortmund,Yan Couto,https://www.transfermarkt.com/yan-couto/profil/spieler/627228
1124,Borussia Dortmund,Julian Ryerson,https://www.transfermarkt.com/julian-ryerson/profil/spieler/370789
1125,Borussia Dortmund,Emre Can,https://www.transfermarkt.com/emre-can/profil/spieler/119296
1126,Borussia Dortmund,Salih Ozcan,https://www.transfermarkt.com/salih-ozcan/profil/spieler/244940
1127,Borussia Dortmund,Felix Nmecha,https://www.transfermarkt.com/felix-nmecha/profil/spieler/406640
1128,Borussia Dortmund,Carney Chukwuemeka,https://www.transfermarkt.com/carney-chukwuemeka/profil/spieler/659459
1129,Borussia Dortmund,Marcel Sabitzer,https://www.transfermarkt.com/marcel-sabitzer/profil/spieler/106987
1130,Borussia Dortmund,Pascal Gross,https://www.transfermarkt.com/pascal-gross/profil/spieler/82873
1131,Borussia Dortmund,Kjell Watjen,https://www.transfermarkt.com/kjell-watjen/profil/spieler/884810
1132,Borussia Dortmund,Julian Brandt,https://www.transfermarkt.com/julian-brandt/profil/spieler/187492
1133,Borussia Dortmund,Giovanni Reyna,https://www.transfermarkt.com/giovanni-reyna/profil/spieler/504215
1134,Borussia Dortmund,Jamie Gittens,https://www.transfermarkt.com/jamie-gittens/profil/spieler/670882
1135,Borussia Dortmund,Julien Duranville,https://www.transfermarkt.com/julien-duranville/profil/spieler/819215
1136,Borussia Dortmund,Karim Adeyemi,https://www.transfermarkt.com/karim-adeyemi/profil/spieler/496094
1137,Borussia Dortmund,Cole Campbell,https://www.transfermarkt.com/cole-campbell/profil/spieler/866579
1138,Borussia Dortmund,Serhou Guirassy,https://www.transfermarkt.com/serhou-guirassy/profil/spieler/270541
1139,Borussia Dortmund,Maximilian Beier,https://www.transfermarkt.com/maximilian-beier/profil/spieler/578392
1140,Vfb Stuttgart,Alexander Nubel,https://www.transfermarkt.com/alexander-nubel/profil/spieler/195778
1141,Vfb Stuttgart,Dennis Seimen,https://www.transfermarkt.com/dennis-seimen/profil/spieler/800946
1142,Vfb Stuttgart,Fabian Bredlow,https://www.transfermarkt.com/fabian-bredlow/profil/spieler/187624
1143,Vfb Stuttgart,Stefan Drljaca,https://www.transfermarkt.com/stefan-drljaca/profil/spieler/388067
1144,Vfb Stuttgart,Jeff Chabot,https://www.transfermarkt.com/jeff-chabot/profil/spieler/303219
1145,Vfb Stuttgart,Finn Jeltsch,https://www.transfermarkt.com/finn-jeltsch/profil/spieler/924117
1146,Vfb Stuttgart,Ameen Al Dakhil,https://www.transfermarkt.com/ameen-al-dakhil/profil/spieler/620598
1147,Vfb Stuttgart,Luca Jaquez,https://www.transfermarkt.com/luca-jaquez/profil/spieler/539798
1148,Vfb Stuttgart,Dan Axel Zagadou,https://www.transfermarkt.com/dan-axel-zagadou/profil/spieler/344598
1149,Vfb Stuttgart,Anrie Chase,https://www.transfermarkt.com/anrie-chase/profil/spieler/948537
1150,Vfb Stuttgart,Maximilian Mittelstadt,https://www.transfermarkt.com/maximilian-mittelstadt/profil/spieler/282660
1151,Vfb Stuttgart,Ramon Hendriks,https://www.transfermarkt.com/ramon-hendriks/profil/spieler/436064
1152,Vfb Stuttgart,Josha Vagnoman,https://www.transfermarkt.com/josha-vagnoman/profil/spieler/448258
1153,Vfb Stuttgart,Leonidas Stergiou,https://www.transfermarkt.com/leonidas-stergiou/profil/spieler/507345
1154,Vfb Stuttgart,Pascal Stenzel,https://www.transfermarkt.com/pascal-stenzel/profil/spieler/195246
1155,Vfb Stuttgart,Angelo Stiller,https://www.transfermarkt.com/angelo-stiller/profil/spieler/443710
1156,Vfb Stuttgart,Atakan Karazor,https://www.transfermarkt.com/atakan-karazor/profil/spieler/232320
1157,Vfb Stuttgart,Yannik Keitel,https://www.transfermarkt.com/yannik-keitel/profil/spieler/342039
1158,Vfb Stuttgart,Nikolas Nartey,https://www.transfermarkt.com/nikolas-nartey/profil/spieler/400546
1159,Vfb Stuttgart,Enzo Millot,https://www.transfermarkt.com/enzo-millot/profil/spieler/569366
1160,Vfb Stuttgart,Chris Fuhrich,https://www.transfermarkt.com/chris-fuhrich/profil/spieler/272278
1161,Vfb Stuttgart,Jacob Bruun Larsen,https://www.transfermarkt.com/jacob-bruun-larsen/profil/spieler/293281
1162,Vfb Stuttgart,Justin Diehl,https://www.transfermarkt.com/justin-diehl/profil/spieler/720162
1163,Vfb Stuttgart,Jamie Leweling,https://www.transfermarkt.com/jamie-leweling/profil/spieler/518505
1164,Vfb Stuttgart,Fabian Rieder,https://www.transfermarkt.com/fabian-rieder/profil/spieler/507341
1165,Vfb Stuttgart,Luca Raimund,https://www.transfermarkt.com/luca-raimund/profil/spieler/907489
1166,Vfb Stuttgart,Nick Woltemade,https://www.transfermarkt.com/nick-woltemade/profil/spieler/455661
1167,Vfb Stuttgart,Ermedin Demirovic,https://www.transfermarkt.com/ermedin-demirovic/profil/spieler/335457
1168,Vfb Stuttgart,Deniz Undav,https://www.transfermarkt.com/deniz-undav/profil/spieler/339314
1169,Vfb Stuttgart,El Bilal Toure,https://www.transfermarkt.com/el-bilal-toure/profil/spieler/649016
1170,Vfb Stuttgart,Wahid Faghir,https://www.transfermarkt.com/wahid-faghir/profil/spieler/610431
1171,Vfb Stuttgart,Thomas Kastanaras,https://www.transfermarkt.com/thomas-kastanaras/profil/spieler/675565
1172,Eintracht Frankfurt,Kevin Trapp,https://www.transfermarkt.com/kevin-trapp/profil/spieler/45672
1173,Eintracht Frankfurt,Kaua Santos,https://www.transfermarkt.com/kaua-santos/profil/spieler/997861
1174,Eintracht Frankfurt,Jens Grahl,https://www.transfermarkt.com/jens-grahl/profil/spieler/40034
1175,Eintracht Frankfurt,Arthur Theate,https://www.transfermarkt.com/arthur-theate/profil/spieler/368891
1176,Eintracht Frankfurt,Robin Koch,https://www.transfermarkt.com/robin-koch/profil/spieler/328784
1177,Eintracht Frankfurt,Tuta,https://www.transfermarkt.com/tuta/profil/spieler/546213
1178,Eintracht Frankfurt,Nnamdi Collins,https://www.transfermarkt.com/nnamdi-collins/profil/spieler/684315
1179,Eintracht Frankfurt,Aurele Amenda,https://www.transfermarkt.com/aurele-amenda/profil/spieler/635645
1180,Eintracht Frankfurt,Nathaniel Brown,https://www.transfermarkt.com/nathaniel-brown/profil/spieler/691892
1181,Eintracht Frankfurt,Niels Nkounkou,https://www.transfermarkt.com/niels-nkounkou/profil/spieler/591193
1182,Eintracht Frankfurt,Rasmus Kristensen,https://www.transfermarkt.com/rasmus-kristensen/profil/spieler/369684
1183,Eintracht Frankfurt,Timothy Chandler,https://www.transfermarkt.com/timothy-chandler/profil/spieler/49723
1184,Eintracht Frankfurt,Ellyes Skhiri,https://www.transfermarkt.com/ellyes-skhiri/profil/spieler/290587
1185,Eintracht Frankfurt,Hugo Larsson,https://www.transfermarkt.com/hugo-larsson/profil/spieler/931838
1186,Eintracht Frankfurt,Oscar Hojlund,https://www.transfermarkt.com/oscar-hojlund/profil/spieler/846310
1187,Eintracht Frankfurt,Mahmoud Dahoud,https://www.transfermarkt.com/mahmoud-dahoud/profil/spieler/191422
1188,Eintracht Frankfurt,Junior Dina Ebimbe,https://www.transfermarkt.com/junior-dina-ebimbe/profil/spieler/536482
1189,Eintracht Frankfurt,Can Uzun,https://www.transfermarkt.com/can-uzun/profil/spieler/816585
1190,Eintracht Frankfurt,Fares Chaibi,https://www.transfermarkt.com/fares-chaibi/profil/spieler/855015
1191,Eintracht Frankfurt,Mario Gotze,https://www.transfermarkt.com/mario-gotze/profil/spieler/74842
1192,Eintracht Frankfurt,Krisztian Lisztes,https://www.transfermarkt.com/krisztian-lisztes/profil/spieler/933217
1193,Eintracht Frankfurt,Jean Matteo Bahoya,https://www.transfermarkt.com/jean-matteo-bahoya/profil/spieler/939964
1194,Eintracht Frankfurt,Ansgar Knauff,https://www.transfermarkt.com/ansgar-knauff/profil/spieler/429874
1195,Eintracht Frankfurt,Hugo Ekitike,https://www.transfermarkt.com/hugo-ekitike/profil/spieler/709726
1196,Eintracht Frankfurt,Elye Wahi,https://www.transfermarkt.com/elye-wahi/profil/spieler/659542
1197,Eintracht Frankfurt,Igor Matanovic,https://www.transfermarkt.com/igor-matanovic/profil/spieler/605268
1198,Eintracht Frankfurt,Michy Batshuayi,https://www.transfermarkt.com/michy-batshuayi/profil/spieler/179184
1199,Vfl Wolfsburg,Kamil Grabara,https://www.transfermarkt.com/kamil-grabara/profil/spieler/346551
1200,Vfl Wolfsburg,Marius Muller,https://www.transfermarkt.com/marius-muller/profil/spieler/118161
1201,Vfl Wolfsburg,Pavao Pervan,https://www.transfermarkt.com/pavao-pervan/profil/spieler/51977
1202,Vfl Wolfsburg,Niklas Klinger,https://www.transfermarkt.com/niklas-klinger/profil/spieler/192268
1203,Vfl Wolfsburg,Konstantinos Koulierakis,https://www.transfermarkt.com/konstantinos-koulierakis/profil/spieler/669380
1204,Vfl Wolfsburg,Sebastiaan Bornauw,https://www.transfermarkt.com/sebastiaan-bornauw/profil/spieler/338629
1205,Vfl Wolfsburg,Denis Vavro,https://www.transfermarkt.com/denis-vavro/profil/spieler/239962
1206,Vfl Wolfsburg,David Odogu,https://www.transfermarkt.com/david-odogu/profil/spieler/897423
1207,Vfl Wolfsburg,Mathys Angely,https://www.transfermarkt.com/mathys-angely/profil/spieler/1075579
1208,Vfl Wolfsburg,Joakim Maehle,https://www.transfermarkt.com/joakim-maehle/profil/spieler/369674
1209,Vfl Wolfsburg,Rogerio,https://www.transfermarkt.com/rogerio/profil/spieler/401527
1210,Vfl Wolfsburg,Mads Roerslev,https://www.transfermarkt.com/mads-roerslev/profil/spieler/391005
1211,Vfl Wolfsburg,Kilian Fischer,https://www.transfermarkt.com/kilian-fischer/profil/spieler/435796
1212,Vfl Wolfsburg,Mattias Svanberg,https://www.transfermarkt.com/mattias-svanberg/profil/spieler/342405
1213,Vfl Wolfsburg,Aster Vranckx,https://www.transfermarkt.com/aster-vranckx/profil/spieler/503881
1214,Vfl Wolfsburg,Maximilian Arnold,https://www.transfermarkt.com/maximilian-arnold/profil/spieler/117674
1215,Vfl Wolfsburg,Yannick Gerhardt,https://www.transfermarkt.com/yannick-gerhardt/profil/spieler/119277
1216,Vfl Wolfsburg,Kevin Paredes,https://www.transfermarkt.com/kevin-paredes/profil/spieler/711517
1217,Vfl Wolfsburg,Lovro Majer,https://www.transfermarkt.com/lovro-majer/profil/spieler/387106
1218,Vfl Wolfsburg,Bence Dardai,https://www.transfermarkt.com/bence-dardai/profil/spieler/789252
1219,Vfl Wolfsburg,Bennit Broger,https://www.transfermarkt.com/bennit-broger/profil/spieler/897479
1220,Vfl Wolfsburg,Jakub Kaminski,https://www.transfermarkt.com/jakub-kaminski/profil/spieler/407098
1221,Vfl Wolfsburg,Andreas Skov Olsen,https://www.transfermarkt.com/andreas-skov-olsen/profil/spieler/432982
1222,Vfl Wolfsburg,Patrick Wimmer,https://www.transfermarkt.com/patrick-wimmer/profil/spieler/533295
1223,Vfl Wolfsburg,Mohamed Amoura,https://www.transfermarkt.com/mohamed-amoura/profil/spieler/746910
1224,Vfl Wolfsburg,Jonas Wind,https://www.transfermarkt.com/jonas-wind/profil/spieler/391004
1225,Vfl Wolfsburg,Tiago Tomas,https://www.transfermarkt.com/tiago-tomas/profil/spieler/616344
1226,Vfl Wolfsburg,Lukas Nmecha,https://www.transfermarkt.com/lukas-nmecha/profil/spieler/314288
1227,Vfl Wolfsburg,Kevin Behrens,https://www.transfermarkt.com/kevin-behrens/profil/spieler/117432
1228,Vfl Wolfsburg,Bartosz Bialek,https://www.transfermarkt.com/bartosz-bialek/profil/spieler/535551
1229,Tsg 1899 Hoffenheim,Oliver Baumann,https://www.transfermarkt.com/oliver-baumann/profil/spieler/55089
1230,Tsg 1899 Hoffenheim,Luca Philipp,https://www.transfermarkt.com/luca-philipp/profil/spieler/432671
1231,Tsg 1899 Hoffenheim,Jakob Busk,https://www.transfermarkt.com/jakob-busk/profil/spieler/203411
1232,Tsg 1899 Hoffenheim,Lukas Petersson,https://www.transfermarkt.com/lukas-petersson/profil/spieler/718460
1233,Tsg 1899 Hoffenheim,Ozan Kabak,https://www.transfermarkt.com/ozan-kabak/profil/spieler/361260
1234,Tsg 1899 Hoffenheim,Leo Ostigard,https://www.transfermarkt.com/leo-ostigard/profil/spieler/367284
1235,Tsg 1899 Hoffenheim,Robin Hranac,https://www.transfermarkt.com/robin-hranac/profil/spieler/620217
1236,Tsg 1899 Hoffenheim,Arthur Chaves,https://www.transfermarkt.com/arthur-chaves/profil/spieler/875332
1237,Tsg 1899 Hoffenheim,Kevin Akpoguma,https://www.transfermarkt.com/kevin-akpoguma/profil/spieler/160241
1238,Tsg 1899 Hoffenheim,Stanley Nsoki,https://www.transfermarkt.com/stanley-nsoki/profil/spieler/371141
1239,Tsg 1899 Hoffenheim,David Jurasek,https://www.transfermarkt.com/david-jurasek/profil/spieler/500054
1240,Tsg 1899 Hoffenheim,Alexander Prass,https://www.transfermarkt.com/alexander-prass/profil/spieler/434116
1241,Tsg 1899 Hoffenheim,Christopher Lenz,https://www.transfermarkt.com/christopher-lenz/profil/spieler/159844
1242,Tsg 1899 Hoffenheim,Valentin Gendrey,https://www.transfermarkt.com/valentin-gendrey/profil/spieler/569387
1243,Tsg 1899 Hoffenheim,Pavel Kaderabek,https://www.transfermarkt.com/pavel-kaderabek/profil/spieler/143798
1244,Tsg 1899 Hoffenheim,Anton Stach,https://www.transfermarkt.com/anton-stach/profil/spieler/344069
1245,Tsg 1899 Hoffenheim,Diadie Samassekou,https://www.transfermarkt.com/diadie-samassekou/profil/spieler/315604
1246,Tsg 1899 Hoffenheim,Tom Bischof,https://www.transfermarkt.com/tom-bischof/profil/spieler/822959
1247,Tsg 1899 Hoffenheim,Umut Tohumcu,https://www.transfermarkt.com/umut-tohumcu/profil/spieler/569031
1248,Tsg 1899 Hoffenheim,Grischa Promel,https://www.transfermarkt.com/grischa-promel/profil/spieler/234029
1249,Tsg 1899 Hoffenheim,Dennis Geiger,https://www.transfermarkt.com/dennis-geiger/profil/spieler/251309
1250,Tsg 1899 Hoffenheim,Finn Becker,https://www.transfermarkt.com/finn-becker/profil/spieler/334999
1251,Tsg 1899 Hoffenheim,Florian Micheler,https://www.transfermarkt.com/florian-micheler/profil/spieler/808664
1252,Tsg 1899 Hoffenheim,Andrej Kramaric,https://www.transfermarkt.com/andrej-kramaric/profil/spieler/46580
1253,Tsg 1899 Hoffenheim,Bazoumana Toure,https://www.transfermarkt.com/bazoumana-toure/profil/spieler/1067904
1254,Tsg 1899 Hoffenheim,Marius Bulter,https://www.transfermarkt.com/marius-bulter/profil/spieler/116088
1255,Tsg 1899 Hoffenheim,Adam Hlozek,https://www.transfermarkt.com/adam-hlozek/profil/spieler/552057
1256,Tsg 1899 Hoffenheim,Gift Orban,https://www.transfermarkt.com/gift-orban/profil/spieler/1018259
1257,Tsg 1899 Hoffenheim,Max Moerstedt,https://www.transfermarkt.com/max-moerstedt/profil/spieler/923595
1258,Tsg 1899 Hoffenheim,Haris Tabakovic,https://www.transfermarkt.com/haris-tabakovic/profil/spieler/203123
1259,Tsg 1899 Hoffenheim,Erencan Yardimci,https://www.transfermarkt.com/erencan-yardimci/profil/spieler/618898
1260,Tsg 1899 Hoffenheim,Ihlas Bebou,https://www.transfermarkt.com/ihlas-bebou/profil/spieler/237164
1261,Tsg 1899 Hoffenheim,David Mokwa,https://www.transfermarkt.com/david-mokwa/profil/spieler/974894
1262,Sc Freiburg,Noah Atubolu,https://www.transfermarkt.com/noah-atubolu/profil/spieler/526845
1263,Sc Freiburg,Florian Muller,https://www.transfermarkt.com/florian-muller/profil/spieler/284769
1264,Sc Freiburg,Jannik Huth,https://www.transfermarkt.com/jannik-huth/profil/spieler/160954
1265,Sc Freiburg,Philipp Lienhart,https://www.transfermarkt.com/philipp-lienhart/profil/spieler/225657
1266,Sc Freiburg,Matthias Ginter,https://www.transfermarkt.com/matthias-ginter/profil/spieler/124502
1267,Sc Freiburg,Max Rosenfelder,https://www.transfermarkt.com/max-rosenfelder/profil/spieler/599419
1268,Sc Freiburg,Bruno Ogbus,https://www.transfermarkt.com/bruno-ogbus/profil/spieler/863759
1269,Sc Freiburg,Manuel Gulde,https://www.transfermarkt.com/manuel-gulde/profil/spieler/45683
1270,Sc Freiburg,Christian Gunter,https://www.transfermarkt.com/christian-gunter/profil/spieler/93707
1271,Sc Freiburg,Jordy Makengo,https://www.transfermarkt.com/jordy-makengo/profil/spieler/815078
1272,Sc Freiburg,Kiliann Sildillia,https://www.transfermarkt.com/kiliann-sildillia/profil/spieler/548348
1273,Sc Freiburg,Lukas Kubler,https://www.transfermarkt.com/lukas-kubler/profil/spieler/93604
1274,Sc Freiburg,Nicolas Hofler,https://www.transfermarkt.com/nicolas-hofler/profil/spieler/55099
1275,Sc Freiburg,Maximilian Eggestein,https://www.transfermarkt.com/maximilian-eggestein/profil/spieler/190284
1276,Sc Freiburg,Patrick Osterhage,https://www.transfermarkt.com/patrick-osterhage/profil/spieler/443331
1277,Sc Freiburg,Johan Manzambi,https://www.transfermarkt.com/johan-manzambi/profil/spieler/927353
1278,Sc Freiburg,Merlin Rohl,https://www.transfermarkt.com/merlin-rohl/profil/spieler/608832
1279,Sc Freiburg,Daniel Kofi Kyereh,https://www.transfermarkt.com/daniel-kofi-kyereh/profil/spieler/272587
1280,Sc Freiburg,Niklas Beste,https://www.transfermarkt.com/niklas-beste/profil/spieler/342967
1281,Sc Freiburg,Vincenzo Grifo,https://www.transfermarkt.com/vincenzo-grifo/profil/spieler/185077
1282,Sc Freiburg,Florent Muslija,https://www.transfermarkt.com/florent-muslija/profil/spieler/337036
1283,Sc Freiburg,Ritsu Doan,https://www.transfermarkt.com/ritsu-doan/profil/spieler/358504
1284,Sc Freiburg,Eren Dinkci,https://www.transfermarkt.com/eren-dinkci/profil/spieler/645774
1285,Sc Freiburg,Maximilian Philipp,https://www.transfermarkt.com/maximilian-philipp/profil/spieler/143891
1286,Sc Freiburg,Junior Adamu,https://www.transfermarkt.com/junior-adamu/profil/spieler/452477
1287,Sc Freiburg,Michael Gregoritsch,https://www.transfermarkt.com/michael-gregoritsch/profil/spieler/120205
1288,Sc Freiburg,Lucas Holer,https://www.transfermarkt.com/lucas-holer/profil/spieler/248999
1289,1 Fsv Mainz 05,Robin Zentner,https://www.transfermarkt.com/robin-zentner/profil/spieler/160963
1290,1 Fsv Mainz 05,Daniel Batz,https://www.transfermarkt.com/daniel-batz/profil/spieler/90317
1291,1 Fsv Mainz 05,Lasse Riess,https://www.transfermarkt.com/lasse-riess/profil/spieler/490609
1292,1 Fsv Mainz 05,Moritz Jenz,https://www.transfermarkt.com/moritz-jenz/profil/spieler/460245
1293,1 Fsv Mainz 05,Andreas Hanche Olsen,https://www.transfermarkt.com/andreas-hanche-olsen/profil/spieler/370683
1294,1 Fsv Mainz 05,Maxim Leitsch,https://www.transfermarkt.com/maxim-leitsch/profil/spieler/334207
1295,1 Fsv Mainz 05,Danny Da Costa,https://www.transfermarkt.com/danny-da-costa/profil/spieler/85906
1296,1 Fsv Mainz 05,Stefan Bell,https://www.transfermarkt.com/stefan-bell/profil/spieler/82350
1297,1 Fsv Mainz 05,Maxim Dal,https://www.transfermarkt.com/maxim-dal/profil/spieler/934317
1298,1 Fsv Mainz 05,Phillipp Mwene,https://www.transfermarkt.com/phillipp-mwene/profil/spieler/127573
1299,1 Fsv Mainz 05,Silvan Widmer,https://www.transfermarkt.com/silvan-widmer/profil/spieler/168989
1300,1 Fsv Mainz 05,Nikolas Veratschnig,https://www.transfermarkt.com/nikolas-veratschnig/profil/spieler/601143
1301,1 Fsv Mainz 05,Kaishu Sano,https://www.transfermarkt.com/kaishu-sano/profil/spieler/643574
1302,1 Fsv Mainz 05,Lennard Maloney,https://www.transfermarkt.com/lennard-maloney/profil/spieler/392710
1303,1 Fsv Mainz 05,Dominik Kohr,https://www.transfermarkt.com/dominik-kohr/profil/spieler/118847
1304,1 Fsv Mainz 05,Nadiem Amiri,https://www.transfermarkt.com/nadiem-amiri/profil/spieler/232454
1305,1 Fsv Mainz 05,Anthony Caci,https://www.transfermarkt.com/anthony-caci/profil/spieler/453016
1306,1 Fsv Mainz 05,Paul Nebel,https://www.transfermarkt.com/paul-nebel/profil/spieler/503160
1307,1 Fsv Mainz 05,Hyun Seok Hong,https://www.transfermarkt.com/hyun-seok-hong/profil/spieler/562948
1308,1 Fsv Mainz 05,Jae Sung Lee,https://www.transfermarkt.com/jae-sung-lee/profil/spieler/314398
1309,1 Fsv Mainz 05,Arnaud Nordin,https://www.transfermarkt.com/arnaud-nordin/profil/spieler/324811
1310,1 Fsv Mainz 05,Armindo Sieb,https://www.transfermarkt.com/armindo-sieb/profil/spieler/569033
1311,1 Fsv Mainz 05,Jonathan Burkardt,https://www.transfermarkt.com/jonathan-burkardt/profil/spieler/333647
1312,1 Fsv Mainz 05,Nelson Weiper,https://www.transfermarkt.com/nelson-weiper/profil/spieler/796213
1313,Borussia Monchengladbach,Moritz Nicolas,https://www.transfermarkt.com/moritz-nicolas/profil/spieler/284270
1314,Borussia Monchengladbach,Jonas Omlin,https://www.transfermarkt.com/jonas-omlin/profil/spieler/247915
1315,Borussia Monchengladbach,Tobias Sippel,https://www.transfermarkt.com/tobias-sippel/profil/spieler/31653
1316,Borussia Monchengladbach,Tiago Pereira Cardoso,https://www.transfermarkt.com/tiago-pereira-cardoso/profil/spieler/926301
1317,Borussia Monchengladbach,Ko Itakura,https://www.transfermarkt.com/ko-itakura/profil/spieler/355816
1318,Borussia Monchengladbach,Nico Elvedi,https://www.transfermarkt.com/nico-elvedi/profil/spieler/192635
1319,Borussia Monchengladbach,Marvin Friedrich,https://www.transfermarkt.com/marvin-friedrich/profil/spieler/196231
1320,Borussia Monchengladbach,Fabio Chiarodia,https://www.transfermarkt.com/fabio-chiarodia/profil/spieler/724104
1321,Borussia Monchengladbach,Lukas Ullrich,https://www.transfermarkt.com/lukas-ullrich/profil/spieler/787151
1322,Borussia Monchengladbach,Luca Netz,https://www.transfermarkt.com/luca-netz/profil/spieler/524285
1323,Borussia Monchengladbach,Joe Scally,https://www.transfermarkt.com/joe-scally/profil/spieler/504153
1324,Borussia Monchengladbach,Stefan Lainer,https://www.transfermarkt.com/stefan-lainer/profil/spieler/85791
1325,Borussia Monchengladbach,Julian Weigl,https://www.transfermarkt.com/julian-weigl/profil/spieler/196792
1326,Borussia Monchengladbach,Niklas Swider,https://www.transfermarkt.com/niklas-swider/profil/spieler/1009463
1327,Borussia Monchengladbach,Rocco Reitz,https://www.transfermarkt.com/rocco-reitz/profil/spieler/467434
1328,Borussia Monchengladbach,Philipp Sander,https://www.transfermarkt.com/philipp-sander/profil/spieler/388409
1329,Borussia Monchengladbach,Florian Neuhaus,https://www.transfermarkt.com/florian-neuhaus/profil/spieler/278332
1330,Borussia Monchengladbach,Kevin Stoger,https://www.transfermarkt.com/kevin-stoger/profil/spieler/106872
1331,Borussia Monchengladbach,Robin Hack,https://www.transfermarkt.com/robin-hack/profil/spieler/284010
1332,Borussia Monchengladbach,Yvandro Borges Sanches,https://www.transfermarkt.com/yvandro-borges-sanches/profil/spieler/586659
1333,Borussia Monchengladbach,Franck Honorat,https://www.transfermarkt.com/franck-honorat/profil/spieler/229006
1334,Borussia Monchengladbach,Nathan Ngoumou,https://www.transfermarkt.com/nathan-ngoumou/profil/spieler/629588
1335,Borussia Monchengladbach,Tim Kleindienst,https://www.transfermarkt.com/tim-kleindienst/profil/spieler/193033
1336,Borussia Monchengladbach,Alassane Plea,https://www.transfermarkt.com/alassane-plea/profil/spieler/167329
1337,Borussia Monchengladbach,Tomas Cvancara,https://www.transfermarkt.com/tomas-cvancara/profil/spieler/544148
1338,Borussia Monchengladbach,Shio Fukuda,https://www.transfermarkt.com/shio-fukuda/profil/spieler/1073997
1339,Sv Werder Bremen,Michael Zetterer,https://www.transfermarkt.com/michael-zetterer/profil/spieler/196813
1340,Sv Werder Bremen,Mio Backhaus,https://www.transfermarkt.com/mio-backhaus/profil/spieler/620295
1341,Sv Werder Bremen,Markus Kolke,https://www.transfermarkt.com/markus-kolke/profil/spieler/99451
1342,Sv Werder Bremen,Marco Friedl,https://www.transfermarkt.com/marco-friedl/profil/spieler/156990
1343,Sv Werder Bremen,Niklas Stark,https://www.transfermarkt.com/niklas-stark/profil/spieler/162434
1344,Sv Werder Bremen,Amos Pieper,https://www.transfermarkt.com/amos-pieper/profil/spieler/334221
1345,Sv Werder Bremen,Milos Veljkovic,https://www.transfermarkt.com/milos-veljkovic/profil/spieler/202228
1346,Sv Werder Bremen,Julian Malatini,https://www.transfermarkt.com/julian-malatini/profil/spieler/830108
1347,Sv Werder Bremen,Anthony Jung,https://www.transfermarkt.com/anthony-jung/profil/spieler/58995
1348,Sv Werder Bremen,Derrick Kohn,https://www.transfermarkt.com/derrick-kohn/profil/spieler/391780
1349,Sv Werder Bremen,Felix Agu,https://www.transfermarkt.com/felix-agu/profil/spieler/393512
1350,Sv Werder Bremen,Issa Kabore,https://www.transfermarkt.com/issa-kabore/profil/spieler/649452
1351,Sv Werder Bremen,Mitchell Weiser,https://www.transfermarkt.com/mitchell-weiser/profil/spieler/119211
1352,Sv Werder Bremen,Senne Lynen,https://www.transfermarkt.com/senne-lynen/profil/spieler/338668
1353,Sv Werder Bremen,Skelly Alvero,https://www.transfermarkt.com/skelly-alvero/profil/spieler/855134
1354,Sv Werder Bremen,Jens Stage,https://www.transfermarkt.com/jens-stage/profil/spieler/289835
1355,Sv Werder Bremen,Leonardo Bittencourt,https://www.transfermarkt.com/leonardo-bittencourt/profil/spieler/93844
1356,Sv Werder Bremen,Romano Schmid,https://www.transfermarkt.com/romano-schmid/profil/spieler/346853
1357,Sv Werder Bremen,Leon Opitz,https://www.transfermarkt.com/leon-opitz/profil/spieler/825073
1358,Sv Werder Bremen,Patrice Covic,https://www.transfermarkt.com/patrice-covic/profil/spieler/1114155
1359,Sv Werder Bremen,Marco Grull,https://www.transfermarkt.com/marco-grull/profil/spieler/391766
1360,Sv Werder Bremen,Abdenego Nankishi,https://www.transfermarkt.com/abdenego-nankishi/profil/spieler/455662
1361,Sv Werder Bremen,Justin Njinmah,https://www.transfermarkt.com/justin-njinmah/profil/spieler/596153
1362,Sv Werder Bremen,Marvin Ducksch,https://www.transfermarkt.com/marvin-ducksch/profil/spieler/125103
1363,Sv Werder Bremen,Andre Silva,https://www.transfermarkt.com/andre-silva/profil/spieler/198008
1364,Sv Werder Bremen,Keke Topp,https://www.transfermarkt.com/keke-topp/profil/spieler/701757
1365,Sv Werder Bremen,Oliver Burke,https://www.transfermarkt.com/oliver-burke/profil/spieler/341317
1366,Fc Augsburg,Finn Dahmen,https://www.transfermarkt.com/finn-dahmen/profil/spieler/251299
1367,Fc Augsburg,Nediljko Labrovic,https://www.transfermarkt.com/nediljko-labrovic/profil/spieler/610190
1368,Fc Augsburg,Daniel Klein,https://www.transfermarkt.com/daniel-klein/profil/spieler/392124
1369,Fc Augsburg,Chrislain Matsima,https://www.transfermarkt.com/chrislain-matsima/profil/spieler/569383
1370,Fc Augsburg,Keven Schlotterbeck,https://www.transfermarkt.com/keven-schlotterbeck/profil/spieler/413843
1371,Fc Augsburg,Noahkai Banks,https://www.transfermarkt.com/noahkai-banks/profil/spieler/923945
1372,Fc Augsburg,Cedric Zesiger,https://www.transfermarkt.com/cedric-zesiger/profil/spieler/382478
1373,Fc Augsburg,Jeffrey Gouweleeuw,https://www.transfermarkt.com/jeffrey-gouweleeuw/profil/spieler/106405
1374,Fc Augsburg,Reece Oxford,https://www.transfermarkt.com/reece-oxford/profil/spieler/314295
1375,Fc Augsburg,Dimitrios Giannoulis,https://www.transfermarkt.com/dimitrios-giannoulis/profil/spieler/295630
1376,Fc Augsburg,Mads Pedersen,https://www.transfermarkt.com/mads-pedersen/profil/spieler/288429
1377,Fc Augsburg,Marius Wolf,https://www.transfermarkt.com/marius-wolf/profil/spieler/193900
1378,Fc Augsburg,Robert Gumny,https://www.transfermarkt.com/robert-gumny/profil/spieler/353826
1379,Fc Augsburg,Henri Koudossou,https://www.transfermarkt.com/henri-koudossou/profil/spieler/515624
1380,Fc Augsburg,Kristijan Jakic,https://www.transfermarkt.com/kristijan-jakic/profil/spieler/374954
1381,Fc Augsburg,Mahmut Kucuksahin,https://www.transfermarkt.com/mahmut-kucuksahin/profil/spieler/730486
1382,Fc Augsburg,Frank Onyeka,https://www.transfermarkt.com/frank-onyeka/profil/spieler/421637
1383,Fc Augsburg,Arne Maier,https://www.transfermarkt.com/arne-maier/profil/spieler/296397
1384,Fc Augsburg,Elvis Rexhbecaj,https://www.transfermarkt.com/elvis-rexhbecaj/profil/spieler/280575
1385,Fc Augsburg,Alexis Claude Maurice,https://www.transfermarkt.com/alexis-claude-maurice/profil/spieler/384593
1386,Fc Augsburg,Mert Komur,https://www.transfermarkt.com/mert-komur/profil/spieler/777005
1387,Fc Augsburg,Fredrik Jensen,https://www.transfermarkt.com/fredrik-jensen/profil/spieler/249157
1388,Fc Augsburg,Yusuf Kabadayi,https://www.transfermarkt.com/yusuf-kabadayi/profil/spieler/604359
1389,Fc Augsburg,Phillip Tietz,https://www.transfermarkt.com/phillip-tietz/profil/spieler/288340
1390,Fc Augsburg,Mergim Berisha,https://www.transfermarkt.com/mergim-berisha/profil/spieler/307924
1391,Fc Augsburg,Samuel Essende,https://www.transfermarkt.com/samuel-essende/profil/spieler/395522
1392,Fc Augsburg,Steve Mounie,https://www.transfermarkt.com/steve-mounie/profil/spieler/238639
1393,1 Fc Union Berlin,Frederik Ronnow,https://www.transfermarkt.com/frederik-ronnow/profil/spieler/107775
1394,1 Fc Union Berlin,Alexander Schwolow,https://www.transfermarkt.com/alexander-schwolow/profil/spieler/93763
1395,1 Fc Union Berlin,Carl Klaus,https://www.transfermarkt.com/carl-klaus/profil/spieler/161057
1396,1 Fc Union Berlin,Diogo Leite,https://www.transfermarkt.com/diogo-leite/profil/spieler/357156
1397,1 Fc Union Berlin,Danilho Doekhi,https://www.transfermarkt.com/danilho-doekhi/profil/spieler/387047
1398,1 Fc Union Berlin,Leopold Querfeld,https://www.transfermarkt.com/leopold-querfeld/profil/spieler/597432
1399,1 Fc Union Berlin,Kevin Vogt,https://www.transfermarkt.com/kevin-vogt/profil/spieler/84435
1400,1 Fc Union Berlin,Oluwaseun Ogbemudia,https://www.transfermarkt.com/oluwaseun-ogbemudia/profil/spieler/995520
1401,1 Fc Union Berlin,Tom Rothe,https://www.transfermarkt.com/tom-rothe/profil/spieler/798043
1402,1 Fc Union Berlin,Jerome Roussillon,https://www.transfermarkt.com/jerome-roussillon/profil/spieler/127076
1403,1 Fc Union Berlin,Josip Juranovic,https://www.transfermarkt.com/josip-juranovic/profil/spieler/362977
1404,1 Fc Union Berlin,Christopher Trimmel,https://www.transfermarkt.com/christopher-trimmel/profil/spieler/75921
1405,1 Fc Union Berlin,Aljoscha Kemlein,https://www.transfermarkt.com/aljoscha-kemlein/profil/spieler/692737
1406,1 Fc Union Berlin,Lucas Tousart,https://www.transfermarkt.com/lucas-tousart/profil/spieler/353948
1407,1 Fc Union Berlin,Rani Khedira,https://www.transfermarkt.com/rani-khedira/profil/spieler/124410
1408,1 Fc Union Berlin,Andras Schafer,https://www.transfermarkt.com/andras-schafer/profil/spieler/454863
1409,1 Fc Union Berlin,Laszlo Benes,https://www.transfermarkt.com/laszlo-benes/profil/spieler/243188
1410,1 Fc Union Berlin,Janik Haberer,https://www.transfermarkt.com/janik-haberer/profil/spieler/177779
1411,1 Fc Union Berlin,Robert Skov,https://www.transfermarkt.com/robert-skov/profil/spieler/270393
1412,1 Fc Union Berlin,Woo Yeong Jeong,https://www.transfermarkt.com/woo-yeong-jeong/profil/spieler/297583
1413,1 Fc Union Berlin,David Preu,https://www.transfermarkt.com/david-preu/profil/spieler/745075
1414,1 Fc Union Berlin,Tim Skarke,https://www.transfermarkt.com/tim-skarke/profil/spieler/287920
1415,1 Fc Union Berlin,Benedict Hollerbach,https://www.transfermarkt.com/benedict-hollerbach/profil/spieler/453870
1416,1 Fc Union Berlin,Marin Ljubicic,https://www.transfermarkt.com/marin-ljubicic/profil/spieler/838236
1417,1 Fc Union Berlin,Andrej Ilic,https://www.transfermarkt.com/andrej-ilic/profil/spieler/583699
1418,1 Fc Union Berlin,Kevin Volland,https://www.transfermarkt.com/kevin-volland/profil/spieler/82009
1419,1 Fc Union Berlin,Ivan Prtajin,https://www.transfermarkt.com/ivan-prtajin/profil/spieler/340700
1420,1 Fc Heidenheim 1846,Kevin Muller,https://www.transfermarkt.com/kevin-muller/profil/spieler/43824
1421,1 Fc Heidenheim 1846,Frank Feller,https://www.transfermarkt.com/frank-feller/profil/spieler/806948
1422,1 Fc Heidenheim 1846,Vitus Eicher,https://www.transfermarkt.com/vitus-eicher/profil/spieler/57796
1423,1 Fc Heidenheim 1846,Paul Tschernuth,https://www.transfermarkt.com/paul-tschernuth/profil/spieler/519035
1424,1 Fc Heidenheim 1846,Benedikt Gimber,https://www.transfermarkt.com/benedikt-gimber/profil/spieler/227084
1425,1 Fc Heidenheim 1846,Patrick Mainka,https://www.transfermarkt.com/patrick-mainka/profil/spieler/133731
1426,1 Fc Heidenheim 1846,Tim Siersleben,https://www.transfermarkt.com/tim-siersleben/profil/spieler/337092
1427,1 Fc Heidenheim 1846,Thomas Keller,https://www.transfermarkt.com/thomas-keller/profil/spieler/485747
1428,1 Fc Heidenheim 1846,Jonas Fohrenbach,https://www.transfermarkt.com/jonas-fohrenbach/profil/spieler/192169
1429,1 Fc Heidenheim 1846,Omar Traore,https://www.transfermarkt.com/omar-traore/profil/spieler/388294
1430,1 Fc Heidenheim 1846,Marnon Busch,https://www.transfermarkt.com/marnon-busch/profil/spieler/117478
1431,1 Fc Heidenheim 1846,Niklas Dorsch,https://www.transfermarkt.com/niklas-dorsch/profil/spieler/251302
1432,1 Fc Heidenheim 1846,Julian Niehues,https://www.transfermarkt.com/julian-niehues/profil/spieler/530173
1433,1 Fc Heidenheim 1846,Luka Janes,https://www.transfermarkt.com/luka-janes/profil/spieler/825971
1434,1 Fc Heidenheim 1846,Norman Theuerkauf,https://www.transfermarkt.com/norman-theuerkauf/profil/spieler/31599
1435,1 Fc Heidenheim 1846,Jan Schoppner,https://www.transfermarkt.com/jan-schoppner/profil/spieler/581357
1436,1 Fc Heidenheim 1846,Luca Kerber,https://www.transfermarkt.com/luca-kerber/profil/spieler/809498
1437,1 Fc Heidenheim 1846,Frans Kratzig,https://www.transfermarkt.com/frans-kratzig/profil/spieler/604320
1438,1 Fc Heidenheim 1846,Paul Wanner,https://www.transfermarkt.com/paul-wanner/profil/spieler/900909
1439,1 Fc Heidenheim 1846,Adrian Beck,https://www.transfermarkt.com/adrian-beck/profil/spieler/273669
1440,1 Fc Heidenheim 1846,Leo Scienza,https://www.transfermarkt.com/leo-scienza/profil/spieler/804219
1441,1 Fc Heidenheim 1846,Mathias Honsak,https://www.transfermarkt.com/mathias-honsak/profil/spieler/283497
1442,1 Fc Heidenheim 1846,Christopher Negele,https://www.transfermarkt.com/christopher-negele/profil/spieler/924339
1443,1 Fc Heidenheim 1846,Sirlord Conteh,https://www.transfermarkt.com/sirlord-conteh/profil/spieler/307183
1444,1 Fc Heidenheim 1846,Marvin Pieringer,https://www.transfermarkt.com/marvin-pieringer/profil/spieler/471055
1445,1 Fc Heidenheim 1846,Budu Zivzivadze,https://www.transfermarkt.com/budu-zivzivadze/profil/spieler/187097
1446,1 Fc Heidenheim 1846,Maximilian Breunig,https://www.transfermarkt.com/maximilian-breunig/profil/spieler/584254
1447,1 Fc Heidenheim 1846,Stefan Schimmer,https://www.transfermarkt.com/stefan-schimmer/profil/spieler/394033
1448,Fc St Pauli,Nikola Vasilj,https://www.transfermarkt.com/nikola-vasilj/profil/spieler/248454
1449,Fc St Pauli,Ben Voll,https://www.transfermarkt.com/ben-voll/profil/spieler/453742
1450,Fc St Pauli,Eric Oelschlagel,https://www.transfermarkt.com/eric-oelschlagel/profil/spieler/152460
1451,Fc St Pauli,Sascha Burchert,https://www.transfermarkt.com/sascha-burchert/profil/spieler/36898
1452,Fc St Pauli,Soren Ahlers,https://www.transfermarkt.com/soren-ahlers/profil/spieler/333074
1453,Fc St Pauli,Eric Smith,https://www.transfermarkt.com/eric-smith/profil/spieler/292534
1454,Fc St Pauli,David Nemeth,https://www.transfermarkt.com/david-nemeth/profil/spieler/451906
1455,Fc St Pauli,Siebe Van Der Heyden,https://www.transfermarkt.com/siebe-van-der-heyden/profil/spieler/400131
1456,Fc St Pauli,Hauke Wahl,https://www.transfermarkt.com/hauke-wahl/profil/spieler/154147
1457,Fc St Pauli,Karol Mets,https://www.transfermarkt.com/karol-mets/profil/spieler/139304
1458,Fc St Pauli,Adam Dzwigala,https://www.transfermarkt.com/adam-dzwigala/profil/spieler/236966
1459,Fc St Pauli,Muhammad Dahaba,https://www.transfermarkt.com/muhammad-dahaba/profil/spieler/914890
1460,Fc St Pauli,Philipp Treu,https://www.transfermarkt.com/philipp-treu/profil/spieler/335993
1461,Fc St Pauli,Lars Ritzka,https://www.transfermarkt.com/lars-ritzka/profil/spieler/333903
1462,Fc St Pauli,Manolis Saliakas,https://www.transfermarkt.com/manolis-saliakas/profil/spieler/242661
1463,Fc St Pauli,Fin Stevens,https://www.transfermarkt.com/fin-stevens/profil/spieler/587019
1464,Fc St Pauli,James Sands,https://www.transfermarkt.com/james-sands/profil/spieler/393321
1465,Fc St Pauli,Marwin Schmitz,https://www.transfermarkt.com/marwin-schmitz/profil/spieler/1003534
1466,Fc St Pauli,Robert Wagner,https://www.transfermarkt.com/robert-wagner/profil/spieler/690429
1467,Fc St Pauli,Connor Metcalfe,https://www.transfermarkt.com/connor-metcalfe/profil/spieler/522223
1468,Fc St Pauli,Jackson Irvine,https://www.transfermarkt.com/jackson-irvine/profil/spieler/192557
1469,Fc St Pauli,Carlo Boukhalfa,https://www.transfermarkt.com/carlo-boukhalfa/profil/spieler/329373
1470,Fc St Pauli,Erik Ahlstrand,https://www.transfermarkt.com/erik-ahlstrand/profil/spieler/501049
1471,Fc St Pauli,Danel Sinani,https://www.transfermarkt.com/danel-sinani/profil/spieler/346499
1472,Fc St Pauli,Noah Weisshaupt,https://www.transfermarkt.com/noah-weisshaupt/profil/spieler/392163
1473,Fc St Pauli,Elias Saad,https://www.transfermarkt.com/elias-saad/profil/spieler/526466
1474,Fc St Pauli,Romeo Aigbekaen,https://www.transfermarkt.com/romeo-aigbekaen/profil/spieler/795387
1475,Fc St Pauli,Oladapo Afolayan,https://www.transfermarkt.com/oladapo-afolayan/profil/spieler/487850
1476,Fc St Pauli,Morgan Guilavogui,https://www.transfermarkt.com/morgan-guilavogui/profil/spieler/691786
1477,Fc St Pauli,Scott Banks,https://www.transfermarkt.com/scott-banks/profil/spieler/596821
1478,Fc St Pauli,Johannes Eggestein,https://www.transfermarkt.com/johannes-eggestein/profil/spieler/251303
1479,Fc St Pauli,Abdoulie Ceesay,https://www.transfermarkt.com/abdoulie-ceesay/profil/spieler/1280281
1480,Fc St Pauli,Andreas Albers,https://www.transfermarkt.com/andreas-albers/profil/spieler/88647
1481,Fc St Pauli,Simon Zoller,https://www.transfermarkt.com/simon-zoller/profil/spieler/79967
1482,Vfl Bochum,Timo Horn,https://www.transfermarkt.com/timo-horn/profil/spieler/84938
1483,Vfl Bochum,Patrick Drewes,https://www.transfermarkt.com/patrick-drewes/profil/spieler/94192
1484,Vfl Bochum,Paul Grave,https://www.transfermarkt.com/paul-grave/profil/spieler/452192
1485,Vfl Bochum,Bernardo,https://www.transfermarkt.com/bernardo/profil/spieler/364258
1486,Vfl Bochum,Tim Oermann,https://www.transfermarkt.com/tim-oermann/profil/spieler/696164
1487,Vfl Bochum,Erhan Masovic,https://www.transfermarkt.com/erhan-masovic/profil/spieler/343959
1488,Vfl Bochum,Jakov Medic,https://www.transfermarkt.com/jakov-medic/profil/spieler/488755
1489,Vfl Bochum,Ivan Ordets,https://www.transfermarkt.com/ivan-ordets/profil/spieler/118850
1490,Vfl Bochum,Mohammed Tolba,https://www.transfermarkt.com/mohammed-tolba/profil/spieler/813730
1491,Vfl Bochum,Maximilian Wittek,https://www.transfermarkt.com/maximilian-wittek/profil/spieler/196793
1492,Vfl Bochum,Felix Passlack,https://www.transfermarkt.com/felix-passlack/profil/spieler/274461
1493,Vfl Bochum,Cristian Gamboa,https://www.transfermarkt.com/cristian-gamboa/profil/spieler/121686
1494,Vfl Bochum,Ibrahima Sissoko,https://www.transfermarkt.com/ibrahima-sissoko/profil/spieler/372712
1495,Vfl Bochum,Anthony Losilla,https://www.transfermarkt.com/anthony-losilla/profil/spieler/111266
1496,Vfl Bochum,Niklas Jahn,https://www.transfermarkt.com/niklas-jahn/profil/spieler/744600
1497,Vfl Bochum,Tom Krauss,https://www.transfermarkt.com/tom-krauss/profil/spieler/405687
1498,Vfl Bochum,Matus Bero,https://www.transfermarkt.com/matus-bero/profil/spieler/204047
1499,Vfl Bochum,Mats Pannewig,https://www.transfermarkt.com/mats-pannewig/profil/spieler/796221
1500,Vfl Bochum,Koji Miyoshi,https://www.transfermarkt.com/koji-miyoshi/profil/spieler/295060
1501,Vfl Bochum,Dani De Wit,https://www.transfermarkt.com/dani-de-wit/profil/spieler/340459
1502,Vfl Bochum,Lennart Koerdt,https://www.transfermarkt.com/lennart-koerdt/profil/spieler/930008
1503,Vfl Bochum,Georgios Masouras,https://www.transfermarkt.com/georgios-masouras/profil/spieler/329517
1504,Vfl Bochum,Gerrit Holtmann,https://www.transfermarkt.com/gerrit-holtmann/profil/spieler/190289
1505,Vfl Bochum,Samuel Bamba,https://www.transfermarkt.com/samuel-bamba/profil/spieler/684318
1506,Vfl Bochum,Myron Boadu,https://www.transfermarkt.com/myron-boadu/profil/spieler/412932
1507,Vfl Bochum,Moritz Broschinski,https://www.transfermarkt.com/moritz-broschinski/profil/spieler/406973
1508,Vfl Bochum,Philipp Hofmann,https://www.transfermarkt.com/philipp-hofmann/profil/spieler/119037
1509,Holstein Kiel,Timon Weiner,https://www.transfermarkt.com/timon-weiner/profil/spieler/296428
1510,Holstein Kiel,Thomas Dahne,https://www.transfermarkt.com/thomas-dahne/profil/spieler/115979
1511,Holstein Kiel,Marcel Engelhardt,https://www.transfermarkt.com/marcel-engelhardt/profil/spieler/124080
1512,Holstein Kiel,Marko Ivezic,https://www.transfermarkt.com/marko-ivezic/profil/spieler/706024
1513,Holstein Kiel,David Zec,https://www.transfermarkt.com/david-zec/profil/spieler/469709
1514,Holstein Kiel,Colin Kleine Bekel,https://www.transfermarkt.com/colin-kleine-bekel/profil/spieler/622722
1515,Holstein Kiel,Timo Becker,https://www.transfermarkt.com/timo-becker/profil/spieler/282349
1516,Holstein Kiel,Max Geschwill,https://www.transfermarkt.com/max-geschwill/profil/spieler/471890
1517,Holstein Kiel,Marco Komenda,https://www.transfermarkt.com/marco-komenda/profil/spieler/335631
1518,Holstein Kiel,Ivan Nekic,https://www.transfermarkt.com/ivan-nekic/profil/spieler/464333
1519,Holstein Kiel,Carl Johansson,https://www.transfermarkt.com/carl-johansson/profil/spieler/225043
1520,Holstein Kiel,John Tolkin,https://www.transfermarkt.com/john-tolkin/profil/spieler/683812
1521,Holstein Kiel,Dominik Javorcek,https://www.transfermarkt.com/dominik-javorcek/profil/spieler/610608
1522,Holstein Kiel,Lasse Rosenboom,https://www.transfermarkt.com/lasse-rosenboom/profil/spieler/512352
1523,Holstein Kiel,Patrick Erras,https://www.transfermarkt.com/patrick-erras/profil/spieler/193859
1524,Holstein Kiel,Marvin Schulz,https://www.transfermarkt.com/marvin-schulz/profil/spieler/168678
1525,Holstein Kiel,Armin Gigovic,https://www.transfermarkt.com/armin-gigovic/profil/spieler/651269
1526,Holstein Kiel,Nicolai Remberg,https://www.transfermarkt.com/nicolai-remberg/profil/spieler/592534
1527,Holstein Kiel,Magnus Knudsen,https://www.transfermarkt.com/magnus-knudsen/profil/spieler/651735
1528,Holstein Kiel,Lewis Holtby,https://www.transfermarkt.com/lewis-holtby/profil/spieler/55508
1529,Holstein Kiel,Aurel Wagbe,https://www.transfermarkt.com/aurel-wagbe/profil/spieler/747983
1530,Holstein Kiel,Finn Porath,https://www.transfermarkt.com/finn-porath/profil/spieler/241307
1531,Holstein Kiel,Steven Skrzybski,https://www.transfermarkt.com/steven-skrzybski/profil/spieler/93827
1532,Holstein Kiel,Andu Kelati,https://www.transfermarkt.com/andu-kelati/profil/spieler/719694
1533,Holstein Kiel,Alexander Bernhardsson,https://www.transfermarkt.com/alexander-bernhardsson/profil/spieler/633454
1534,Holstein Kiel,Phil Harres,https://www.transfermarkt.com/phil-harres/profil/spieler/606119
1535,Holstein Kiel,Shuto Machino,https://www.transfermarkt.com/shuto-machino/profil/spieler/550580
1536,Holstein Kiel,Benedikt Pichler,https://www.transfermarkt.com/benedikt-pichler/profil/spieler/331362
1537,Holstein Kiel,Fiete Arp,https://www.transfermarkt.com/fiete-arp/profil/spieler/343337
1538,Inter Mailand,Josep Martinez,https://www.transfermarkt.com/josep-martinez/profil/spieler/388516
1539,Inter Mailand,Yann Sommer,https://www.transfermarkt.com/yann-sommer/profil/spieler/42205
1540,Inter Mailand,Raffaele Di Gennaro,https://www.transfermarkt.com/raffaele-di-gennaro/profil/spieler/70580
1541,Inter Mailand,Alessandro Bastoni,https://www.transfermarkt.com/alessandro-bastoni/profil/spieler/315853
1542,Inter Mailand,Benjamin Pavard,https://www.transfermarkt.com/benjamin-pavard/profil/spieler/353366
1543,Inter Mailand,Yann Bisseck,https://www.transfermarkt.com/yann-bisseck/profil/spieler/441986
1544,Inter Mailand,Stefan De Vrij,https://www.transfermarkt.com/stefan-de-vrij/profil/spieler/111196
1545,Inter Mailand,Francesco Acerbi,https://www.transfermarkt.com/francesco-acerbi/profil/spieler/131075
1546,Inter Mailand,Federico Dimarco,https://www.transfermarkt.com/federico-dimarco/profil/spieler/198116
1547,Inter Mailand,Carlos Augusto,https://www.transfermarkt.com/carlos-augusto/profil/spieler/585982
1548,Inter Mailand,Denzel Dumfries,https://www.transfermarkt.com/denzel-dumfries/profil/spieler/321528
1549,Inter Mailand,Matteo Darmian,https://www.transfermarkt.com/matteo-darmian/profil/spieler/54906
1550,Inter Mailand,Hakan Calhanoglu,https://www.transfermarkt.com/hakan-calhanoglu/profil/spieler/126414
1551,Inter Mailand,Kristjan Asllani,https://www.transfermarkt.com/kristjan-asllani/profil/spieler/543771
1552,Inter Mailand,Nicolo Barella,https://www.transfermarkt.com/nicolo-barella/profil/spieler/255942
1553,Inter Mailand,Davide Frattesi,https://www.transfermarkt.com/davide-frattesi/profil/spieler/394300
1554,Inter Mailand,Piotr Zielinski,https://www.transfermarkt.com/piotr-zielinski/profil/spieler/181136
1555,Inter Mailand,Henrikh Mkhitaryan,https://www.transfermarkt.com/henrikh-mkhitaryan/profil/spieler/55735
1556,Inter Mailand,Nicola Zalewski,https://www.transfermarkt.com/nicola-zalewski/profil/spieler/550108
1557,Inter Mailand,Valentin Carboni,https://www.transfermarkt.com/valentin-carboni/profil/spieler/787618
1558,Inter Mailand,Joaquin Correa,https://www.transfermarkt.com/joaquin-correa/profil/spieler/227081
1559,Inter Mailand,Lautaro Martinez,https://www.transfermarkt.com/lautaro-martinez/profil/spieler/406625
1560,Inter Mailand,Marcus Thuram,https://www.transfermarkt.com/marcus-thuram/profil/spieler/318528
1561,Inter Mailand,Mehdi Taremi,https://www.transfermarkt.com/mehdi-taremi/profil/spieler/307058
1562,Inter Mailand,Marko Arnautovic,https://www.transfermarkt.com/marko-arnautovic/profil/spieler/41384
1563,Juventus Turin,Michele Di Gregorio,https://www.transfermarkt.com/michele-di-gregorio/profil/spieler/301238
1564,Juventus Turin,Mattia Perin,https://www.transfermarkt.com/mattia-perin/profil/spieler/110923
1565,Juventus Turin,Carlo Pinsoglio,https://www.transfermarkt.com/carlo-pinsoglio/profil/spieler/75411
1566,Juventus Turin,Bremer,https://www.transfermarkt.com/bremer/profil/spieler/516716
1567,Juventus Turin,Pierre Kalulu,https://www.transfermarkt.com/pierre-kalulu/profil/spieler/585949
1568,Juventus Turin,Federico Gatti,https://www.transfermarkt.com/federico-gatti/profil/spieler/509022
1569,Juventus Turin,Lloyd Kelly,https://www.transfermarkt.com/lloyd-kelly/profil/spieler/480116
1570,Juventus Turin,Renato Veiga,https://www.transfermarkt.com/renato-veiga/profil/spieler/805714
1571,Juventus Turin,Andrea Cambiaso,https://www.transfermarkt.com/andrea-cambiaso/profil/spieler/459658
1572,Juventus Turin,Juan Cabal,https://www.transfermarkt.com/juan-cabal/profil/spieler/686965
1573,Juventus Turin,Jonas Rouhi,https://www.transfermarkt.com/jonas-rouhi/profil/spieler/741090
1574,Juventus Turin,Nicolo Savona,https://www.transfermarkt.com/nicolo-savona/profil/spieler/708072
1575,Juventus Turin,Alberto Costa,https://www.transfermarkt.com/alberto-costa/profil/spieler/877139
1576,Juventus Turin,Manuel Locatelli,https://www.transfermarkt.com/manuel-locatelli/profil/spieler/265088
1577,Juventus Turin,Khephren Thuram,https://www.transfermarkt.com/khephren-thuram/profil/spieler/463618
1578,Juventus Turin,Douglas Luiz,https://www.transfermarkt.com/douglas-luiz/profil/spieler/447661
1579,Juventus Turin,Weston Mckennie,https://www.transfermarkt.com/weston-mckennie/profil/spieler/332697
1580,Juventus Turin,Teun Koopmeiners,https://www.transfermarkt.com/teun-koopmeiners/profil/spieler/360518
1581,Juventus Turin,Vasilije Adzic,https://www.transfermarkt.com/vasilije-adzic/profil/spieler/944570
1582,Juventus Turin,Kenan Yildiz,https://www.transfermarkt.com/kenan-yildiz/profil/spieler/845654
1583,Juventus Turin,Samuel Mbangula,https://www.transfermarkt.com/samuel-mbangula/profil/spieler/654991
1584,Juventus Turin,Francisco Conceicao,https://www.transfermarkt.com/francisco-conceicao/profil/spieler/487474
1585,Juventus Turin,Nico Gonzalez,https://www.transfermarkt.com/nico-gonzalez/profil/spieler/486031
1586,Juventus Turin,Timothy Weah,https://www.transfermarkt.com/timothy-weah/profil/spieler/370846
1587,Juventus Turin,Dusan Vlahovic,https://www.transfermarkt.com/dusan-vlahovic/profil/spieler/357498
1588,Juventus Turin,Randal Kolo Muani,https://www.transfermarkt.com/randal-kolo-muani/profil/spieler/487969
1589,Juventus Turin,Arkadiusz Milik,https://www.transfermarkt.com/arkadiusz-milik/profil/spieler/191891
1590,Ac Mailand,Mike Maignan,https://www.transfermarkt.com/mike-maignan/profil/spieler/182906
1591,Ac Mailand,Marco Sportiello,https://www.transfermarkt.com/marco-sportiello/profil/spieler/199976
1592,Ac Mailand,Lorenzo Torriani,https://www.transfermarkt.com/lorenzo-torriani/profil/spieler/939745
1593,Ac Mailand,Fikayo Tomori,https://www.transfermarkt.com/fikayo-tomori/profil/spieler/303254
1594,Ac Mailand,Malick Thiaw,https://www.transfermarkt.com/malick-thiaw/profil/spieler/521964
1595,Ac Mailand,Strahinja Pavlovic,https://www.transfermarkt.com/strahinja-pavlovic/profil/spieler/574671
1596,Ac Mailand,Matteo Gabbia,https://www.transfermarkt.com/matteo-gabbia/profil/spieler/323167
1597,Ac Mailand,Theo Hernandez,https://www.transfermarkt.com/theo-hernandez/profil/spieler/339808
1598,Ac Mailand,Alex Jimenez,https://www.transfermarkt.com/alex-jimenez/profil/spieler/741257
1599,Ac Mailand,Emerson Royal,https://www.transfermarkt.com/emerson-royal/profil/spieler/476344
1600,Ac Mailand,Kyle Walker,https://www.transfermarkt.com/kyle-walker/profil/spieler/95424
1601,Ac Mailand,Filippo Terracciano,https://www.transfermarkt.com/filippo-terracciano/profil/spieler/631007
1602,Ac Mailand,Alessandro Florenzi,https://www.transfermarkt.com/alessandro-florenzi/profil/spieler/130365
1603,Ac Mailand,Youssouf Fofana,https://www.transfermarkt.com/youssouf-fofana/profil/spieler/569598
1604,Ac Mailand,Tijjani Reijnders,https://www.transfermarkt.com/tijjani-reijnders/profil/spieler/460939
1605,Ac Mailand,Yunus Musah,https://www.transfermarkt.com/yunus-musah/profil/spieler/503991
1606,Ac Mailand,Ruben Loftus Cheek,https://www.transfermarkt.com/ruben-loftus-cheek/profil/spieler/202886
1607,Ac Mailand,Warren Bondo,https://www.transfermarkt.com/warren-bondo/profil/spieler/659516
1608,Ac Mailand,Rafael Leao,https://www.transfermarkt.com/rafael-leao/profil/spieler/357164
1609,Ac Mailand,Riccardo Sottil,https://www.transfermarkt.com/riccardo-sottil/profil/spieler/386455
1610,Ac Mailand,Christian Pulisic,https://www.transfermarkt.com/christian-pulisic/profil/spieler/315779
1611,Ac Mailand,Samuel Chukwueze,https://www.transfermarkt.com/samuel-chukwueze/profil/spieler/401922
1612,Ac Mailand,Joao Felix,https://www.transfermarkt.com/joao-felix/profil/spieler/462250
1613,Ac Mailand,Santiago Gimenez,https://www.transfermarkt.com/santiago-gimenez/profil/spieler/552955
1614,Ac Mailand,Tammy Abraham,https://www.transfermarkt.com/tammy-abraham/profil/spieler/331726
1615,Ac Mailand,Luka Jovic,https://www.transfermarkt.com/luka-jovic/profil/spieler/257462
1616,Atalanta Bergamo,Marco Carnesecchi,https://www.transfermarkt.com/marco-carnesecchi/profil/spieler/459763
1617,Atalanta Bergamo,Rui Patricio,https://www.transfermarkt.com/rui-patricio/profil/spieler/45026
1618,Atalanta Bergamo,Francesco Rossi,https://www.transfermarkt.com/francesco-rossi/profil/spieler/126634
1619,Atalanta Bergamo,Giorgio Scalvini,https://www.transfermarkt.com/giorgio-scalvini/profil/spieler/571604
1620,Atalanta Bergamo,Isak Hien,https://www.transfermarkt.com/isak-hien/profil/spieler/503075
1621,Atalanta Bergamo,Odilon Kossounou,https://www.transfermarkt.com/odilon-kossounou/profil/spieler/644771
1622,Atalanta Bergamo,Stefan Posch,https://www.transfermarkt.com/stefan-posch/profil/spieler/223974
1623,Atalanta Bergamo,Sead Kolasinac,https://www.transfermarkt.com/sead-kolasinac/profil/spieler/94005
1624,Atalanta Bergamo,Berat Djimsiti,https://www.transfermarkt.com/berat-djimsiti/profil/spieler/165513
1625,Atalanta Bergamo,Rafael Toloi,https://www.transfermarkt.com/rafael-toloi/profil/spieler/72441
1626,Atalanta Bergamo,Marten De Roon,https://www.transfermarkt.com/marten-de-roon/profil/spieler/133179
1627,Atalanta Bergamo,Ibrahim Sulemana,https://www.transfermarkt.com/ibrahim-sulemana/profil/spieler/982267
1628,Atalanta Bergamo,Ederson,https://www.transfermarkt.com/ederson/profil/spieler/607854
1629,Atalanta Bergamo,Lazar Samardzic,https://www.transfermarkt.com/lazar-samardzic/profil/spieler/528833
1630,Atalanta Bergamo,Mario Pasalic,https://www.transfermarkt.com/mario-pasalic/profil/spieler/205938
1631,Atalanta Bergamo,Marco Brescianini,https://www.transfermarkt.com/marco-brescianini/profil/spieler/459128
1632,Atalanta Bergamo,Raoul Bellanova,https://www.transfermarkt.com/raoul-bellanova/profil/spieler/357992
1633,Atalanta Bergamo,Davide Zappacosta,https://www.transfermarkt.com/davide-zappacosta/profil/spieler/173859
1634,Atalanta Bergamo,Marco Palestra,https://www.transfermarkt.com/marco-palestra/profil/spieler/895937
1635,Atalanta Bergamo,Juan Cuadrado,https://www.transfermarkt.com/juan-cuadrado/profil/spieler/91970
1636,Atalanta Bergamo,Matteo Ruggeri,https://www.transfermarkt.com/matteo-ruggeri/profil/spieler/616631
1637,Atalanta Bergamo,Charles De Ketelaere,https://www.transfermarkt.com/charles-de-ketelaere/profil/spieler/435772
1638,Atalanta Bergamo,Daniel Maldini,https://www.transfermarkt.com/daniel-maldini/profil/spieler/539134
1639,Atalanta Bergamo,Ademola Lookman,https://www.transfermarkt.com/ademola-lookman/profil/spieler/406040
1640,Atalanta Bergamo,Mateo Retegui,https://www.transfermarkt.com/mateo-retegui/profil/spieler/554903
1641,Atalanta Bergamo,Gianluca Scamacca,https://www.transfermarkt.com/gianluca-scamacca/profil/spieler/315867
1642,Ssc Neapel,Alex Meret,https://www.transfermarkt.com/alex-meret/profil/spieler/240414
1643,Ssc Neapel,Simone Scuffet,https://www.transfermarkt.com/simone-scuffet/profil/spieler/238993
1644,Ssc Neapel,Nikita Contini,https://www.transfermarkt.com/nikita-contini/profil/spieler/250683
1645,Ssc Neapel,Claudio Turi,https://www.transfermarkt.com/claudio-turi/profil/spieler/724099
1646,Ssc Neapel,Alessandro Buongiorno,https://www.transfermarkt.com/alessandro-buongiorno/profil/spieler/386446
1647,Ssc Neapel,Amir Rrahmani,https://www.transfermarkt.com/amir-rrahmani/profil/spieler/257732
1648,Ssc Neapel,Rafa Marin,https://www.transfermarkt.com/rafa-marin/profil/spieler/662261
1649,Ssc Neapel,Juan Jesus,https://www.transfermarkt.com/juan-jesus/profil/spieler/121985
1650,Ssc Neapel,Mathias Olivera,https://www.transfermarkt.com/mathias-olivera/profil/spieler/376514
1651,Ssc Neapel,Leonardo Spinazzola,https://www.transfermarkt.com/leonardo-spinazzola/profil/spieler/118689
1652,Ssc Neapel,Giovanni Di Lorenzo,https://www.transfermarkt.com/giovanni-di-lorenzo/profil/spieler/169880
1653,Ssc Neapel,Pasquale Mazzocchi,https://www.transfermarkt.com/pasquale-mazzocchi/profil/spieler/250153
1654,Ssc Neapel,Stanislav Lobotka,https://www.transfermarkt.com/stanislav-lobotka/profil/spieler/192735
1655,Ssc Neapel,Billy Gilmour,https://www.transfermarkt.com/billy-gilmour/profil/spieler/423744
1656,Ssc Neapel,Scott Mctominay,https://www.transfermarkt.com/scott-mctominay/profil/spieler/315969
1657,Ssc Neapel,Frank Anguissa,https://www.transfermarkt.com/frank-anguissa/profil/spieler/354361
1658,Ssc Neapel,Philip Billing,https://www.transfermarkt.com/philip-billing/profil/spieler/320411
1659,Ssc Neapel,Luis Hasa,https://www.transfermarkt.com/luis-hasa/profil/spieler/724178
1660,Ssc Neapel,David Neres,https://www.transfermarkt.com/david-neres/profil/spieler/469822
1661,Ssc Neapel,Noah Okafor,https://www.transfermarkt.com/noah-okafor/profil/spieler/346890
1662,Ssc Neapel,Matteo Politano,https://www.transfermarkt.com/matteo-politano/profil/spieler/165895
1663,Ssc Neapel,Cyril Ngonge,https://www.transfermarkt.com/cyril-ngonge/profil/spieler/358032
1664,Ssc Neapel,Giacomo Raspadori,https://www.transfermarkt.com/giacomo-raspadori/profil/spieler/405885
1665,Ssc Neapel,Romelu Lukaku,https://www.transfermarkt.com/romelu-lukaku/profil/spieler/96341
1666,Ssc Neapel,Giovanni Simeone,https://www.transfermarkt.com/giovanni-simeone/profil/spieler/282388
1667,As Rom,Mile Svilar,https://www.transfermarkt.com/mile-svilar/profil/spieler/338670
1668,As Rom,Pierluigi Gollini,https://www.transfermarkt.com/pierluigi-gollini/profil/spieler/244192
1669,As Rom,Renato Marin,https://www.transfermarkt.com/renato-marin/profil/spieler/1041614
1670,As Rom,Evan Ndicka,https://www.transfermarkt.com/evan-ndicka/profil/spieler/371149
1671,As Rom,Gianluca Mancini,https://www.transfermarkt.com/gianluca-mancini/profil/spieler/256448
1672,As Rom,Victor Nelsson,https://www.transfermarkt.com/victor-nelsson/profil/spieler/422951
1673,As Rom,Mats Hummels,https://www.transfermarkt.com/mats-hummels/profil/spieler/39728
1674,As Rom,Angelino,https://www.transfermarkt.com/angelino/profil/spieler/277179
1675,As Rom,Anass Salah Eddine,https://www.transfermarkt.com/anass-salah-eddine/profil/spieler/485584
1676,As Rom,Devyne Rensch,https://www.transfermarkt.com/devyne-rensch/profil/spieler/557407
1677,As Rom,Zeki Celik,https://www.transfermarkt.com/zeki-celik/profil/spieler/251075
1678,As Rom,Saud Abdulhamid,https://www.transfermarkt.com/saud-abdulhamid/profil/spieler/631927
1679,As Rom,Buba Sangare,https://www.transfermarkt.com/buba-sangare/profil/spieler/962125
1680,As Rom,Lucas Gourna Douath,https://www.transfermarkt.com/lucas-gourna-douath/profil/spieler/620313
1681,As Rom,Bryan Cristante,https://www.transfermarkt.com/bryan-cristante/profil/spieler/199248
1682,As Rom,Leandro Paredes,https://www.transfermarkt.com/leandro-paredes/profil/spieler/166237
1683,As Rom,Manu Kone,https://www.transfermarkt.com/manu-kone/profil/spieler/624690
1684,As Rom,Niccolo Pisilli,https://www.transfermarkt.com/niccolo-pisilli/profil/spieler/813137
1685,As Rom,Lorenzo Pellegrini,https://www.transfermarkt.com/lorenzo-pellegrini/profil/spieler/286297
1686,As Rom,Tommaso Baldanzi,https://www.transfermarkt.com/tommaso-baldanzi/profil/spieler/641537
1687,As Rom,Stephan El Shaarawy,https://www.transfermarkt.com/stephan-el-shaarawy/profil/spieler/94529
1688,As Rom,Matias Soule,https://www.transfermarkt.com/matias-soule/profil/spieler/668951
1689,As Rom,Alexis Saelemaekers,https://www.transfermarkt.com/alexis-saelemaekers/profil/spieler/381950
1690,As Rom,Paulo Dybala,https://www.transfermarkt.com/paulo-dybala/profil/spieler/206050
1691,As Rom,Artem Dovbyk,https://www.transfermarkt.com/artem-dovbyk/profil/spieler/343537
1692,As Rom,Eldor Shomurodov,https://www.transfermarkt.com/eldor-shomurodov/profil/spieler/358166
1693,Lazio Rom,Ivan Provedel,https://www.transfermarkt.com/ivan-provedel/profil/spieler/197929
1694,Lazio Rom,Christos Mandas,https://www.transfermarkt.com/christos-mandas/profil/spieler/481675
1695,Lazio Rom,Davide Renzetti,https://www.transfermarkt.com/davide-renzetti/profil/spieler/918957
1696,Lazio Rom,Alessio Furlanetto,https://www.transfermarkt.com/alessio-furlanetto/profil/spieler/538079
1697,Lazio Rom,Mario Gila,https://www.transfermarkt.com/mario-gila/profil/spieler/618341
1698,Lazio Rom,Alessio Romagnoli,https://www.transfermarkt.com/alessio-romagnoli/profil/spieler/197747
1699,Lazio Rom,Samuel Gigot,https://www.transfermarkt.com/samuel-gigot/profil/spieler/276896
1700,Lazio Rom,Patric,https://www.transfermarkt.com/patric/profil/spieler/126729
1701,Lazio Rom,Oliver Provstgaard,https://www.transfermarkt.com/oliver-provstgaard/profil/spieler/644408
1702,Lazio Rom,Filipe Bordon,https://www.transfermarkt.com/filipe-bordon/profil/spieler/1110645
1703,Lazio Rom,Nuno Tavares,https://www.transfermarkt.com/nuno-tavares/profil/spieler/535955
1704,Lazio Rom,Luca Pellegrini,https://www.transfermarkt.com/luca-pellegrini/profil/spieler/346567
1705,Lazio Rom,Adam Marusic,https://www.transfermarkt.com/adam-marusic/profil/spieler/239802
1706,Lazio Rom,Elseid Hysaj,https://www.transfermarkt.com/elseid-hysaj/profil/spieler/200056
1707,Lazio Rom,Nicolo Rovella,https://www.transfermarkt.com/nicolo-rovella/profil/spieler/525704
1708,Lazio Rom,Reda Belahyane,https://www.transfermarkt.com/reda-belahyane/profil/spieler/982855
1709,Lazio Rom,Matteo Guendouzi,https://www.transfermarkt.com/matteo-guendouzi/profil/spieler/465830
1710,Lazio Rom,Matias Vecino,https://www.transfermarkt.com/matias-vecino/profil/spieler/143812
1711,Lazio Rom,Toma Basic,https://www.transfermarkt.com/toma-basic/profil/spieler/334835
1712,Lazio Rom,Manuel Lazzari,https://www.transfermarkt.com/manuel-lazzari/profil/spieler/331401
1713,Lazio Rom,Fisayo Dele Bashiru,https://www.transfermarkt.com/fisayo-dele-bashiru/profil/spieler/530742
1714,Lazio Rom,Arijon Ibrahimovic,https://www.transfermarkt.com/arijon-ibrahimovic/profil/spieler/744728
1715,Lazio Rom,Cristo Munoz,https://www.transfermarkt.com/cristo-munoz/profil/spieler/834468
1716,Lazio Rom,Andre Anderson,https://www.transfermarkt.com/andre-anderson/profil/spieler/601577
1717,Lazio Rom,Mattia Zaccagni,https://www.transfermarkt.com/mattia-zaccagni/profil/spieler/283735
1718,Lazio Rom,Gustav Isaksen,https://www.transfermarkt.com/gustav-isaksen/profil/spieler/462823
1719,Lazio Rom,Tijjani Noslin,https://www.transfermarkt.com/tijjani-noslin/profil/spieler/457736
1720,Lazio Rom,Loum Tchaouna,https://www.transfermarkt.com/loum-tchaouna/profil/spieler/607226
1721,Lazio Rom,Pedro,https://www.transfermarkt.com/pedro/profil/spieler/65278
1722,Lazio Rom,Taty Castellanos,https://www.transfermarkt.com/taty-castellanos/profil/spieler/522784
1723,Lazio Rom,Boulaye Dia,https://www.transfermarkt.com/boulaye-dia/profil/spieler/626913
1724,Fc Bologna,Lukasz Skorupski,https://www.transfermarkt.com/lukasz-skorupski/profil/spieler/80894
1725,Fc Bologna,Federico Ravaglia,https://www.transfermarkt.com/federico-ravaglia/profil/spieler/390304
1726,Fc Bologna,Nicola Bagnolini,https://www.transfermarkt.com/nicola-bagnolini/profil/spieler/818892
1727,Fc Bologna,Sam Beukema,https://www.transfermarkt.com/sam-beukema/profil/spieler/433984
1728,Fc Bologna,Jhon Lucumi,https://www.transfermarkt.com/jhon-lucumi/profil/spieler/413565
1729,Fc Bologna,Nicolo Casale,https://www.transfermarkt.com/nicolo-casale/profil/spieler/389837
1730,Fc Bologna,Martin Erlic,https://www.transfermarkt.com/martin-erlic/profil/spieler/357003
1731,Fc Bologna,Juan Miranda,https://www.transfermarkt.com/juan-miranda/profil/spieler/341227
1732,Fc Bologna,Charalampos Lykogiannis,https://www.transfermarkt.com/charalampos-lykogiannis/profil/spieler/136514
1733,Fc Bologna,Emil Holm,https://www.transfermarkt.com/emil-holm/profil/spieler/496745
1734,Fc Bologna,Davide Calabria,https://www.transfermarkt.com/davide-calabria/profil/spieler/262523
1735,Fc Bologna,Lorenzo De Silvestri,https://www.transfermarkt.com/lorenzo-de-silvestri/profil/spieler/33571
1736,Fc Bologna,Nikola Moro,https://www.transfermarkt.com/nikola-moro/profil/spieler/316934
1737,Fc Bologna,Oussama El Azzouzi,https://www.transfermarkt.com/oussama-el-azzouzi/profil/spieler/531065
1738,Fc Bologna,Lewis Ferguson,https://www.transfermarkt.com/lewis-ferguson/profil/spieler/428563
1739,Fc Bologna,Tommaso Pobega,https://www.transfermarkt.com/tommaso-pobega/profil/spieler/392538
1740,Fc Bologna,Michel Aebischer,https://www.transfermarkt.com/michel-aebischer/profil/spieler/237658
1741,Fc Bologna,Remo Freuler,https://www.transfermarkt.com/remo-freuler/profil/spieler/148252
1742,Fc Bologna,Andri Fannar Baldursson,https://www.transfermarkt.com/andri-fannar-baldursson/profil/spieler/464446
1743,Fc Bologna,Giovanni Fabbian,https://www.transfermarkt.com/giovanni-fabbian/profil/spieler/633668
1744,Fc Bologna,Jens Odgaard,https://www.transfermarkt.com/jens-odgaard/profil/spieler/345590
1745,Fc Bologna,Benja Dominguez,https://www.transfermarkt.com/benja-dominguez/profil/spieler/961022
1746,Fc Bologna,Nicolo Cambiaghi,https://www.transfermarkt.com/nicolo-cambiaghi/profil/spieler/459151
1747,Fc Bologna,Estanis Pedrola,https://www.transfermarkt.com/estanis-pedrola/profil/spieler/913539
1748,Fc Bologna,Dan Ndoye,https://www.transfermarkt.com/dan-ndoye/profil/spieler/365108
1749,Fc Bologna,Riccardo Orsolini,https://www.transfermarkt.com/riccardo-orsolini/profil/spieler/368482
1750,Fc Bologna,Santiago Castro,https://www.transfermarkt.com/santiago-castro/profil/spieler/849520
1751,Fc Bologna,Thijs Dallinga,https://www.transfermarkt.com/thijs-dallinga/profil/spieler/538964
1752,Ac Florenz,David De Gea,https://www.transfermarkt.com/david-de-gea/profil/spieler/59377
1753,Ac Florenz,Tommaso Martinelli,https://www.transfermarkt.com/tommaso-martinelli/profil/spieler/934159
1754,Ac Florenz,Pietro Terracciano,https://www.transfermarkt.com/pietro-terracciano/profil/spieler/96254
1755,Ac Florenz,Pietro Comuzzo,https://www.transfermarkt.com/pietro-comuzzo/profil/spieler/746712
1756,Ac Florenz,Luca Ranieri,https://www.transfermarkt.com/luca-ranieri/profil/spieler/346561
1757,Ac Florenz,Marin Pongracic,https://www.transfermarkt.com/marin-pongracic/profil/spieler/282144
1758,Ac Florenz,Matias Moreno,https://www.transfermarkt.com/matias-moreno/profil/spieler/1144700
1759,Ac Florenz,Pablo Mari,https://www.transfermarkt.com/pablo-mari/profil/spieler/210178
1760,Ac Florenz,Robin Gosens,https://www.transfermarkt.com/robin-gosens/profil/spieler/273132
1761,Ac Florenz,Fabiano Parisi,https://www.transfermarkt.com/fabiano-parisi/profil/spieler/547985
1762,Ac Florenz,Dodo,https://www.transfermarkt.com/dodo/profil/spieler/401529
1763,Ac Florenz,Yacine Adli,https://www.transfermarkt.com/yacine-adli/profil/spieler/395236
1764,Ac Florenz,Rolando Mandragora,https://www.transfermarkt.com/rolando-mandragora/profil/spieler/308279
1765,Ac Florenz,Danilo Cataldi,https://www.transfermarkt.com/danilo-cataldi/profil/spieler/199733
1766,Ac Florenz,Nicolo Fagioli,https://www.transfermarkt.com/nicolo-fagioli/profil/spieler/432090
1767,Ac Florenz,Amir Richardson,https://www.transfermarkt.com/amir-richardson/profil/spieler/893675
1768,Ac Florenz,Michael Folorunsho,https://www.transfermarkt.com/michael-folorunsho/profil/spieler/377042
1769,Ac Florenz,Edoardo Bove,https://www.transfermarkt.com/edoardo-bove/profil/spieler/562049
1770,Ac Florenz,Cher Ndour,https://www.transfermarkt.com/cher-ndour/profil/spieler/651005
1771,Ac Florenz,Lucas Beltran,https://www.transfermarkt.com/lucas-beltran/profil/spieler/628366
1772,Ac Florenz,Nicolo Zaniolo,https://www.transfermarkt.com/nicolo-zaniolo/profil/spieler/392085
1773,Ac Florenz,Andrea Colpani,https://www.transfermarkt.com/andrea-colpani/profil/spieler/392959
1774,Ac Florenz,Maat Daniel Caprini,https://www.transfermarkt.com/maat-daniel-caprini/profil/spieler/996453
1775,Ac Florenz,Albert Gudmundsson,https://www.transfermarkt.com/albert-gudmundsson/profil/spieler/305947
1776,Ac Florenz,Moise Kean,https://www.transfermarkt.com/moise-kean/profil/spieler/364135
1777,Fc Turin,Vanja Milinkovic Savic,https://www.transfermarkt.com/vanja-milinkovic-savic/profil/spieler/257474
1778,Fc Turin,Alberto Paleari,https://www.transfermarkt.com/alberto-paleari/profil/spieler/163048
1779,Fc Turin,Antonio Donnarumma,https://www.transfermarkt.com/antonio-donnarumma/profil/spieler/88685
1780,Fc Turin,Saul Coco,https://www.transfermarkt.com/saul-coco/profil/spieler/588426
1781,Fc Turin,Perr Schuurs,https://www.transfermarkt.com/perr-schuurs/profil/spieler/418543
1782,Fc Turin,Sebastian Walukiewicz,https://www.transfermarkt.com/sebastian-walukiewicz/profil/spieler/345458
1783,Fc Turin,Guillermo Maripan,https://www.transfermarkt.com/guillermo-maripan/profil/spieler/249730
1784,Fc Turin,Adam Masina,https://www.transfermarkt.com/adam-masina/profil/spieler/286949
1785,Fc Turin,Cristiano Biraghi,https://www.transfermarkt.com/cristiano-biraghi/profil/spieler/124555
1786,Fc Turin,Samuele Ricci,https://www.transfermarkt.com/samuele-ricci/profil/spieler/467992
1787,Fc Turin,Adrien Tameze,https://www.transfermarkt.com/adrien-tameze/profil/spieler/157507
1788,Fc Turin,Ivan Ilic,https://www.transfermarkt.com/ivan-ilic/profil/spieler/470794
1789,Fc Turin,Cesare Casadei,https://www.transfermarkt.com/cesare-casadei/profil/spieler/622380
1790,Fc Turin,Gvidas Gineitis,https://www.transfermarkt.com/gvidas-gineitis/profil/spieler/798929
1791,Fc Turin,Emirhan Ilkhan,https://www.transfermarkt.com/emirhan-ilkhan/profil/spieler/743091
1792,Fc Turin,Karol Linetty,https://www.transfermarkt.com/karol-linetty/profil/spieler/225873
1793,Fc Turin,Marcus Pedersen,https://www.transfermarkt.com/marcus-pedersen/profil/spieler/583404
1794,Fc Turin,Ali Dembele,https://www.transfermarkt.com/ali-dembele/profil/spieler/1004344
1795,Fc Turin,Borna Sosa,https://www.transfermarkt.com/borna-sosa/profil/spieler/293194
1796,Fc Turin,Valentino Lazaro,https://www.transfermarkt.com/valentino-lazaro/profil/spieler/186368
1797,Fc Turin,Eljif Elmas,https://www.transfermarkt.com/eljif-elmas/profil/spieler/400489
1798,Fc Turin,Nikola Vlasic,https://www.transfermarkt.com/nikola-vlasic/profil/spieler/293200
1799,Fc Turin,Alieu Njie,https://www.transfermarkt.com/alieu-njie/profil/spieler/934527
1800,Fc Turin,Yann Karamoh,https://www.transfermarkt.com/yann-karamoh/profil/spieler/324804
1801,Fc Turin,Zanos Savva,https://www.transfermarkt.com/zanos-savva/profil/spieler/928900
1802,Fc Turin,Che Adams,https://www.transfermarkt.com/che-adams/profil/spieler/346779
1803,Fc Turin,Antonio Sanabria,https://www.transfermarkt.com/antonio-sanabria/profil/spieler/234523
1804,Fc Turin,Duvan Zapata,https://www.transfermarkt.com/duvan-zapata/profil/spieler/73794
1805,Fc Turin,Amine Salama,https://www.transfermarkt.com/amine-salama/profil/spieler/980576
1806,Como 1907,Jean Butez,https://www.transfermarkt.com/jean-butez/profil/spieler/290537
1807,Como 1907,Pepe Reina,https://www.transfermarkt.com/pepe-reina/profil/spieler/7825
1808,Como 1907,Mauro Vigorito,https://www.transfermarkt.com/mauro-vigorito/profil/spieler/88595
1809,Como 1907,Pierre Bolchini,https://www.transfermarkt.com/pierre-bolchini/profil/spieler/431417
1810,Como 1907,Alberto Dossena,https://www.transfermarkt.com/alberto-dossena/profil/spieler/385394
1811,Como 1907,Marc Oliver Kempf,https://www.transfermarkt.com/marc-oliver-kempf/profil/spieler/160938
1812,Como 1907,Edoardo Goldaniga,https://www.transfermarkt.com/edoardo-goldaniga/profil/spieler/242940
1813,Como 1907,Fellipe Jack,https://www.transfermarkt.com/fellipe-jack/profil/spieler/1004723
1814,Como 1907,Alex Valle,https://www.transfermarkt.com/alex-valle/profil/spieler/709957
1815,Como 1907,Alberto Moreno,https://www.transfermarkt.com/alberto-moreno/profil/spieler/207917
1816,Como 1907,Ignace Van Der Brempt,https://www.transfermarkt.com/ignace-van-der-brempt/profil/spieler/490423
1817,Como 1907,Mergim Vojvoda,https://www.transfermarkt.com/mergim-vojvoda/profil/spieler/336125
1818,Como 1907,Ivan Smolcic,https://www.transfermarkt.com/ivan-smolcic/profil/spieler/571271
1819,Como 1907,Maximo Perrone,https://www.transfermarkt.com/maximo-perrone/profil/spieler/668547
1820,Como 1907,Yannik Engelhardt,https://www.transfermarkt.com/yannik-engelhardt/profil/spieler/405670
1821,Como 1907,Maxence Caqueret,https://www.transfermarkt.com/maxence-caqueret/profil/spieler/395237
1822,Como 1907,Lucas Da Cunha,https://www.transfermarkt.com/lucas-da-cunha/profil/spieler/495667
1823,Como 1907,Sergi Roberto,https://www.transfermarkt.com/sergi-roberto/profil/spieler/85370
1824,Como 1907,Matthias Braunoder,https://www.transfermarkt.com/matthias-braunoder/profil/spieler/488052
1825,Como 1907,Giuseppe Mazzaglia,https://www.transfermarkt.com/giuseppe-mazzaglia/profil/spieler/1059730
1826,Como 1907,Alessio Iovine,https://www.transfermarkt.com/alessio-iovine/profil/spieler/330472
1827,Como 1907,Nico Paz,https://www.transfermarkt.com/nico-paz/profil/spieler/948294
1828,Como 1907,Dele Alli,https://www.transfermarkt.com/dele-alli/profil/spieler/207929
1829,Como 1907,Naj Razi,https://www.transfermarkt.com/naj-razi/profil/spieler/957295
1830,Como 1907,Alieu Fadera,https://www.transfermarkt.com/alieu-fadera/profil/spieler/749552
1831,Como 1907,Assane Diao,https://www.transfermarkt.com/assane-diao/profil/spieler/1061282
1832,Como 1907,Jonathan Ikone,https://www.transfermarkt.com/jonathan-ikone/profil/spieler/324690
1833,Como 1907,Gabriel Strefezza,https://www.transfermarkt.com/gabriel-strefezza/profil/spieler/457673
1834,Como 1907,Anastasios Douvikas,https://www.transfermarkt.com/anastasios-douvikas/profil/spieler/523318
1835,Como 1907,Patrick Cutrone,https://www.transfermarkt.com/patrick-cutrone/profil/spieler/265078
1836,Como 1907,Ivan Azon,https://www.transfermarkt.com/ivan-azon/profil/spieler/633306
1837,Como 1907,Alessandro Gabrielloni,https://www.transfermarkt.com/alessandro-gabrielloni/profil/spieler/311333
1838,Genua Cfc,Nicola Leali,https://www.transfermarkt.com/nicola-leali/profil/spieler/136111
1839,Genua Cfc,Benjamin Siegrist,https://www.transfermarkt.com/benjamin-siegrist/profil/spieler/111426
1840,Genua Cfc,Daniele Sommariva,https://www.transfermarkt.com/daniele-sommariva/profil/spieler/312773
1841,Genua Cfc,Koni De Winter,https://www.transfermarkt.com/koni-de-winter/profil/spieler/490384
1842,Genua Cfc,Johan Vasquez,https://www.transfermarkt.com/johan-vasquez/profil/spieler/532937
1843,Genua Cfc,Alan Matturro,https://www.transfermarkt.com/alan-matturro/profil/spieler/861981
1844,Genua Cfc,Mattia Bani,https://www.transfermarkt.com/mattia-bani/profil/spieler/176139
1845,Genua Cfc,Sebastian Otoa,https://www.transfermarkt.com/sebastian-otoa/profil/spieler/890385
1846,Genua Cfc,Aaron Martin,https://www.transfermarkt.com/aaron-martin/profil/spieler/251878
1847,Genua Cfc,Honest Ahanor,https://www.transfermarkt.com/honest-ahanor/profil/spieler/1077175
1848,Genua Cfc,Alessandro Zanoli,https://www.transfermarkt.com/alessandro-zanoli/profil/spieler/397225
1849,Genua Cfc,Brooke Norton Cuffy,https://www.transfermarkt.com/brooke-norton-cuffy/profil/spieler/728733
1850,Genua Cfc,Stefano Sabelli,https://www.transfermarkt.com/stefano-sabelli/profil/spieler/167491
1851,Genua Cfc,Jean Onana,https://www.transfermarkt.com/jean-onana/profil/spieler/656441
1852,Genua Cfc,Lior Kassa,https://www.transfermarkt.com/lior-kassa/profil/spieler/1083164
1853,Genua Cfc,Milan Badelj,https://www.transfermarkt.com/milan-badelj/profil/spieler/40633
1854,Genua Cfc,Morten Frendrup,https://www.transfermarkt.com/morten-frendrup/profil/spieler/503871
1855,Genua Cfc,Fabio Miretti,https://www.transfermarkt.com/fabio-miretti/profil/spieler/571607
1856,Genua Cfc,Patrizio Masini,https://www.transfermarkt.com/patrizio-masini/profil/spieler/459665
1857,Genua Cfc,Morten Thorsby,https://www.transfermarkt.com/morten-thorsby/profil/spieler/226524
1858,Genua Cfc,Ruslan Malinovskyi,https://www.transfermarkt.com/ruslan-malinovskyi/profil/spieler/207877
1859,Genua Cfc,Hugo Cuenca,https://www.transfermarkt.com/hugo-cuenca/profil/spieler/906315
1860,Genua Cfc,Maxwel Cornet,https://www.transfermarkt.com/maxwel-cornet/profil/spieler/234781
1861,Genua Cfc,Junior Messias,https://www.transfermarkt.com/junior-messias/profil/spieler/449151
1862,Genua Cfc,Andrea Pinamonti,https://www.transfermarkt.com/andrea-pinamonti/profil/spieler/315865
1863,Genua Cfc,Vitinha,https://www.transfermarkt.com/vitinha/profil/spieler/586853
1864,Genua Cfc,Jeff Ekhator,https://www.transfermarkt.com/jeff-ekhator/profil/spieler/934878
1865,Genua Cfc,Caleb Ekuban,https://www.transfermarkt.com/caleb-ekuban/profil/spieler/199953
1866,Genua Cfc,Mario Balotelli,https://www.transfermarkt.com/mario-balotelli/profil/spieler/45146
1867,Udinese Calcio,Maduka Okoye,https://www.transfermarkt.com/maduka-okoye/profil/spieler/340353
1868,Udinese Calcio,Razvan Sava,https://www.transfermarkt.com/razvan-sava/profil/spieler/568617
1869,Udinese Calcio,Daniele Padelli,https://www.transfermarkt.com/daniele-padelli/profil/spieler/27807
1870,Udinese Calcio,Edoardo Piana,https://www.transfermarkt.com/edoardo-piana/profil/spieler/612059
1871,Udinese Calcio,Jaka Bijol,https://www.transfermarkt.com/jaka-bijol/profil/spieler/371851
1872,Udinese Calcio,Oumar Solet,https://www.transfermarkt.com/oumar-solet/profil/spieler/463665
1873,Udinese Calcio,Isaak Toure,https://www.transfermarkt.com/isaak-toure/profil/spieler/708678
1874,Udinese Calcio,Thomas Kristensen,https://www.transfermarkt.com/thomas-kristensen/profil/spieler/698259
1875,Udinese Calcio,Lautaro Giannetti,https://www.transfermarkt.com/lautaro-giannetti/profil/spieler/225963
1876,Udinese Calcio,Matteo Palma,https://www.transfermarkt.com/matteo-palma/profil/spieler/1058354
1877,Udinese Calcio,Christian Kabasele,https://www.transfermarkt.com/christian-kabasele/profil/spieler/81512
1878,Udinese Calcio,Jordan Zemura,https://www.transfermarkt.com/jordan-zemura/profil/spieler/633530
1879,Udinese Calcio,Hassane Kamara,https://www.transfermarkt.com/hassane-kamara/profil/spieler/290017
1880,Udinese Calcio,Kingsley Ehizibue,https://www.transfermarkt.com/kingsley-ehizibue/profil/spieler/272812
1881,Udinese Calcio,Jesper Karlstrom,https://www.transfermarkt.com/jesper-karlstrom/profil/spieler/222855
1882,Udinese Calcio,Sandi Lovric,https://www.transfermarkt.com/sandi-lovric/profil/spieler/268429
1883,Udinese Calcio,Jurgen Ekkelenkamp,https://www.transfermarkt.com/jurgen-ekkelenkamp/profil/spieler/361068
1884,Udinese Calcio,Martin Payero,https://www.transfermarkt.com/martin-payero/profil/spieler/555820
1885,Udinese Calcio,Arthur Atta,https://www.transfermarkt.com/arthur-atta/profil/spieler/855308
1886,Udinese Calcio,Oier Zarraga,https://www.transfermarkt.com/oier-zarraga/profil/spieler/524010
1887,Udinese Calcio,Rui Modesto,https://www.transfermarkt.com/rui-modesto/profil/spieler/671799
1888,Udinese Calcio,Simone Pafundi,https://www.transfermarkt.com/simone-pafundi/profil/spieler/876400
1889,Udinese Calcio,David Pejicic,https://www.transfermarkt.com/david-pejicic/profil/spieler/1009633
1890,Udinese Calcio,Florian Thauvin,https://www.transfermarkt.com/florian-thauvin/profil/spieler/184892
1891,Udinese Calcio,Lorenzo Lucca,https://www.transfermarkt.com/lorenzo-lucca/profil/spieler/572265
1892,Udinese Calcio,Brenner,https://www.transfermarkt.com/brenner/profil/spieler/412366
1893,Udinese Calcio,Keinan Davis,https://www.transfermarkt.com/keinan-davis/profil/spieler/412660
1894,Udinese Calcio,Damian Pizarro,https://www.transfermarkt.com/damian-pizarro/profil/spieler/950593
1895,Udinese Calcio,Iker Bravo,https://www.transfermarkt.com/iker-bravo/profil/spieler/741292
1896,Udinese Calcio,Alexis Sanchez,https://www.transfermarkt.com/alexis-sanchez/profil/spieler/40433
1897,Parma Calcio 1913,Zion Suzuki,https://www.transfermarkt.com/zion-suzuki/profil/spieler/432298
1898,Parma Calcio 1913,Edoardo Corvi,https://www.transfermarkt.com/edoardo-corvi/profil/spieler/528181
1899,Parma Calcio 1913,Richard Marcone,https://www.transfermarkt.com/richard-marcone/profil/spieler/86083
1900,Parma Calcio 1913,Alessandro Circati,https://www.transfermarkt.com/alessandro-circati/profil/spieler/867137
1901,Parma Calcio 1913,Giovanni Leoni,https://www.transfermarkt.com/giovanni-leoni/profil/spieler/1086619
1902,Parma Calcio 1913,Botond Balogh,https://www.transfermarkt.com/botond-balogh/profil/spieler/543727
1903,Parma Calcio 1913,Alessandro Vogliacco,https://www.transfermarkt.com/alessandro-vogliacco/profil/spieler/330208
1904,Parma Calcio 1913,Yordan Osorio,https://www.transfermarkt.com/yordan-osorio/profil/spieler/358165
1905,Parma Calcio 1913,Lautaro Valenti,https://www.transfermarkt.com/lautaro-valenti/profil/spieler/625202
1906,Parma Calcio 1913,Mathias Lovik,https://www.transfermarkt.com/mathias-lovik/profil/spieler/661212
1907,Parma Calcio 1913,Emanuele Valeri,https://www.transfermarkt.com/emanuele-valeri/profil/spieler/445126
1908,Parma Calcio 1913,Enrico Delprato,https://www.transfermarkt.com/enrico-delprato/profil/spieler/392956
1909,Parma Calcio 1913,Antoine Hainaut,https://www.transfermarkt.com/antoine-hainaut/profil/spieler/917375
1910,Parma Calcio 1913,Mandela Keita,https://www.transfermarkt.com/mandela-keita/profil/spieler/707844
1911,Parma Calcio 1913,Nahuel Estevez,https://www.transfermarkt.com/nahuel-estevez/profil/spieler/552472
1912,Parma Calcio 1913,Adrian Bernabe,https://www.transfermarkt.com/adrian-bernabe/profil/spieler/466802
1913,Parma Calcio 1913,Simon Sohm,https://www.transfermarkt.com/simon-sohm/profil/spieler/507486
1914,Parma Calcio 1913,Hernani,https://www.transfermarkt.com/hernani/profil/spieler/181768
1915,Parma Calcio 1913,Drissa Camara,https://www.transfermarkt.com/drissa-camara/profil/spieler/614742
1916,Parma Calcio 1913,Jacob Ondrejka,https://www.transfermarkt.com/jacob-ondrejka/profil/spieler/663237
1917,Parma Calcio 1913,Adrian Benedyczak,https://www.transfermarkt.com/adrian-benedyczak/profil/spieler/454386
1918,Parma Calcio 1913,Valentin Mihaila,https://www.transfermarkt.com/valentin-mihaila/profil/spieler/535469
1919,Parma Calcio 1913,Dennis Man,https://www.transfermarkt.com/dennis-man/profil/spieler/397486
1920,Parma Calcio 1913,Matteo Cancellieri,https://www.transfermarkt.com/matteo-cancellieri/profil/spieler/550106
1921,Parma Calcio 1913,Pontus Almqvist,https://www.transfermarkt.com/pontus-almqvist/profil/spieler/300532
1922,Parma Calcio 1913,Anas Haj Mohamed,https://www.transfermarkt.com/anas-haj-mohamed/profil/spieler/883122
1923,Parma Calcio 1913,Mateusz Kowalski,https://www.transfermarkt.com/mateusz-kowalski/profil/spieler/902573
1924,Parma Calcio 1913,Ange Yoan Bonny,https://www.transfermarkt.com/ange-yoan-bonny/profil/spieler/827734
1925,Parma Calcio 1913,Mateo Pellegrino,https://www.transfermarkt.com/mateo-pellegrino/profil/spieler/856530
1926,Parma Calcio 1913,Gabriel Charpentier,https://www.transfermarkt.com/gabriel-charpentier/profil/spieler/660342
1927,Parma Calcio 1913,Milan Djuric,https://www.transfermarkt.com/milan-djuric/profil/spieler/67556
1928,Fc Empoli,Devis Vasquez,https://www.transfermarkt.com/devis-vasquez/profil/spieler/495722
1929,Fc Empoli,Jacopo Seghetti,https://www.transfermarkt.com/jacopo-seghetti/profil/spieler/935777
1930,Fc Empoli,Marco Silvestri,https://www.transfermarkt.com/marco-silvestri/profil/spieler/85528
1931,Fc Empoli,Federico Brancolini,https://www.transfermarkt.com/federico-brancolini/profil/spieler/451154
1932,Fc Empoli,Saba Goglichidze,https://www.transfermarkt.com/saba-goglichidze/profil/spieler/906160
1933,Fc Empoli,Mattia Viti,https://www.transfermarkt.com/mattia-viti/profil/spieler/493702
1934,Fc Empoli,Ardian Ismajli,https://www.transfermarkt.com/ardian-ismajli/profil/spieler/435228
1935,Fc Empoli,Luca Marianucci,https://www.transfermarkt.com/luca-marianucci/profil/spieler/814446
1936,Fc Empoli,Saba Sazonov,https://www.transfermarkt.com/saba-sazonov/profil/spieler/655456
1937,Fc Empoli,Liberato Cacace,https://www.transfermarkt.com/liberato-cacace/profil/spieler/469211
1938,Fc Empoli,Giuseppe Pezzella,https://www.transfermarkt.com/giuseppe-pezzella/profil/spieler/336960
1939,Fc Empoli,Tyronne Ebuehi,https://www.transfermarkt.com/tyronne-ebuehi/profil/spieler/309944
1940,Fc Empoli,Junior Sambia,https://www.transfermarkt.com/junior-sambia/profil/spieler/335147
1941,Fc Empoli,Mattia De Sciglio,https://www.transfermarkt.com/mattia-de-sciglio/profil/spieler/88682
1942,Fc Empoli,Alberto Grassi,https://www.transfermarkt.com/alberto-grassi/profil/spieler/197473
1943,Fc Empoli,Jacopo Fazzini,https://www.transfermarkt.com/jacopo-fazzini/profil/spieler/691482
1944,Fc Empoli,Youssef Maleh,https://www.transfermarkt.com/youssef-maleh/profil/spieler/324377
1945,Fc Empoli,Szymon Zurkowski,https://www.transfermarkt.com/szymon-zurkowski/profil/spieler/387234
1946,Fc Empoli,Liam Henderson,https://www.transfermarkt.com/liam-henderson/profil/spieler/193867
1947,Fc Empoli,Nicolas Haas,https://www.transfermarkt.com/nicolas-haas/profil/spieler/192638
1948,Fc Empoli,Emmanuel Gyasi,https://www.transfermarkt.com/emmanuel-gyasi/profil/spieler/241076
1949,Fc Empoli,Tino Anjorin,https://www.transfermarkt.com/tino-anjorin/profil/spieler/433181
1950,Fc Empoli,Viktor Kovalenko,https://www.transfermarkt.com/viktor-kovalenko/profil/spieler/203842
1951,Fc Empoli,Ola Solbakken,https://www.transfermarkt.com/ola-solbakken/profil/spieler/431811
1952,Fc Empoli,Sebastiano Esposito,https://www.transfermarkt.com/sebastiano-esposito/profil/spieler/538918
1953,Fc Empoli,Christian Kouame,https://www.transfermarkt.com/christian-kouame/profil/spieler/337725
1954,Fc Empoli,Lorenzo Colombo,https://www.transfermarkt.com/lorenzo-colombo/profil/spieler/487843
1955,Fc Empoli,Pietro Pellegri,https://www.transfermarkt.com/pietro-pellegri/profil/spieler/364133
1956,Hellas Verona,Lorenzo Montipo,https://www.transfermarkt.com/lorenzo-montipo/profil/spieler/241923
1957,Hellas Verona,Federico Magro,https://www.transfermarkt.com/federico-magro/profil/spieler/818898
1958,Hellas Verona,Simone Perilli,https://www.transfermarkt.com/simone-perilli/profil/spieler/240675
1959,Hellas Verona,Alessandro Berardi,https://www.transfermarkt.com/alessandro-berardi/profil/spieler/127217
1960,Hellas Verona,Diego Coppola,https://www.transfermarkt.com/diego-coppola/profil/spieler/660860
1961,Hellas Verona,Nicolas Valentini,https://www.transfermarkt.com/nicolas-valentini/profil/spieler/860992
1962,Hellas Verona,Flavius Daniliuc,https://www.transfermarkt.com/flavius-daniliuc/profil/spieler/322655
1963,Hellas Verona,Daniele Ghilardi,https://www.transfermarkt.com/daniele-ghilardi/profil/spieler/701819
1964,Hellas Verona,Pawel Dawidowicz,https://www.transfermarkt.com/pawel-dawidowicz/profil/spieler/248732
1965,Hellas Verona,Tobias Slotsager,https://www.transfermarkt.com/tobias-slotsager/profil/spieler/851385
1966,Hellas Verona,Luan Patrick,https://www.transfermarkt.com/luan-patrick/profil/spieler/658674
1967,Hellas Verona,Yllan Okou,https://www.transfermarkt.com/yllan-okou/profil/spieler/745202
1968,Hellas Verona,Domagoj Bradaric,https://www.transfermarkt.com/domagoj-bradaric/profil/spieler/357796
1969,Hellas Verona,Martin Frese,https://www.transfermarkt.com/martin-frese/profil/spieler/488785
1970,Hellas Verona,Jackson Tchatchoua,https://www.transfermarkt.com/jackson-tchatchoua/profil/spieler/848509
1971,Hellas Verona,Davide Faraoni,https://www.transfermarkt.com/davide-faraoni/profil/spieler/73926
1972,Hellas Verona,Daniel Oyegoke,https://www.transfermarkt.com/daniel-oyegoke/profil/spieler/586984
1973,Hellas Verona,Cheikh Niasse,https://www.transfermarkt.com/cheikh-niasse/profil/spieler/644032
1974,Hellas Verona,Suat Serdar,https://www.transfermarkt.com/suat-serdar/profil/spieler/261905
1975,Hellas Verona,Ondrej Duda,https://www.transfermarkt.com/ondrej-duda/profil/spieler/232418
1976,Hellas Verona,Antoine Bernede,https://www.transfermarkt.com/antoine-bernede/profil/spieler/395512
1977,Hellas Verona,Abdou Harroui,https://www.transfermarkt.com/abdou-harroui/profil/spieler/416386
1978,Hellas Verona,Darko Lazovic,https://www.transfermarkt.com/darko-lazovic/profil/spieler/70411
1979,Hellas Verona,Tomas Suslov,https://www.transfermarkt.com/tomas-suslov/profil/spieler/540333
1980,Hellas Verona,Grigoris Kastanos,https://www.transfermarkt.com/grigoris-kastanos/profil/spieler/298635
1981,Hellas Verona,Alphadjo Cisse,https://www.transfermarkt.com/alphadjo-cisse/profil/spieler/964087
1982,Hellas Verona,Casper Tengstedt,https://www.transfermarkt.com/casper-tengstedt/profil/spieler/464598
1983,Hellas Verona,Amin Sarr,https://www.transfermarkt.com/amin-sarr/profil/spieler/748382
1984,Hellas Verona,Daniel Mosquera,https://www.transfermarkt.com/daniel-mosquera/profil/spieler/651569
1985,Hellas Verona,Dailon Rocha Livramento,https://www.transfermarkt.com/dailon-rocha-livramento/profil/spieler/676411
1986,Hellas Verona,Mathis Lambourde,https://www.transfermarkt.com/mathis-lambourde/profil/spieler/979766
1987,Hellas Verona,Junior Ajayi,https://www.transfermarkt.com/junior-ajayi/profil/spieler/1111820
1988,Ac Monza,Stefano Turati,https://www.transfermarkt.com/stefano-turati/profil/spieler/543666
1989,Ac Monza,Semuel Pizzignacco,https://www.transfermarkt.com/semuel-pizzignacco/profil/spieler/537171
1990,Ac Monza,Andrea Mazza,https://www.transfermarkt.com/andrea-mazza/profil/spieler/815567
1991,Ac Monza,Tomas Palacios,https://www.transfermarkt.com/tomas-palacios/profil/spieler/993645
1992,Ac Monza,Andrea Carboni,https://www.transfermarkt.com/andrea-carboni/profil/spieler/481834
1993,Ac Monza,Armando Izzo,https://www.transfermarkt.com/armando-izzo/profil/spieler/32113
1994,Ac Monza,Stefan Lekovic,https://www.transfermarkt.com/stefan-lekovic/profil/spieler/797572
1995,Ac Monza,Luca Caldirola,https://www.transfermarkt.com/luca-caldirola/profil/spieler/88680
1996,Ac Monza,Danilo Dambrosio,https://www.transfermarkt.com/danilo-dambrosio/profil/spieler/55769
1997,Ac Monza,Arvid Brorsson,https://www.transfermarkt.com/arvid-brorsson/profil/spieler/381706
1998,Ac Monza,Samuele Birindelli,https://www.transfermarkt.com/samuele-birindelli/profil/spieler/461019
1999,Ac Monza,Pedro Pereira,https://www.transfermarkt.com/pedro-pereira/profil/spieler/314965
2000,Ac Monza,Leonardo Colombo,https://www.transfermarkt.com/leonardo-colombo/profil/spieler/891869
2001,Ac Monza,Matteo Pessina,https://www.transfermarkt.com/matteo-pessina/profil/spieler/332179
2002,Ac Monza,Kacper Urbanski,https://www.transfermarkt.com/kacper-urbanski/profil/spieler/699442
2003,Ac Monza,Alessandro Bianco,https://www.transfermarkt.com/alessandro-bianco/profil/spieler/602124
2004,Ac Monza,Gaetano Castrovilli,https://www.transfermarkt.com/gaetano-castrovilli/profil/spieler/303116
2005,Ac Monza,Kevin Zeroli,https://www.transfermarkt.com/kevin-zeroli/profil/spieler/883349
2006,Ac Monza,Roberto Gagliardini,https://www.transfermarkt.com/roberto-gagliardini/profil/spieler/197471
2007,Ac Monza,Stefano Sensi,https://www.transfermarkt.com/stefano-sensi/profil/spieler/216179
2008,Ac Monza,Jean Daniel Akpa Akpro,https://www.transfermarkt.com/jean-daniel-akpa-akpro/profil/spieler/170481
2009,Ac Monza,Patrick Ciurria,https://www.transfermarkt.com/patrick-ciurria/profil/spieler/255838
2010,Ac Monza,Georgios Kyriakopoulos,https://www.transfermarkt.com/georgios-kyriakopoulos/profil/spieler/311178
2011,Ac Monza,Samuele Vignato,https://www.transfermarkt.com/samuele-vignato/profil/spieler/650966
2012,Ac Monza,Keita Balde,https://www.transfermarkt.com/keita-balde/profil/spieler/238752
2013,Ac Monza,Omari Forson,https://www.transfermarkt.com/omari-forson/profil/spieler/670845
2014,Ac Monza,Kevin Martins,https://www.transfermarkt.com/kevin-martins/profil/spieler/724069
2015,Ac Monza,Dany Mota,https://www.transfermarkt.com/dany-mota/profil/spieler/347253
2016,Ac Monza,Gianluca Caprari,https://www.transfermarkt.com/gianluca-caprari/profil/spieler/146752
2017,Ac Monza,Silvere Ganvoula,https://www.transfermarkt.com/silvere-ganvoula/profil/spieler/312819
2018,Ac Monza,Andrea Petagna,https://www.transfermarkt.com/andrea-petagna/profil/spieler/199258
2019,Cagliari Calcio,Elia Caprile,https://www.transfermarkt.com/elia-caprile/profil/spieler/421873
2020,Cagliari Calcio,Alen Sherri,https://www.transfermarkt.com/alen-sherri/profil/spieler/304144
2021,Cagliari Calcio,Giuseppe Ciocci,https://www.transfermarkt.com/giuseppe-ciocci/profil/spieler/535740
2022,Cagliari Calcio,Sebastiano Luperto,https://www.transfermarkt.com/sebastiano-luperto/profil/spieler/278531
2023,Cagliari Calcio,Yerry Mina,https://www.transfermarkt.com/yerry-mina/profil/spieler/289446
2024,Cagliari Calcio,Adam Obert,https://www.transfermarkt.com/adam-obert/profil/spieler/568333
2025,Cagliari Calcio,Jose Luis Palomino,https://www.transfermarkt.com/jose-luis-palomino/profil/spieler/125020
2026,Cagliari Calcio,Tommaso Augello,https://www.transfermarkt.com/tommaso-augello/profil/spieler/284595
2027,Cagliari Calcio,Gabriele Zappa,https://www.transfermarkt.com/gabriele-zappa/profil/spieler/392569
2028,Cagliari Calcio,Matteo Prati,https://www.transfermarkt.com/matteo-prati/profil/spieler/876298
2029,Cagliari Calcio,Antoine Makoumbou,https://www.transfermarkt.com/antoine-makoumbou/profil/spieler/460651
2030,Cagliari Calcio,Razvan Marin,https://www.transfermarkt.com/razvan-marin/profil/spieler/295183
2031,Cagliari Calcio,Michel Adopo,https://www.transfermarkt.com/michel-adopo/profil/spieler/564305
2032,Cagliari Calcio,Alessandro Deiola,https://www.transfermarkt.com/alessandro-deiola/profil/spieler/235931
2033,Cagliari Calcio,Nadir Zortea,https://www.transfermarkt.com/nadir-zortea/profil/spieler/392966
2034,Cagliari Calcio,Jakub Jankto,https://www.transfermarkt.com/jakub-jankto/profil/spieler/319160
2035,Cagliari Calcio,Gianluca Gaetano,https://www.transfermarkt.com/gianluca-gaetano/profil/spieler/358008
2036,Cagliari Calcio,Nicolas Viola,https://www.transfermarkt.com/nicolas-viola/profil/spieler/85393
2037,Cagliari Calcio,Florinel Coman,https://www.transfermarkt.com/florinel-coman/profil/spieler/340982
2038,Cagliari Calcio,Mattia Felici,https://www.transfermarkt.com/mattia-felici/profil/spieler/600041
2039,Cagliari Calcio,Roberto Piccoli,https://www.transfermarkt.com/roberto-piccoli/profil/spieler/432092
2040,Cagliari Calcio,Zito Luvumbo,https://www.transfermarkt.com/zito-luvumbo/profil/spieler/666547
2041,Cagliari Calcio,Kingstone Mutandwa,https://www.transfermarkt.com/kingstone-mutandwa/profil/spieler/1111663
2042,Cagliari Calcio,Leonardo Pavoletti,https://www.transfermarkt.com/leonardo-pavoletti/profil/spieler/64793
2043,Us Lecce,Wladimiro Falcone,https://www.transfermarkt.com/wladimiro-falcone/profil/spieler/238537
2044,Us Lecce,Christian Fruchtl,https://www.transfermarkt.com/christian-fruchtl/profil/spieler/336307
2045,Us Lecce,Jasper Samooja,https://www.transfermarkt.com/jasper-samooja/profil/spieler/712911
2046,Us Lecce,Federico Baschirotto,https://www.transfermarkt.com/federico-baschirotto/profil/spieler/351955
2047,Us Lecce,Kialonda Gaspar,https://www.transfermarkt.com/kialonda-gaspar/profil/spieler/836441
2048,Us Lecce,Gaby Jean,https://www.transfermarkt.com/gaby-jean/profil/spieler/805886
2049,Us Lecce,Tiago Gabriel,https://www.transfermarkt.com/tiago-gabriel/profil/spieler/1112449
2050,Us Lecce,Sebastian Esposito,https://www.transfermarkt.com/sebastian-esposito/profil/spieler/1118086
2051,Us Lecce,Elijah Scott,https://www.transfermarkt.com/elijah-scott/profil/spieler/1105124
2052,Us Lecce,Antonino Gallo,https://www.transfermarkt.com/antonino-gallo/profil/spieler/392516
2053,Us Lecce,Marco Sala,https://www.transfermarkt.com/marco-sala/profil/spieler/392570
2054,Us Lecce,Vernon Addo,https://www.transfermarkt.com/vernon-addo/profil/spieler/1017950
2055,Us Lecce,Frederic Guilbert,https://www.transfermarkt.com/frederic-guilbert/profil/spieler/354352
2056,Us Lecce,Danilo Veiga,https://www.transfermarkt.com/danilo-veiga/profil/spieler/728485
2057,Us Lecce,Ylber Ramadani,https://www.transfermarkt.com/ylber-ramadani/profil/spieler/442703
2058,Us Lecce,Balthazar Pierret,https://www.transfermarkt.com/balthazar-pierret/profil/spieler/642002
2059,Us Lecce,Thorir Johann Helgason,https://www.transfermarkt.com/thorir-johann-helgason/profil/spieler/488996
2060,Us Lecce,Lassana Coulibaly,https://www.transfermarkt.com/lassana-coulibaly/profil/spieler/386552
2061,Us Lecce,Mohamed Kaba,https://www.transfermarkt.com/mohamed-kaba/profil/spieler/911328
2062,Us Lecce,Hamza Rafia,https://www.transfermarkt.com/hamza-rafia/profil/spieler/418571
2063,Us Lecce,Medon Berisha,https://www.transfermarkt.com/medon-berisha/profil/spieler/583046
2064,Us Lecce,Joan Gonzalez,https://www.transfermarkt.com/joan-gonzalez/profil/spieler/692209
2065,Us Lecce,Filip Marchwinski,https://www.transfermarkt.com/filip-marchwinski/profil/spieler/555106
2066,Us Lecce,Lameck Banda,https://www.transfermarkt.com/lameck-banda/profil/spieler/545538
2067,Us Lecce,Jesper Karlsson,https://www.transfermarkt.com/jesper-karlsson/profil/spieler/367992
2068,Us Lecce,Tete Morente,https://www.transfermarkt.com/tete-morente/profil/spieler/339816
2069,Us Lecce,Ante Rebic,https://www.transfermarkt.com/ante-rebic/profil/spieler/187587
2070,Us Lecce,Nicola Sansone,https://www.transfermarkt.com/nicola-sansone/profil/spieler/82048
2071,Us Lecce,Santiago Pierotti,https://www.transfermarkt.com/santiago-pierotti/profil/spieler/674806
2072,Us Lecce,Konan Ndri,https://www.transfermarkt.com/konan-ndri/profil/spieler/649490
2073,Us Lecce,Jeppe Corfitzen,https://www.transfermarkt.com/jeppe-corfitzen/profil/spieler/709985
2074,Us Lecce,Nikola Krstovic,https://www.transfermarkt.com/nikola-krstovic/profil/spieler/434433
2075,Us Lecce,Rares Burnete,https://www.transfermarkt.com/rares-burnete/profil/spieler/731525
2076,Us Lecce,Joel Voelkerling Persson,https://www.transfermarkt.com/joel-voelkerling-persson/profil/spieler/647534
2077,Venezia Fc,Filip Stankovic,https://www.transfermarkt.com/filip-stankovic/profil/spieler/552223
2078,Venezia Fc,Andrei Radu,https://www.transfermarkt.com/andrei-radu/profil/spieler/303657
2079,Venezia Fc,Jesse Joronen,https://www.transfermarkt.com/jesse-joronen/profil/spieler/131758
2080,Venezia Fc,Matteo Grandi,https://www.transfermarkt.com/matteo-grandi/profil/spieler/155038
2081,Venezia Fc,Jay Idzes,https://www.transfermarkt.com/jay-idzes/profil/spieler/546926
2082,Venezia Fc,Joel Schingtienne,https://www.transfermarkt.com/joel-schingtienne/profil/spieler/707809
2083,Venezia Fc,Michael Svoboda,https://www.transfermarkt.com/michael-svoboda/profil/spieler/438961
2084,Venezia Fc,Fali Cande,https://www.transfermarkt.com/fali-cande/profil/spieler/520530
2085,Venezia Fc,Alessandro Marcandalli,https://www.transfermarkt.com/alessandro-marcandalli/profil/spieler/818448
2086,Venezia Fc,Marin Sverko,https://www.transfermarkt.com/marin-sverko/profil/spieler/282169
2087,Venezia Fc,Ridgeciano Haps,https://www.transfermarkt.com/ridgeciano-haps/profil/spieler/228444
2088,Venezia Fc,Franco Carboni,https://www.transfermarkt.com/franco-carboni/profil/spieler/731491
2089,Venezia Fc,Richie Sagrado,https://www.transfermarkt.com/richie-sagrado/profil/spieler/655009
2090,Venezia Fc,Francesco Zampano,https://www.transfermarkt.com/francesco-zampano/profil/spieler/216872
2091,Venezia Fc,Cheick Conde,https://www.transfermarkt.com/cheick-conde/profil/spieler/698560
2092,Venezia Fc,Hans Nicolussi Caviglia,https://www.transfermarkt.com/hans-nicolussi-caviglia/profil/spieler/430280
2093,Venezia Fc,Gianluca Busio,https://www.transfermarkt.com/gianluca-busio/profil/spieler/504209
2094,Venezia Fc,Kike Perez,https://www.transfermarkt.com/kike-perez/profil/spieler/527698
2095,Venezia Fc,Mikael Egill Ellertsson,https://www.transfermarkt.com/mikael-egill-ellertsson/profil/spieler/566615
2096,Venezia Fc,Alfred Duncan,https://www.transfermarkt.com/alfred-duncan/profil/spieler/184894
2097,Venezia Fc,Issa Doumbia,https://www.transfermarkt.com/issa-doumbia/profil/spieler/924349
2098,Venezia Fc,Domen Crnigoj,https://www.transfermarkt.com/domen-crnigoj/profil/spieler/216599
2099,Venezia Fc,Bjarki Bjarkason,https://www.transfermarkt.com/bjarki-bjarkason/profil/spieler/566613
2100,Venezia Fc,Gaetano Oristanio,https://www.transfermarkt.com/gaetano-oristanio/profil/spieler/613393
2101,Venezia Fc,John Yeboah,https://www.transfermarkt.com/john-yeboah/profil/spieler/439914
2102,Venezia Fc,Saad El Haddad,https://www.transfermarkt.com/saad-el-haddad/profil/spieler/936684
2103,Venezia Fc,Alessio Zerbin,https://www.transfermarkt.com/alessio-zerbin/profil/spieler/433584
2104,Venezia Fc,Daniel Fila,https://www.transfermarkt.com/daniel-fila/profil/spieler/666268
2105,Venezia Fc,Christian Gytkjaer,https://www.transfermarkt.com/christian-gytkjaer/profil/spieler/76274
2106,Venezia Fc,Mirko Maric,https://www.transfermarkt.com/mirko-maric/profil/spieler/215649
2107,Fc Paris Saint Germain,Gianluigi Donnarumma,https://www.transfermarkt.com/gianluigi-donnarumma/profil/spieler/315858
2108,Fc Paris Saint Germain,Matvey Safonov,https://www.transfermarkt.com/matvey-safonov/profil/spieler/318470
2109,Fc Paris Saint Germain,Arnau Tenas,https://www.transfermarkt.com/arnau-tenas/profil/spieler/466783
2110,Fc Paris Saint Germain,Willian Pacho,https://www.transfermarkt.com/willian-pacho/profil/spieler/661171
2111,Fc Paris Saint Germain,Marquinhos,https://www.transfermarkt.com/marquinhos/profil/spieler/181767
2112,Fc Paris Saint Germain,Lucas Beraldo,https://www.transfermarkt.com/lucas-beraldo/profil/spieler/872171
2113,Fc Paris Saint Germain,Presnel Kimpembe,https://www.transfermarkt.com/presnel-kimpembe/profil/spieler/282041
2114,Fc Paris Saint Germain,Naoufel El Hannach,https://www.transfermarkt.com/naoufel-el-hannach/profil/spieler/1053148
2115,Fc Paris Saint Germain,Nuno Mendes,https://www.transfermarkt.com/nuno-mendes/profil/spieler/616341
2116,Fc Paris Saint Germain,Lucas Hernandez,https://www.transfermarkt.com/lucas-hernandez/profil/spieler/281963
2117,Fc Paris Saint Germain,Achraf Hakimi,https://www.transfermarkt.com/achraf-hakimi/profil/spieler/398073
2118,Fc Paris Saint Germain,Yoram Zague,https://www.transfermarkt.com/yoram-zague/profil/spieler/1047097
2119,Fc Paris Saint Germain,Joao Neves,https://www.transfermarkt.com/joao-neves/profil/spieler/670681
2120,Fc Paris Saint Germain,Vitinha,https://www.transfermarkt.com/vitinha/profil/spieler/487469
2121,Fc Paris Saint Germain,Warren Zaire Emery,https://www.transfermarkt.com/warren-zaire-emery/profil/spieler/810092
2122,Fc Paris Saint Germain,Fabian Ruiz,https://www.transfermarkt.com/fabian-ruiz/profil/spieler/350219
2123,Fc Paris Saint Germain,Senny Mayulu,https://www.transfermarkt.com/senny-mayulu/profil/spieler/903693
2124,Fc Paris Saint Germain,Khvicha Kvaratskhelia,https://www.transfermarkt.com/khvicha-kvaratskhelia/profil/spieler/502670
2125,Fc Paris Saint Germain,Bradley Barcola,https://www.transfermarkt.com/bradley-barcola/profil/spieler/708265
2126,Fc Paris Saint Germain,Desire Doue,https://www.transfermarkt.com/desire-doue/profil/spieler/914562
2127,Fc Paris Saint Germain,Ousmane Dembele,https://www.transfermarkt.com/ousmane-dembele/profil/spieler/288230
2128,Fc Paris Saint Germain,Kang In Lee,https://www.transfermarkt.com/kang-in-lee/profil/spieler/557149
2129,Fc Paris Saint Germain,Ibrahim Mbaye,https://www.transfermarkt.com/ibrahim-mbaye/profil/spieler/1185888
2130,Fc Paris Saint Germain,Goncalo Ramos,https://www.transfermarkt.com/goncalo-ramos/profil/spieler/550550
2131,As Monaco,Radoslaw Majecki,https://www.transfermarkt.com/radoslaw-majecki/profil/spieler/346546
2132,As Monaco,Philipp Kohn,https://www.transfermarkt.com/philipp-kohn/profil/spieler/251322
2133,As Monaco,Yann Lienard,https://www.transfermarkt.com/yann-lienard/profil/spieler/745341
2134,As Monaco,Wilfried Singo,https://www.transfermarkt.com/wilfried-singo/profil/spieler/648779
2135,As Monaco,Thilo Kehrer,https://www.transfermarkt.com/thilo-kehrer/profil/spieler/228948
2136,As Monaco,Mohammed Salisu,https://www.transfermarkt.com/mohammed-salisu/profil/spieler/563963
2137,As Monaco,Christian Mawissa,https://www.transfermarkt.com/christian-mawissa/profil/spieler/1005240
2138,As Monaco,Caio Henrique,https://www.transfermarkt.com/caio-henrique/profil/spieler/420064
2139,As Monaco,Kassoum Ouattara,https://www.transfermarkt.com/kassoum-ouattara/profil/spieler/947360
2140,As Monaco,Vanderson,https://www.transfermarkt.com/vanderson/profil/spieler/789082
2141,As Monaco,Jordan Teze,https://www.transfermarkt.com/jordan-teze/profil/spieler/364245
2142,As Monaco,Denis Zakaria,https://www.transfermarkt.com/denis-zakaria/profil/spieler/334526
2143,As Monaco,Soungoutou Magassa,https://www.transfermarkt.com/soungoutou-magassa/profil/spieler/745181
2144,As Monaco,Moatasem Al Musrati,https://www.transfermarkt.com/moatasem-al-musrati/profil/spieler/377641
2145,As Monaco,Lamine Camara,https://www.transfermarkt.com/lamine-camara/profil/spieler/918969
2146,As Monaco,Edan Diop,https://www.transfermarkt.com/edan-diop/profil/spieler/745178
2147,As Monaco,Aleksandr Golovin,https://www.transfermarkt.com/aleksandr-golovin/profil/spieler/263918
2148,As Monaco,Eliesse Ben Seghir,https://www.transfermarkt.com/eliesse-ben-seghir/profil/spieler/810895
2149,As Monaco,Takumi Minamino,https://www.transfermarkt.com/takumi-minamino/profil/spieler/165793
2150,As Monaco,Lucas Michal,https://www.transfermarkt.com/lucas-michal/profil/spieler/810909
2151,As Monaco,Maghnes Akliouche,https://www.transfermarkt.com/maghnes-akliouche/profil/spieler/745200
2152,As Monaco,Krepin Diatta,https://www.transfermarkt.com/krepin-diatta/profil/spieler/490426
2153,As Monaco,Mika Biereth,https://www.transfermarkt.com/mika-biereth/profil/spieler/565821
2154,As Monaco,Folarin Balogun,https://www.transfermarkt.com/folarin-balogun/profil/spieler/503770
2155,As Monaco,George Ilenikhena,https://www.transfermarkt.com/george-ilenikhena/profil/spieler/1004834
2156,As Monaco,Breel Embolo,https://www.transfermarkt.com/breel-embolo/profil/spieler/237662
2157,Losc Lille,Lucas Chevalier,https://www.transfermarkt.com/lucas-chevalier/profil/spieler/463600
2158,Losc Lille,Vito Mannone,https://www.transfermarkt.com/vito-mannone/profil/spieler/33781
2159,Losc Lille,Marc Aurele Caillard,https://www.transfermarkt.com/marc-aurele-caillard/profil/spieler/205465
2160,Losc Lille,Bafode Diakite,https://www.transfermarkt.com/bafode-diakite/profil/spieler/463605
2161,Losc Lille,Alexsandro,https://www.transfermarkt.com/alexsandro/profil/spieler/648020
2162,Losc Lille,Samuel Umtiti,https://www.transfermarkt.com/samuel-umtiti/profil/spieler/126540
2163,Losc Lille,Aissa Mandi,https://www.transfermarkt.com/aissa-mandi/profil/spieler/80293
2164,Losc Lille,Gabriel Gudmundsson,https://www.transfermarkt.com/gabriel-gudmundsson/profil/spieler/362108
2165,Losc Lille,Mitchel Bakker,https://www.transfermarkt.com/mitchel-bakker/profil/spieler/361065
2166,Losc Lille,Ismaily,https://www.transfermarkt.com/ismaily/profil/spieler/124028
2167,Losc Lille,Tiago Santos,https://www.transfermarkt.com/tiago-santos/profil/spieler/816580
2168,Losc Lille,Thomas Meunier,https://www.transfermarkt.com/thomas-meunier/profil/spieler/100986
2169,Losc Lille,Ngalayel Mukau,https://www.transfermarkt.com/ngalayel-mukau/profil/spieler/1016015
2170,Losc Lille,Nabil Bentaleb,https://www.transfermarkt.com/nabil-bentaleb/profil/spieler/245537
2171,Losc Lille,Benjamin Andre,https://www.transfermarkt.com/benjamin-andre/profil/spieler/84301
2172,Losc Lille,Ayyoub Bouaddi,https://www.transfermarkt.com/ayyoub-bouaddi/profil/spieler/1097139
2173,Losc Lille,Andre Gomes,https://www.transfermarkt.com/andre-gomes/profil/spieler/221025
2174,Losc Lille,Ethan Mbappe,https://www.transfermarkt.com/ethan-mbappe/profil/spieler/903666
2175,Losc Lille,Angel Gomes,https://www.transfermarkt.com/angel-gomes/profil/spieler/392770
2176,Losc Lille,Hakon Arnar Haraldsson,https://www.transfermarkt.com/hakon-arnar-haraldsson/profil/spieler/652275
2177,Losc Lille,Remy Cabella,https://www.transfermarkt.com/remy-cabella/profil/spieler/113707
2178,Losc Lille,Osame Sahraoui,https://www.transfermarkt.com/osame-sahraoui/profil/spieler/580657
2179,Losc Lille,Edon Zhegrova,https://www.transfermarkt.com/edon-zhegrova/profil/spieler/496857
2180,Losc Lille,Jonathan David,https://www.transfermarkt.com/jonathan-david/profil/spieler/533738
2181,Losc Lille,Matias Fernandez Pardo,https://www.transfermarkt.com/matias-fernandez-pardo/profil/spieler/724129
2182,Losc Lille,Chuba Akpom,https://www.transfermarkt.com/chuba-akpom/profil/spieler/197642
2183,Olympique Marseille,Geronimo Rulli,https://www.transfermarkt.com/geronimo-rulli/profil/spieler/229604
2184,Olympique Marseille,Jeffrey De Lange,https://www.transfermarkt.com/jeffrey-de-lange/profil/spieler/315253
2185,Olympique Marseille,Ruben Blanco,https://www.transfermarkt.com/ruben-blanco/profil/spieler/199321
2186,Olympique Marseille,Jelle Van Neck,https://www.transfermarkt.com/jelle-van-neck/profil/spieler/727086
2187,Olympique Marseille,Leonardo Balerdi,https://www.transfermarkt.com/leonardo-balerdi/profil/spieler/575998
2188,Olympique Marseille,Luiz Felipe,https://www.transfermarkt.com/luiz-felipe/profil/spieler/457931
2189,Olympique Marseille,Derek Cornelius,https://www.transfermarkt.com/derek-cornelius/profil/spieler/328609
2190,Olympique Marseille,Chancel Mbemba,https://www.transfermarkt.com/chancel-mbemba/profil/spieler/203348
2191,Olympique Marseille,Quentin Merlin,https://www.transfermarkt.com/quentin-merlin/profil/spieler/557613
2192,Olympique Marseille,Ulisses Garcia,https://www.transfermarkt.com/ulisses-garcia/profil/spieler/192616
2193,Olympique Marseille,Amar Dedic,https://www.transfermarkt.com/amar-dedic/profil/spieler/519184
2194,Olympique Marseille,Amir Murillo,https://www.transfermarkt.com/amir-murillo/profil/spieler/354482
2195,Olympique Marseille,Pol Lirola,https://www.transfermarkt.com/pol-lirola/profil/spieler/298975
2196,Olympique Marseille,Pierre Emile Hojbjerg,https://www.transfermarkt.com/pierre-emile-hojbjerg/profil/spieler/167799
2197,Olympique Marseille,Ismael Bennacer,https://www.transfermarkt.com/ismael-bennacer/profil/spieler/351816
2198,Olympique Marseille,Geoffrey Kondogbia,https://www.transfermarkt.com/geoffrey-kondogbia/profil/spieler/127189
2199,Olympique Marseille,Adrien Rabiot,https://www.transfermarkt.com/adrien-rabiot/profil/spieler/182913
2200,Olympique Marseille,Valentin Rongier,https://www.transfermarkt.com/valentin-rongier/profil/spieler/332889
2201,Olympique Marseille,Bilal Nadir,https://www.transfermarkt.com/bilal-nadir/profil/spieler/659520
2202,Olympique Marseille,Amine Harit,https://www.transfermarkt.com/amine-harit/profil/spieler/372711
2203,Olympique Marseille,Darryl Bakola,https://www.transfermarkt.com/darryl-bakola/profil/spieler/1170286
2204,Olympique Marseille,Jonathan Rowe,https://www.transfermarkt.com/jonathan-rowe/profil/spieler/672381
2205,Olympique Marseille,Mason Greenwood,https://www.transfermarkt.com/mason-greenwood/profil/spieler/532826
2206,Olympique Marseille,Luis Henrique,https://www.transfermarkt.com/luis-henrique/profil/spieler/691316
2207,Olympique Marseille,Amine Gouiri,https://www.transfermarkt.com/amine-gouiri/profil/spieler/418659
2208,Olympique Marseille,Neal Maupay,https://www.transfermarkt.com/neal-maupay/profil/spieler/217115
2209,Olympique Marseille,Faris Moumbagna,https://www.transfermarkt.com/faris-moumbagna/profil/spieler/599663
2210,Olympique Lyon,Lucas Perri,https://www.transfermarkt.com/lucas-perri/profil/spieler/352041
2211,Olympique Lyon,Remy Descamps,https://www.transfermarkt.com/remy-descamps/profil/spieler/282028
2212,Olympique Lyon,Lassine Diarra,https://www.transfermarkt.com/lassine-diarra/profil/spieler/1071430
2213,Olympique Lyon,Moussa Niakhate,https://www.transfermarkt.com/moussa-niakhate/profil/spieler/291200
2214,Olympique Lyon,Duje Caleta Car,https://www.transfermarkt.com/duje-caleta-car/profil/spieler/238266
2215,Olympique Lyon,Warmed Omari,https://www.transfermarkt.com/warmed-omari/profil/spieler/711996
2216,Olympique Lyon,Abner,https://www.transfermarkt.com/abner/profil/spieler/646402
2217,Olympique Lyon,Nicolas Tagliafico,https://www.transfermarkt.com/nicolas-tagliafico/profil/spieler/131225
2218,Olympique Lyon,Ainsley Maitland Niles,https://www.transfermarkt.com/ainsley-maitland-niles/profil/spieler/285845
2219,Olympique Lyon,Sael Kumbedi,https://www.transfermarkt.com/sael-kumbedi/profil/spieler/951579
2220,Olympique Lyon,Clinton Mata,https://www.transfermarkt.com/clinton-mata/profil/spieler/187718
2221,Olympique Lyon,Tanner Tessmann,https://www.transfermarkt.com/tanner-tessmann/profil/spieler/670096
2222,Olympique Lyon,Nemanja Matic,https://www.transfermarkt.com/nemanja-matic/profil/spieler/74683
2223,Olympique Lyon,Paul Akouokou,https://www.transfermarkt.com/paul-akouokou/profil/spieler/429901
2224,Olympique Lyon,Corentin Tolisso,https://www.transfermarkt.com/corentin-tolisso/profil/spieler/190393
2225,Olympique Lyon,Jordan Veretout,https://www.transfermarkt.com/jordan-veretout/profil/spieler/164771
2226,Olympique Lyon,Thiago Almada,https://www.transfermarkt.com/thiago-almada/profil/spieler/576028
2227,Olympique Lyon,Malick Fofana,https://www.transfermarkt.com/malick-fofana/profil/spieler/743386
2228,Olympique Lyon,Rayan Cherki,https://www.transfermarkt.com/rayan-cherki/profil/spieler/607223
2229,Olympique Lyon,Ernest Nuamah,https://www.transfermarkt.com/ernest-nuamah/profil/spieler/955070
2230,Olympique Lyon,Georges Mikautadze,https://www.transfermarkt.com/georges-mikautadze/profil/spieler/729814
2231,Olympique Lyon,Alexandre Lacazette,https://www.transfermarkt.com/alexandre-lacazette/profil/spieler/93720
2232,Olympique Lyon,Enzo Molebe,https://www.transfermarkt.com/enzo-molebe/profil/spieler/1106860
2233,Rc Strassburg Alsace,Djordje Petrovic,https://www.transfermarkt.com/djordje-petrovic/profil/spieler/465555
2234,Rc Strassburg Alsace,Alaa Bellaarouch,https://www.transfermarkt.com/alaa-bellaarouch/profil/spieler/667991
2235,Rc Strassburg Alsace,Karl Johan Johnsson,https://www.transfermarkt.com/karl-johan-johnsson/profil/spieler/112822
2236,Rc Strassburg Alsace,Mamadou Sarr,https://www.transfermarkt.com/mamadou-sarr/profil/spieler/910905
2237,Rc Strassburg Alsace,Ismael Doukoure,https://www.transfermarkt.com/ismael-doukoure/profil/spieler/786436
2238,Rc Strassburg Alsace,Abakar Sylla,https://www.transfermarkt.com/abakar-sylla/profil/spieler/962555
2239,Rc Strassburg Alsace,Andrew Omobamidele,https://www.transfermarkt.com/andrew-omobamidele/profil/spieler/621993
2240,Rc Strassburg Alsace,Yoni Gomis,https://www.transfermarkt.com/yoni-gomis/profil/spieler/988272
2241,Rc Strassburg Alsace,Valentin Barco,https://www.transfermarkt.com/valentin-barco/profil/spieler/849410
2242,Rc Strassburg Alsace,Eduard Sobol,https://www.transfermarkt.com/eduard-sobol/profil/spieler/206717
2243,Rc Strassburg Alsace,Thomas Delaine,https://www.transfermarkt.com/thomas-delaine/profil/spieler/170961
2244,Rc Strassburg Alsace,Guela Doue,https://www.transfermarkt.com/guela-doue/profil/spieler/711980
2245,Rc Strassburg Alsace,Pape Diong,https://www.transfermarkt.com/pape-diong/profil/spieler/1183575
2246,Rc Strassburg Alsace,Andrey Santos,https://www.transfermarkt.com/andrey-santos/profil/spieler/743600
2247,Rc Strassburg Alsace,Habib Diarra,https://www.transfermarkt.com/habib-diarra/profil/spieler/876631
2248,Rc Strassburg Alsace,Sebastian Nanasi,https://www.transfermarkt.com/sebastian-nanasi/profil/spieler/579928
2249,Rc Strassburg Alsace,Felix Lemarechal,https://www.transfermarkt.com/felix-lemarechal/profil/spieler/659518
2250,Rc Strassburg Alsace,Tidiane Diallo,https://www.transfermarkt.com/tidiane-diallo/profil/spieler/1047100
2251,Rc Strassburg Alsace,Diego Moreira,https://www.transfermarkt.com/diego-moreira/profil/spieler/655006
2252,Rc Strassburg Alsace,Oscar Perea,https://www.transfermarkt.com/oscar-perea/profil/spieler/1015624
2253,Rc Strassburg Alsace,Dilane Bakwa,https://www.transfermarkt.com/dilane-bakwa/profil/spieler/540664
2254,Rc Strassburg Alsace,Samuel Amo Ameyaw,https://www.transfermarkt.com/samuel-amo-ameyaw/profil/spieler/933900
2255,Rc Strassburg Alsace,Abdoul Ouattara,https://www.transfermarkt.com/abdoul-ouattara/profil/spieler/991487
2256,Rc Strassburg Alsace,Emanuel Emegha,https://www.transfermarkt.com/emanuel-emegha/profil/spieler/559328
2257,Rc Strassburg Alsace,Sekou Mara,https://www.transfermarkt.com/sekou-mara/profil/spieler/557612
2258,Rc Strassburg Alsace,Moise Sahi Dion,https://www.transfermarkt.com/moise-sahi-dion/profil/spieler/880330
2259,Ogc Nizza,Marcin Bulka,https://www.transfermarkt.com/marcin-bulka/profil/spieler/465955
2260,Ogc Nizza,Maxime Dupe,https://www.transfermarkt.com/maxime-dupe/profil/spieler/127188
2261,Ogc Nizza,Teddy Boulhendi,https://www.transfermarkt.com/teddy-boulhendi/profil/spieler/789419
2262,Ogc Nizza,Youssouf Ndayishimiye,https://www.transfermarkt.com/youssouf-ndayishimiye/profil/spieler/674612
2263,Ogc Nizza,Moise Bombito,https://www.transfermarkt.com/moise-bombito/profil/spieler/1089202
2264,Ogc Nizza,Mohamed Abdelmonem,https://www.transfermarkt.com/mohamed-abdelmonem/profil/spieler/566025
2265,Ogc Nizza,Dante,https://www.transfermarkt.com/dante/profil/spieler/16136
2266,Ogc Nizza,Amidou Doumbouya,https://www.transfermarkt.com/amidou-doumbouya/profil/spieler/1075574
2267,Ogc Nizza,Melvin Bard,https://www.transfermarkt.com/melvin-bard/profil/spieler/532775
2268,Ogc Nizza,Ali Abdi,https://www.transfermarkt.com/ali-abdi/profil/spieler/211474
2269,Ogc Nizza,Yael Nandjou,https://www.transfermarkt.com/yael-nandjou/profil/spieler/984699
2270,Ogc Nizza,Jonathan Clauss,https://www.transfermarkt.com/jonathan-clauss/profil/spieler/175639
2271,Ogc Nizza,Antoine Mendy,https://www.transfermarkt.com/antoine-mendy/profil/spieler/891998
2272,Ogc Nizza,Pablo Rosario,https://www.transfermarkt.com/pablo-rosario/profil/spieler/370791
2273,Ogc Nizza,Baptiste Santamaria,https://www.transfermarkt.com/baptiste-santamaria/profil/spieler/285323
2274,Ogc Nizza,Hicham Boudaoui,https://www.transfermarkt.com/hicham-boudaoui/profil/spieler/560593
2275,Ogc Nizza,Tanguy Ndombele,https://www.transfermarkt.com/tanguy-ndombele/profil/spieler/450936
2276,Ogc Nizza,Morgan Sanson,https://www.transfermarkt.com/morgan-sanson/profil/spieler/174094
2277,Ogc Nizza,Tom Louchet,https://www.transfermarkt.com/tom-louchet/profil/spieler/750904
2278,Ogc Nizza,Jeremie Boga,https://www.transfermarkt.com/jeremie-boga/profil/spieler/216569
2279,Ogc Nizza,Sofiane Diop,https://www.transfermarkt.com/sofiane-diop/profil/spieler/569389
2280,Ogc Nizza,Mohamed Ali Cho,https://www.transfermarkt.com/mohamed-ali-cho/profil/spieler/670847
2281,Ogc Nizza,Badredine Bouanani,https://www.transfermarkt.com/badredine-bouanani/profil/spieler/707242
2282,Ogc Nizza,Evann Guessand,https://www.transfermarkt.com/evann-guessand/profil/spieler/500689
2283,Ogc Nizza,Terem Moffi,https://www.transfermarkt.com/terem-moffi/profil/spieler/538874
2284,Ogc Nizza,Youssoufa Moukoko,https://www.transfermarkt.com/youssoufa-moukoko/profil/spieler/467720
2285,Ogc Nizza,Gaetan Laborde,https://www.transfermarkt.com/gaetan-laborde/profil/spieler/181378
2286,Ogc Nizza,Victor Orakpo,https://www.transfermarkt.com/victor-orakpo/profil/spieler/1231401
2287,Fc Stade Rennes,Brice Samba,https://www.transfermarkt.com/brice-samba/profil/spieler/191056
2288,Fc Stade Rennes,Dogan Alemdar,https://www.transfermarkt.com/dogan-alemdar/profil/spieler/576033
2289,Fc Stade Rennes,Gauthier Gallon,https://www.transfermarkt.com/gauthier-gallon/profil/spieler/193256
2290,Fc Stade Rennes,Steve Mandanda,https://www.transfermarkt.com/steve-mandanda/profil/spieler/23951
2291,Fc Stade Rennes,Geoffrey Lembet,https://www.transfermarkt.com/geoffrey-lembet/profil/spieler/72414
2292,Fc Stade Rennes,Lilian Brassier,https://www.transfermarkt.com/lilian-brassier/profil/spieler/485960
2293,Fc Stade Rennes,Anthony Rouault,https://www.transfermarkt.com/anthony-rouault/profil/spieler/690799
2294,Fc Stade Rennes,Alidu Seidu,https://www.transfermarkt.com/alidu-seidu/profil/spieler/798404
2295,Fc Stade Rennes,Mikayil Faye,https://www.transfermarkt.com/mikayil-faye/profil/spieler/666974
2296,Fc Stade Rennes,Christopher Wooh,https://www.transfermarkt.com/christopher-wooh/profil/spieler/572326
2297,Fc Stade Rennes,Jeremy Jacquet,https://www.transfermarkt.com/jeremy-jacquet/profil/spieler/1004301
2298,Fc Stade Rennes,Adrien Truffert,https://www.transfermarkt.com/adrien-truffert/profil/spieler/654539
2299,Fc Stade Rennes,Mahamadou Nagida,https://www.transfermarkt.com/mahamadou-nagida/profil/spieler/1176345
2300,Fc Stade Rennes,Lorenz Assignon,https://www.transfermarkt.com/lorenz-assignon/profil/spieler/711969
2301,Fc Stade Rennes,Hans Hateboer,https://www.transfermarkt.com/hans-hateboer/profil/spieler/275303
2302,Fc Stade Rennes,Azor Matusiwa,https://www.transfermarkt.com/azor-matusiwa/profil/spieler/315145
2303,Fc Stade Rennes,Seko Fofana,https://www.transfermarkt.com/seko-fofana/profil/spieler/182893
2304,Fc Stade Rennes,Ismael Kone,https://www.transfermarkt.com/ismael-kone/profil/spieler/921655
2305,Fc Stade Rennes,Jordan James,https://www.transfermarkt.com/jordan-james/profil/spieler/667517
2306,Fc Stade Rennes,Naouirou Ahamada,https://www.transfermarkt.com/naouirou-ahamada/profil/spieler/538971
2307,Fc Stade Rennes,Djaoui Cisse,https://www.transfermarkt.com/djaoui-cisse/profil/spieler/931160
2308,Fc Stade Rennes,Ayanda Sishuba,https://www.transfermarkt.com/ayanda-sishuba/profil/spieler/977877
2309,Fc Stade Rennes,Kazeem Olaigbe,https://www.transfermarkt.com/kazeem-olaigbe/profil/spieler/565406
2310,Fc Stade Rennes,Ludovic Blas,https://www.transfermarkt.com/ludovic-blas/profil/spieler/288225
2311,Fc Stade Rennes,Mousa Tamari,https://www.transfermarkt.com/mousa-tamari/profil/spieler/551505
2312,Fc Stade Rennes,Carlos Andres Gomez,https://www.transfermarkt.com/carlos-andres-gomez/profil/spieler/957461
2313,Fc Stade Rennes,Arnaud Kalimuendo,https://www.transfermarkt.com/arnaud-kalimuendo/profil/spieler/585959
2314,Fc Stade Rennes,Kyogo Furuhashi,https://www.transfermarkt.com/kyogo-furuhashi/profil/spieler/489463
2315,Fc Stade Rennes,Mohamed Kader Meite,https://www.transfermarkt.com/mohamed-kader-meite/profil/spieler/1141560
2316,Fc Stade Rennes,Wilson Samake,https://www.transfermarkt.com/wilson-samake/profil/spieler/910192
2317,Rc Lens,Mathew Ryan,https://www.transfermarkt.com/mathew-ryan/profil/spieler/128969
2318,Rc Lens,Herve Koffi,https://www.transfermarkt.com/herve-koffi/profil/spieler/415383
2319,Rc Lens,Denis Petric,https://www.transfermarkt.com/denis-petric/profil/spieler/28356
2320,Rc Lens,Facundo Medina,https://www.transfermarkt.com/facundo-medina/profil/spieler/474800
2321,Rc Lens,Malang Sarr,https://www.transfermarkt.com/malang-sarr/profil/spieler/344596
2322,Rc Lens,Jonathan Gradit,https://www.transfermarkt.com/jonathan-gradit/profil/spieler/126557
2323,Rc Lens,Juma Bah,https://www.transfermarkt.com/juma-bah/profil/spieler/1121298
2324,Rc Lens,Nidal Celik,https://www.transfermarkt.com/nidal-celik/profil/spieler/819566
2325,Rc Lens,Jhoanner Chavez,https://www.transfermarkt.com/jhoanner-chavez/profil/spieler/713787
2326,Rc Lens,Deiver Machado,https://www.transfermarkt.com/deiver-machado/profil/spieler/332560
2327,Rc Lens,Ruben Aguilar,https://www.transfermarkt.com/ruben-aguilar/profil/spieler/203746
2328,Rc Lens,Hamzat Ojediran,https://www.transfermarkt.com/hamzat-ojediran/profil/spieler/718312
2329,Rc Lens,Nampalys Mendy,https://www.transfermarkt.com/nampalys-mendy/profil/spieler/111051
2330,Rc Lens,Tom Pouilly,https://www.transfermarkt.com/tom-pouilly/profil/spieler/917817
2331,Rc Lens,Andy Diouf,https://www.transfermarkt.com/andy-diouf/profil/spieler/711976
2332,Rc Lens,Neil El Aynaoui,https://www.transfermarkt.com/neil-el-aynaoui/profil/spieler/901019
2333,Rc Lens,Anass Zaroury,https://www.transfermarkt.com/anass-zaroury/profil/spieler/491296
2334,Rc Lens,Angelo Fulgini,https://www.transfermarkt.com/angelo-fulgini/profil/spieler/250013
2335,Rc Lens,Adrien Thomasson,https://www.transfermarkt.com/adrien-thomasson/profil/spieler/215977
2336,Rc Lens,Jeremy Agbonifo,https://www.transfermarkt.com/jeremy-agbonifo/profil/spieler/1057820
2337,Rc Lens,Mbala Nzola,https://www.transfermarkt.com/mbala-nzola/profil/spieler/354814
2338,Rc Lens,Martin Satriano,https://www.transfermarkt.com/martin-satriano/profil/spieler/640109
2339,Rc Lens,Wesley Said,https://www.transfermarkt.com/wesley-said/profil/spieler/182916
2340,Rc Lens,Florian Sotoca,https://www.transfermarkt.com/florian-sotoca/profil/spieler/354726
2341,Rc Lens,Remy Labeau Lascary,https://www.transfermarkt.com/remy-labeau-lascary/profil/spieler/917778
2342,Rc Lens,Goduine Koyalipou,https://www.transfermarkt.com/goduine-koyalipou/profil/spieler/525140
2343,Stade Brest 29,Marco Bizot,https://www.transfermarkt.com/marco-bizot/profil/spieler/124884
2344,Stade Brest 29,Gregoire Coudert,https://www.transfermarkt.com/gregoire-coudert/profil/spieler/525155
2345,Stade Brest 29,Noah Jauny,https://www.transfermarkt.com/noah-jauny/profil/spieler/975438
2346,Stade Brest 29,Soumaila Coulibaly,https://www.transfermarkt.com/soumaila-coulibaly/profil/spieler/659513
2347,Stade Brest 29,Brendan Chardonnet,https://www.transfermarkt.com/brendan-chardonnet/profil/spieler/250779
2348,Stade Brest 29,Abdoulaye Ndiaye,https://www.transfermarkt.com/abdoulaye-ndiaye/profil/spieler/673514
2349,Stade Brest 29,Julien Le Cardinal,https://www.transfermarkt.com/julien-le-cardinal/profil/spieler/794349
2350,Stade Brest 29,Bradley Locko,https://www.transfermarkt.com/bradley-locko/profil/spieler/805908
2351,Stade Brest 29,Jordan Amavi,https://www.transfermarkt.com/jordan-amavi/profil/spieler/241229
2352,Stade Brest 29,Massadio Haidara,https://www.transfermarkt.com/massadio-haidara/profil/spieler/170929
2353,Stade Brest 29,Justin Bourgault,https://www.transfermarkt.com/justin-bourgault/profil/spieler/1030153
2354,Stade Brest 29,Luck Zogbe,https://www.transfermarkt.com/luck-zogbe/profil/spieler/1144999
2355,Stade Brest 29,Kenny Lala,https://www.transfermarkt.com/kenny-lala/profil/spieler/174196
2356,Stade Brest 29,Pierre Lees Melou,https://www.transfermarkt.com/pierre-lees-melou/profil/spieler/377393
2357,Stade Brest 29,Edimilson Fernandes,https://www.transfermarkt.com/edimilson-fernandes/profil/spieler/247555
2358,Stade Brest 29,Jonas Martin,https://www.transfermarkt.com/jonas-martin/profil/spieler/127142
2359,Stade Brest 29,Hamidou Makalou,https://www.transfermarkt.com/hamidou-makalou/profil/spieler/1200289
2360,Stade Brest 29,Mahdi Camara,https://www.transfermarkt.com/mahdi-camara/profil/spieler/324795
2361,Stade Brest 29,Hugo Magnetti,https://www.transfermarkt.com/hugo-magnetti/profil/spieler/474662
2362,Stade Brest 29,Romain Faivre,https://www.transfermarkt.com/romain-faivre/profil/spieler/555076
2363,Stade Brest 29,Kamory Doumbia,https://www.transfermarkt.com/kamory-doumbia/profil/spieler/671594
2364,Stade Brest 29,Abdallah Sima,https://www.transfermarkt.com/abdallah-sima/profil/spieler/776798
2365,Stade Brest 29,Ibrahim Salah,https://www.transfermarkt.com/ibrahim-salah/profil/spieler/928323
2366,Stade Brest 29,Mathias Pereira Lage,https://www.transfermarkt.com/mathias-pereira-lage/profil/spieler/424072
2367,Stade Brest 29,Romain Del Castillo,https://www.transfermarkt.com/romain-del-castillo/profil/spieler/353399
2368,Stade Brest 29,Mama Balde,https://www.transfermarkt.com/mama-balde/profil/spieler/325223
2369,Stade Brest 29,Ludovic Ajorque,https://www.transfermarkt.com/ludovic-ajorque/profil/spieler/283994
2370,Stade Reims,Yehvann Diouf,https://www.transfermarkt.com/yehvann-diouf/profil/spieler/448632
2371,Stade Reims,Alexandre Olliero,https://www.transfermarkt.com/alexandre-olliero/profil/spieler/395602
2372,Stade Reims,Ludovic Butelle,https://www.transfermarkt.com/ludovic-butelle/profil/spieler/12029
2373,Stade Reims,Joseph Okumu,https://www.transfermarkt.com/joseph-okumu/profil/spieler/453376
2374,Stade Reims,Cedric Kipre,https://www.transfermarkt.com/cedric-kipre/profil/spieler/364827
2375,Stade Reims,Malcolm Jeng,https://www.transfermarkt.com/malcolm-jeng/profil/spieler/1126894
2376,Stade Reims,Abdoul Kone,https://www.transfermarkt.com/abdoul-kone/profil/spieler/1130445
2377,Stade Reims,Sergio Akieme,https://www.transfermarkt.com/sergio-akieme/profil/spieler/355627
2378,Stade Reims,Nhoa Sangui,https://www.transfermarkt.com/nhoa-sangui/profil/spieler/955281
2379,Stade Reims,Aurelio Buta,https://www.transfermarkt.com/aurelio-buta/profil/spieler/258039
2380,Stade Reims,Hiroki Sekine,https://www.transfermarkt.com/hiroki-sekine/profil/spieler/1137808
2381,Stade Reims,Gabriel Moscardo,https://www.transfermarkt.com/gabriel-moscardo/profil/spieler/1086636
2382,Stade Reims,Mory Gbane,https://www.transfermarkt.com/mory-gbane/profil/spieler/717585
2383,Stade Reims,Amadou Kone,https://www.transfermarkt.com/amadou-kone/profil/spieler/1178474
2384,Stade Reims,Valentin Atangana,https://www.transfermarkt.com/valentin-atangana/profil/spieler/923759
2385,Stade Reims,Yaya Fofana,https://www.transfermarkt.com/yaya-fofana/profil/spieler/1044893
2386,Stade Reims,Teddy Teuma,https://www.transfermarkt.com/teddy-teuma/profil/spieler/409153
2387,Stade Reims,John Patrick,https://www.transfermarkt.com/john-patrick/profil/spieler/841121
2388,Stade Reims,Reda Khadra,https://www.transfermarkt.com/reda-khadra/profil/spieler/405686
2389,Stade Reims,Keito Nakamura,https://www.transfermarkt.com/keito-nakamura/profil/spieler/405397
2390,Stade Reims,Mohamed Daramy,https://www.transfermarkt.com/mohamed-daramy/profil/spieler/574385
2391,Stade Reims,Mamadou Diakhon,https://www.transfermarkt.com/mamadou-diakhon/profil/spieler/1054839
2392,Stade Reims,Junya Ito,https://www.transfermarkt.com/junya-ito/profil/spieler/348791
2393,Stade Reims,Oumar Diakite,https://www.transfermarkt.com/oumar-diakite/profil/spieler/847279
2394,Stade Reims,Jordan,https://www.transfermarkt.com/jordan/profil/spieler/355369
2395,Fc Nantes,Alban Lafont,https://www.transfermarkt.com/alban-lafont/profil/spieler/357117
2396,Fc Nantes,Anthony Lopes,https://www.transfermarkt.com/anthony-lopes/profil/spieler/60561
2397,Fc Nantes,Patrik Carlgren,https://www.transfermarkt.com/patrik-carlgren/profil/spieler/190280
2398,Fc Nantes,Hugo Barbet,https://www.transfermarkt.com/hugo-barbet/profil/spieler/677820
2399,Fc Nantes,Nathan Zeze,https://www.transfermarkt.com/nathan-zeze/profil/spieler/923832
2400,Fc Nantes,Saidou Sow,https://www.transfermarkt.com/saidou-sow/profil/spieler/807128
2401,Fc Nantes,Jean Charles Castelletto,https://www.transfermarkt.com/jean-charles-castelletto/profil/spieler/182875
2402,Fc Nantes,Nicolas Pallois,https://www.transfermarkt.com/nicolas-pallois/profil/spieler/139279
2403,Fc Nantes,Nicolas Cozza,https://www.transfermarkt.com/nicolas-cozza/profil/spieler/485965
2404,Fc Nantes,Kelvin Amian,https://www.transfermarkt.com/kelvin-amian/profil/spieler/344072
2405,Fc Nantes,Fabien Centonze,https://www.transfermarkt.com/fabien-centonze/profil/spieler/384859
2406,Fc Nantes,Marcus Coco,https://www.transfermarkt.com/marcus-coco/profil/spieler/353365
2407,Fc Nantes,Johann Lepenant,https://www.transfermarkt.com/johann-lepenant/profil/spieler/585973
2408,Fc Nantes,Pedro Chirivella,https://www.transfermarkt.com/pedro-chirivella/profil/spieler/242273
2409,Fc Nantes,Francis Coquelin,https://www.transfermarkt.com/francis-coquelin/profil/spieler/74869
2410,Fc Nantes,Douglas Augusto,https://www.transfermarkt.com/douglas-augusto/profil/spieler/393621
2411,Fc Nantes,Dehmaine Tabibou,https://www.transfermarkt.com/dehmaine-tabibou/profil/spieler/1004619
2412,Fc Nantes,Louis Leroux,https://www.transfermarkt.com/louis-leroux/profil/spieler/1119456
2413,Fc Nantes,Florent Mollet,https://www.transfermarkt.com/florent-mollet/profil/spieler/222859
2414,Fc Nantes,Moses Simon,https://www.transfermarkt.com/moses-simon/profil/spieler/274862
2415,Fc Nantes,Herba Guirassy,https://www.transfermarkt.com/herba-guirassy/profil/spieler/1119453
2416,Fc Nantes,Sorba Thomas,https://www.transfermarkt.com/sorba-thomas/profil/spieler/475416
2417,Fc Nantes,Matthis Abline,https://www.transfermarkt.com/matthis-abline/profil/spieler/659543
2418,Fc Nantes,Mostafa Mohamed,https://www.transfermarkt.com/mostafa-mohamed/profil/spieler/462348
2419,Fc Nantes,Meschack Elia,https://www.transfermarkt.com/meschack-elia/profil/spieler/423678
2420,Fc Nantes,Tino Kadewere,https://www.transfermarkt.com/tino-kadewere/profil/spieler/384060
2421,Fc Toulouse,Guillaume Restes,https://www.transfermarkt.com/guillaume-restes/profil/spieler/912902
2422,Fc Toulouse,Kjetil Haug,https://www.transfermarkt.com/kjetil-haug/profil/spieler/328770
2423,Fc Toulouse,Justin Lacombe,https://www.transfermarkt.com/justin-lacombe/profil/spieler/854988
2424,Fc Toulouse,Charlie Cresswell,https://www.transfermarkt.com/charlie-cresswell/profil/spieler/597659
2425,Fc Toulouse,Mark Mckenzie,https://www.transfermarkt.com/mark-mckenzie/profil/spieler/429259
2426,Fc Toulouse,Rasmus Nicolaisen,https://www.transfermarkt.com/rasmus-nicolaisen/profil/spieler/283227
2427,Fc Toulouse,Jaydee Canvot,https://www.transfermarkt.com/jaydee-canvot/profil/spieler/1006411
2428,Fc Toulouse,Umit Akdag,https://www.transfermarkt.com/umit-akdag/profil/spieler/958647
2429,Fc Toulouse,Gabriel Suazo,https://www.transfermarkt.com/gabriel-suazo/profil/spieler/385105
2430,Fc Toulouse,Ylies Aradj,https://www.transfermarkt.com/ylies-aradj/profil/spieler/923758
2431,Fc Toulouse,Warren Kamanzi,https://www.transfermarkt.com/warren-kamanzi/profil/spieler/794758
2432,Fc Toulouse,Djibril Sidibe,https://www.transfermarkt.com/djibril-sidibe/profil/spieler/161869
2433,Fc Toulouse,Cristian Casseres Jr ,https://www.transfermarkt.com/cristian-casseres-jr-/profil/spieler/467632
2434,Fc Toulouse,Vincent Sierro,https://www.transfermarkt.com/vincent-sierro/profil/spieler/280387
2435,Fc Toulouse,Niklas Schmidt,https://www.transfermarkt.com/niklas-schmidt/profil/spieler/275249
2436,Fc Toulouse,Miha Zajc,https://www.transfermarkt.com/miha-zajc/profil/spieler/149829
2437,Fc Toulouse,Rafik Messali,https://www.transfermarkt.com/rafik-messali/profil/spieler/883865
2438,Fc Toulouse,Aron Donnum,https://www.transfermarkt.com/aron-donnum/profil/spieler/476836
2439,Fc Toulouse,Mathis Saka,https://www.transfermarkt.com/mathis-saka/profil/spieler/986310
2440,Fc Toulouse,Yann Gboho,https://www.transfermarkt.com/yann-gboho/profil/spieler/463613
2441,Fc Toulouse,Zakaria Aboukhlal,https://www.transfermarkt.com/zakaria-aboukhlal/profil/spieler/393238
2442,Fc Toulouse,Shavy Babicka,https://www.transfermarkt.com/shavy-babicka/profil/spieler/916920
2443,Fc Toulouse,Noah Edjouma,https://www.transfermarkt.com/noah-edjouma/profil/spieler/1078326
2444,Fc Toulouse,Frank Magri,https://www.transfermarkt.com/frank-magri/profil/spieler/807689
2445,Fc Toulouse,Joshua King,https://www.transfermarkt.com/joshua-king/profil/spieler/91059
2446,Aj Auxerre,Donovan Leon,https://www.transfermarkt.com/donovan-leon/profil/spieler/170911
2447,Aj Auxerre,Theo De Percin,https://www.transfermarkt.com/theo-de-percin/profil/spieler/695422
2448,Aj Auxerre,Raphael Adiceam,https://www.transfermarkt.com/raphael-adiceam/profil/spieler/419996
2449,Aj Auxerre,Tom Negrel,https://www.transfermarkt.com/tom-negrel/profil/spieler/866916
2450,Aj Auxerre,Sinaly Diomande,https://www.transfermarkt.com/sinaly-diomande/profil/spieler/702441
2451,Aj Auxerre,Gabriel Osho,https://www.transfermarkt.com/gabriel-osho/profil/spieler/364409
2452,Aj Auxerre,Clement Akpa,https://www.transfermarkt.com/clement-akpa/profil/spieler/806793
2453,Aj Auxerre,Jubal,https://www.transfermarkt.com/jubal/profil/spieler/149928
2454,Aj Auxerre,Gideon Mensah,https://www.transfermarkt.com/gideon-mensah/profil/spieler/397171
2455,Aj Auxerre,Fredrik Oppegard,https://www.transfermarkt.com/fredrik-oppegard/profil/spieler/539665
2456,Aj Auxerre,Ki Jana Hoever,https://www.transfermarkt.com/ki-jana-hoever/profil/spieler/485583
2457,Aj Auxerre,Paul Joly,https://www.transfermarkt.com/paul-joly/profil/spieler/806168
2458,Aj Auxerre,Ange Loic Ngatta,https://www.transfermarkt.com/ange-loic-ngatta/profil/spieler/855215
2459,Aj Auxerre,Elisha Owusu,https://www.transfermarkt.com/elisha-owusu/profil/spieler/395695
2460,Aj Auxerre,Assane Diousse,https://www.transfermarkt.com/assane-diousse/profil/spieler/287635
2461,Aj Auxerre,Nathan Buayi Kiala,https://www.transfermarkt.com/nathan-buayi-kiala/profil/spieler/743523
2462,Aj Auxerre,Han Noah Massengo,https://www.transfermarkt.com/han-noah-massengo/profil/spieler/536508
2463,Aj Auxerre,Kevin Danois,https://www.transfermarkt.com/kevin-danois/profil/spieler/743496
2464,Aj Auxerre,Hamed Junior Traore,https://www.transfermarkt.com/hamed-junior-traore/profil/spieler/391065
2465,Aj Auxerre,Ben Viadere,https://www.transfermarkt.com/ben-viadere/profil/spieler/1048496
2466,Aj Auxerre,Lassine Sinayoko,https://www.transfermarkt.com/lassine-sinayoko/profil/spieler/569140
2467,Aj Auxerre,Aristide Zossou,https://www.transfermarkt.com/aristide-zossou/profil/spieler/1310513
2468,Aj Auxerre,Gaetan Perrin,https://www.transfermarkt.com/gaetan-perrin/profil/spieler/353404
2469,Aj Auxerre,Lasso Coulibaly,https://www.transfermarkt.com/lasso-coulibaly/profil/spieler/658534
2470,Aj Auxerre,Eros Maddy,https://www.transfermarkt.com/eros-maddy/profil/spieler/412934
2471,Aj Auxerre,Theo Bair,https://www.transfermarkt.com/theo-bair/profil/spieler/501709
2472,Aj Auxerre,Ado Onaiwu,https://www.transfermarkt.com/ado-onaiwu/profil/spieler/308133
2473,Aj Auxerre,Florian Aye,https://www.transfermarkt.com/florian-aye/profil/spieler/372713
2474,Ac Le Havre,Arthur Desmas,https://www.transfermarkt.com/arthur-desmas/profil/spieler/379869
2475,Ac Le Havre,Mathieu Gorgelin,https://www.transfermarkt.com/mathieu-gorgelin/profil/spieler/60543
2476,Ac Le Havre,Arouna Sangante,https://www.transfermarkt.com/arouna-sangante/profil/spieler/768380
2477,Ac Le Havre,Etienne Youte Kinkoue,https://www.transfermarkt.com/etienne-youte-kinkoue/profil/spieler/639712
2478,Ac Le Havre,Gautier Lloris,https://www.transfermarkt.com/gautier-lloris/profil/spieler/249636
2479,Ac Le Havre,Fode Ballo Toure,https://www.transfermarkt.com/fode-ballo-toure/profil/spieler/296422
2480,Ac Le Havre,Yanis Zouaoui,https://www.transfermarkt.com/yanis-zouaoui/profil/spieler/691841
2481,Ac Le Havre,Timothee Pembele,https://www.transfermarkt.com/timothee-pembele/profil/spieler/538998
2482,Ac Le Havre,Loic Nego,https://www.transfermarkt.com/loic-nego/profil/spieler/122840
2483,Ac Le Havre,Oualid El Hajjam,https://www.transfermarkt.com/oualid-el-hajjam/profil/spieler/283127
2484,Ac Le Havre,Junior Mwanga,https://www.transfermarkt.com/junior-mwanga/profil/spieler/1011200
2485,Ac Le Havre,Abdoulaye Toure,https://www.transfermarkt.com/abdoulaye-toure/profil/spieler/181382
2486,Ac Le Havre,Rassoul Ndiaye,https://www.transfermarkt.com/rassoul-ndiaye/profil/spieler/662242
2487,Ac Le Havre,Alois Confais,https://www.transfermarkt.com/alois-confais/profil/spieler/292820
2488,Ac Le Havre,Yassine Kechta,https://www.transfermarkt.com/yassine-kechta/profil/spieler/667967
2489,Ac Le Havre,Daler Kuzyaev,https://www.transfermarkt.com/daler-kuzyaev/profil/spieler/279570
2490,Ac Le Havre,Mahamadou Diawara,https://www.transfermarkt.com/mahamadou-diawara/profil/spieler/1053147
2491,Ac Le Havre,Ismail Bouneb,https://www.transfermarkt.com/ismail-bouneb/profil/spieler/986286
2492,Ac Le Havre,Antoine Joujou,https://www.transfermarkt.com/antoine-joujou/profil/spieler/1028162
2493,Ac Le Havre,Issa Soumare,https://www.transfermarkt.com/issa-soumare/profil/spieler/568698
2494,Ac Le Havre,Josue Casimir,https://www.transfermarkt.com/josue-casimir/profil/spieler/763182
2495,Ac Le Havre,Ruben Londja,https://www.transfermarkt.com/ruben-londja/profil/spieler/927369
2496,Ac Le Havre,Ilyes Housni,https://www.transfermarkt.com/ilyes-housni/profil/spieler/825437
2497,Ac Le Havre,Ahmed Hassan,https://www.transfermarkt.com/ahmed-hassan/profil/spieler/184816
2498,Ac Le Havre,Andre Ayew,https://www.transfermarkt.com/andre-ayew/profil/spieler/45403
2499,Ac Le Havre,Elysee Logbo,https://www.transfermarkt.com/elysee-logbo/profil/spieler/770407
2500,Ac Le Havre,Yann Kitala,https://www.transfermarkt.com/yann-kitala/profil/spieler/395677
2501,As Saint Etienne,Gautier Larsonneur,https://www.transfermarkt.com/gautier-larsonneur/profil/spieler/357047
2502,As Saint Etienne,Brice Maubleu,https://www.transfermarkt.com/brice-maubleu/profil/spieler/78047
2503,As Saint Etienne,Boubacar Fall,https://www.transfermarkt.com/boubacar-fall/profil/spieler/836132
2504,As Saint Etienne,Maxime Bernauer,https://www.transfermarkt.com/maxime-bernauer/profil/spieler/324819
2505,As Saint Etienne,Mickael Nade,https://www.transfermarkt.com/mickael-nade/profil/spieler/494586
2506,As Saint Etienne,Dylan Batubinsika,https://www.transfermarkt.com/dylan-batubinsika/profil/spieler/289432
2507,As Saint Etienne,Yunis Abdelhamid,https://www.transfermarkt.com/yunis-abdelhamid/profil/spieler/199704
2508,As Saint Etienne,Anthony Briancon,https://www.transfermarkt.com/anthony-briancon/profil/spieler/190338
2509,As Saint Etienne,Pierre Cornud,https://www.transfermarkt.com/pierre-cornud/profil/spieler/536156
2510,As Saint Etienne,Leo Petrot,https://www.transfermarkt.com/leo-petrot/profil/spieler/412829
2511,As Saint Etienne,Yvann Macon,https://www.transfermarkt.com/yvann-macon/profil/spieler/580747
2512,As Saint Etienne,Dennis Appiah,https://www.transfermarkt.com/dennis-appiah/profil/spieler/111038
2513,As Saint Etienne,Pierre Ekwah,https://www.transfermarkt.com/pierre-ekwah/profil/spieler/538994
2514,As Saint Etienne,Lamine Fomba,https://www.transfermarkt.com/lamine-fomba/profil/spieler/391376
2515,As Saint Etienne,Benjamin Bouchouari,https://www.transfermarkt.com/benjamin-bouchouari/profil/spieler/783094
2516,As Saint Etienne,Aimen Moueffek,https://www.transfermarkt.com/aimen-moueffek/profil/spieler/484992
2517,As Saint Etienne,Louis Mouton,https://www.transfermarkt.com/louis-mouton/profil/spieler/904662
2518,As Saint Etienne,Florian Tardieu,https://www.transfermarkt.com/florian-tardieu/profil/spieler/212804
2519,As Saint Etienne,Augustine Boakye,https://www.transfermarkt.com/augustine-boakye/profil/spieler/579263
2520,As Saint Etienne,Igor Miladinovic,https://www.transfermarkt.com/igor-miladinovic/profil/spieler/729872
2521,As Saint Etienne,Ben Old,https://www.transfermarkt.com/ben-old/profil/spieler/617021
2522,As Saint Etienne,Zuriko Davitashvili,https://www.transfermarkt.com/zuriko-davitashvili/profil/spieler/427572
2523,As Saint Etienne,Lucas Stassin,https://www.transfermarkt.com/lucas-stassin/profil/spieler/655012
2524,As Saint Etienne,Irvin Cardona,https://www.transfermarkt.com/irvin-cardona/profil/spieler/342226
2525,As Saint Etienne,Ibrahim Sissoko,https://www.transfermarkt.com/ibrahim-sissoko/profil/spieler/484888
2526,As Saint Etienne,Ibrahima Wadji,https://www.transfermarkt.com/ibrahima-wadji/profil/spieler/364232
2527,As Saint Etienne,Djylian Nguessan,https://www.transfermarkt.com/djylian-nguessan/profil/spieler/1200419
2528,Montpellier Hsc,Benjamin Lecomte,https://www.transfermarkt.com/benjamin-lecomte/profil/spieler/127181
2529,Montpellier Hsc,Dimitry Bertaud,https://www.transfermarkt.com/dimitry-bertaud/profil/spieler/371816
2530,Montpellier Hsc,Belmin Dizdarevic,https://www.transfermarkt.com/belmin-dizdarevic/profil/spieler/483007
2531,Montpellier Hsc,Bamo Meite,https://www.transfermarkt.com/bamo-meite/profil/spieler/807165
2532,Montpellier Hsc,Becir Omeragic,https://www.transfermarkt.com/becir-omeragic/profil/spieler/507344
2533,Montpellier Hsc,Kiki Kouyate,https://www.transfermarkt.com/kiki-kouyate/profil/spieler/211637
2534,Montpellier Hsc,Modibo Sagnan,https://www.transfermarkt.com/modibo-sagnan/profil/spieler/524925
2535,Montpellier Hsc,Christopher Jullien,https://www.transfermarkt.com/christopher-jullien/profil/spieler/201737
2536,Montpellier Hsc,Nikola Maksimovic,https://www.transfermarkt.com/nikola-maksimovic/profil/spieler/124715
2537,Montpellier Hsc,Issiaga Sylla,https://www.transfermarkt.com/issiaga-sylla/profil/spieler/220878
2538,Montpellier Hsc,Lucas Mincarelli,https://www.transfermarkt.com/lucas-mincarelli/profil/spieler/982393
2539,Montpellier Hsc,Theo Sainte Luce,https://www.transfermarkt.com/theo-sainte-luce/profil/spieler/537127
2540,Montpellier Hsc,Enzo Tchato,https://www.transfermarkt.com/enzo-tchato/profil/spieler/842338
2541,Montpellier Hsc,Falaye Sacko,https://www.transfermarkt.com/falaye-sacko/profil/spieler/364857
2542,Montpellier Hsc,Joris Chotard,https://www.transfermarkt.com/joris-chotard/profil/spieler/624037
2543,Montpellier Hsc,Rabby Nzingoula,https://www.transfermarkt.com/rabby-nzingoula/profil/spieler/1068110
2544,Montpellier Hsc,Khalil Fayad,https://www.transfermarkt.com/khalil-fayad/profil/spieler/782630
2545,Montpellier Hsc,Jordan Ferri,https://www.transfermarkt.com/jordan-ferri/profil/spieler/118284
2546,Montpellier Hsc,Teji Savanier,https://www.transfermarkt.com/teji-savanier/profil/spieler/127156
2547,Montpellier Hsc,Nicolas Pays,https://www.transfermarkt.com/nicolas-pays/profil/spieler/1093482
2548,Montpellier Hsc,Wahbi Khazri,https://www.transfermarkt.com/wahbi-khazri/profil/spieler/103565
2549,Montpellier Hsc,Tanguy Coulibaly,https://www.transfermarkt.com/tanguy-coulibaly/profil/spieler/618425
2550,Montpellier Hsc,Othmane Maamma,https://www.transfermarkt.com/othmane-maamma/profil/spieler/1081219
2551,Montpellier Hsc,Andy Delort,https://www.transfermarkt.com/andy-delort/profil/spieler/122797
2552,Montpellier Hsc,Glenn Ngosso,https://www.transfermarkt.com/glenn-ngosso/profil/spieler/1238800
2553,Sco Angers,Yahia Fofana,https://www.transfermarkt.com/yahia-fofana/profil/spieler/418651
2554,Sco Angers,Melvin Zinga,https://www.transfermarkt.com/melvin-zinga/profil/spieler/548347
2555,Sco Angers,Oumar Pona,https://www.transfermarkt.com/oumar-pona/profil/spieler/1073176
2556,Sco Angers,Emmanuel Biumla,https://www.transfermarkt.com/emmanuel-biumla/profil/spieler/1071956
2557,Sco Angers,Cedric Hountondji,https://www.transfermarkt.com/cedric-hountondji/profil/spieler/198709
2558,Sco Angers,Jordan Lefort,https://www.transfermarkt.com/jordan-lefort/profil/spieler/192492
2559,Sco Angers,Ousmane Camara,https://www.transfermarkt.com/ousmane-camara/profil/spieler/804711
2560,Sco Angers,Abdoulaye Bamba,https://www.transfermarkt.com/abdoulaye-bamba/profil/spieler/62351
2561,Sco Angers,Jacques Ekomie,https://www.transfermarkt.com/jacques-ekomie/profil/spieler/970279
2562,Sco Angers,Florent Hanin,https://www.transfermarkt.com/florent-hanin/profil/spieler/111811
2563,Sco Angers,Carlens Arcus,https://www.transfermarkt.com/carlens-arcus/profil/spieler/371686
2564,Sco Angers,Lilian Raolisoa,https://www.transfermarkt.com/lilian-raolisoa/profil/spieler/829874
2565,Sco Angers,Halid Sabanovic,https://www.transfermarkt.com/halid-sabanovic/profil/spieler/422986
2566,Sco Angers,Jean Eudes Aholou,https://www.transfermarkt.com/jean-eudes-aholou/profil/spieler/178313
2567,Sco Angers,Zinedine Ould Khaled,https://www.transfermarkt.com/zinedine-ould-khaled/profil/spieler/650104
2568,Sco Angers,Haris Belkebla,https://www.transfermarkt.com/haris-belkebla/profil/spieler/138055
2569,Sco Angers,Yassin Belkhdim,https://www.transfermarkt.com/yassin-belkhdim/profil/spieler/807688
2570,Sco Angers,Pierrick Capelle,https://www.transfermarkt.com/pierrick-capelle/profil/spieler/214532
2571,Sco Angers,Himad Abdelli,https://www.transfermarkt.com/himad-abdelli/profil/spieler/592979
2572,Sco Angers,Farid El Melali,https://www.transfermarkt.com/farid-el-melali/profil/spieler/425400
2573,Sco Angers,Jim Allevinah,https://www.transfermarkt.com/jim-allevinah/profil/spieler/646733
2574,Sco Angers,Zinedine Ferhat,https://www.transfermarkt.com/zinedine-ferhat/profil/spieler/232895
2575,Sco Angers,Justin Kalumba,https://www.transfermarkt.com/justin-kalumba/profil/spieler/1101641
2576,Sco Angers,Esteban Lepaul,https://www.transfermarkt.com/esteban-lepaul/profil/spieler/461607
2577,Sco Angers,Bamba Dieng,https://www.transfermarkt.com/bamba-dieng/profil/spieler/822458
2578,Sco Angers,Ibrahima Niane,https://www.transfermarkt.com/ibrahima-niane/profil/spieler/490417
2579,Sco Angers,Sidiki Cherif,https://www.transfermarkt.com/sidiki-cherif/profil/spieler/986288
2580,Sco Angers,Adrien Hunou,https://www.transfermarkt.com/adrien-hunou/profil/spieler/203507
